[0.000000] (-) TimerEvent: {}
[0.007449] (arm_bringup) JobQueued: {'identifier': 'arm_bringup', 'dependencies': OrderedDict()}
[0.007605] (arm_controller) JobQueued: {'identifier': 'arm_controller', 'dependencies': OrderedDict()}
[0.007668] (arm_description) JobQueued: {'identifier': 'arm_description', 'dependencies': OrderedDict()}
[0.007721] (arm_firmware) JobQueued: {'identifier': 'arm_firmware', 'dependencies': OrderedDict()}
[0.007774] (arm_moveit) JobQueued: {'identifier': 'arm_moveit', 'dependencies': OrderedDict()}
[0.007827] (arm_msgs) JobQueued: {'identifier': 'arm_msgs', 'dependencies': OrderedDict()}
[0.007917] (arm_cpp_examples) JobQueued: {'identifier': 'arm_cpp_examples', 'dependencies': OrderedDict([('arm_msgs', '/home/ros/arm_ws/install/arm_msgs')])}
[0.007956] (arm_py_examples) JobQueued: {'identifier': 'arm_py_examples', 'dependencies': OrderedDict([('arm_msgs', '/home/ros/arm_ws/install/arm_msgs')])}
[0.007986] (arm_remote) JobQueued: {'identifier': 'arm_remote', 'dependencies': OrderedDict([('arm_msgs', '/home/ros/arm_ws/install/arm_msgs')])}
[0.008015] (arm_utils) JobQueued: {'identifier': 'arm_utils', 'dependencies': OrderedDict([('arm_msgs', '/home/ros/arm_ws/install/arm_msgs')])}
[0.008044] (arm_msgs) JobStarted: {'identifier': 'arm_msgs'}
[0.102942] (arm_bringup) JobStarted: {'identifier': 'arm_bringup'}
[0.103166] (-) TimerEvent: {}
[0.162124] (arm_msgs) JobProgress: {'identifier': 'arm_msgs', 'progress': 'cmake'}
[0.164229] (arm_msgs) JobProgress: {'identifier': 'arm_msgs', 'progress': 'build'}
[0.175516] (arm_msgs) Command: {'cmd': ['/usr/bin/cmake', '--build', '/home/ros/arm_ws/build/arm_msgs', '--', '-j2', '-l2'], 'cwd': '/home/ros/arm_ws/build/arm_msgs', 'env': OrderedDict([('LESSOPEN', '| /usr/bin/lesspipe %s'), ('LANGUAGE', 'en_US:'), ('USER', 'ros'), ('LC_TIME', 'es_CO.UTF-8'), ('XDG_SESSION_TYPE', 'x11'), ('SHLVL', '1'), ('LD_LIBRARY_PATH', '/home/ros/arm_ws/install/arm_remote/lib:/home/ros/arm_ws/install/arm_cpp_examples/lib:/home/ros/arm_ws/install/arm_msgs/lib:/home/ros/arm_ws/install/arm_controller/lib:/usr/lib/x86_64-linux-gnu/gazebo-11/plugins:/opt/ros/humble/opt/rviz_ogre_vendor/lib:/opt/ros/humble/lib/x86_64-linux-gnu:/opt/ros/humble/lib'), ('HOME', '/home/ros'), ('OLDPWD', '/home/ros'), ('DESKTOP_SESSION', 'ubuntu-xorg'), ('ROS_PYTHON_VERSION', '3'), ('GNOME_SHELL_SESSION_MODE', 'ubuntu'), ('GTK_MODULES', 'gail:atk-bridge'), ('LC_MONETARY', 'es_CO.UTF-8'), ('MANAGERPID', '1022'), ('SYSTEMD_EXEC_PID', '1648'), ('DBUS_SESSION_BUS_ADDRESS', 'unix:path=/run/user/1000/bus'), ('COLORTERM', 'truecolor'), ('TERMINATOR_DBUS_NAME', 'net.tenshu.Terminator21a9d5db22c73a993ff0b42f64b396873'), ('GIO_LAUNCHED_DESKTOP_FILE_PID', '5308'), ('COLCON_PREFIX_PATH', '/home/ros/arm_ws/install'), ('ROS_DISTRO', 'humble'), ('GTK_IM_MODULE', 'ibus'), ('LOGNAME', 'ros'), ('JOURNAL_STREAM', '8:21986'), ('_', '/usr/bin/colcon'), ('ROS_VERSION', '2'), ('XDG_SESSION_CLASS', 'user'), ('USERNAME', 'ros'), ('TERM', 'xterm-256color'), ('GNOME_DESKTOP_SESSION_ID', 'this-is-deprecated'), ('ROS_LOCALHOST_ONLY', '0'), ('WINDOWPATH', '2'), ('PATH', '/opt/ros/humble/bin:/home/ros/.local/bin:/usr/local/sbin:/usr/local/bin:/usr/sbin:/usr/bin:/sbin:/bin:/usr/games:/usr/local/games:/snap/bin:/snap/bin'), ('SESSION_MANAGER', 'local/ros-virtual-machine:@/tmp/.ICE-unix/1380,unix/ros-virtual-machine:/tmp/.ICE-unix/1380'), ('INVOCATION_ID', 'edc79796a9204906952502603e82de6b'), ('XDG_MENU_PREFIX', 'gnome-'), ('LC_ADDRESS', 'es_CO.UTF-8'), ('XDG_RUNTIME_DIR', '/run/user/1000'), ('DISPLAY', ':0'), ('TERMINATOR_DBUS_PATH', '/net/tenshu/Terminator2'), ('LANG', 'en_US.UTF-8'), ('XDG_CURRENT_DESKTOP', 'ubuntu:GNOME'), ('IBUS_DISABLE_SNOOPER', '1'), ('LC_TELEPHONE', 'es_CO.UTF-8'), ('XMODIFIERS', '@im=ibus'), ('XDG_SESSION_DESKTOP', 'ubuntu-xorg'), ('XAUTHORITY', '/run/user/1000/gdm/Xauthority'), ('LS_COLORS', 'rs=0:di=01;34:ln=01;36:mh=00:pi=40;33:so=01;35:do=01;35:bd=40;33;01:cd=40;33;01:or=40;31;01:mi=00:su=37;41:sg=30;43:ca=30;41:tw=30;42:ow=34;42:st=37;44:ex=01;32:*.tar=01;31:*.tgz=01;31:*.arc=01;31:*.arj=01;31:*.taz=01;31:*.lha=01;31:*.lz4=01;31:*.lzh=01;31:*.lzma=01;31:*.tlz=01;31:*.txz=01;31:*.tzo=01;31:*.t7z=01;31:*.zip=01;31:*.z=01;31:*.dz=01;31:*.gz=01;31:*.lrz=01;31:*.lz=01;31:*.lzo=01;31:*.xz=01;31:*.zst=01;31:*.tzst=01;31:*.bz2=01;31:*.bz=01;31:*.tbz=01;31:*.tbz2=01;31:*.tz=01;31:*.deb=01;31:*.rpm=01;31:*.jar=01;31:*.war=01;31:*.ear=01;31:*.sar=01;31:*.rar=01;31:*.alz=01;31:*.ace=01;31:*.zoo=01;31:*.cpio=01;31:*.7z=01;31:*.rz=01;31:*.cab=01;31:*.wim=01;31:*.swm=01;31:*.dwm=01;31:*.esd=01;31:*.jpg=01;35:*.jpeg=01;35:*.mjpg=01;35:*.mjpeg=01;35:*.gif=01;35:*.bmp=01;35:*.pbm=01;35:*.pgm=01;35:*.ppm=01;35:*.tga=01;35:*.xbm=01;35:*.xpm=01;35:*.tif=01;35:*.tiff=01;35:*.png=01;35:*.svg=01;35:*.svgz=01;35:*.mng=01;35:*.pcx=01;35:*.mov=01;35:*.mpg=01;35:*.mpeg=01;35:*.m2v=01;35:*.mkv=01;35:*.webm=01;35:*.webp=01;35:*.ogm=01;35:*.mp4=01;35:*.m4v=01;35:*.mp4v=01;35:*.vob=01;35:*.qt=01;35:*.nuv=01;35:*.wmv=01;35:*.asf=01;35:*.rm=01;35:*.rmvb=01;35:*.flc=01;35:*.avi=01;35:*.fli=01;35:*.flv=01;35:*.gl=01;35:*.dl=01;35:*.xcf=01;35:*.xwd=01;35:*.yuv=01;35:*.cgm=01;35:*.emf=01;35:*.ogv=01;35:*.ogx=01;35:*.aac=00;36:*.au=00;36:*.flac=00;36:*.m4a=00;36:*.mid=00;36:*.midi=00;36:*.mka=00;36:*.mp3=00;36:*.mpc=00;36:*.ogg=00;36:*.ra=00;36:*.wav=00;36:*.oga=00;36:*.opus=00;36:*.spx=00;36:*.xspf=00;36:'), ('SSH_AGENT_LAUNCHER', 'gnome-keyring'), ('SSH_AUTH_SOCK', '/run/user/1000/keyring/ssh'), ('AMENT_PREFIX_PATH', '/home/ros/arm_ws/install/arm_utils:/home/ros/arm_ws/install/arm_remote:/home/ros/arm_ws/install/arm_py_examples:/home/ros/arm_ws/install/arm_cpp_examples:/home/ros/arm_ws/install/arm_msgs:/home/ros/arm_ws/install/arm_moveit:/home/ros/arm_ws/install/arm_firmware:/home/ros/arm_ws/install/arm_description:/home/ros/arm_ws/install/arm_controller:/home/ros/arm_ws/install/arm_bringup:/opt/ros/humble'), ('SHELL', '/bin/bash'), ('LC_NAME', 'es_CO.UTF-8'), ('TERMINATOR_UUID', 'urn:uuid:3dc62beb-5acd-4d96-bb8e-eacca3db12ac'), ('QT_ACCESSIBILITY', '1'), ('GDMSESSION', 'ubuntu-xorg'), ('LESSCLOSE', '/usr/bin/lesspipe %s %s'), ('LC_MEASUREMENT', 'es_CO.UTF-8'), ('GPG_AGENT_INFO', '/run/user/1000/gnupg/S.gpg-agent:0:1'), ('LC_IDENTIFICATION', 'es_CO.UTF-8'), ('QT_IM_MODULE', 'ibus'), ('PWD', '/home/ros/arm_ws/build/arm_msgs'), ('LC_ALL', 'en_US.UTF-8'), ('XDG_CONFIG_DIRS', '/etc/xdg/xdg-ubuntu-xorg:/etc/xdg'), ('XDG_DATA_DIRS', '/usr/share/ubuntu-xorg:/usr/share/gnome:/usr/local/share/:/usr/share/:/var/lib/snapd/desktop'), ('PYTHONPATH', '/home/ros/arm_ws/install/arm_utils/local/lib/python3.10/dist-packages:/home/ros/arm_ws/install/arm_remote/local/lib/python3.10/dist-packages:/home/ros/arm_ws/install/arm_py_examples/lib/python3.10/site-packages:/home/ros/arm_ws/install/arm_msgs/local/lib/python3.10/dist-packages:/home/ros/arm_ws/install/arm_firmware/local/lib/python3.10/dist-packages:/home/ros/arm_ws/install/arm_controller/local/lib/python3.10/dist-packages:/opt/ros/humble/lib/python3.10/site-packages:/opt/ros/humble/local/lib/python3.10/dist-packages'), ('LC_NUMERIC', 'es_CO.UTF-8'), ('LC_PAPER', 'es_CO.UTF-8'), ('COLCON', '1'), ('VTE_VERSION', '6800'), ('CMAKE_PREFIX_PATH', '/home/ros/arm_ws/install/arm_utils:/home/ros/arm_ws/install/arm_remote:/home/ros/arm_ws/install/arm_cpp_examples:/home/ros/arm_ws/install/arm_msgs:/home/ros/arm_ws/install/arm_moveit:/home/ros/arm_ws/install/arm_firmware:/home/ros/arm_ws/install/arm_description:/home/ros/arm_ws/install/arm_controller:/home/ros/arm_ws/install/arm_bringup:/home/ros/arm_ws/install/arm_py_examples:/opt/ros/humble')]), 'shell': False}
[0.207307] (-) TimerEvent: {}
[0.216145] (arm_bringup) JobProgress: {'identifier': 'arm_bringup', 'progress': 'cmake'}
[0.233125] (arm_bringup) JobProgress: {'identifier': 'arm_bringup', 'progress': 'build'}
[0.233294] (arm_bringup) Command: {'cmd': ['/usr/bin/cmake', '--build', '/home/ros/arm_ws/build/arm_bringup', '--', '-j2', '-l2'], 'cwd': '/home/ros/arm_ws/build/arm_bringup', 'env': OrderedDict([('LESSOPEN', '| /usr/bin/lesspipe %s'), ('LANGUAGE', 'en_US:'), ('USER', 'ros'), ('LC_TIME', 'es_CO.UTF-8'), ('XDG_SESSION_TYPE', 'x11'), ('SHLVL', '1'), ('LD_LIBRARY_PATH', '/home/ros/arm_ws/install/arm_remote/lib:/home/ros/arm_ws/install/arm_cpp_examples/lib:/home/ros/arm_ws/install/arm_msgs/lib:/home/ros/arm_ws/install/arm_controller/lib:/usr/lib/x86_64-linux-gnu/gazebo-11/plugins:/opt/ros/humble/opt/rviz_ogre_vendor/lib:/opt/ros/humble/lib/x86_64-linux-gnu:/opt/ros/humble/lib'), ('HOME', '/home/ros'), ('OLDPWD', '/home/ros'), ('DESKTOP_SESSION', 'ubuntu-xorg'), ('ROS_PYTHON_VERSION', '3'), ('GNOME_SHELL_SESSION_MODE', 'ubuntu'), ('GTK_MODULES', 'gail:atk-bridge'), ('LC_MONETARY', 'es_CO.UTF-8'), ('MANAGERPID', '1022'), ('SYSTEMD_EXEC_PID', '1648'), ('DBUS_SESSION_BUS_ADDRESS', 'unix:path=/run/user/1000/bus'), ('COLORTERM', 'truecolor'), ('TERMINATOR_DBUS_NAME', 'net.tenshu.Terminator21a9d5db22c73a993ff0b42f64b396873'), ('GIO_LAUNCHED_DESKTOP_FILE_PID', '5308'), ('COLCON_PREFIX_PATH', '/home/ros/arm_ws/install'), ('ROS_DISTRO', 'humble'), ('GTK_IM_MODULE', 'ibus'), ('LOGNAME', 'ros'), ('JOURNAL_STREAM', '8:21986'), ('_', '/usr/bin/colcon'), ('ROS_VERSION', '2'), ('XDG_SESSION_CLASS', 'user'), ('USERNAME', 'ros'), ('TERM', 'xterm-256color'), ('GNOME_DESKTOP_SESSION_ID', 'this-is-deprecated'), ('ROS_LOCALHOST_ONLY', '0'), ('WINDOWPATH', '2'), ('PATH', '/opt/ros/humble/bin:/home/ros/.local/bin:/usr/local/sbin:/usr/local/bin:/usr/sbin:/usr/bin:/sbin:/bin:/usr/games:/usr/local/games:/snap/bin:/snap/bin'), ('SESSION_MANAGER', 'local/ros-virtual-machine:@/tmp/.ICE-unix/1380,unix/ros-virtual-machine:/tmp/.ICE-unix/1380'), ('INVOCATION_ID', 'edc79796a9204906952502603e82de6b'), ('XDG_MENU_PREFIX', 'gnome-'), ('LC_ADDRESS', 'es_CO.UTF-8'), ('XDG_RUNTIME_DIR', '/run/user/1000'), ('DISPLAY', ':0'), ('TERMINATOR_DBUS_PATH', '/net/tenshu/Terminator2'), ('LANG', 'en_US.UTF-8'), ('XDG_CURRENT_DESKTOP', 'ubuntu:GNOME'), ('IBUS_DISABLE_SNOOPER', '1'), ('LC_TELEPHONE', 'es_CO.UTF-8'), ('XMODIFIERS', '@im=ibus'), ('XDG_SESSION_DESKTOP', 'ubuntu-xorg'), ('XAUTHORITY', '/run/user/1000/gdm/Xauthority'), ('LS_COLORS', 'rs=0:di=01;34:ln=01;36:mh=00:pi=40;33:so=01;35:do=01;35:bd=40;33;01:cd=40;33;01:or=40;31;01:mi=00:su=37;41:sg=30;43:ca=30;41:tw=30;42:ow=34;42:st=37;44:ex=01;32:*.tar=01;31:*.tgz=01;31:*.arc=01;31:*.arj=01;31:*.taz=01;31:*.lha=01;31:*.lz4=01;31:*.lzh=01;31:*.lzma=01;31:*.tlz=01;31:*.txz=01;31:*.tzo=01;31:*.t7z=01;31:*.zip=01;31:*.z=01;31:*.dz=01;31:*.gz=01;31:*.lrz=01;31:*.lz=01;31:*.lzo=01;31:*.xz=01;31:*.zst=01;31:*.tzst=01;31:*.bz2=01;31:*.bz=01;31:*.tbz=01;31:*.tbz2=01;31:*.tz=01;31:*.deb=01;31:*.rpm=01;31:*.jar=01;31:*.war=01;31:*.ear=01;31:*.sar=01;31:*.rar=01;31:*.alz=01;31:*.ace=01;31:*.zoo=01;31:*.cpio=01;31:*.7z=01;31:*.rz=01;31:*.cab=01;31:*.wim=01;31:*.swm=01;31:*.dwm=01;31:*.esd=01;31:*.jpg=01;35:*.jpeg=01;35:*.mjpg=01;35:*.mjpeg=01;35:*.gif=01;35:*.bmp=01;35:*.pbm=01;35:*.pgm=01;35:*.ppm=01;35:*.tga=01;35:*.xbm=01;35:*.xpm=01;35:*.tif=01;35:*.tiff=01;35:*.png=01;35:*.svg=01;35:*.svgz=01;35:*.mng=01;35:*.pcx=01;35:*.mov=01;35:*.mpg=01;35:*.mpeg=01;35:*.m2v=01;35:*.mkv=01;35:*.webm=01;35:*.webp=01;35:*.ogm=01;35:*.mp4=01;35:*.m4v=01;35:*.mp4v=01;35:*.vob=01;35:*.qt=01;35:*.nuv=01;35:*.wmv=01;35:*.asf=01;35:*.rm=01;35:*.rmvb=01;35:*.flc=01;35:*.avi=01;35:*.fli=01;35:*.flv=01;35:*.gl=01;35:*.dl=01;35:*.xcf=01;35:*.xwd=01;35:*.yuv=01;35:*.cgm=01;35:*.emf=01;35:*.ogv=01;35:*.ogx=01;35:*.aac=00;36:*.au=00;36:*.flac=00;36:*.m4a=00;36:*.mid=00;36:*.midi=00;36:*.mka=00;36:*.mp3=00;36:*.mpc=00;36:*.ogg=00;36:*.ra=00;36:*.wav=00;36:*.oga=00;36:*.opus=00;36:*.spx=00;36:*.xspf=00;36:'), ('SSH_AGENT_LAUNCHER', 'gnome-keyring'), ('SSH_AUTH_SOCK', '/run/user/1000/keyring/ssh'), ('AMENT_PREFIX_PATH', '/home/ros/arm_ws/install/arm_utils:/home/ros/arm_ws/install/arm_remote:/home/ros/arm_ws/install/arm_py_examples:/home/ros/arm_ws/install/arm_cpp_examples:/home/ros/arm_ws/install/arm_msgs:/home/ros/arm_ws/install/arm_moveit:/home/ros/arm_ws/install/arm_firmware:/home/ros/arm_ws/install/arm_description:/home/ros/arm_ws/install/arm_controller:/home/ros/arm_ws/install/arm_bringup:/opt/ros/humble'), ('SHELL', '/bin/bash'), ('LC_NAME', 'es_CO.UTF-8'), ('TERMINATOR_UUID', 'urn:uuid:3dc62beb-5acd-4d96-bb8e-eacca3db12ac'), ('QT_ACCESSIBILITY', '1'), ('GDMSESSION', 'ubuntu-xorg'), ('LESSCLOSE', '/usr/bin/lesspipe %s %s'), ('LC_MEASUREMENT', 'es_CO.UTF-8'), ('GPG_AGENT_INFO', '/run/user/1000/gnupg/S.gpg-agent:0:1'), ('LC_IDENTIFICATION', 'es_CO.UTF-8'), ('QT_IM_MODULE', 'ibus'), ('PWD', '/home/ros/arm_ws/build/arm_bringup'), ('LC_ALL', 'en_US.UTF-8'), ('XDG_CONFIG_DIRS', '/etc/xdg/xdg-ubuntu-xorg:/etc/xdg'), ('XDG_DATA_DIRS', '/usr/share/ubuntu-xorg:/usr/share/gnome:/usr/local/share/:/usr/share/:/var/lib/snapd/desktop'), ('PYTHONPATH', '/home/ros/arm_ws/install/arm_utils/local/lib/python3.10/dist-packages:/home/ros/arm_ws/install/arm_remote/local/lib/python3.10/dist-packages:/home/ros/arm_ws/install/arm_py_examples/lib/python3.10/site-packages:/home/ros/arm_ws/install/arm_msgs/local/lib/python3.10/dist-packages:/home/ros/arm_ws/install/arm_firmware/local/lib/python3.10/dist-packages:/home/ros/arm_ws/install/arm_controller/local/lib/python3.10/dist-packages:/opt/ros/humble/lib/python3.10/site-packages:/opt/ros/humble/local/lib/python3.10/dist-packages'), ('LC_NUMERIC', 'es_CO.UTF-8'), ('LC_PAPER', 'es_CO.UTF-8'), ('COLCON', '1'), ('VTE_VERSION', '6800'), ('CMAKE_PREFIX_PATH', '/home/ros/arm_ws/install/arm_utils:/home/ros/arm_ws/install/arm_remote:/home/ros/arm_ws/install/arm_cpp_examples:/home/ros/arm_ws/install/arm_msgs:/home/ros/arm_ws/install/arm_moveit:/home/ros/arm_ws/install/arm_firmware:/home/ros/arm_ws/install/arm_description:/home/ros/arm_ws/install/arm_controller:/home/ros/arm_ws/install/arm_bringup:/home/ros/arm_ws/install/arm_py_examples:/opt/ros/humble')]), 'shell': False}
[0.317831] (-) TimerEvent: {}
[0.424967] (-) TimerEvent: {}
[0.531019] (-) TimerEvent: {}
[0.632244] (-) TimerEvent: {}
[0.673963] (arm_bringup) CommandEnded: {'returncode': 0}
[0.737976] (-) TimerEvent: {}
[0.843996] (-) TimerEvent: {}
[0.894963] (arm_msgs) StdoutLine: {'line': b'[  1%] Built target arm_msgs__cpp\n'}
[0.952987] (-) TimerEvent: {}
[1.056006] (-) TimerEvent: {}
[1.098070] (arm_bringup) JobProgress: {'identifier': 'arm_bringup', 'progress': 'install'}
[1.130018] (arm_msgs) StdoutLine: {'line': b'[ 12%] Built target arm_msgs__rosidl_generator_c\n'}
[1.158978] (-) TimerEvent: {}
[1.195451] (arm_bringup) Command: {'cmd': ['/usr/bin/cmake', '--install', '/home/ros/arm_ws/build/arm_bringup'], 'cwd': '/home/ros/arm_ws/build/arm_bringup', 'env': OrderedDict([('LESSOPEN', '| /usr/bin/lesspipe %s'), ('LANGUAGE', 'en_US:'), ('USER', 'ros'), ('LC_TIME', 'es_CO.UTF-8'), ('XDG_SESSION_TYPE', 'x11'), ('SHLVL', '1'), ('LD_LIBRARY_PATH', '/home/ros/arm_ws/install/arm_remote/lib:/home/ros/arm_ws/install/arm_cpp_examples/lib:/home/ros/arm_ws/install/arm_msgs/lib:/home/ros/arm_ws/install/arm_controller/lib:/usr/lib/x86_64-linux-gnu/gazebo-11/plugins:/opt/ros/humble/opt/rviz_ogre_vendor/lib:/opt/ros/humble/lib/x86_64-linux-gnu:/opt/ros/humble/lib'), ('HOME', '/home/ros'), ('OLDPWD', '/home/ros'), ('DESKTOP_SESSION', 'ubuntu-xorg'), ('ROS_PYTHON_VERSION', '3'), ('GNOME_SHELL_SESSION_MODE', 'ubuntu'), ('GTK_MODULES', 'gail:atk-bridge'), ('LC_MONETARY', 'es_CO.UTF-8'), ('MANAGERPID', '1022'), ('SYSTEMD_EXEC_PID', '1648'), ('DBUS_SESSION_BUS_ADDRESS', 'unix:path=/run/user/1000/bus'), ('COLORTERM', 'truecolor'), ('TERMINATOR_DBUS_NAME', 'net.tenshu.Terminator21a9d5db22c73a993ff0b42f64b396873'), ('GIO_LAUNCHED_DESKTOP_FILE_PID', '5308'), ('COLCON_PREFIX_PATH', '/home/ros/arm_ws/install'), ('ROS_DISTRO', 'humble'), ('GTK_IM_MODULE', 'ibus'), ('LOGNAME', 'ros'), ('JOURNAL_STREAM', '8:21986'), ('_', '/usr/bin/colcon'), ('ROS_VERSION', '2'), ('XDG_SESSION_CLASS', 'user'), ('USERNAME', 'ros'), ('TERM', 'xterm-256color'), ('GNOME_DESKTOP_SESSION_ID', 'this-is-deprecated'), ('ROS_LOCALHOST_ONLY', '0'), ('WINDOWPATH', '2'), ('PATH', '/opt/ros/humble/bin:/home/ros/.local/bin:/usr/local/sbin:/usr/local/bin:/usr/sbin:/usr/bin:/sbin:/bin:/usr/games:/usr/local/games:/snap/bin:/snap/bin'), ('SESSION_MANAGER', 'local/ros-virtual-machine:@/tmp/.ICE-unix/1380,unix/ros-virtual-machine:/tmp/.ICE-unix/1380'), ('INVOCATION_ID', 'edc79796a9204906952502603e82de6b'), ('XDG_MENU_PREFIX', 'gnome-'), ('LC_ADDRESS', 'es_CO.UTF-8'), ('XDG_RUNTIME_DIR', '/run/user/1000'), ('DISPLAY', ':0'), ('TERMINATOR_DBUS_PATH', '/net/tenshu/Terminator2'), ('LANG', 'en_US.UTF-8'), ('XDG_CURRENT_DESKTOP', 'ubuntu:GNOME'), ('IBUS_DISABLE_SNOOPER', '1'), ('LC_TELEPHONE', 'es_CO.UTF-8'), ('XMODIFIERS', '@im=ibus'), ('XDG_SESSION_DESKTOP', 'ubuntu-xorg'), ('XAUTHORITY', '/run/user/1000/gdm/Xauthority'), ('LS_COLORS', 'rs=0:di=01;34:ln=01;36:mh=00:pi=40;33:so=01;35:do=01;35:bd=40;33;01:cd=40;33;01:or=40;31;01:mi=00:su=37;41:sg=30;43:ca=30;41:tw=30;42:ow=34;42:st=37;44:ex=01;32:*.tar=01;31:*.tgz=01;31:*.arc=01;31:*.arj=01;31:*.taz=01;31:*.lha=01;31:*.lz4=01;31:*.lzh=01;31:*.lzma=01;31:*.tlz=01;31:*.txz=01;31:*.tzo=01;31:*.t7z=01;31:*.zip=01;31:*.z=01;31:*.dz=01;31:*.gz=01;31:*.lrz=01;31:*.lz=01;31:*.lzo=01;31:*.xz=01;31:*.zst=01;31:*.tzst=01;31:*.bz2=01;31:*.bz=01;31:*.tbz=01;31:*.tbz2=01;31:*.tz=01;31:*.deb=01;31:*.rpm=01;31:*.jar=01;31:*.war=01;31:*.ear=01;31:*.sar=01;31:*.rar=01;31:*.alz=01;31:*.ace=01;31:*.zoo=01;31:*.cpio=01;31:*.7z=01;31:*.rz=01;31:*.cab=01;31:*.wim=01;31:*.swm=01;31:*.dwm=01;31:*.esd=01;31:*.jpg=01;35:*.jpeg=01;35:*.mjpg=01;35:*.mjpeg=01;35:*.gif=01;35:*.bmp=01;35:*.pbm=01;35:*.pgm=01;35:*.ppm=01;35:*.tga=01;35:*.xbm=01;35:*.xpm=01;35:*.tif=01;35:*.tiff=01;35:*.png=01;35:*.svg=01;35:*.svgz=01;35:*.mng=01;35:*.pcx=01;35:*.mov=01;35:*.mpg=01;35:*.mpeg=01;35:*.m2v=01;35:*.mkv=01;35:*.webm=01;35:*.webp=01;35:*.ogm=01;35:*.mp4=01;35:*.m4v=01;35:*.mp4v=01;35:*.vob=01;35:*.qt=01;35:*.nuv=01;35:*.wmv=01;35:*.asf=01;35:*.rm=01;35:*.rmvb=01;35:*.flc=01;35:*.avi=01;35:*.fli=01;35:*.flv=01;35:*.gl=01;35:*.dl=01;35:*.xcf=01;35:*.xwd=01;35:*.yuv=01;35:*.cgm=01;35:*.emf=01;35:*.ogv=01;35:*.ogx=01;35:*.aac=00;36:*.au=00;36:*.flac=00;36:*.m4a=00;36:*.mid=00;36:*.midi=00;36:*.mka=00;36:*.mp3=00;36:*.mpc=00;36:*.ogg=00;36:*.ra=00;36:*.wav=00;36:*.oga=00;36:*.opus=00;36:*.spx=00;36:*.xspf=00;36:'), ('SSH_AGENT_LAUNCHER', 'gnome-keyring'), ('SSH_AUTH_SOCK', '/run/user/1000/keyring/ssh'), ('AMENT_PREFIX_PATH', '/home/ros/arm_ws/install/arm_utils:/home/ros/arm_ws/install/arm_remote:/home/ros/arm_ws/install/arm_py_examples:/home/ros/arm_ws/install/arm_cpp_examples:/home/ros/arm_ws/install/arm_msgs:/home/ros/arm_ws/install/arm_moveit:/home/ros/arm_ws/install/arm_firmware:/home/ros/arm_ws/install/arm_description:/home/ros/arm_ws/install/arm_controller:/home/ros/arm_ws/install/arm_bringup:/opt/ros/humble'), ('SHELL', '/bin/bash'), ('LC_NAME', 'es_CO.UTF-8'), ('TERMINATOR_UUID', 'urn:uuid:3dc62beb-5acd-4d96-bb8e-eacca3db12ac'), ('QT_ACCESSIBILITY', '1'), ('GDMSESSION', 'ubuntu-xorg'), ('LESSCLOSE', '/usr/bin/lesspipe %s %s'), ('LC_MEASUREMENT', 'es_CO.UTF-8'), ('GPG_AGENT_INFO', '/run/user/1000/gnupg/S.gpg-agent:0:1'), ('LC_IDENTIFICATION', 'es_CO.UTF-8'), ('QT_IM_MODULE', 'ibus'), ('PWD', '/home/ros/arm_ws/build/arm_bringup'), ('LC_ALL', 'en_US.UTF-8'), ('XDG_CONFIG_DIRS', '/etc/xdg/xdg-ubuntu-xorg:/etc/xdg'), ('XDG_DATA_DIRS', '/usr/share/ubuntu-xorg:/usr/share/gnome:/usr/local/share/:/usr/share/:/var/lib/snapd/desktop'), ('PYTHONPATH', '/home/ros/arm_ws/install/arm_utils/local/lib/python3.10/dist-packages:/home/ros/arm_ws/install/arm_remote/local/lib/python3.10/dist-packages:/home/ros/arm_ws/install/arm_py_examples/lib/python3.10/site-packages:/home/ros/arm_ws/install/arm_msgs/local/lib/python3.10/dist-packages:/home/ros/arm_ws/install/arm_firmware/local/lib/python3.10/dist-packages:/home/ros/arm_ws/install/arm_controller/local/lib/python3.10/dist-packages:/opt/ros/humble/lib/python3.10/site-packages:/opt/ros/humble/local/lib/python3.10/dist-packages'), ('LC_NUMERIC', 'es_CO.UTF-8'), ('LC_PAPER', 'es_CO.UTF-8'), ('COLCON', '1'), ('VTE_VERSION', '6800'), ('CMAKE_PREFIX_PATH', '/home/ros/arm_ws/install/arm_utils:/home/ros/arm_ws/install/arm_remote:/home/ros/arm_ws/install/arm_cpp_examples:/home/ros/arm_ws/install/arm_msgs:/home/ros/arm_ws/install/arm_moveit:/home/ros/arm_ws/install/arm_firmware:/home/ros/arm_ws/install/arm_description:/home/ros/arm_ws/install/arm_controller:/home/ros/arm_ws/install/arm_bringup:/home/ros/arm_ws/install/arm_py_examples:/opt/ros/humble')]), 'shell': False}
[1.261068] (-) TimerEvent: {}
[1.314962] (arm_bringup) StdoutLine: {'line': b'-- Install configuration: ""\n'}
[1.315457] (arm_bringup) StdoutLine: {'line': b'-- Up-to-date: /home/ros/arm_ws/install/arm_bringup/share/arm_bringup/launch\n'}
[1.315995] (arm_bringup) StdoutLine: {'line': b'-- Up-to-date: /home/ros/arm_ws/install/arm_bringup/share/arm_bringup/launch/simulated_robot.launch.py\n'}
[1.316233] (arm_bringup) StdoutLine: {'line': b'-- Up-to-date: /home/ros/arm_ws/install/arm_bringup/share/arm_bringup/launch/real_robot.launch.py\n'}
[1.316591] (arm_bringup) StdoutLine: {'line': b'-- Up-to-date: /home/ros/arm_ws/install/arm_bringup/share/ament_index/resource_index/package_run_dependencies/arm_bringup\n'}
[1.324260] (arm_bringup) StdoutLine: {'line': b'-- Up-to-date: /home/ros/arm_ws/install/arm_bringup/share/ament_index/resource_index/parent_prefix_path/arm_bringup\n'}
[1.324672] (arm_bringup) StdoutLine: {'line': b'-- Up-to-date: /home/ros/arm_ws/install/arm_bringup/share/arm_bringup/environment/ament_prefix_path.sh\n'}
[1.324957] (arm_bringup) StdoutLine: {'line': b'-- Up-to-date: /home/ros/arm_ws/install/arm_bringup/share/arm_bringup/environment/ament_prefix_path.dsv\n'}
[1.325192] (arm_bringup) StdoutLine: {'line': b'-- Up-to-date: /home/ros/arm_ws/install/arm_bringup/share/arm_bringup/environment/path.sh\n'}
[1.325399] (arm_bringup) StdoutLine: {'line': b'-- Up-to-date: /home/ros/arm_ws/install/arm_bringup/share/arm_bringup/environment/path.dsv\n'}
[1.325692] (arm_bringup) StdoutLine: {'line': b'-- Up-to-date: /home/ros/arm_ws/install/arm_bringup/share/arm_bringup/local_setup.bash\n'}
[1.332125] (arm_bringup) StdoutLine: {'line': b'-- Up-to-date: /home/ros/arm_ws/install/arm_bringup/share/arm_bringup/local_setup.sh\n'}
[1.332435] (arm_bringup) StdoutLine: {'line': b'-- Up-to-date: /home/ros/arm_ws/install/arm_bringup/share/arm_bringup/local_setup.zsh\n'}
[1.332656] (arm_bringup) StdoutLine: {'line': b'-- Up-to-date: /home/ros/arm_ws/install/arm_bringup/share/arm_bringup/local_setup.dsv\n'}
[1.332900] (arm_bringup) StdoutLine: {'line': b'-- Installing: /home/ros/arm_ws/install/arm_bringup/share/arm_bringup/package.dsv\n'}
[1.333144] (arm_bringup) StdoutLine: {'line': b'-- Up-to-date: /home/ros/arm_ws/install/arm_bringup/share/ament_index/resource_index/packages/arm_bringup\n'}
[1.333371] (arm_bringup) StdoutLine: {'line': b'-- Up-to-date: /home/ros/arm_ws/install/arm_bringup/share/arm_bringup/cmake/arm_bringupConfig.cmake\n'}
[1.333601] (arm_bringup) StdoutLine: {'line': b'-- Up-to-date: /home/ros/arm_ws/install/arm_bringup/share/arm_bringup/cmake/arm_bringupConfig-version.cmake\n'}
[1.339071] (arm_bringup) StdoutLine: {'line': b'-- Up-to-date: /home/ros/arm_ws/install/arm_bringup/share/arm_bringup/package.xml\n'}
[1.349060] (arm_bringup) CommandEnded: {'returncode': 0}
[1.363969] (-) TimerEvent: {}
[1.474224] (-) TimerEvent: {}
[1.484021] (arm_msgs) StdoutLine: {'line': b'[ 12%] Built target ament_cmake_python_copy_arm_msgs\n'}
[1.578976] (-) TimerEvent: {}
[1.681972] (-) TimerEvent: {}
[1.688985] (arm_msgs) StdoutLine: {'line': b'[ 23%] Built target arm_msgs__rosidl_typesupport_cpp\n'}
[1.784961] (-) TimerEvent: {}
[1.890953] (-) TimerEvent: {}
[1.931133] (arm_msgs) StdoutLine: {'line': b'[ 34%] Built target arm_msgs__rosidl_typesupport_fastrtps_c\n'}
[1.994006] (-) TimerEvent: {}
[2.011197] (arm_bringup) JobEnded: {'identifier': 'arm_bringup', 'rc': 0}
[2.012510] (arm_controller) JobStarted: {'identifier': 'arm_controller'}
[2.094958] (-) TimerEvent: {}
[2.145368] (arm_controller) JobProgress: {'identifier': 'arm_controller', 'progress': 'cmake'}
[2.167026] (arm_controller) JobProgress: {'identifier': 'arm_controller', 'progress': 'build'}
[2.167367] (arm_controller) Command: {'cmd': ['/usr/bin/cmake', '--build', '/home/ros/arm_ws/build/arm_controller', '--', '-j2', '-l2'], 'cwd': '/home/ros/arm_ws/build/arm_controller', 'env': OrderedDict([('LESSOPEN', '| /usr/bin/lesspipe %s'), ('LANGUAGE', 'en_US:'), ('USER', 'ros'), ('LC_TIME', 'es_CO.UTF-8'), ('XDG_SESSION_TYPE', 'x11'), ('SHLVL', '1'), ('LD_LIBRARY_PATH', '/home/ros/arm_ws/install/arm_remote/lib:/home/ros/arm_ws/install/arm_cpp_examples/lib:/home/ros/arm_ws/install/arm_msgs/lib:/home/ros/arm_ws/install/arm_controller/lib:/usr/lib/x86_64-linux-gnu/gazebo-11/plugins:/opt/ros/humble/opt/rviz_ogre_vendor/lib:/opt/ros/humble/lib/x86_64-linux-gnu:/opt/ros/humble/lib'), ('HOME', '/home/ros'), ('OLDPWD', '/home/ros'), ('DESKTOP_SESSION', 'ubuntu-xorg'), ('ROS_PYTHON_VERSION', '3'), ('GNOME_SHELL_SESSION_MODE', 'ubuntu'), ('GTK_MODULES', 'gail:atk-bridge'), ('LC_MONETARY', 'es_CO.UTF-8'), ('MANAGERPID', '1022'), ('SYSTEMD_EXEC_PID', '1648'), ('DBUS_SESSION_BUS_ADDRESS', 'unix:path=/run/user/1000/bus'), ('COLORTERM', 'truecolor'), ('TERMINATOR_DBUS_NAME', 'net.tenshu.Terminator21a9d5db22c73a993ff0b42f64b396873'), ('GIO_LAUNCHED_DESKTOP_FILE_PID', '5308'), ('COLCON_PREFIX_PATH', '/home/ros/arm_ws/install'), ('ROS_DISTRO', 'humble'), ('GTK_IM_MODULE', 'ibus'), ('LOGNAME', 'ros'), ('JOURNAL_STREAM', '8:21986'), ('_', '/usr/bin/colcon'), ('ROS_VERSION', '2'), ('XDG_SESSION_CLASS', 'user'), ('USERNAME', 'ros'), ('TERM', 'xterm-256color'), ('GNOME_DESKTOP_SESSION_ID', 'this-is-deprecated'), ('ROS_LOCALHOST_ONLY', '0'), ('WINDOWPATH', '2'), ('PATH', '/opt/ros/humble/bin:/home/ros/.local/bin:/usr/local/sbin:/usr/local/bin:/usr/sbin:/usr/bin:/sbin:/bin:/usr/games:/usr/local/games:/snap/bin:/snap/bin'), ('SESSION_MANAGER', 'local/ros-virtual-machine:@/tmp/.ICE-unix/1380,unix/ros-virtual-machine:/tmp/.ICE-unix/1380'), ('INVOCATION_ID', 'edc79796a9204906952502603e82de6b'), ('XDG_MENU_PREFIX', 'gnome-'), ('LC_ADDRESS', 'es_CO.UTF-8'), ('XDG_RUNTIME_DIR', '/run/user/1000'), ('DISPLAY', ':0'), ('TERMINATOR_DBUS_PATH', '/net/tenshu/Terminator2'), ('LANG', 'en_US.UTF-8'), ('XDG_CURRENT_DESKTOP', 'ubuntu:GNOME'), ('IBUS_DISABLE_SNOOPER', '1'), ('LC_TELEPHONE', 'es_CO.UTF-8'), ('XMODIFIERS', '@im=ibus'), ('XDG_SESSION_DESKTOP', 'ubuntu-xorg'), ('XAUTHORITY', '/run/user/1000/gdm/Xauthority'), ('LS_COLORS', 'rs=0:di=01;34:ln=01;36:mh=00:pi=40;33:so=01;35:do=01;35:bd=40;33;01:cd=40;33;01:or=40;31;01:mi=00:su=37;41:sg=30;43:ca=30;41:tw=30;42:ow=34;42:st=37;44:ex=01;32:*.tar=01;31:*.tgz=01;31:*.arc=01;31:*.arj=01;31:*.taz=01;31:*.lha=01;31:*.lz4=01;31:*.lzh=01;31:*.lzma=01;31:*.tlz=01;31:*.txz=01;31:*.tzo=01;31:*.t7z=01;31:*.zip=01;31:*.z=01;31:*.dz=01;31:*.gz=01;31:*.lrz=01;31:*.lz=01;31:*.lzo=01;31:*.xz=01;31:*.zst=01;31:*.tzst=01;31:*.bz2=01;31:*.bz=01;31:*.tbz=01;31:*.tbz2=01;31:*.tz=01;31:*.deb=01;31:*.rpm=01;31:*.jar=01;31:*.war=01;31:*.ear=01;31:*.sar=01;31:*.rar=01;31:*.alz=01;31:*.ace=01;31:*.zoo=01;31:*.cpio=01;31:*.7z=01;31:*.rz=01;31:*.cab=01;31:*.wim=01;31:*.swm=01;31:*.dwm=01;31:*.esd=01;31:*.jpg=01;35:*.jpeg=01;35:*.mjpg=01;35:*.mjpeg=01;35:*.gif=01;35:*.bmp=01;35:*.pbm=01;35:*.pgm=01;35:*.ppm=01;35:*.tga=01;35:*.xbm=01;35:*.xpm=01;35:*.tif=01;35:*.tiff=01;35:*.png=01;35:*.svg=01;35:*.svgz=01;35:*.mng=01;35:*.pcx=01;35:*.mov=01;35:*.mpg=01;35:*.mpeg=01;35:*.m2v=01;35:*.mkv=01;35:*.webm=01;35:*.webp=01;35:*.ogm=01;35:*.mp4=01;35:*.m4v=01;35:*.mp4v=01;35:*.vob=01;35:*.qt=01;35:*.nuv=01;35:*.wmv=01;35:*.asf=01;35:*.rm=01;35:*.rmvb=01;35:*.flc=01;35:*.avi=01;35:*.fli=01;35:*.flv=01;35:*.gl=01;35:*.dl=01;35:*.xcf=01;35:*.xwd=01;35:*.yuv=01;35:*.cgm=01;35:*.emf=01;35:*.ogv=01;35:*.ogx=01;35:*.aac=00;36:*.au=00;36:*.flac=00;36:*.m4a=00;36:*.mid=00;36:*.midi=00;36:*.mka=00;36:*.mp3=00;36:*.mpc=00;36:*.ogg=00;36:*.ra=00;36:*.wav=00;36:*.oga=00;36:*.opus=00;36:*.spx=00;36:*.xspf=00;36:'), ('SSH_AGENT_LAUNCHER', 'gnome-keyring'), ('SSH_AUTH_SOCK', '/run/user/1000/keyring/ssh'), ('AMENT_PREFIX_PATH', '/home/ros/arm_ws/install/arm_utils:/home/ros/arm_ws/install/arm_remote:/home/ros/arm_ws/install/arm_py_examples:/home/ros/arm_ws/install/arm_cpp_examples:/home/ros/arm_ws/install/arm_msgs:/home/ros/arm_ws/install/arm_moveit:/home/ros/arm_ws/install/arm_firmware:/home/ros/arm_ws/install/arm_description:/home/ros/arm_ws/install/arm_controller:/home/ros/arm_ws/install/arm_bringup:/opt/ros/humble'), ('SHELL', '/bin/bash'), ('LC_NAME', 'es_CO.UTF-8'), ('TERMINATOR_UUID', 'urn:uuid:3dc62beb-5acd-4d96-bb8e-eacca3db12ac'), ('QT_ACCESSIBILITY', '1'), ('GDMSESSION', 'ubuntu-xorg'), ('LESSCLOSE', '/usr/bin/lesspipe %s %s'), ('LC_MEASUREMENT', 'es_CO.UTF-8'), ('GPG_AGENT_INFO', '/run/user/1000/gnupg/S.gpg-agent:0:1'), ('LC_IDENTIFICATION', 'es_CO.UTF-8'), ('QT_IM_MODULE', 'ibus'), ('PWD', '/home/ros/arm_ws/build/arm_controller'), ('LC_ALL', 'en_US.UTF-8'), ('XDG_CONFIG_DIRS', '/etc/xdg/xdg-ubuntu-xorg:/etc/xdg'), ('XDG_DATA_DIRS', '/usr/share/ubuntu-xorg:/usr/share/gnome:/usr/local/share/:/usr/share/:/var/lib/snapd/desktop'), ('PYTHONPATH', '/home/ros/arm_ws/install/arm_utils/local/lib/python3.10/dist-packages:/home/ros/arm_ws/install/arm_remote/local/lib/python3.10/dist-packages:/home/ros/arm_ws/install/arm_py_examples/lib/python3.10/site-packages:/home/ros/arm_ws/install/arm_msgs/local/lib/python3.10/dist-packages:/home/ros/arm_ws/install/arm_firmware/local/lib/python3.10/dist-packages:/home/ros/arm_ws/install/arm_controller/local/lib/python3.10/dist-packages:/opt/ros/humble/lib/python3.10/site-packages:/opt/ros/humble/local/lib/python3.10/dist-packages'), ('LC_NUMERIC', 'es_CO.UTF-8'), ('LC_PAPER', 'es_CO.UTF-8'), ('COLCON', '1'), ('VTE_VERSION', '6800'), ('CMAKE_PREFIX_PATH', '/home/ros/arm_ws/install/arm_utils:/home/ros/arm_ws/install/arm_remote:/home/ros/arm_ws/install/arm_cpp_examples:/home/ros/arm_ws/install/arm_msgs:/home/ros/arm_ws/install/arm_moveit:/home/ros/arm_ws/install/arm_firmware:/home/ros/arm_ws/install/arm_description:/home/ros/arm_ws/install/arm_controller:/home/ros/arm_ws/install/arm_bringup:/home/ros/arm_ws/install/arm_py_examples:/opt/ros/humble')]), 'shell': False}
[2.190511] (arm_msgs) StdoutLine: {'line': b'[ 46%] Built target arm_msgs__rosidl_typesupport_fastrtps_cpp\n'}
[2.197998] (-) TimerEvent: {}
[2.305064] (-) TimerEvent: {}
[2.405210] (arm_msgs) StdoutLine: {'line': b'[ 57%] Built target arm_msgs__rosidl_typesupport_introspection_c\n'}
[2.405555] (-) TimerEvent: {}
[2.511806] (-) TimerEvent: {}
[2.614047] (-) TimerEvent: {}
[2.658019] (arm_msgs) StdoutLine: {'line': b'[ 68%] Built target arm_msgs__rosidl_typesupport_c\n'}
[2.714204] (-) TimerEvent: {}
[2.816661] (-) TimerEvent: {}
[2.890000] (arm_controller) StdoutLine: {'line': b'[ 50%] Built target slider_control\n'}
[2.916807] (-) TimerEvent: {}
[2.933087] (arm_msgs) StdoutLine: {'line': b'[ 79%] Built target arm_msgs__rosidl_typesupport_introspection_cpp\n'}
[3.020327] (-) TimerEvent: {}
[3.121795] (-) TimerEvent: {}
[3.224195] (-) TimerEvent: {}
[3.263989] (arm_controller) StdoutLine: {'line': b'[100%] Built target arm_controller\n'}
[3.334015] (-) TimerEvent: {}
[3.435111] (-) TimerEvent: {}
[3.541956] (-) TimerEvent: {}
[3.620021] (arm_controller) StdoutLine: {'line': b'[100%] Built target ament_cmake_python_copy_arm_controller\n'}
[3.642099] (-) TimerEvent: {}
[3.747973] (-) TimerEvent: {}
[3.856953] (-) TimerEvent: {}
[3.963982] (-) TimerEvent: {}
[4.064516] (-) TimerEvent: {}
[4.170983] (-) TimerEvent: {}
[4.271930] (-) TimerEvent: {}
[4.377964] (-) TimerEvent: {}
[4.485943] (-) TimerEvent: {}
[4.593997] (-) TimerEvent: {}
[4.698031] (-) TimerEvent: {}
[4.804927] (-) TimerEvent: {}
[4.905323] (-) TimerEvent: {}
[5.007108] (-) TimerEvent: {}
[5.112941] (-) TimerEvent: {}
[5.218945] (-) TimerEvent: {}
[5.320950] (-) TimerEvent: {}
[5.424921] (-) TimerEvent: {}
[5.528966] (-) TimerEvent: {}
[5.632401] (-) TimerEvent: {}
[5.734488] (-) TimerEvent: {}
[5.807833] (arm_msgs) StdoutLine: {'line': b'running egg_info\n'}
[5.814026] (arm_msgs) StdoutLine: {'line': b'writing arm_msgs.egg-info/PKG-INFO\n'}
[5.814293] (arm_msgs) StdoutLine: {'line': b'writing dependency_links to arm_msgs.egg-info/dependency_links.txt\n'}
[5.814623] (arm_msgs) StdoutLine: {'line': b'writing top-level names to arm_msgs.egg-info/top_level.txt\n'}
[5.838420] (arm_msgs) StdoutLine: {'line': b"reading manifest file 'arm_msgs.egg-info/SOURCES.txt'\n"}
[5.838764] (-) TimerEvent: {}
[5.841042] (arm_msgs) StdoutLine: {'line': b"writing manifest file 'arm_msgs.egg-info/SOURCES.txt'\n"}
[5.938949] (-) TimerEvent: {}
[6.042951] (-) TimerEvent: {}
[6.061013] (arm_msgs) StdoutLine: {'line': b'[ 79%] Built target ament_cmake_python_build_arm_msgs_egg\n'}
[6.146930] (-) TimerEvent: {}
[6.249138] (-) TimerEvent: {}
[6.271099] (arm_msgs) StdoutLine: {'line': b'[ 79%] Built target arm_msgs\n'}
[6.284671] (arm_controller) StdoutLine: {'line': b'running egg_info\n'}
[6.294967] (arm_controller) StdoutLine: {'line': b'writing arm_controller.egg-info/PKG-INFO\n'}
[6.300984] (arm_controller) StdoutLine: {'line': b'writing dependency_links to arm_controller.egg-info/dependency_links.txt\n'}
[6.304986] (arm_controller) StdoutLine: {'line': b'writing top-level names to arm_controller.egg-info/top_level.txt\n'}
[6.328185] (arm_controller) StdoutLine: {'line': b"reading manifest file 'arm_controller.egg-info/SOURCES.txt'\n"}
[6.336066] (arm_controller) StdoutLine: {'line': b"writing manifest file 'arm_controller.egg-info/SOURCES.txt'\n"}
[6.350966] (-) TimerEvent: {}
[6.458356] (-) TimerEvent: {}
[6.558934] (arm_msgs) StdoutLine: {'line': b'[ 80%] Built target arm_msgs__py\n'}
[6.559312] (-) TimerEvent: {}
[6.661252] (arm_controller) StdoutLine: {'line': b'[100%] Built target ament_cmake_python_build_arm_controller_egg\n'}
[6.661618] (-) TimerEvent: {}
[6.766982] (-) TimerEvent: {}
[6.776465] (arm_controller) CommandEnded: {'returncode': 0}
[6.808809] (arm_msgs) StdoutLine: {'line': b'[ 90%] Built target arm_msgs__rosidl_generator_py\n'}
[6.874964] (-) TimerEvent: {}
[6.978056] (-) TimerEvent: {}
[7.065414] (arm_msgs) StdoutLine: {'line': b'[ 93%] Built target arm_msgs__rosidl_typesupport_fastrtps_c__pyext\n'}
[7.081973] (-) TimerEvent: {}
[7.184145] (-) TimerEvent: {}
[7.287400] (-) TimerEvent: {}
[7.318304] (arm_msgs) StdoutLine: {'line': b'[ 96%] Built target arm_msgs__rosidl_typesupport_introspection_c__pyext\n'}
[7.366197] (arm_controller) JobProgress: {'identifier': 'arm_controller', 'progress': 'install'}
[7.379236] (arm_controller) Command: {'cmd': ['/usr/bin/cmake', '--install', '/home/ros/arm_ws/build/arm_controller'], 'cwd': '/home/ros/arm_ws/build/arm_controller', 'env': OrderedDict([('LESSOPEN', '| /usr/bin/lesspipe %s'), ('LANGUAGE', 'en_US:'), ('USER', 'ros'), ('LC_TIME', 'es_CO.UTF-8'), ('XDG_SESSION_TYPE', 'x11'), ('SHLVL', '1'), ('LD_LIBRARY_PATH', '/home/ros/arm_ws/install/arm_remote/lib:/home/ros/arm_ws/install/arm_cpp_examples/lib:/home/ros/arm_ws/install/arm_msgs/lib:/home/ros/arm_ws/install/arm_controller/lib:/usr/lib/x86_64-linux-gnu/gazebo-11/plugins:/opt/ros/humble/opt/rviz_ogre_vendor/lib:/opt/ros/humble/lib/x86_64-linux-gnu:/opt/ros/humble/lib'), ('HOME', '/home/ros'), ('OLDPWD', '/home/ros'), ('DESKTOP_SESSION', 'ubuntu-xorg'), ('ROS_PYTHON_VERSION', '3'), ('GNOME_SHELL_SESSION_MODE', 'ubuntu'), ('GTK_MODULES', 'gail:atk-bridge'), ('LC_MONETARY', 'es_CO.UTF-8'), ('MANAGERPID', '1022'), ('SYSTEMD_EXEC_PID', '1648'), ('DBUS_SESSION_BUS_ADDRESS', 'unix:path=/run/user/1000/bus'), ('COLORTERM', 'truecolor'), ('TERMINATOR_DBUS_NAME', 'net.tenshu.Terminator21a9d5db22c73a993ff0b42f64b396873'), ('GIO_LAUNCHED_DESKTOP_FILE_PID', '5308'), ('COLCON_PREFIX_PATH', '/home/ros/arm_ws/install'), ('ROS_DISTRO', 'humble'), ('GTK_IM_MODULE', 'ibus'), ('LOGNAME', 'ros'), ('JOURNAL_STREAM', '8:21986'), ('_', '/usr/bin/colcon'), ('ROS_VERSION', '2'), ('XDG_SESSION_CLASS', 'user'), ('USERNAME', 'ros'), ('TERM', 'xterm-256color'), ('GNOME_DESKTOP_SESSION_ID', 'this-is-deprecated'), ('ROS_LOCALHOST_ONLY', '0'), ('WINDOWPATH', '2'), ('PATH', '/opt/ros/humble/bin:/home/ros/.local/bin:/usr/local/sbin:/usr/local/bin:/usr/sbin:/usr/bin:/sbin:/bin:/usr/games:/usr/local/games:/snap/bin:/snap/bin'), ('SESSION_MANAGER', 'local/ros-virtual-machine:@/tmp/.ICE-unix/1380,unix/ros-virtual-machine:/tmp/.ICE-unix/1380'), ('INVOCATION_ID', 'edc79796a9204906952502603e82de6b'), ('XDG_MENU_PREFIX', 'gnome-'), ('LC_ADDRESS', 'es_CO.UTF-8'), ('XDG_RUNTIME_DIR', '/run/user/1000'), ('DISPLAY', ':0'), ('TERMINATOR_DBUS_PATH', '/net/tenshu/Terminator2'), ('LANG', 'en_US.UTF-8'), ('XDG_CURRENT_DESKTOP', 'ubuntu:GNOME'), ('IBUS_DISABLE_SNOOPER', '1'), ('LC_TELEPHONE', 'es_CO.UTF-8'), ('XMODIFIERS', '@im=ibus'), ('XDG_SESSION_DESKTOP', 'ubuntu-xorg'), ('XAUTHORITY', '/run/user/1000/gdm/Xauthority'), ('LS_COLORS', 'rs=0:di=01;34:ln=01;36:mh=00:pi=40;33:so=01;35:do=01;35:bd=40;33;01:cd=40;33;01:or=40;31;01:mi=00:su=37;41:sg=30;43:ca=30;41:tw=30;42:ow=34;42:st=37;44:ex=01;32:*.tar=01;31:*.tgz=01;31:*.arc=01;31:*.arj=01;31:*.taz=01;31:*.lha=01;31:*.lz4=01;31:*.lzh=01;31:*.lzma=01;31:*.tlz=01;31:*.txz=01;31:*.tzo=01;31:*.t7z=01;31:*.zip=01;31:*.z=01;31:*.dz=01;31:*.gz=01;31:*.lrz=01;31:*.lz=01;31:*.lzo=01;31:*.xz=01;31:*.zst=01;31:*.tzst=01;31:*.bz2=01;31:*.bz=01;31:*.tbz=01;31:*.tbz2=01;31:*.tz=01;31:*.deb=01;31:*.rpm=01;31:*.jar=01;31:*.war=01;31:*.ear=01;31:*.sar=01;31:*.rar=01;31:*.alz=01;31:*.ace=01;31:*.zoo=01;31:*.cpio=01;31:*.7z=01;31:*.rz=01;31:*.cab=01;31:*.wim=01;31:*.swm=01;31:*.dwm=01;31:*.esd=01;31:*.jpg=01;35:*.jpeg=01;35:*.mjpg=01;35:*.mjpeg=01;35:*.gif=01;35:*.bmp=01;35:*.pbm=01;35:*.pgm=01;35:*.ppm=01;35:*.tga=01;35:*.xbm=01;35:*.xpm=01;35:*.tif=01;35:*.tiff=01;35:*.png=01;35:*.svg=01;35:*.svgz=01;35:*.mng=01;35:*.pcx=01;35:*.mov=01;35:*.mpg=01;35:*.mpeg=01;35:*.m2v=01;35:*.mkv=01;35:*.webm=01;35:*.webp=01;35:*.ogm=01;35:*.mp4=01;35:*.m4v=01;35:*.mp4v=01;35:*.vob=01;35:*.qt=01;35:*.nuv=01;35:*.wmv=01;35:*.asf=01;35:*.rm=01;35:*.rmvb=01;35:*.flc=01;35:*.avi=01;35:*.fli=01;35:*.flv=01;35:*.gl=01;35:*.dl=01;35:*.xcf=01;35:*.xwd=01;35:*.yuv=01;35:*.cgm=01;35:*.emf=01;35:*.ogv=01;35:*.ogx=01;35:*.aac=00;36:*.au=00;36:*.flac=00;36:*.m4a=00;36:*.mid=00;36:*.midi=00;36:*.mka=00;36:*.mp3=00;36:*.mpc=00;36:*.ogg=00;36:*.ra=00;36:*.wav=00;36:*.oga=00;36:*.opus=00;36:*.spx=00;36:*.xspf=00;36:'), ('SSH_AGENT_LAUNCHER', 'gnome-keyring'), ('SSH_AUTH_SOCK', '/run/user/1000/keyring/ssh'), ('AMENT_PREFIX_PATH', '/home/ros/arm_ws/install/arm_utils:/home/ros/arm_ws/install/arm_remote:/home/ros/arm_ws/install/arm_py_examples:/home/ros/arm_ws/install/arm_cpp_examples:/home/ros/arm_ws/install/arm_msgs:/home/ros/arm_ws/install/arm_moveit:/home/ros/arm_ws/install/arm_firmware:/home/ros/arm_ws/install/arm_description:/home/ros/arm_ws/install/arm_controller:/home/ros/arm_ws/install/arm_bringup:/opt/ros/humble'), ('SHELL', '/bin/bash'), ('LC_NAME', 'es_CO.UTF-8'), ('TERMINATOR_UUID', 'urn:uuid:3dc62beb-5acd-4d96-bb8e-eacca3db12ac'), ('QT_ACCESSIBILITY', '1'), ('GDMSESSION', 'ubuntu-xorg'), ('LESSCLOSE', '/usr/bin/lesspipe %s %s'), ('LC_MEASUREMENT', 'es_CO.UTF-8'), ('GPG_AGENT_INFO', '/run/user/1000/gnupg/S.gpg-agent:0:1'), ('LC_IDENTIFICATION', 'es_CO.UTF-8'), ('QT_IM_MODULE', 'ibus'), ('PWD', '/home/ros/arm_ws/build/arm_controller'), ('LC_ALL', 'en_US.UTF-8'), ('XDG_CONFIG_DIRS', '/etc/xdg/xdg-ubuntu-xorg:/etc/xdg'), ('XDG_DATA_DIRS', '/usr/share/ubuntu-xorg:/usr/share/gnome:/usr/local/share/:/usr/share/:/var/lib/snapd/desktop'), ('PYTHONPATH', '/home/ros/arm_ws/install/arm_utils/local/lib/python3.10/dist-packages:/home/ros/arm_ws/install/arm_remote/local/lib/python3.10/dist-packages:/home/ros/arm_ws/install/arm_py_examples/lib/python3.10/site-packages:/home/ros/arm_ws/install/arm_msgs/local/lib/python3.10/dist-packages:/home/ros/arm_ws/install/arm_firmware/local/lib/python3.10/dist-packages:/home/ros/arm_ws/install/arm_controller/local/lib/python3.10/dist-packages:/opt/ros/humble/lib/python3.10/site-packages:/opt/ros/humble/local/lib/python3.10/dist-packages'), ('LC_NUMERIC', 'es_CO.UTF-8'), ('LC_PAPER', 'es_CO.UTF-8'), ('COLCON', '1'), ('VTE_VERSION', '6800'), ('CMAKE_PREFIX_PATH', '/home/ros/arm_ws/install/arm_utils:/home/ros/arm_ws/install/arm_remote:/home/ros/arm_ws/install/arm_cpp_examples:/home/ros/arm_ws/install/arm_msgs:/home/ros/arm_ws/install/arm_moveit:/home/ros/arm_ws/install/arm_firmware:/home/ros/arm_ws/install/arm_description:/home/ros/arm_ws/install/arm_controller:/home/ros/arm_ws/install/arm_bringup:/home/ros/arm_ws/install/arm_py_examples:/opt/ros/humble')]), 'shell': False}
[7.388941] (-) TimerEvent: {}
[7.479197] (arm_controller) StdoutLine: {'line': b'-- Install configuration: ""\n'}
[7.479460] (arm_controller) StdoutLine: {'line': b'-- Up-to-date: /home/ros/arm_ws/install/arm_controller/share/arm_controller/arm_controller.xml\n'}
[7.479602] (arm_controller) StdoutLine: {'line': b'-- Up-to-date: /home/ros/arm_ws/install/arm_controller/share/arm_controller/environment/pythonpath.sh\n'}
[7.479711] (arm_controller) StdoutLine: {'line': b'-- Up-to-date: /home/ros/arm_ws/install/arm_controller/share/arm_controller/environment/pythonpath.dsv\n'}
[7.479952] (arm_controller) StdoutLine: {'line': b'-- Up-to-date: /home/ros/arm_ws/install/arm_controller/local/lib/python3.10/dist-packages/arm_controller-0.0.0-py3.10.egg-info\n'}
[7.480110] (arm_controller) StdoutLine: {'line': b'-- Installing: /home/ros/arm_ws/install/arm_controller/local/lib/python3.10/dist-packages/arm_controller-0.0.0-py3.10.egg-info/dependency_links.txt\n'}
[7.480219] (arm_controller) StdoutLine: {'line': b'-- Installing: /home/ros/arm_ws/install/arm_controller/local/lib/python3.10/dist-packages/arm_controller-0.0.0-py3.10.egg-info/SOURCES.txt\n'}
[7.484574] (arm_msgs) StdoutLine: {'line': b'[100%] Built target arm_msgs__rosidl_typesupport_c__pyext\n'}
[7.491087] (arm_controller) StdoutLine: {'line': b'-- Installing: /home/ros/arm_ws/install/arm_controller/local/lib/python3.10/dist-packages/arm_controller-0.0.0-py3.10.egg-info/PKG-INFO\n'}
[7.491468] (-) TimerEvent: {}
[7.492988] (arm_controller) StdoutLine: {'line': b'-- Installing: /home/ros/arm_ws/install/arm_controller/local/lib/python3.10/dist-packages/arm_controller-0.0.0-py3.10.egg-info/top_level.txt\n'}
[7.493205] (arm_controller) StdoutLine: {'line': b'-- Up-to-date: /home/ros/arm_ws/install/arm_controller/local/lib/python3.10/dist-packages/arm_controller\n'}
[7.493323] (arm_controller) StdoutLine: {'line': b'-- Up-to-date: /home/ros/arm_ws/install/arm_controller/local/lib/python3.10/dist-packages/arm_controller/slider_control.py\n'}
[7.493429] (arm_controller) StdoutLine: {'line': b'-- Up-to-date: /home/ros/arm_ws/install/arm_controller/local/lib/python3.10/dist-packages/arm_controller/__init__.py\n'}
[7.592919] (-) TimerEvent: {}
[7.594429] (arm_msgs) CommandEnded: {'returncode': 0}
[7.696967] (-) TimerEvent: {}
[7.797953] (-) TimerEvent: {}
[7.808228] (arm_controller) StdoutLine: {'line': b"Listing '/home/ros/arm_ws/install/arm_controller/local/lib/python3.10/dist-packages/arm_controller'...\n"}
[7.859601] (arm_controller) StdoutLine: {'line': b'-- Up-to-date: /home/ros/arm_ws/install/arm_controller/lib/arm_controller/slider_control\n'}
[7.867817] (arm_controller) StdoutLine: {'line': b'-- Up-to-date: /home/ros/arm_ws/install/arm_controller/lib/libarm_controller.so\n'}
[7.880960] (arm_controller) StdoutLine: {'line': b'-- Up-to-date: /home/ros/arm_ws/install/arm_controller/include/include\n'}
[7.882090] (arm_controller) StdoutLine: {'line': b'-- Up-to-date: /home/ros/arm_ws/install/arm_controller/include/include/arm_controller\n'}
[7.882465] (arm_controller) StdoutLine: {'line': b'-- Up-to-date: /home/ros/arm_ws/install/arm_controller/include/include/arm_controller/arm_interface.hpp\n'}
[7.882719] (arm_controller) StdoutLine: {'line': b'-- Up-to-date: /home/ros/arm_ws/install/arm_controller/share/arm_controller/launch\n'}
[7.885372] (arm_controller) StdoutLine: {'line': b'-- Up-to-date: /home/ros/arm_ws/install/arm_controller/share/arm_controller/launch/controller.launch.py\n'}
[7.891263] (arm_controller) StdoutLine: {'line': b'-- Up-to-date: /home/ros/arm_ws/install/arm_controller/share/arm_controller/launch/slider_controller.launch.py\n'}
[7.891408] (arm_controller) StdoutLine: {'line': b'-- Up-to-date: /home/ros/arm_ws/install/arm_controller/share/arm_controller/config\n'}
[7.891520] (arm_controller) StdoutLine: {'line': b'-- Up-to-date: /home/ros/arm_ws/install/arm_controller/share/arm_controller/config/arm_controllers.yaml\n'}
[7.891653] (arm_controller) StdoutLine: {'line': b'-- Up-to-date: /home/ros/arm_ws/install/arm_controller/lib/arm_controller/slider_control.py\n'}
[7.895019] (arm_controller) StdoutLine: {'line': b'-- Up-to-date: /home/ros/arm_ws/install/arm_controller/share/arm_controller/environment/library_path.sh\n'}
[7.897829] (arm_controller) StdoutLine: {'line': b'-- Up-to-date: /home/ros/arm_ws/install/arm_controller/share/arm_controller/environment/library_path.dsv\n'}
[7.898256] (-) TimerEvent: {}
[7.907247] (arm_controller) StdoutLine: {'line': b'-- Up-to-date: /home/ros/arm_ws/install/arm_controller/share/ament_index/resource_index/package_run_dependencies/arm_controller\n'}
[7.907623] (arm_controller) StdoutLine: {'line': b'-- Up-to-date: /home/ros/arm_ws/install/arm_controller/share/ament_index/resource_index/parent_prefix_path/arm_controller\n'}
[7.907817] (arm_controller) StdoutLine: {'line': b'-- Up-to-date: /home/ros/arm_ws/install/arm_controller/share/arm_controller/environment/ament_prefix_path.sh\n'}
[7.908059] (arm_controller) StdoutLine: {'line': b'-- Up-to-date: /home/ros/arm_ws/install/arm_controller/share/arm_controller/environment/ament_prefix_path.dsv\n'}
[7.908279] (arm_controller) StdoutLine: {'line': b'-- Up-to-date: /home/ros/arm_ws/install/arm_controller/share/arm_controller/environment/path.sh\n'}
[7.913224] (arm_controller) StdoutLine: {'line': b'-- Up-to-date: /home/ros/arm_ws/install/arm_controller/share/arm_controller/environment/path.dsv\n'}
[7.913364] (arm_controller) StdoutLine: {'line': b'-- Up-to-date: /home/ros/arm_ws/install/arm_controller/share/arm_controller/local_setup.bash\n'}
[7.913478] (arm_controller) StdoutLine: {'line': b'-- Up-to-date: /home/ros/arm_ws/install/arm_controller/share/arm_controller/local_setup.sh\n'}
[7.913588] (arm_controller) StdoutLine: {'line': b'-- Up-to-date: /home/ros/arm_ws/install/arm_controller/share/arm_controller/local_setup.zsh\n'}
[7.913719] (arm_controller) StdoutLine: {'line': b'-- Up-to-date: /home/ros/arm_ws/install/arm_controller/share/arm_controller/local_setup.dsv\n'}
[7.913819] (arm_controller) StdoutLine: {'line': b'-- Installing: /home/ros/arm_ws/install/arm_controller/share/arm_controller/package.dsv\n'}
[7.921883] (arm_controller) StdoutLine: {'line': b'-- Up-to-date: /home/ros/arm_ws/install/arm_controller/share/ament_index/resource_index/packages/arm_controller\n'}
[7.922194] (arm_controller) StdoutLine: {'line': b'-- Up-to-date: /home/ros/arm_ws/install/arm_controller/share/ament_index/resource_index/hardware_interface__pluginlib__plugin/arm_controller\n'}
[7.922636] (arm_controller) StdoutLine: {'line': b'-- Up-to-date: /home/ros/arm_ws/install/arm_controller/share/arm_controller/cmake/ament_cmake_export_include_directories-extras.cmake\n'}
[7.922913] (arm_controller) StdoutLine: {'line': b'-- Up-to-date: /home/ros/arm_ws/install/arm_controller/share/arm_controller/cmake/ament_cmake_export_libraries-extras.cmake\n'}
[7.923164] (arm_controller) StdoutLine: {'line': b'-- Up-to-date: /home/ros/arm_ws/install/arm_controller/share/arm_controller/cmake/ament_cmake_export_dependencies-extras.cmake\n'}
[7.923376] (arm_controller) StdoutLine: {'line': b'-- Up-to-date: /home/ros/arm_ws/install/arm_controller/share/arm_controller/cmake/arm_controllerConfig.cmake\n'}
[7.923587] (arm_controller) StdoutLine: {'line': b'-- Up-to-date: /home/ros/arm_ws/install/arm_controller/share/arm_controller/cmake/arm_controllerConfig-version.cmake\n'}
[7.923792] (arm_controller) StdoutLine: {'line': b'-- Up-to-date: /home/ros/arm_ws/install/arm_controller/share/arm_controller/package.xml\n'}
[7.948989] (arm_controller) CommandEnded: {'returncode': 0}
[8.003325] (-) TimerEvent: {}
[8.131968] (-) TimerEvent: {}
[8.236089] (-) TimerEvent: {}
[8.338938] (-) TimerEvent: {}
[8.446661] (-) TimerEvent: {}
[8.547994] (-) TimerEvent: {}
[8.653560] (-) TimerEvent: {}
[8.717328] (arm_controller) JobEnded: {'identifier': 'arm_controller', 'rc': 0}
[8.729165] (arm_description) JobStarted: {'identifier': 'arm_description'}
[8.758354] (-) TimerEvent: {}
[8.857508] (arm_description) JobProgress: {'identifier': 'arm_description', 'progress': 'cmake'}
[8.862494] (arm_description) JobProgress: {'identifier': 'arm_description', 'progress': 'build'}
[8.862657] (-) TimerEvent: {}
[8.873835] (arm_description) Command: {'cmd': ['/usr/bin/cmake', '--build', '/home/ros/arm_ws/build/arm_description', '--', '-j2', '-l2'], 'cwd': '/home/ros/arm_ws/build/arm_description', 'env': OrderedDict([('LESSOPEN', '| /usr/bin/lesspipe %s'), ('LANGUAGE', 'en_US:'), ('USER', 'ros'), ('LC_TIME', 'es_CO.UTF-8'), ('XDG_SESSION_TYPE', 'x11'), ('SHLVL', '1'), ('LD_LIBRARY_PATH', '/home/ros/arm_ws/install/arm_remote/lib:/home/ros/arm_ws/install/arm_cpp_examples/lib:/home/ros/arm_ws/install/arm_msgs/lib:/home/ros/arm_ws/install/arm_controller/lib:/usr/lib/x86_64-linux-gnu/gazebo-11/plugins:/opt/ros/humble/opt/rviz_ogre_vendor/lib:/opt/ros/humble/lib/x86_64-linux-gnu:/opt/ros/humble/lib'), ('HOME', '/home/ros'), ('OLDPWD', '/home/ros'), ('DESKTOP_SESSION', 'ubuntu-xorg'), ('ROS_PYTHON_VERSION', '3'), ('GNOME_SHELL_SESSION_MODE', 'ubuntu'), ('GTK_MODULES', 'gail:atk-bridge'), ('LC_MONETARY', 'es_CO.UTF-8'), ('MANAGERPID', '1022'), ('SYSTEMD_EXEC_PID', '1648'), ('DBUS_SESSION_BUS_ADDRESS', 'unix:path=/run/user/1000/bus'), ('COLORTERM', 'truecolor'), ('TERMINATOR_DBUS_NAME', 'net.tenshu.Terminator21a9d5db22c73a993ff0b42f64b396873'), ('GIO_LAUNCHED_DESKTOP_FILE_PID', '5308'), ('COLCON_PREFIX_PATH', '/home/ros/arm_ws/install'), ('ROS_DISTRO', 'humble'), ('GTK_IM_MODULE', 'ibus'), ('LOGNAME', 'ros'), ('JOURNAL_STREAM', '8:21986'), ('_', '/usr/bin/colcon'), ('ROS_VERSION', '2'), ('XDG_SESSION_CLASS', 'user'), ('USERNAME', 'ros'), ('TERM', 'xterm-256color'), ('GNOME_DESKTOP_SESSION_ID', 'this-is-deprecated'), ('ROS_LOCALHOST_ONLY', '0'), ('WINDOWPATH', '2'), ('PATH', '/opt/ros/humble/bin:/home/ros/.local/bin:/usr/local/sbin:/usr/local/bin:/usr/sbin:/usr/bin:/sbin:/bin:/usr/games:/usr/local/games:/snap/bin:/snap/bin'), ('SESSION_MANAGER', 'local/ros-virtual-machine:@/tmp/.ICE-unix/1380,unix/ros-virtual-machine:/tmp/.ICE-unix/1380'), ('INVOCATION_ID', 'edc79796a9204906952502603e82de6b'), ('XDG_MENU_PREFIX', 'gnome-'), ('LC_ADDRESS', 'es_CO.UTF-8'), ('XDG_RUNTIME_DIR', '/run/user/1000'), ('DISPLAY', ':0'), ('TERMINATOR_DBUS_PATH', '/net/tenshu/Terminator2'), ('LANG', 'en_US.UTF-8'), ('XDG_CURRENT_DESKTOP', 'ubuntu:GNOME'), ('IBUS_DISABLE_SNOOPER', '1'), ('LC_TELEPHONE', 'es_CO.UTF-8'), ('XMODIFIERS', '@im=ibus'), ('XDG_SESSION_DESKTOP', 'ubuntu-xorg'), ('XAUTHORITY', '/run/user/1000/gdm/Xauthority'), ('LS_COLORS', 'rs=0:di=01;34:ln=01;36:mh=00:pi=40;33:so=01;35:do=01;35:bd=40;33;01:cd=40;33;01:or=40;31;01:mi=00:su=37;41:sg=30;43:ca=30;41:tw=30;42:ow=34;42:st=37;44:ex=01;32:*.tar=01;31:*.tgz=01;31:*.arc=01;31:*.arj=01;31:*.taz=01;31:*.lha=01;31:*.lz4=01;31:*.lzh=01;31:*.lzma=01;31:*.tlz=01;31:*.txz=01;31:*.tzo=01;31:*.t7z=01;31:*.zip=01;31:*.z=01;31:*.dz=01;31:*.gz=01;31:*.lrz=01;31:*.lz=01;31:*.lzo=01;31:*.xz=01;31:*.zst=01;31:*.tzst=01;31:*.bz2=01;31:*.bz=01;31:*.tbz=01;31:*.tbz2=01;31:*.tz=01;31:*.deb=01;31:*.rpm=01;31:*.jar=01;31:*.war=01;31:*.ear=01;31:*.sar=01;31:*.rar=01;31:*.alz=01;31:*.ace=01;31:*.zoo=01;31:*.cpio=01;31:*.7z=01;31:*.rz=01;31:*.cab=01;31:*.wim=01;31:*.swm=01;31:*.dwm=01;31:*.esd=01;31:*.jpg=01;35:*.jpeg=01;35:*.mjpg=01;35:*.mjpeg=01;35:*.gif=01;35:*.bmp=01;35:*.pbm=01;35:*.pgm=01;35:*.ppm=01;35:*.tga=01;35:*.xbm=01;35:*.xpm=01;35:*.tif=01;35:*.tiff=01;35:*.png=01;35:*.svg=01;35:*.svgz=01;35:*.mng=01;35:*.pcx=01;35:*.mov=01;35:*.mpg=01;35:*.mpeg=01;35:*.m2v=01;35:*.mkv=01;35:*.webm=01;35:*.webp=01;35:*.ogm=01;35:*.mp4=01;35:*.m4v=01;35:*.mp4v=01;35:*.vob=01;35:*.qt=01;35:*.nuv=01;35:*.wmv=01;35:*.asf=01;35:*.rm=01;35:*.rmvb=01;35:*.flc=01;35:*.avi=01;35:*.fli=01;35:*.flv=01;35:*.gl=01;35:*.dl=01;35:*.xcf=01;35:*.xwd=01;35:*.yuv=01;35:*.cgm=01;35:*.emf=01;35:*.ogv=01;35:*.ogx=01;35:*.aac=00;36:*.au=00;36:*.flac=00;36:*.m4a=00;36:*.mid=00;36:*.midi=00;36:*.mka=00;36:*.mp3=00;36:*.mpc=00;36:*.ogg=00;36:*.ra=00;36:*.wav=00;36:*.oga=00;36:*.opus=00;36:*.spx=00;36:*.xspf=00;36:'), ('SSH_AGENT_LAUNCHER', 'gnome-keyring'), ('SSH_AUTH_SOCK', '/run/user/1000/keyring/ssh'), ('AMENT_PREFIX_PATH', '/home/ros/arm_ws/install/arm_utils:/home/ros/arm_ws/install/arm_remote:/home/ros/arm_ws/install/arm_py_examples:/home/ros/arm_ws/install/arm_cpp_examples:/home/ros/arm_ws/install/arm_msgs:/home/ros/arm_ws/install/arm_moveit:/home/ros/arm_ws/install/arm_firmware:/home/ros/arm_ws/install/arm_description:/home/ros/arm_ws/install/arm_controller:/home/ros/arm_ws/install/arm_bringup:/opt/ros/humble'), ('SHELL', '/bin/bash'), ('LC_NAME', 'es_CO.UTF-8'), ('TERMINATOR_UUID', 'urn:uuid:3dc62beb-5acd-4d96-bb8e-eacca3db12ac'), ('QT_ACCESSIBILITY', '1'), ('GDMSESSION', 'ubuntu-xorg'), ('LESSCLOSE', '/usr/bin/lesspipe %s %s'), ('LC_MEASUREMENT', 'es_CO.UTF-8'), ('GPG_AGENT_INFO', '/run/user/1000/gnupg/S.gpg-agent:0:1'), ('LC_IDENTIFICATION', 'es_CO.UTF-8'), ('QT_IM_MODULE', 'ibus'), ('PWD', '/home/ros/arm_ws/build/arm_description'), ('LC_ALL', 'en_US.UTF-8'), ('XDG_CONFIG_DIRS', '/etc/xdg/xdg-ubuntu-xorg:/etc/xdg'), ('XDG_DATA_DIRS', '/usr/share/ubuntu-xorg:/usr/share/gnome:/usr/local/share/:/usr/share/:/var/lib/snapd/desktop'), ('PYTHONPATH', '/home/ros/arm_ws/install/arm_utils/local/lib/python3.10/dist-packages:/home/ros/arm_ws/install/arm_remote/local/lib/python3.10/dist-packages:/home/ros/arm_ws/install/arm_py_examples/lib/python3.10/site-packages:/home/ros/arm_ws/install/arm_msgs/local/lib/python3.10/dist-packages:/home/ros/arm_ws/install/arm_firmware/local/lib/python3.10/dist-packages:/home/ros/arm_ws/install/arm_controller/local/lib/python3.10/dist-packages:/opt/ros/humble/lib/python3.10/site-packages:/opt/ros/humble/local/lib/python3.10/dist-packages'), ('LC_NUMERIC', 'es_CO.UTF-8'), ('LC_PAPER', 'es_CO.UTF-8'), ('COLCON', '1'), ('VTE_VERSION', '6800'), ('CMAKE_PREFIX_PATH', '/home/ros/arm_ws/install/arm_utils:/home/ros/arm_ws/install/arm_remote:/home/ros/arm_ws/install/arm_cpp_examples:/home/ros/arm_ws/install/arm_msgs:/home/ros/arm_ws/install/arm_moveit:/home/ros/arm_ws/install/arm_firmware:/home/ros/arm_ws/install/arm_description:/home/ros/arm_ws/install/arm_controller:/home/ros/arm_ws/install/arm_bringup:/home/ros/arm_ws/install/arm_py_examples:/opt/ros/humble')]), 'shell': False}
[8.964071] (-) TimerEvent: {}
[9.068998] (-) TimerEvent: {}
[9.169401] (-) TimerEvent: {}
[9.269298] (arm_description) CommandEnded: {'returncode': 0}
[9.270328] (-) TimerEvent: {}
[9.373587] (-) TimerEvent: {}
[9.478178] (-) TimerEvent: {}
[9.580234] (arm_description) JobProgress: {'identifier': 'arm_description', 'progress': 'install'}
[9.580380] (-) TimerEvent: {}
[9.593937] (arm_description) Command: {'cmd': ['/usr/bin/cmake', '--install', '/home/ros/arm_ws/build/arm_description'], 'cwd': '/home/ros/arm_ws/build/arm_description', 'env': OrderedDict([('LESSOPEN', '| /usr/bin/lesspipe %s'), ('LANGUAGE', 'en_US:'), ('USER', 'ros'), ('LC_TIME', 'es_CO.UTF-8'), ('XDG_SESSION_TYPE', 'x11'), ('SHLVL', '1'), ('LD_LIBRARY_PATH', '/home/ros/arm_ws/install/arm_remote/lib:/home/ros/arm_ws/install/arm_cpp_examples/lib:/home/ros/arm_ws/install/arm_msgs/lib:/home/ros/arm_ws/install/arm_controller/lib:/usr/lib/x86_64-linux-gnu/gazebo-11/plugins:/opt/ros/humble/opt/rviz_ogre_vendor/lib:/opt/ros/humble/lib/x86_64-linux-gnu:/opt/ros/humble/lib'), ('HOME', '/home/ros'), ('OLDPWD', '/home/ros'), ('DESKTOP_SESSION', 'ubuntu-xorg'), ('ROS_PYTHON_VERSION', '3'), ('GNOME_SHELL_SESSION_MODE', 'ubuntu'), ('GTK_MODULES', 'gail:atk-bridge'), ('LC_MONETARY', 'es_CO.UTF-8'), ('MANAGERPID', '1022'), ('SYSTEMD_EXEC_PID', '1648'), ('DBUS_SESSION_BUS_ADDRESS', 'unix:path=/run/user/1000/bus'), ('COLORTERM', 'truecolor'), ('TERMINATOR_DBUS_NAME', 'net.tenshu.Terminator21a9d5db22c73a993ff0b42f64b396873'), ('GIO_LAUNCHED_DESKTOP_FILE_PID', '5308'), ('COLCON_PREFIX_PATH', '/home/ros/arm_ws/install'), ('ROS_DISTRO', 'humble'), ('GTK_IM_MODULE', 'ibus'), ('LOGNAME', 'ros'), ('JOURNAL_STREAM', '8:21986'), ('_', '/usr/bin/colcon'), ('ROS_VERSION', '2'), ('XDG_SESSION_CLASS', 'user'), ('USERNAME', 'ros'), ('TERM', 'xterm-256color'), ('GNOME_DESKTOP_SESSION_ID', 'this-is-deprecated'), ('ROS_LOCALHOST_ONLY', '0'), ('WINDOWPATH', '2'), ('PATH', '/opt/ros/humble/bin:/home/ros/.local/bin:/usr/local/sbin:/usr/local/bin:/usr/sbin:/usr/bin:/sbin:/bin:/usr/games:/usr/local/games:/snap/bin:/snap/bin'), ('SESSION_MANAGER', 'local/ros-virtual-machine:@/tmp/.ICE-unix/1380,unix/ros-virtual-machine:/tmp/.ICE-unix/1380'), ('INVOCATION_ID', 'edc79796a9204906952502603e82de6b'), ('XDG_MENU_PREFIX', 'gnome-'), ('LC_ADDRESS', 'es_CO.UTF-8'), ('XDG_RUNTIME_DIR', '/run/user/1000'), ('DISPLAY', ':0'), ('TERMINATOR_DBUS_PATH', '/net/tenshu/Terminator2'), ('LANG', 'en_US.UTF-8'), ('XDG_CURRENT_DESKTOP', 'ubuntu:GNOME'), ('IBUS_DISABLE_SNOOPER', '1'), ('LC_TELEPHONE', 'es_CO.UTF-8'), ('XMODIFIERS', '@im=ibus'), ('XDG_SESSION_DESKTOP', 'ubuntu-xorg'), ('XAUTHORITY', '/run/user/1000/gdm/Xauthority'), ('LS_COLORS', 'rs=0:di=01;34:ln=01;36:mh=00:pi=40;33:so=01;35:do=01;35:bd=40;33;01:cd=40;33;01:or=40;31;01:mi=00:su=37;41:sg=30;43:ca=30;41:tw=30;42:ow=34;42:st=37;44:ex=01;32:*.tar=01;31:*.tgz=01;31:*.arc=01;31:*.arj=01;31:*.taz=01;31:*.lha=01;31:*.lz4=01;31:*.lzh=01;31:*.lzma=01;31:*.tlz=01;31:*.txz=01;31:*.tzo=01;31:*.t7z=01;31:*.zip=01;31:*.z=01;31:*.dz=01;31:*.gz=01;31:*.lrz=01;31:*.lz=01;31:*.lzo=01;31:*.xz=01;31:*.zst=01;31:*.tzst=01;31:*.bz2=01;31:*.bz=01;31:*.tbz=01;31:*.tbz2=01;31:*.tz=01;31:*.deb=01;31:*.rpm=01;31:*.jar=01;31:*.war=01;31:*.ear=01;31:*.sar=01;31:*.rar=01;31:*.alz=01;31:*.ace=01;31:*.zoo=01;31:*.cpio=01;31:*.7z=01;31:*.rz=01;31:*.cab=01;31:*.wim=01;31:*.swm=01;31:*.dwm=01;31:*.esd=01;31:*.jpg=01;35:*.jpeg=01;35:*.mjpg=01;35:*.mjpeg=01;35:*.gif=01;35:*.bmp=01;35:*.pbm=01;35:*.pgm=01;35:*.ppm=01;35:*.tga=01;35:*.xbm=01;35:*.xpm=01;35:*.tif=01;35:*.tiff=01;35:*.png=01;35:*.svg=01;35:*.svgz=01;35:*.mng=01;35:*.pcx=01;35:*.mov=01;35:*.mpg=01;35:*.mpeg=01;35:*.m2v=01;35:*.mkv=01;35:*.webm=01;35:*.webp=01;35:*.ogm=01;35:*.mp4=01;35:*.m4v=01;35:*.mp4v=01;35:*.vob=01;35:*.qt=01;35:*.nuv=01;35:*.wmv=01;35:*.asf=01;35:*.rm=01;35:*.rmvb=01;35:*.flc=01;35:*.avi=01;35:*.fli=01;35:*.flv=01;35:*.gl=01;35:*.dl=01;35:*.xcf=01;35:*.xwd=01;35:*.yuv=01;35:*.cgm=01;35:*.emf=01;35:*.ogv=01;35:*.ogx=01;35:*.aac=00;36:*.au=00;36:*.flac=00;36:*.m4a=00;36:*.mid=00;36:*.midi=00;36:*.mka=00;36:*.mp3=00;36:*.mpc=00;36:*.ogg=00;36:*.ra=00;36:*.wav=00;36:*.oga=00;36:*.opus=00;36:*.spx=00;36:*.xspf=00;36:'), ('SSH_AGENT_LAUNCHER', 'gnome-keyring'), ('SSH_AUTH_SOCK', '/run/user/1000/keyring/ssh'), ('AMENT_PREFIX_PATH', '/home/ros/arm_ws/install/arm_utils:/home/ros/arm_ws/install/arm_remote:/home/ros/arm_ws/install/arm_py_examples:/home/ros/arm_ws/install/arm_cpp_examples:/home/ros/arm_ws/install/arm_msgs:/home/ros/arm_ws/install/arm_moveit:/home/ros/arm_ws/install/arm_firmware:/home/ros/arm_ws/install/arm_description:/home/ros/arm_ws/install/arm_controller:/home/ros/arm_ws/install/arm_bringup:/opt/ros/humble'), ('SHELL', '/bin/bash'), ('LC_NAME', 'es_CO.UTF-8'), ('TERMINATOR_UUID', 'urn:uuid:3dc62beb-5acd-4d96-bb8e-eacca3db12ac'), ('QT_ACCESSIBILITY', '1'), ('GDMSESSION', 'ubuntu-xorg'), ('LESSCLOSE', '/usr/bin/lesspipe %s %s'), ('LC_MEASUREMENT', 'es_CO.UTF-8'), ('GPG_AGENT_INFO', '/run/user/1000/gnupg/S.gpg-agent:0:1'), ('LC_IDENTIFICATION', 'es_CO.UTF-8'), ('QT_IM_MODULE', 'ibus'), ('PWD', '/home/ros/arm_ws/build/arm_description'), ('LC_ALL', 'en_US.UTF-8'), ('XDG_CONFIG_DIRS', '/etc/xdg/xdg-ubuntu-xorg:/etc/xdg'), ('XDG_DATA_DIRS', '/usr/share/ubuntu-xorg:/usr/share/gnome:/usr/local/share/:/usr/share/:/var/lib/snapd/desktop'), ('PYTHONPATH', '/home/ros/arm_ws/install/arm_utils/local/lib/python3.10/dist-packages:/home/ros/arm_ws/install/arm_remote/local/lib/python3.10/dist-packages:/home/ros/arm_ws/install/arm_py_examples/lib/python3.10/site-packages:/home/ros/arm_ws/install/arm_msgs/local/lib/python3.10/dist-packages:/home/ros/arm_ws/install/arm_firmware/local/lib/python3.10/dist-packages:/home/ros/arm_ws/install/arm_controller/local/lib/python3.10/dist-packages:/opt/ros/humble/lib/python3.10/site-packages:/opt/ros/humble/local/lib/python3.10/dist-packages'), ('LC_NUMERIC', 'es_CO.UTF-8'), ('LC_PAPER', 'es_CO.UTF-8'), ('COLCON', '1'), ('VTE_VERSION', '6800'), ('CMAKE_PREFIX_PATH', '/home/ros/arm_ws/install/arm_utils:/home/ros/arm_ws/install/arm_remote:/home/ros/arm_ws/install/arm_cpp_examples:/home/ros/arm_ws/install/arm_msgs:/home/ros/arm_ws/install/arm_moveit:/home/ros/arm_ws/install/arm_firmware:/home/ros/arm_ws/install/arm_description:/home/ros/arm_ws/install/arm_controller:/home/ros/arm_ws/install/arm_bringup:/home/ros/arm_ws/install/arm_py_examples:/opt/ros/humble')]), 'shell': False}
[9.681166] (-) TimerEvent: {}
[9.684933] (arm_description) StdoutLine: {'line': b'-- Install configuration: ""\n'}
[9.685255] (arm_description) StdoutLine: {'line': b'-- Up-to-date: /home/ros/arm_ws/install/arm_description/share/arm_description/launch\n'}
[9.685387] (arm_description) StdoutLine: {'line': b'-- Up-to-date: /home/ros/arm_ws/install/arm_description/share/arm_description/launch/display.launch.py\n'}
[9.685500] (arm_description) StdoutLine: {'line': b'-- Up-to-date: /home/ros/arm_ws/install/arm_description/share/arm_description/launch/gazebo.launch.py\n'}
[9.685680] (arm_description) StdoutLine: {'line': b'-- Up-to-date: /home/ros/arm_ws/install/arm_description/share/arm_description/meshes\n'}
[9.685791] (arm_description) StdoutLine: {'line': b'-- Up-to-date: /home/ros/arm_ws/install/arm_description/share/arm_description/meshes/triangular_link.STL\n'}
[9.689307] (arm_description) StdoutLine: {'line': b'-- Up-to-date: /home/ros/arm_ws/install/arm_description/share/arm_description/meshes/basement.STL\n'}
[9.689594] (arm_description) StdoutLine: {'line': b'-- Up-to-date: /home/ros/arm_ws/install/arm_description/share/arm_description/meshes/plate.STL\n'}
[9.689827] (arm_description) StdoutLine: {'line': b'-- Up-to-date: /home/ros/arm_ws/install/arm_description/share/arm_description/meshes/base_plate.STL\n'}
[9.697057] (arm_description) StdoutLine: {'line': b'-- Up-to-date: /home/ros/arm_ws/install/arm_description/share/arm_description/meshes/horizontal_arm.STL\n'}
[9.697346] (arm_description) StdoutLine: {'line': b'-- Up-to-date: /home/ros/arm_ws/install/arm_description/share/arm_description/meshes/right_finger.STL\n'}
[9.697554] (arm_description) StdoutLine: {'line': b'-- Up-to-date: /home/ros/arm_ws/install/arm_description/share/arm_description/meshes/vertical_drive_arm.STL\n'}
[9.697754] (arm_description) StdoutLine: {'line': b'-- Up-to-date: /home/ros/arm_ws/install/arm_description/share/arm_description/meshes/forward_drive_arm.STL\n'}
[9.701349] (arm_description) StdoutLine: {'line': b'-- Up-to-date: /home/ros/arm_ws/install/arm_description/share/arm_description/meshes/link.STL\n'}
[9.701611] (arm_description) StdoutLine: {'line': b'-- Up-to-date: /home/ros/arm_ws/install/arm_description/share/arm_description/meshes/round_plate.STL\n'}
[9.701822] (arm_description) StdoutLine: {'line': b'-- Up-to-date: /home/ros/arm_ws/install/arm_description/share/arm_description/meshes/claw_support.STL\n'}
[9.710566] (arm_description) StdoutLine: {'line': b'-- Up-to-date: /home/ros/arm_ws/install/arm_description/share/arm_description/meshes/left_finger.STL\n'}
[9.710809] (arm_description) StdoutLine: {'line': b'-- Up-to-date: /home/ros/arm_ws/install/arm_description/share/arm_description/meshes/servo_plate.STL\n'}
[9.711177] (arm_description) StdoutLine: {'line': b'-- Up-to-date: /home/ros/arm_ws/install/arm_description/share/arm_description/models\n'}
[9.711401] (arm_description) StdoutLine: {'line': b'-- Up-to-date: /home/ros/arm_ws/install/arm_description/share/arm_description/models/ground_plane\n'}
[9.711607] (arm_description) StdoutLine: {'line': b'-- Up-to-date: /home/ros/arm_ws/install/arm_description/share/arm_description/models/ground_plane/model.config\n'}
[9.711811] (arm_description) StdoutLine: {'line': b'-- Up-to-date: /home/ros/arm_ws/install/arm_description/share/arm_description/models/ground_plane/model-1_4.sdf\n'}
[9.719350] (arm_description) StdoutLine: {'line': b'-- Up-to-date: /home/ros/arm_ws/install/arm_description/share/arm_description/models/ground_plane/model-1_3.sdf\n'}
[9.719602] (arm_description) StdoutLine: {'line': b'-- Up-to-date: /home/ros/arm_ws/install/arm_description/share/arm_description/models/ground_plane/model.sdf\n'}
[9.719819] (arm_description) StdoutLine: {'line': b'-- Up-to-date: /home/ros/arm_ws/install/arm_description/share/arm_description/models/ground_plane/model-1_2.sdf\n'}
[9.723802] (arm_description) StdoutLine: {'line': b'-- Up-to-date: /home/ros/arm_ws/install/arm_description/share/arm_description/models/sun\n'}
[9.727195] (arm_description) StdoutLine: {'line': b'-- Up-to-date: /home/ros/arm_ws/install/arm_description/share/arm_description/models/sun/model.config\n'}
[9.727491] (arm_description) StdoutLine: {'line': b'-- Up-to-date: /home/ros/arm_ws/install/arm_description/share/arm_description/models/sun/model-1_4.sdf\n'}
[9.727703] (arm_description) StdoutLine: {'line': b'-- Up-to-date: /home/ros/arm_ws/install/arm_description/share/arm_description/models/sun/model-1_3.sdf\n'}
[9.733982] (arm_description) StdoutLine: {'line': b'-- Up-to-date: /home/ros/arm_ws/install/arm_description/share/arm_description/models/sun/model.sdf\n'}
[9.734317] (arm_description) StdoutLine: {'line': b'-- Up-to-date: /home/ros/arm_ws/install/arm_description/share/arm_description/models/sun/model-1_2.sdf\n'}
[9.734564] (arm_description) StdoutLine: {'line': b'-- Up-to-date: /home/ros/arm_ws/install/arm_description/share/arm_description/urdf\n'}
[9.734789] (arm_description) StdoutLine: {'line': b'-- Up-to-date: /home/ros/arm_ws/install/arm_description/share/arm_description/urdf/arm_ros2_control.xacro\n'}
[9.736318] (arm_description) StdoutLine: {'line': b'-- Up-to-date: /home/ros/arm_ws/install/arm_description/share/arm_description/urdf/arm_gazebo.xacro\n'}
[9.736585] (arm_description) StdoutLine: {'line': b'-- Up-to-date: /home/ros/arm_ws/install/arm_description/share/arm_description/urdf/arm.urdf.xacro\n'}
[9.736809] (arm_description) StdoutLine: {'line': b'-- Up-to-date: /home/ros/arm_ws/install/arm_description/share/arm_description/rviz\n'}
[9.742587] (arm_description) StdoutLine: {'line': b'-- Up-to-date: /home/ros/arm_ws/install/arm_description/share/arm_description/rviz/display.rviz\n'}
[9.744974] (arm_description) StdoutLine: {'line': b'-- Up-to-date: /home/ros/arm_ws/install/arm_description/share/ament_index/resource_index/package_run_dependencies/arm_description\n'}
[9.752404] (arm_description) StdoutLine: {'line': b'-- Up-to-date: /home/ros/arm_ws/install/arm_description/share/ament_index/resource_index/parent_prefix_path/arm_description\n'}
[9.752642] (arm_description) StdoutLine: {'line': b'-- Up-to-date: /home/ros/arm_ws/install/arm_description/share/arm_description/environment/ament_prefix_path.sh\n'}
[9.754899] (arm_description) StdoutLine: {'line': b'-- Up-to-date: /home/ros/arm_ws/install/arm_description/share/arm_description/environment/ament_prefix_path.dsv\n'}
[9.755296] (arm_description) StdoutLine: {'line': b'-- Up-to-date: /home/ros/arm_ws/install/arm_description/share/arm_description/environment/path.sh\n'}
[9.755528] (arm_description) StdoutLine: {'line': b'-- Up-to-date: /home/ros/arm_ws/install/arm_description/share/arm_description/environment/path.dsv\n'}
[9.755815] (arm_description) StdoutLine: {'line': b'-- Up-to-date: /home/ros/arm_ws/install/arm_description/share/arm_description/local_setup.bash\n'}
[9.759669] (arm_description) StdoutLine: {'line': b'-- Up-to-date: /home/ros/arm_ws/install/arm_description/share/arm_description/local_setup.sh\n'}
[9.762100] (arm_description) StdoutLine: {'line': b'-- Up-to-date: /home/ros/arm_ws/install/arm_description/share/arm_description/local_setup.zsh\n'}
[9.762267] (arm_description) StdoutLine: {'line': b'-- Up-to-date: /home/ros/arm_ws/install/arm_description/share/arm_description/local_setup.dsv\n'}
[9.762380] (arm_description) StdoutLine: {'line': b'-- Installing: /home/ros/arm_ws/install/arm_description/share/arm_description/package.dsv\n'}
[9.762484] (arm_description) StdoutLine: {'line': b'-- Up-to-date: /home/ros/arm_ws/install/arm_description/share/ament_index/resource_index/packages/arm_description\n'}
[9.762588] (arm_description) StdoutLine: {'line': b'-- Up-to-date: /home/ros/arm_ws/install/arm_description/share/arm_description/cmake/arm_descriptionConfig.cmake\n'}
[9.762687] (arm_description) StdoutLine: {'line': b'-- Up-to-date: /home/ros/arm_ws/install/arm_description/share/arm_description/cmake/arm_descriptionConfig-version.cmake\n'}
[9.762786] (arm_description) StdoutLine: {'line': b'-- Up-to-date: /home/ros/arm_ws/install/arm_description/share/arm_description/package.xml\n'}
[9.779225] (arm_description) CommandEnded: {'returncode': 0}
[9.784201] (-) TimerEvent: {}
[9.884851] (-) TimerEvent: {}
[9.988031] (-) TimerEvent: {}
[10.090261] (-) TimerEvent: {}
[10.191966] (-) TimerEvent: {}
[10.213017] (arm_description) JobEnded: {'identifier': 'arm_description', 'rc': 0}
[10.229326] (arm_firmware) JobStarted: {'identifier': 'arm_firmware'}
[10.292484] (-) TimerEvent: {}
[10.357285] (arm_firmware) JobProgress: {'identifier': 'arm_firmware', 'progress': 'cmake'}
[10.367439] (arm_firmware) JobProgress: {'identifier': 'arm_firmware', 'progress': 'build'}
[10.367595] (arm_firmware) Command: {'cmd': ['/usr/bin/cmake', '--build', '/home/ros/arm_ws/build/arm_firmware', '--', '-j2', '-l2'], 'cwd': '/home/ros/arm_ws/build/arm_firmware', 'env': OrderedDict([('LESSOPEN', '| /usr/bin/lesspipe %s'), ('LANGUAGE', 'en_US:'), ('USER', 'ros'), ('LC_TIME', 'es_CO.UTF-8'), ('XDG_SESSION_TYPE', 'x11'), ('SHLVL', '1'), ('LD_LIBRARY_PATH', '/home/ros/arm_ws/install/arm_remote/lib:/home/ros/arm_ws/install/arm_cpp_examples/lib:/home/ros/arm_ws/install/arm_msgs/lib:/home/ros/arm_ws/install/arm_controller/lib:/usr/lib/x86_64-linux-gnu/gazebo-11/plugins:/opt/ros/humble/opt/rviz_ogre_vendor/lib:/opt/ros/humble/lib/x86_64-linux-gnu:/opt/ros/humble/lib'), ('HOME', '/home/ros'), ('OLDPWD', '/home/ros'), ('DESKTOP_SESSION', 'ubuntu-xorg'), ('ROS_PYTHON_VERSION', '3'), ('GNOME_SHELL_SESSION_MODE', 'ubuntu'), ('GTK_MODULES', 'gail:atk-bridge'), ('LC_MONETARY', 'es_CO.UTF-8'), ('MANAGERPID', '1022'), ('SYSTEMD_EXEC_PID', '1648'), ('DBUS_SESSION_BUS_ADDRESS', 'unix:path=/run/user/1000/bus'), ('COLORTERM', 'truecolor'), ('TERMINATOR_DBUS_NAME', 'net.tenshu.Terminator21a9d5db22c73a993ff0b42f64b396873'), ('GIO_LAUNCHED_DESKTOP_FILE_PID', '5308'), ('COLCON_PREFIX_PATH', '/home/ros/arm_ws/install'), ('ROS_DISTRO', 'humble'), ('GTK_IM_MODULE', 'ibus'), ('LOGNAME', 'ros'), ('JOURNAL_STREAM', '8:21986'), ('_', '/usr/bin/colcon'), ('ROS_VERSION', '2'), ('XDG_SESSION_CLASS', 'user'), ('USERNAME', 'ros'), ('TERM', 'xterm-256color'), ('GNOME_DESKTOP_SESSION_ID', 'this-is-deprecated'), ('ROS_LOCALHOST_ONLY', '0'), ('WINDOWPATH', '2'), ('PATH', '/opt/ros/humble/bin:/home/ros/.local/bin:/usr/local/sbin:/usr/local/bin:/usr/sbin:/usr/bin:/sbin:/bin:/usr/games:/usr/local/games:/snap/bin:/snap/bin'), ('SESSION_MANAGER', 'local/ros-virtual-machine:@/tmp/.ICE-unix/1380,unix/ros-virtual-machine:/tmp/.ICE-unix/1380'), ('INVOCATION_ID', 'edc79796a9204906952502603e82de6b'), ('XDG_MENU_PREFIX', 'gnome-'), ('LC_ADDRESS', 'es_CO.UTF-8'), ('XDG_RUNTIME_DIR', '/run/user/1000'), ('DISPLAY', ':0'), ('TERMINATOR_DBUS_PATH', '/net/tenshu/Terminator2'), ('LANG', 'en_US.UTF-8'), ('XDG_CURRENT_DESKTOP', 'ubuntu:GNOME'), ('IBUS_DISABLE_SNOOPER', '1'), ('LC_TELEPHONE', 'es_CO.UTF-8'), ('XMODIFIERS', '@im=ibus'), ('XDG_SESSION_DESKTOP', 'ubuntu-xorg'), ('XAUTHORITY', '/run/user/1000/gdm/Xauthority'), ('LS_COLORS', 'rs=0:di=01;34:ln=01;36:mh=00:pi=40;33:so=01;35:do=01;35:bd=40;33;01:cd=40;33;01:or=40;31;01:mi=00:su=37;41:sg=30;43:ca=30;41:tw=30;42:ow=34;42:st=37;44:ex=01;32:*.tar=01;31:*.tgz=01;31:*.arc=01;31:*.arj=01;31:*.taz=01;31:*.lha=01;31:*.lz4=01;31:*.lzh=01;31:*.lzma=01;31:*.tlz=01;31:*.txz=01;31:*.tzo=01;31:*.t7z=01;31:*.zip=01;31:*.z=01;31:*.dz=01;31:*.gz=01;31:*.lrz=01;31:*.lz=01;31:*.lzo=01;31:*.xz=01;31:*.zst=01;31:*.tzst=01;31:*.bz2=01;31:*.bz=01;31:*.tbz=01;31:*.tbz2=01;31:*.tz=01;31:*.deb=01;31:*.rpm=01;31:*.jar=01;31:*.war=01;31:*.ear=01;31:*.sar=01;31:*.rar=01;31:*.alz=01;31:*.ace=01;31:*.zoo=01;31:*.cpio=01;31:*.7z=01;31:*.rz=01;31:*.cab=01;31:*.wim=01;31:*.swm=01;31:*.dwm=01;31:*.esd=01;31:*.jpg=01;35:*.jpeg=01;35:*.mjpg=01;35:*.mjpeg=01;35:*.gif=01;35:*.bmp=01;35:*.pbm=01;35:*.pgm=01;35:*.ppm=01;35:*.tga=01;35:*.xbm=01;35:*.xpm=01;35:*.tif=01;35:*.tiff=01;35:*.png=01;35:*.svg=01;35:*.svgz=01;35:*.mng=01;35:*.pcx=01;35:*.mov=01;35:*.mpg=01;35:*.mpeg=01;35:*.m2v=01;35:*.mkv=01;35:*.webm=01;35:*.webp=01;35:*.ogm=01;35:*.mp4=01;35:*.m4v=01;35:*.mp4v=01;35:*.vob=01;35:*.qt=01;35:*.nuv=01;35:*.wmv=01;35:*.asf=01;35:*.rm=01;35:*.rmvb=01;35:*.flc=01;35:*.avi=01;35:*.fli=01;35:*.flv=01;35:*.gl=01;35:*.dl=01;35:*.xcf=01;35:*.xwd=01;35:*.yuv=01;35:*.cgm=01;35:*.emf=01;35:*.ogv=01;35:*.ogx=01;35:*.aac=00;36:*.au=00;36:*.flac=00;36:*.m4a=00;36:*.mid=00;36:*.midi=00;36:*.mka=00;36:*.mp3=00;36:*.mpc=00;36:*.ogg=00;36:*.ra=00;36:*.wav=00;36:*.oga=00;36:*.opus=00;36:*.spx=00;36:*.xspf=00;36:'), ('SSH_AGENT_LAUNCHER', 'gnome-keyring'), ('SSH_AUTH_SOCK', '/run/user/1000/keyring/ssh'), ('AMENT_PREFIX_PATH', '/home/ros/arm_ws/install/arm_utils:/home/ros/arm_ws/install/arm_remote:/home/ros/arm_ws/install/arm_py_examples:/home/ros/arm_ws/install/arm_cpp_examples:/home/ros/arm_ws/install/arm_msgs:/home/ros/arm_ws/install/arm_moveit:/home/ros/arm_ws/install/arm_firmware:/home/ros/arm_ws/install/arm_description:/home/ros/arm_ws/install/arm_controller:/home/ros/arm_ws/install/arm_bringup:/opt/ros/humble'), ('SHELL', '/bin/bash'), ('LC_NAME', 'es_CO.UTF-8'), ('TERMINATOR_UUID', 'urn:uuid:3dc62beb-5acd-4d96-bb8e-eacca3db12ac'), ('QT_ACCESSIBILITY', '1'), ('GDMSESSION', 'ubuntu-xorg'), ('LESSCLOSE', '/usr/bin/lesspipe %s %s'), ('LC_MEASUREMENT', 'es_CO.UTF-8'), ('GPG_AGENT_INFO', '/run/user/1000/gnupg/S.gpg-agent:0:1'), ('LC_IDENTIFICATION', 'es_CO.UTF-8'), ('QT_IM_MODULE', 'ibus'), ('PWD', '/home/ros/arm_ws/build/arm_firmware'), ('LC_ALL', 'en_US.UTF-8'), ('XDG_CONFIG_DIRS', '/etc/xdg/xdg-ubuntu-xorg:/etc/xdg'), ('XDG_DATA_DIRS', '/usr/share/ubuntu-xorg:/usr/share/gnome:/usr/local/share/:/usr/share/:/var/lib/snapd/desktop'), ('PYTHONPATH', '/home/ros/arm_ws/install/arm_utils/local/lib/python3.10/dist-packages:/home/ros/arm_ws/install/arm_remote/local/lib/python3.10/dist-packages:/home/ros/arm_ws/install/arm_py_examples/lib/python3.10/site-packages:/home/ros/arm_ws/install/arm_msgs/local/lib/python3.10/dist-packages:/home/ros/arm_ws/install/arm_firmware/local/lib/python3.10/dist-packages:/home/ros/arm_ws/install/arm_controller/local/lib/python3.10/dist-packages:/opt/ros/humble/lib/python3.10/site-packages:/opt/ros/humble/local/lib/python3.10/dist-packages'), ('LC_NUMERIC', 'es_CO.UTF-8'), ('LC_PAPER', 'es_CO.UTF-8'), ('COLCON', '1'), ('VTE_VERSION', '6800'), ('CMAKE_PREFIX_PATH', '/home/ros/arm_ws/install/arm_utils:/home/ros/arm_ws/install/arm_remote:/home/ros/arm_ws/install/arm_cpp_examples:/home/ros/arm_ws/install/arm_msgs:/home/ros/arm_ws/install/arm_moveit:/home/ros/arm_ws/install/arm_firmware:/home/ros/arm_ws/install/arm_description:/home/ros/arm_ws/install/arm_controller:/home/ros/arm_ws/install/arm_bringup:/home/ros/arm_ws/install/arm_py_examples:/opt/ros/humble')]), 'shell': False}
[10.397006] (-) TimerEvent: {}
[10.497752] (-) TimerEvent: {}
[10.602990] (-) TimerEvent: {}
[10.677537] (arm_msgs) JobProgress: {'identifier': 'arm_msgs', 'progress': 'install'}
[10.679273] (arm_msgs) Command: {'cmd': ['/usr/bin/cmake', '--install', '/home/ros/arm_ws/build/arm_msgs'], 'cwd': '/home/ros/arm_ws/build/arm_msgs', 'env': OrderedDict([('LESSOPEN', '| /usr/bin/lesspipe %s'), ('LANGUAGE', 'en_US:'), ('USER', 'ros'), ('LC_TIME', 'es_CO.UTF-8'), ('XDG_SESSION_TYPE', 'x11'), ('SHLVL', '1'), ('LD_LIBRARY_PATH', '/home/ros/arm_ws/install/arm_remote/lib:/home/ros/arm_ws/install/arm_cpp_examples/lib:/home/ros/arm_ws/install/arm_msgs/lib:/home/ros/arm_ws/install/arm_controller/lib:/usr/lib/x86_64-linux-gnu/gazebo-11/plugins:/opt/ros/humble/opt/rviz_ogre_vendor/lib:/opt/ros/humble/lib/x86_64-linux-gnu:/opt/ros/humble/lib'), ('HOME', '/home/ros'), ('OLDPWD', '/home/ros'), ('DESKTOP_SESSION', 'ubuntu-xorg'), ('ROS_PYTHON_VERSION', '3'), ('GNOME_SHELL_SESSION_MODE', 'ubuntu'), ('GTK_MODULES', 'gail:atk-bridge'), ('LC_MONETARY', 'es_CO.UTF-8'), ('MANAGERPID', '1022'), ('SYSTEMD_EXEC_PID', '1648'), ('DBUS_SESSION_BUS_ADDRESS', 'unix:path=/run/user/1000/bus'), ('COLORTERM', 'truecolor'), ('TERMINATOR_DBUS_NAME', 'net.tenshu.Terminator21a9d5db22c73a993ff0b42f64b396873'), ('GIO_LAUNCHED_DESKTOP_FILE_PID', '5308'), ('COLCON_PREFIX_PATH', '/home/ros/arm_ws/install'), ('ROS_DISTRO', 'humble'), ('GTK_IM_MODULE', 'ibus'), ('LOGNAME', 'ros'), ('JOURNAL_STREAM', '8:21986'), ('_', '/usr/bin/colcon'), ('ROS_VERSION', '2'), ('XDG_SESSION_CLASS', 'user'), ('USERNAME', 'ros'), ('TERM', 'xterm-256color'), ('GNOME_DESKTOP_SESSION_ID', 'this-is-deprecated'), ('ROS_LOCALHOST_ONLY', '0'), ('WINDOWPATH', '2'), ('PATH', '/opt/ros/humble/bin:/home/ros/.local/bin:/usr/local/sbin:/usr/local/bin:/usr/sbin:/usr/bin:/sbin:/bin:/usr/games:/usr/local/games:/snap/bin:/snap/bin'), ('SESSION_MANAGER', 'local/ros-virtual-machine:@/tmp/.ICE-unix/1380,unix/ros-virtual-machine:/tmp/.ICE-unix/1380'), ('INVOCATION_ID', 'edc79796a9204906952502603e82de6b'), ('XDG_MENU_PREFIX', 'gnome-'), ('LC_ADDRESS', 'es_CO.UTF-8'), ('XDG_RUNTIME_DIR', '/run/user/1000'), ('DISPLAY', ':0'), ('TERMINATOR_DBUS_PATH', '/net/tenshu/Terminator2'), ('LANG', 'en_US.UTF-8'), ('XDG_CURRENT_DESKTOP', 'ubuntu:GNOME'), ('IBUS_DISABLE_SNOOPER', '1'), ('LC_TELEPHONE', 'es_CO.UTF-8'), ('XMODIFIERS', '@im=ibus'), ('XDG_SESSION_DESKTOP', 'ubuntu-xorg'), ('XAUTHORITY', '/run/user/1000/gdm/Xauthority'), ('LS_COLORS', 'rs=0:di=01;34:ln=01;36:mh=00:pi=40;33:so=01;35:do=01;35:bd=40;33;01:cd=40;33;01:or=40;31;01:mi=00:su=37;41:sg=30;43:ca=30;41:tw=30;42:ow=34;42:st=37;44:ex=01;32:*.tar=01;31:*.tgz=01;31:*.arc=01;31:*.arj=01;31:*.taz=01;31:*.lha=01;31:*.lz4=01;31:*.lzh=01;31:*.lzma=01;31:*.tlz=01;31:*.txz=01;31:*.tzo=01;31:*.t7z=01;31:*.zip=01;31:*.z=01;31:*.dz=01;31:*.gz=01;31:*.lrz=01;31:*.lz=01;31:*.lzo=01;31:*.xz=01;31:*.zst=01;31:*.tzst=01;31:*.bz2=01;31:*.bz=01;31:*.tbz=01;31:*.tbz2=01;31:*.tz=01;31:*.deb=01;31:*.rpm=01;31:*.jar=01;31:*.war=01;31:*.ear=01;31:*.sar=01;31:*.rar=01;31:*.alz=01;31:*.ace=01;31:*.zoo=01;31:*.cpio=01;31:*.7z=01;31:*.rz=01;31:*.cab=01;31:*.wim=01;31:*.swm=01;31:*.dwm=01;31:*.esd=01;31:*.jpg=01;35:*.jpeg=01;35:*.mjpg=01;35:*.mjpeg=01;35:*.gif=01;35:*.bmp=01;35:*.pbm=01;35:*.pgm=01;35:*.ppm=01;35:*.tga=01;35:*.xbm=01;35:*.xpm=01;35:*.tif=01;35:*.tiff=01;35:*.png=01;35:*.svg=01;35:*.svgz=01;35:*.mng=01;35:*.pcx=01;35:*.mov=01;35:*.mpg=01;35:*.mpeg=01;35:*.m2v=01;35:*.mkv=01;35:*.webm=01;35:*.webp=01;35:*.ogm=01;35:*.mp4=01;35:*.m4v=01;35:*.mp4v=01;35:*.vob=01;35:*.qt=01;35:*.nuv=01;35:*.wmv=01;35:*.asf=01;35:*.rm=01;35:*.rmvb=01;35:*.flc=01;35:*.avi=01;35:*.fli=01;35:*.flv=01;35:*.gl=01;35:*.dl=01;35:*.xcf=01;35:*.xwd=01;35:*.yuv=01;35:*.cgm=01;35:*.emf=01;35:*.ogv=01;35:*.ogx=01;35:*.aac=00;36:*.au=00;36:*.flac=00;36:*.m4a=00;36:*.mid=00;36:*.midi=00;36:*.mka=00;36:*.mp3=00;36:*.mpc=00;36:*.ogg=00;36:*.ra=00;36:*.wav=00;36:*.oga=00;36:*.opus=00;36:*.spx=00;36:*.xspf=00;36:'), ('SSH_AGENT_LAUNCHER', 'gnome-keyring'), ('SSH_AUTH_SOCK', '/run/user/1000/keyring/ssh'), ('AMENT_PREFIX_PATH', '/home/ros/arm_ws/install/arm_utils:/home/ros/arm_ws/install/arm_remote:/home/ros/arm_ws/install/arm_py_examples:/home/ros/arm_ws/install/arm_cpp_examples:/home/ros/arm_ws/install/arm_msgs:/home/ros/arm_ws/install/arm_moveit:/home/ros/arm_ws/install/arm_firmware:/home/ros/arm_ws/install/arm_description:/home/ros/arm_ws/install/arm_controller:/home/ros/arm_ws/install/arm_bringup:/opt/ros/humble'), ('SHELL', '/bin/bash'), ('LC_NAME', 'es_CO.UTF-8'), ('TERMINATOR_UUID', 'urn:uuid:3dc62beb-5acd-4d96-bb8e-eacca3db12ac'), ('QT_ACCESSIBILITY', '1'), ('GDMSESSION', 'ubuntu-xorg'), ('LESSCLOSE', '/usr/bin/lesspipe %s %s'), ('LC_MEASUREMENT', 'es_CO.UTF-8'), ('GPG_AGENT_INFO', '/run/user/1000/gnupg/S.gpg-agent:0:1'), ('LC_IDENTIFICATION', 'es_CO.UTF-8'), ('QT_IM_MODULE', 'ibus'), ('PWD', '/home/ros/arm_ws/build/arm_msgs'), ('LC_ALL', 'en_US.UTF-8'), ('XDG_CONFIG_DIRS', '/etc/xdg/xdg-ubuntu-xorg:/etc/xdg'), ('XDG_DATA_DIRS', '/usr/share/ubuntu-xorg:/usr/share/gnome:/usr/local/share/:/usr/share/:/var/lib/snapd/desktop'), ('PYTHONPATH', '/home/ros/arm_ws/install/arm_utils/local/lib/python3.10/dist-packages:/home/ros/arm_ws/install/arm_remote/local/lib/python3.10/dist-packages:/home/ros/arm_ws/install/arm_py_examples/lib/python3.10/site-packages:/home/ros/arm_ws/install/arm_msgs/local/lib/python3.10/dist-packages:/home/ros/arm_ws/install/arm_firmware/local/lib/python3.10/dist-packages:/home/ros/arm_ws/install/arm_controller/local/lib/python3.10/dist-packages:/opt/ros/humble/lib/python3.10/site-packages:/opt/ros/humble/local/lib/python3.10/dist-packages'), ('LC_NUMERIC', 'es_CO.UTF-8'), ('LC_PAPER', 'es_CO.UTF-8'), ('COLCON', '1'), ('VTE_VERSION', '6800'), ('CMAKE_PREFIX_PATH', '/home/ros/arm_ws/install/arm_utils:/home/ros/arm_ws/install/arm_remote:/home/ros/arm_ws/install/arm_cpp_examples:/home/ros/arm_ws/install/arm_msgs:/home/ros/arm_ws/install/arm_moveit:/home/ros/arm_ws/install/arm_firmware:/home/ros/arm_ws/install/arm_description:/home/ros/arm_ws/install/arm_controller:/home/ros/arm_ws/install/arm_bringup:/home/ros/arm_ws/install/arm_py_examples:/opt/ros/humble')]), 'shell': False}
[10.703148] (-) TimerEvent: {}
[10.781144] (arm_msgs) StdoutLine: {'line': b'-- Install configuration: ""\n'}
[10.781518] (arm_msgs) StdoutLine: {'line': b'-- Up-to-date: /home/ros/arm_ws/install/arm_msgs/share/ament_index/resource_index/rosidl_interfaces/arm_msgs\n'}
[10.781653] (arm_msgs) StdoutLine: {'line': b'-- Up-to-date: /home/ros/arm_ws/install/arm_msgs/include/arm_msgs/arm_msgs\n'}
[10.781765] (arm_msgs) StdoutLine: {'line': b'-- Up-to-date: /home/ros/arm_ws/install/arm_msgs/include/arm_msgs/arm_msgs/msg\n'}
[10.781907] (arm_msgs) StdoutLine: {'line': b'-- Up-to-date: /home/ros/arm_ws/install/arm_msgs/include/arm_msgs/arm_msgs/msg/rosidl_generator_c__visibility_control.h\n'}
[10.782025] (arm_msgs) StdoutLine: {'line': b'-- Up-to-date: /home/ros/arm_ws/install/arm_msgs/include/arm_msgs/arm_msgs/srv\n'}
[10.788956] (arm_msgs) StdoutLine: {'line': b'-- Up-to-date: /home/ros/arm_ws/install/arm_msgs/include/arm_msgs/arm_msgs/srv/euler_to_quaternion.h\n'}
[10.789299] (arm_msgs) StdoutLine: {'line': b'-- Up-to-date: /home/ros/arm_ws/install/arm_msgs/include/arm_msgs/arm_msgs/srv/detail\n'}
[10.789465] (arm_msgs) StdoutLine: {'line': b'-- Up-to-date: /home/ros/arm_ws/install/arm_msgs/include/arm_msgs/arm_msgs/srv/detail/quaternion_to_euler__functions.c\n'}
[10.789994] (arm_msgs) StdoutLine: {'line': b'-- Up-to-date: /home/ros/arm_ws/install/arm_msgs/include/arm_msgs/arm_msgs/srv/detail/euler_to_quaternion__functions.c\n'}
[10.790289] (arm_msgs) StdoutLine: {'line': b'-- Up-to-date: /home/ros/arm_ws/install/arm_msgs/include/arm_msgs/arm_msgs/srv/detail/quaternion_to_euler__struct.h\n'}
[10.790433] (arm_msgs) StdoutLine: {'line': b'-- Up-to-date: /home/ros/arm_ws/install/arm_msgs/include/arm_msgs/arm_msgs/srv/detail/add_two_ints__functions.c\n'}
[10.794056] (arm_msgs) StdoutLine: {'line': b'-- Up-to-date: /home/ros/arm_ws/install/arm_msgs/include/arm_msgs/arm_msgs/srv/detail/euler_to_quaternion__functions.h\n'}
[10.794279] (arm_msgs) StdoutLine: {'line': b'-- Up-to-date: /home/ros/arm_ws/install/arm_msgs/include/arm_msgs/arm_msgs/srv/detail/add_two_ints__type_support.h\n'}
[10.794521] (arm_msgs) StdoutLine: {'line': b'-- Up-to-date: /home/ros/arm_ws/install/arm_msgs/include/arm_msgs/arm_msgs/srv/detail/euler_to_quaternion__type_support.h\n'}
[10.794644] (arm_msgs) StdoutLine: {'line': b'-- Up-to-date: /home/ros/arm_ws/install/arm_msgs/include/arm_msgs/arm_msgs/srv/detail/quaternion_to_euler__functions.h\n'}
[10.794751] (arm_msgs) StdoutLine: {'line': b'-- Up-to-date: /home/ros/arm_ws/install/arm_msgs/include/arm_msgs/arm_msgs/srv/detail/quaternion_to_euler__type_support.h\n'}
[10.796532] (arm_msgs) StdoutLine: {'line': b'-- Up-to-date: /home/ros/arm_ws/install/arm_msgs/include/arm_msgs/arm_msgs/srv/detail/add_two_ints__functions.h\n'}
[10.796762] (arm_msgs) StdoutLine: {'line': b'-- Up-to-date: /home/ros/arm_ws/install/arm_msgs/include/arm_msgs/arm_msgs/srv/detail/add_two_ints__struct.h\n'}
[10.799506] (arm_msgs) StdoutLine: {'line': b'-- Up-to-date: /home/ros/arm_ws/install/arm_msgs/include/arm_msgs/arm_msgs/srv/detail/euler_to_quaternion__struct.h\n'}
[10.799724] (arm_msgs) StdoutLine: {'line': b'-- Up-to-date: /home/ros/arm_ws/install/arm_msgs/include/arm_msgs/arm_msgs/srv/add_two_ints.h\n'}
[10.803034] (arm_msgs) StdoutLine: {'line': b'-- Up-to-date: /home/ros/arm_ws/install/arm_msgs/include/arm_msgs/arm_msgs/srv/quaternion_to_euler.h\n'}
[10.804101] (-) TimerEvent: {}
[10.805034] (arm_msgs) StdoutLine: {'line': b'-- Up-to-date: /home/ros/arm_ws/install/arm_msgs/include/arm_msgs/arm_msgs/action\n'}
[10.805290] (arm_msgs) StdoutLine: {'line': b'-- Up-to-date: /home/ros/arm_ws/install/arm_msgs/include/arm_msgs/arm_msgs/action/fibonacci.h\n'}
[10.805414] (arm_msgs) StdoutLine: {'line': b'-- Up-to-date: /home/ros/arm_ws/install/arm_msgs/include/arm_msgs/arm_msgs/action/arm_task.h\n'}
[10.805520] (arm_msgs) StdoutLine: {'line': b'-- Up-to-date: /home/ros/arm_ws/install/arm_msgs/include/arm_msgs/arm_msgs/action/detail\n'}
[10.805623] (arm_msgs) StdoutLine: {'line': b'-- Up-to-date: /home/ros/arm_ws/install/arm_msgs/include/arm_msgs/arm_msgs/action/detail/fibonacci__functions.c\n'}
[10.805725] (arm_msgs) StdoutLine: {'line': b'-- Up-to-date: /home/ros/arm_ws/install/arm_msgs/include/arm_msgs/arm_msgs/action/detail/arm_task__struct.h\n'}
[10.805823] (arm_msgs) StdoutLine: {'line': b'-- Up-to-date: /home/ros/arm_ws/install/arm_msgs/include/arm_msgs/arm_msgs/action/detail/fibonacci__functions.h\n'}
[10.814263] (arm_msgs) StdoutLine: {'line': b'-- Up-to-date: /home/ros/arm_ws/install/arm_msgs/include/arm_msgs/arm_msgs/action/detail/fibonacci__struct.h\n'}
[10.814446] (arm_msgs) StdoutLine: {'line': b'-- Up-to-date: /home/ros/arm_ws/install/arm_msgs/include/arm_msgs/arm_msgs/action/detail/arm_task__functions.c\n'}
[10.814560] (arm_msgs) StdoutLine: {'line': b'-- Up-to-date: /home/ros/arm_ws/install/arm_msgs/include/arm_msgs/arm_msgs/action/detail/arm_task__functions.h\n'}
[10.814663] (arm_msgs) StdoutLine: {'line': b'-- Up-to-date: /home/ros/arm_ws/install/arm_msgs/include/arm_msgs/arm_msgs/action/detail/arm_task__type_support.h\n'}
[10.814763] (arm_msgs) StdoutLine: {'line': b'-- Up-to-date: /home/ros/arm_ws/install/arm_msgs/include/arm_msgs/arm_msgs/action/detail/fibonacci__type_support.h\n'}
[10.817073] (arm_msgs) StdoutLine: {'line': b'-- Up-to-date: /home/ros/arm_ws/install/arm_msgs/share/arm_msgs/environment/library_path.sh\n'}
[10.820388] (arm_msgs) StdoutLine: {'line': b'-- Up-to-date: /home/ros/arm_ws/install/arm_msgs/share/arm_msgs/environment/library_path.dsv\n'}
[10.826076] (arm_msgs) StdoutLine: {'line': b'-- Up-to-date: /home/ros/arm_ws/install/arm_msgs/lib/libarm_msgs__rosidl_generator_c.so\n'}
[10.826254] (arm_msgs) StdoutLine: {'line': b'-- Up-to-date: /home/ros/arm_ws/install/arm_msgs/include/arm_msgs/arm_msgs\n'}
[10.826424] (arm_msgs) StdoutLine: {'line': b'-- Up-to-date: /home/ros/arm_ws/install/arm_msgs/include/arm_msgs/arm_msgs/msg\n'}
[10.829286] (arm_msgs) StdoutLine: {'line': b'-- Up-to-date: /home/ros/arm_ws/install/arm_msgs/include/arm_msgs/arm_msgs/msg/rosidl_typesupport_fastrtps_c__visibility_control.h\n'}
[10.829527] (arm_msgs) StdoutLine: {'line': b'-- Up-to-date: /home/ros/arm_ws/install/arm_msgs/include/arm_msgs/arm_msgs/srv\n'}
[10.829741] (arm_msgs) StdoutLine: {'line': b'-- Up-to-date: /home/ros/arm_ws/install/arm_msgs/include/arm_msgs/arm_msgs/srv/detail\n'}
[10.834988] (arm_msgs) StdoutLine: {'line': b'-- Up-to-date: /home/ros/arm_ws/install/arm_msgs/include/arm_msgs/arm_msgs/srv/detail/quaternion_to_euler__rosidl_typesupport_fastrtps_c.h\n'}
[10.835393] (arm_msgs) StdoutLine: {'line': b'-- Up-to-date: /home/ros/arm_ws/install/arm_msgs/include/arm_msgs/arm_msgs/srv/detail/euler_to_quaternion__rosidl_typesupport_fastrtps_c.h\n'}
[10.835620] (arm_msgs) StdoutLine: {'line': b'-- Up-to-date: /home/ros/arm_ws/install/arm_msgs/include/arm_msgs/arm_msgs/srv/detail/add_two_ints__rosidl_typesupport_fastrtps_c.h\n'}
[10.835827] (arm_msgs) StdoutLine: {'line': b'-- Up-to-date: /home/ros/arm_ws/install/arm_msgs/include/arm_msgs/arm_msgs/action\n'}
[10.836086] (arm_msgs) StdoutLine: {'line': b'-- Up-to-date: /home/ros/arm_ws/install/arm_msgs/include/arm_msgs/arm_msgs/action/detail\n'}
[10.836294] (arm_msgs) StdoutLine: {'line': b'-- Up-to-date: /home/ros/arm_ws/install/arm_msgs/include/arm_msgs/arm_msgs/action/detail/arm_task__rosidl_typesupport_fastrtps_c.h\n'}
[10.836497] (arm_msgs) StdoutLine: {'line': b'-- Up-to-date: /home/ros/arm_ws/install/arm_msgs/include/arm_msgs/arm_msgs/action/detail/fibonacci__rosidl_typesupport_fastrtps_c.h\n'}
[10.836721] (arm_msgs) StdoutLine: {'line': b'-- Up-to-date: /home/ros/arm_ws/install/arm_msgs/lib/libarm_msgs__rosidl_typesupport_fastrtps_c.so\n'}
[10.843984] (arm_msgs) StdoutLine: {'line': b'-- Up-to-date: /home/ros/arm_ws/install/arm_msgs/include/arm_msgs/arm_msgs\n'}
[10.844267] (arm_msgs) StdoutLine: {'line': b'-- Up-to-date: /home/ros/arm_ws/install/arm_msgs/include/arm_msgs/arm_msgs/srv\n'}
[10.844544] (arm_msgs) StdoutLine: {'line': b'-- Up-to-date: /home/ros/arm_ws/install/arm_msgs/include/arm_msgs/arm_msgs/srv/euler_to_quaternion.hpp\n'}
[10.844684] (arm_msgs) StdoutLine: {'line': b'-- Up-to-date: /home/ros/arm_ws/install/arm_msgs/include/arm_msgs/arm_msgs/srv/quaternion_to_euler.hpp\n'}
[10.844793] (arm_msgs) StdoutLine: {'line': b'-- Up-to-date: /home/ros/arm_ws/install/arm_msgs/include/arm_msgs/arm_msgs/srv/detail\n'}
[10.849585] (arm_msgs) StdoutLine: {'line': b'-- Up-to-date: /home/ros/arm_ws/install/arm_msgs/include/arm_msgs/arm_msgs/srv/detail/euler_to_quaternion__traits.hpp\n'}
[10.852417] (arm_msgs) StdoutLine: {'line': b'-- Up-to-date: /home/ros/arm_ws/install/arm_msgs/include/arm_msgs/arm_msgs/srv/detail/euler_to_quaternion__struct.hpp\n'}
[10.856096] (arm_msgs) StdoutLine: {'line': b'-- Up-to-date: /home/ros/arm_ws/install/arm_msgs/include/arm_msgs/arm_msgs/srv/detail/quaternion_to_euler__struct.hpp\n'}
[10.858393] (arm_msgs) StdoutLine: {'line': b'-- Up-to-date: /home/ros/arm_ws/install/arm_msgs/include/arm_msgs/arm_msgs/srv/detail/euler_to_quaternion__builder.hpp\n'}
[10.858679] (arm_msgs) StdoutLine: {'line': b'-- Up-to-date: /home/ros/arm_ws/install/arm_msgs/include/arm_msgs/arm_msgs/srv/detail/add_two_ints__traits.hpp\n'}
[10.858897] (arm_msgs) StdoutLine: {'line': b'-- Up-to-date: /home/ros/arm_ws/install/arm_msgs/include/arm_msgs/arm_msgs/srv/detail/quaternion_to_euler__traits.hpp\n'}
[10.859173] (arm_msgs) StdoutLine: {'line': b'-- Up-to-date: /home/ros/arm_ws/install/arm_msgs/include/arm_msgs/arm_msgs/srv/detail/quaternion_to_euler__builder.hpp\n'}
[10.859379] (arm_msgs) StdoutLine: {'line': b'-- Up-to-date: /home/ros/arm_ws/install/arm_msgs/include/arm_msgs/arm_msgs/srv/detail/add_two_ints__builder.hpp\n'}
[10.859555] (arm_msgs) StdoutLine: {'line': b'-- Up-to-date: /home/ros/arm_ws/install/arm_msgs/include/arm_msgs/arm_msgs/srv/detail/add_two_ints__struct.hpp\n'}
[10.868159] (arm_msgs) StdoutLine: {'line': b'-- Up-to-date: /home/ros/arm_ws/install/arm_msgs/include/arm_msgs/arm_msgs/srv/add_two_ints.hpp\n'}
[10.868626] (arm_msgs) StdoutLine: {'line': b'-- Up-to-date: /home/ros/arm_ws/install/arm_msgs/include/arm_msgs/arm_msgs/action\n'}
[10.873993] (arm_msgs) StdoutLine: {'line': b'-- Up-to-date: /home/ros/arm_ws/install/arm_msgs/include/arm_msgs/arm_msgs/action/arm_task.hpp\n'}
[10.874328] (arm_msgs) StdoutLine: {'line': b'-- Up-to-date: /home/ros/arm_ws/install/arm_msgs/include/arm_msgs/arm_msgs/action/detail\n'}
[10.874450] (arm_msgs) StdoutLine: {'line': b'-- Up-to-date: /home/ros/arm_ws/install/arm_msgs/include/arm_msgs/arm_msgs/action/detail/fibonacci__builder.hpp\n'}
[10.874587] (arm_msgs) StdoutLine: {'line': b'-- Up-to-date: /home/ros/arm_ws/install/arm_msgs/include/arm_msgs/arm_msgs/action/detail/fibonacci__traits.hpp\n'}
[10.874692] (arm_msgs) StdoutLine: {'line': b'-- Up-to-date: /home/ros/arm_ws/install/arm_msgs/include/arm_msgs/arm_msgs/action/detail/arm_task__builder.hpp\n'}
[10.874793] (arm_msgs) StdoutLine: {'line': b'-- Up-to-date: /home/ros/arm_ws/install/arm_msgs/include/arm_msgs/arm_msgs/action/detail/arm_task__traits.hpp\n'}
[10.878262] (arm_msgs) StdoutLine: {'line': b'-- Up-to-date: /home/ros/arm_ws/install/arm_msgs/include/arm_msgs/arm_msgs/action/detail/arm_task__struct.hpp\n'}
[10.878442] (arm_msgs) StdoutLine: {'line': b'-- Up-to-date: /home/ros/arm_ws/install/arm_msgs/include/arm_msgs/arm_msgs/action/detail/fibonacci__struct.hpp\n'}
[10.878556] (arm_msgs) StdoutLine: {'line': b'-- Up-to-date: /home/ros/arm_ws/install/arm_msgs/include/arm_msgs/arm_msgs/action/fibonacci.hpp\n'}
[10.878660] (arm_msgs) StdoutLine: {'line': b'-- Up-to-date: /home/ros/arm_ws/install/arm_msgs/include/arm_msgs/arm_msgs\n'}
[10.878781] (arm_msgs) StdoutLine: {'line': b'-- Up-to-date: /home/ros/arm_ws/install/arm_msgs/include/arm_msgs/arm_msgs/msg\n'}
[10.880041] (arm_msgs) StdoutLine: {'line': b'-- Up-to-date: /home/ros/arm_ws/install/arm_msgs/include/arm_msgs/arm_msgs/msg/rosidl_typesupport_fastrtps_cpp__visibility_control.h\n'}
[10.880277] (arm_msgs) StdoutLine: {'line': b'-- Up-to-date: /home/ros/arm_ws/install/arm_msgs/include/arm_msgs/arm_msgs/srv\n'}
[10.880402] (arm_msgs) StdoutLine: {'line': b'-- Up-to-date: /home/ros/arm_ws/install/arm_msgs/include/arm_msgs/arm_msgs/srv/detail\n'}
[10.880505] (arm_msgs) StdoutLine: {'line': b'-- Up-to-date: /home/ros/arm_ws/install/arm_msgs/include/arm_msgs/arm_msgs/srv/detail/quaternion_to_euler__rosidl_typesupport_fastrtps_cpp.hpp\n'}
[10.880610] (arm_msgs) StdoutLine: {'line': b'-- Up-to-date: /home/ros/arm_ws/install/arm_msgs/include/arm_msgs/arm_msgs/srv/detail/add_two_ints__rosidl_typesupport_fastrtps_cpp.hpp\n'}
[10.880715] (arm_msgs) StdoutLine: {'line': b'-- Up-to-date: /home/ros/arm_ws/install/arm_msgs/include/arm_msgs/arm_msgs/srv/detail/dds_fastrtps\n'}
[10.880817] (arm_msgs) StdoutLine: {'line': b'-- Up-to-date: /home/ros/arm_ws/install/arm_msgs/include/arm_msgs/arm_msgs/srv/detail/euler_to_quaternion__rosidl_typesupport_fastrtps_cpp.hpp\n'}
[10.883241] (arm_msgs) StdoutLine: {'line': b'-- Up-to-date: /home/ros/arm_ws/install/arm_msgs/include/arm_msgs/arm_msgs/action\n'}
[10.883456] (arm_msgs) StdoutLine: {'line': b'-- Up-to-date: /home/ros/arm_ws/install/arm_msgs/include/arm_msgs/arm_msgs/action/detail\n'}
[10.883572] (arm_msgs) StdoutLine: {'line': b'-- Up-to-date: /home/ros/arm_ws/install/arm_msgs/include/arm_msgs/arm_msgs/action/detail/dds_fastrtps\n'}
[10.883681] (arm_msgs) StdoutLine: {'line': b'-- Up-to-date: /home/ros/arm_ws/install/arm_msgs/include/arm_msgs/arm_msgs/action/detail/fibonacci__rosidl_typesupport_fastrtps_cpp.hpp\n'}
[10.883784] (arm_msgs) StdoutLine: {'line': b'-- Up-to-date: /home/ros/arm_ws/install/arm_msgs/include/arm_msgs/arm_msgs/action/detail/arm_task__rosidl_typesupport_fastrtps_cpp.hpp\n'}
[10.886286] (arm_msgs) StdoutLine: {'line': b'-- Up-to-date: /home/ros/arm_ws/install/arm_msgs/lib/libarm_msgs__rosidl_typesupport_fastrtps_cpp.so\n'}
[10.886615] (arm_msgs) StdoutLine: {'line': b'-- Up-to-date: /home/ros/arm_ws/install/arm_msgs/include/arm_msgs/arm_msgs\n'}
[10.886855] (arm_msgs) StdoutLine: {'line': b'-- Up-to-date: /home/ros/arm_ws/install/arm_msgs/include/arm_msgs/arm_msgs/msg\n'}
[10.888307] (arm_msgs) StdoutLine: {'line': b'-- Up-to-date: /home/ros/arm_ws/install/arm_msgs/include/arm_msgs/arm_msgs/msg/rosidl_typesupport_introspection_c__visibility_control.h\n'}
[10.888543] (arm_msgs) StdoutLine: {'line': b'-- Up-to-date: /home/ros/arm_ws/install/arm_msgs/include/arm_msgs/arm_msgs/srv\n'}
[10.888751] (arm_msgs) StdoutLine: {'line': b'-- Up-to-date: /home/ros/arm_ws/install/arm_msgs/include/arm_msgs/arm_msgs/srv/detail\n'}
[10.895196] (arm_msgs) StdoutLine: {'line': b'-- Up-to-date: /home/ros/arm_ws/install/arm_msgs/include/arm_msgs/arm_msgs/srv/detail/euler_to_quaternion__rosidl_typesupport_introspection_c.h\n'}
[10.895372] (arm_msgs) StdoutLine: {'line': b'-- Up-to-date: /home/ros/arm_ws/install/arm_msgs/include/arm_msgs/arm_msgs/srv/detail/euler_to_quaternion__type_support.c\n'}
[10.895539] (arm_msgs) StdoutLine: {'line': b'-- Up-to-date: /home/ros/arm_ws/install/arm_msgs/include/arm_msgs/arm_msgs/srv/detail/quaternion_to_euler__rosidl_typesupport_introspection_c.h\n'}
[10.895674] (arm_msgs) StdoutLine: {'line': b'-- Up-to-date: /home/ros/arm_ws/install/arm_msgs/include/arm_msgs/arm_msgs/srv/detail/add_two_ints__rosidl_typesupport_introspection_c.h\n'}
[10.895778] (arm_msgs) StdoutLine: {'line': b'-- Up-to-date: /home/ros/arm_ws/install/arm_msgs/include/arm_msgs/arm_msgs/srv/detail/add_two_ints__type_support.c\n'}
[10.901074] (arm_msgs) StdoutLine: {'line': b'-- Up-to-date: /home/ros/arm_ws/install/arm_msgs/include/arm_msgs/arm_msgs/srv/detail/quaternion_to_euler__type_support.c\n'}
[10.901248] (arm_msgs) StdoutLine: {'line': b'-- Up-to-date: /home/ros/arm_ws/install/arm_msgs/include/arm_msgs/arm_msgs/action\n'}
[10.901377] (arm_msgs) StdoutLine: {'line': b'-- Up-to-date: /home/ros/arm_ws/install/arm_msgs/include/arm_msgs/arm_msgs/action/detail\n'}
[10.901482] (arm_msgs) StdoutLine: {'line': b'-- Up-to-date: /home/ros/arm_ws/install/arm_msgs/include/arm_msgs/arm_msgs/action/detail/arm_task__type_support.c\n'}
[10.901652] (arm_msgs) StdoutLine: {'line': b'-- Up-to-date: /home/ros/arm_ws/install/arm_msgs/include/arm_msgs/arm_msgs/action/detail/fibonacci__type_support.c\n'}
[10.901764] (arm_msgs) StdoutLine: {'line': b'-- Up-to-date: /home/ros/arm_ws/install/arm_msgs/include/arm_msgs/arm_msgs/action/detail/fibonacci__rosidl_typesupport_introspection_c.h\n'}
[10.905134] (-) TimerEvent: {}
[10.905343] (arm_msgs) StdoutLine: {'line': b'-- Up-to-date: /home/ros/arm_ws/install/arm_msgs/include/arm_msgs/arm_msgs/action/detail/arm_task__rosidl_typesupport_introspection_c.h\n'}
[10.905536] (arm_msgs) StdoutLine: {'line': b'-- Up-to-date: /home/ros/arm_ws/install/arm_msgs/lib/libarm_msgs__rosidl_typesupport_introspection_c.so\n'}
[10.905652] (arm_msgs) StdoutLine: {'line': b'-- Up-to-date: /home/ros/arm_ws/install/arm_msgs/lib/libarm_msgs__rosidl_typesupport_c.so\n'}
[10.905757] (arm_msgs) StdoutLine: {'line': b'-- Up-to-date: /home/ros/arm_ws/install/arm_msgs/include/arm_msgs/arm_msgs\n'}
[10.909160] (arm_msgs) StdoutLine: {'line': b'-- Up-to-date: /home/ros/arm_ws/install/arm_msgs/include/arm_msgs/arm_msgs/srv\n'}
[10.909407] (arm_msgs) StdoutLine: {'line': b'-- Up-to-date: /home/ros/arm_ws/install/arm_msgs/include/arm_msgs/arm_msgs/srv/detail\n'}
[10.909529] (arm_msgs) StdoutLine: {'line': b'-- Up-to-date: /home/ros/arm_ws/install/arm_msgs/include/arm_msgs/arm_msgs/srv/detail/add_two_ints__type_support.cpp\n'}
[10.909637] (arm_msgs) StdoutLine: {'line': b'-- Up-to-date: /home/ros/arm_ws/install/arm_msgs/include/arm_msgs/arm_msgs/srv/detail/quaternion_to_euler__type_support.cpp\n'}
[10.909739] (arm_msgs) StdoutLine: {'line': b'-- Up-to-date: /home/ros/arm_ws/install/arm_msgs/include/arm_msgs/arm_msgs/srv/detail/euler_to_quaternion__type_support.cpp\n'}
[10.912933] (arm_msgs) StdoutLine: {'line': b'-- Up-to-date: /home/ros/arm_ws/install/arm_msgs/include/arm_msgs/arm_msgs/srv/detail/euler_to_quaternion__rosidl_typesupport_introspection_cpp.hpp\n'}
[10.913184] (arm_msgs) StdoutLine: {'line': b'-- Up-to-date: /home/ros/arm_ws/install/arm_msgs/include/arm_msgs/arm_msgs/srv/detail/add_two_ints__rosidl_typesupport_introspection_cpp.hpp\n'}
[10.913301] (arm_msgs) StdoutLine: {'line': b'-- Up-to-date: /home/ros/arm_ws/install/arm_msgs/include/arm_msgs/arm_msgs/srv/detail/quaternion_to_euler__rosidl_typesupport_introspection_cpp.hpp\n'}
[10.913409] (arm_msgs) StdoutLine: {'line': b'-- Up-to-date: /home/ros/arm_ws/install/arm_msgs/include/arm_msgs/arm_msgs/action\n'}
[10.913509] (arm_msgs) StdoutLine: {'line': b'-- Up-to-date: /home/ros/arm_ws/install/arm_msgs/include/arm_msgs/arm_msgs/action/detail\n'}
[10.913608] (arm_msgs) StdoutLine: {'line': b'-- Up-to-date: /home/ros/arm_ws/install/arm_msgs/include/arm_msgs/arm_msgs/action/detail/fibonacci__rosidl_typesupport_introspection_cpp.hpp\n'}
[10.913705] (arm_msgs) StdoutLine: {'line': b'-- Up-to-date: /home/ros/arm_ws/install/arm_msgs/include/arm_msgs/arm_msgs/action/detail/arm_task__rosidl_typesupport_introspection_cpp.hpp\n'}
[10.913804] (arm_msgs) StdoutLine: {'line': b'-- Up-to-date: /home/ros/arm_ws/install/arm_msgs/include/arm_msgs/arm_msgs/action/detail/fibonacci__type_support.cpp\n'}
[10.917265] (arm_msgs) StdoutLine: {'line': b'-- Up-to-date: /home/ros/arm_ws/install/arm_msgs/include/arm_msgs/arm_msgs/action/detail/arm_task__type_support.cpp\n'}
[10.917419] (arm_msgs) StdoutLine: {'line': b'-- Up-to-date: /home/ros/arm_ws/install/arm_msgs/lib/libarm_msgs__rosidl_typesupport_introspection_cpp.so\n'}
[10.917532] (arm_msgs) StdoutLine: {'line': b'-- Up-to-date: /home/ros/arm_ws/install/arm_msgs/lib/libarm_msgs__rosidl_typesupport_cpp.so\n'}
[10.917637] (arm_msgs) StdoutLine: {'line': b'-- Up-to-date: /home/ros/arm_ws/install/arm_msgs/share/arm_msgs/environment/pythonpath.sh\n'}
[10.917750] (arm_msgs) StdoutLine: {'line': b'-- Up-to-date: /home/ros/arm_ws/install/arm_msgs/share/arm_msgs/environment/pythonpath.dsv\n'}
[10.917878] (arm_msgs) StdoutLine: {'line': b'-- Up-to-date: /home/ros/arm_ws/install/arm_msgs/local/lib/python3.10/dist-packages/arm_msgs-0.0.0-py3.10.egg-info\n'}
[10.918002] (arm_msgs) StdoutLine: {'line': b'-- Installing: /home/ros/arm_ws/install/arm_msgs/local/lib/python3.10/dist-packages/arm_msgs-0.0.0-py3.10.egg-info/dependency_links.txt\n'}
[10.918105] (arm_msgs) StdoutLine: {'line': b'-- Installing: /home/ros/arm_ws/install/arm_msgs/local/lib/python3.10/dist-packages/arm_msgs-0.0.0-py3.10.egg-info/SOURCES.txt\n'}
[10.918296] (arm_msgs) StdoutLine: {'line': b'-- Installing: /home/ros/arm_ws/install/arm_msgs/local/lib/python3.10/dist-packages/arm_msgs-0.0.0-py3.10.egg-info/PKG-INFO\n'}
[10.918410] (arm_msgs) StdoutLine: {'line': b'-- Installing: /home/ros/arm_ws/install/arm_msgs/local/lib/python3.10/dist-packages/arm_msgs-0.0.0-py3.10.egg-info/top_level.txt\n'}
[10.918511] (arm_msgs) StdoutLine: {'line': b'-- Up-to-date: /home/ros/arm_ws/install/arm_msgs/local/lib/python3.10/dist-packages/arm_msgs\n'}
[10.918613] (arm_msgs) StdoutLine: {'line': b'-- Up-to-date: /home/ros/arm_ws/install/arm_msgs/local/lib/python3.10/dist-packages/arm_msgs/arm_msgs_s__rosidl_typesupport_introspection_c.cpython-310-x86_64-linux-gnu.so\n'}
[10.918794] (arm_msgs) StdoutLine: {'line': b'-- Up-to-date: /home/ros/arm_ws/install/arm_msgs/local/lib/python3.10/dist-packages/arm_msgs/_arm_msgs_s.ep.rosidl_typesupport_c.c\n'}
[10.923493] (arm_msgs) StdoutLine: {'line': b'-- Up-to-date: /home/ros/arm_ws/install/arm_msgs/local/lib/python3.10/dist-packages/arm_msgs/_arm_msgs_s.ep.rosidl_typesupport_fastrtps_c.c\n'}
[10.923652] (arm_msgs) StdoutLine: {'line': b'-- Up-to-date: /home/ros/arm_ws/install/arm_msgs/local/lib/python3.10/dist-packages/arm_msgs/libarm_msgs__rosidl_generator_py.so\n'}
[10.923765] (arm_msgs) StdoutLine: {'line': b'-- Up-to-date: /home/ros/arm_ws/install/arm_msgs/local/lib/python3.10/dist-packages/arm_msgs/_arm_msgs_s.ep.rosidl_typesupport_introspection_c.c\n'}
[10.925984] (arm_msgs) StdoutLine: {'line': b'-- Up-to-date: /home/ros/arm_ws/install/arm_msgs/local/lib/python3.10/dist-packages/arm_msgs/arm_msgs_s__rosidl_typesupport_c.cpython-310-x86_64-linux-gnu.so\n'}
[10.926156] (arm_msgs) StdoutLine: {'line': b'-- Up-to-date: /home/ros/arm_ws/install/arm_msgs/local/lib/python3.10/dist-packages/arm_msgs/__init__.py\n'}
[10.926291] (arm_msgs) StdoutLine: {'line': b'-- Up-to-date: /home/ros/arm_ws/install/arm_msgs/local/lib/python3.10/dist-packages/arm_msgs/srv\n'}
[10.926396] (arm_msgs) StdoutLine: {'line': b'-- Up-to-date: /home/ros/arm_ws/install/arm_msgs/local/lib/python3.10/dist-packages/arm_msgs/srv/_add_two_ints.py\n'}
[10.926497] (arm_msgs) StdoutLine: {'line': b'-- Up-to-date: /home/ros/arm_ws/install/arm_msgs/local/lib/python3.10/dist-packages/arm_msgs/srv/_add_two_ints_s.c\n'}
[10.926596] (arm_msgs) StdoutLine: {'line': b'-- Up-to-date: /home/ros/arm_ws/install/arm_msgs/local/lib/python3.10/dist-packages/arm_msgs/srv/_quaternion_to_euler.py\n'}
[10.926738] (arm_msgs) StdoutLine: {'line': b'-- Up-to-date: /home/ros/arm_ws/install/arm_msgs/local/lib/python3.10/dist-packages/arm_msgs/srv/__init__.py\n'}
[10.931034] (arm_msgs) StdoutLine: {'line': b'-- Up-to-date: /home/ros/arm_ws/install/arm_msgs/local/lib/python3.10/dist-packages/arm_msgs/srv/_euler_to_quaternion_s.c\n'}
[10.931242] (arm_msgs) StdoutLine: {'line': b'-- Up-to-date: /home/ros/arm_ws/install/arm_msgs/local/lib/python3.10/dist-packages/arm_msgs/srv/_euler_to_quaternion.py\n'}
[10.931381] (arm_msgs) StdoutLine: {'line': b'-- Up-to-date: /home/ros/arm_ws/install/arm_msgs/local/lib/python3.10/dist-packages/arm_msgs/srv/_quaternion_to_euler_s.c\n'}
[10.931510] (arm_msgs) StdoutLine: {'line': b'-- Up-to-date: /home/ros/arm_ws/install/arm_msgs/local/lib/python3.10/dist-packages/arm_msgs/action\n'}
[10.931620] (arm_msgs) StdoutLine: {'line': b'-- Up-to-date: /home/ros/arm_ws/install/arm_msgs/local/lib/python3.10/dist-packages/arm_msgs/action/_fibonacci.py\n'}
[10.931741] (arm_msgs) StdoutLine: {'line': b'-- Up-to-date: /home/ros/arm_ws/install/arm_msgs/local/lib/python3.10/dist-packages/arm_msgs/action/_arm_task.py\n'}
[10.941118] (arm_msgs) StdoutLine: {'line': b'-- Up-to-date: /home/ros/arm_ws/install/arm_msgs/local/lib/python3.10/dist-packages/arm_msgs/action/_arm_task_s.c\n'}
[10.941395] (arm_msgs) StdoutLine: {'line': b'-- Up-to-date: /home/ros/arm_ws/install/arm_msgs/local/lib/python3.10/dist-packages/arm_msgs/action/__init__.py\n'}
[10.941517] (arm_msgs) StdoutLine: {'line': b'-- Up-to-date: /home/ros/arm_ws/install/arm_msgs/local/lib/python3.10/dist-packages/arm_msgs/action/_fibonacci_s.c\n'}
[10.941640] (arm_msgs) StdoutLine: {'line': b'-- Up-to-date: /home/ros/arm_ws/install/arm_msgs/local/lib/python3.10/dist-packages/arm_msgs/arm_msgs_s__rosidl_typesupport_fastrtps_c.cpython-310-x86_64-linux-gnu.so\n'}
[11.005392] (-) TimerEvent: {}
[11.059110] (arm_firmware) StdoutLine: {'line': b'[  0%] Built target ament_cmake_python_copy_arm_firmware\n'}
[11.105992] (-) TimerEvent: {}
[11.207951] (-) TimerEvent: {}
[11.235967] (arm_msgs) StdoutLine: {'line': b"Listing '/home/ros/arm_ws/install/arm_msgs/local/lib/python3.10/dist-packages/arm_msgs'...\n"}
[11.236382] (arm_msgs) StdoutLine: {'line': b"Listing '/home/ros/arm_ws/install/arm_msgs/local/lib/python3.10/dist-packages/arm_msgs/action'...\n"}
[11.236592] (arm_msgs) StdoutLine: {'line': b"Listing '/home/ros/arm_ws/install/arm_msgs/local/lib/python3.10/dist-packages/arm_msgs/srv'...\n"}
[11.275245] (arm_msgs) StdoutLine: {'line': b'-- Up-to-date: /home/ros/arm_ws/install/arm_msgs/local/lib/python3.10/dist-packages/arm_msgs/arm_msgs_s__rosidl_typesupport_fastrtps_c.cpython-310-x86_64-linux-gnu.so\n'}
[11.277533] (arm_msgs) StdoutLine: {'line': b'-- Up-to-date: /home/ros/arm_ws/install/arm_msgs/local/lib/python3.10/dist-packages/arm_msgs/arm_msgs_s__rosidl_typesupport_introspection_c.cpython-310-x86_64-linux-gnu.so\n'}
[11.287183] (arm_msgs) StdoutLine: {'line': b'-- Up-to-date: /home/ros/arm_ws/install/arm_msgs/local/lib/python3.10/dist-packages/arm_msgs/arm_msgs_s__rosidl_typesupport_c.cpython-310-x86_64-linux-gnu.so\n'}
[11.287904] (arm_msgs) StdoutLine: {'line': b'-- Up-to-date: /home/ros/arm_ws/install/arm_msgs/lib/libarm_msgs__rosidl_generator_py.so\n'}
[11.291180] (arm_msgs) StdoutLine: {'line': b'-- Up-to-date: /home/ros/arm_ws/install/arm_msgs/share/arm_msgs/srv/AddTwoInts.idl\n'}
[11.291419] (arm_msgs) StdoutLine: {'line': b'-- Up-to-date: /home/ros/arm_ws/install/arm_msgs/share/arm_msgs/srv/EulerToQuaternion.idl\n'}
[11.291861] (arm_msgs) StdoutLine: {'line': b'-- Up-to-date: /home/ros/arm_ws/install/arm_msgs/share/arm_msgs/srv/QuaternionToEuler.idl\n'}
[11.292132] (arm_msgs) StdoutLine: {'line': b'-- Up-to-date: /home/ros/arm_ws/install/arm_msgs/share/arm_msgs/action/Fibonacci.idl\n'}
[11.292289] (arm_msgs) StdoutLine: {'line': b'-- Up-to-date: /home/ros/arm_ws/install/arm_msgs/share/arm_msgs/action/ArmTask.idl\n'}
[11.298022] (arm_msgs) StdoutLine: {'line': b'-- Up-to-date: /home/ros/arm_ws/install/arm_msgs/share/arm_msgs/srv/AddTwoInts.srv\n'}
[11.298536] (arm_msgs) StdoutLine: {'line': b'-- Up-to-date: /home/ros/arm_ws/install/arm_msgs/share/arm_msgs/srv/AddTwoInts_Request.msg\n'}
[11.302380] (arm_msgs) StdoutLine: {'line': b'-- Up-to-date: /home/ros/arm_ws/install/arm_msgs/share/arm_msgs/srv/AddTwoInts_Response.msg\n'}
[11.302585] (arm_msgs) StdoutLine: {'line': b'-- Up-to-date: /home/ros/arm_ws/install/arm_msgs/share/arm_msgs/srv/EulerToQuaternion.srv\n'}
[11.302713] (arm_msgs) StdoutLine: {'line': b'-- Up-to-date: /home/ros/arm_ws/install/arm_msgs/share/arm_msgs/srv/EulerToQuaternion_Request.msg\n'}
[11.302827] (arm_msgs) StdoutLine: {'line': b'-- Up-to-date: /home/ros/arm_ws/install/arm_msgs/share/arm_msgs/srv/EulerToQuaternion_Response.msg\n'}
[11.305161] (arm_msgs) StdoutLine: {'line': b'-- Up-to-date: /home/ros/arm_ws/install/arm_msgs/share/arm_msgs/srv/QuaternionToEuler.srv\n'}
[11.305315] (arm_msgs) StdoutLine: {'line': b'-- Up-to-date: /home/ros/arm_ws/install/arm_msgs/share/arm_msgs/srv/QuaternionToEuler_Request.msg\n'}
[11.305425] (arm_msgs) StdoutLine: {'line': b'-- Up-to-date: /home/ros/arm_ws/install/arm_msgs/share/arm_msgs/srv/QuaternionToEuler_Response.msg\n'}
[11.305651] (arm_msgs) StdoutLine: {'line': b'-- Up-to-date: /home/ros/arm_ws/install/arm_msgs/share/arm_msgs/action/Fibonacci.action\n'}
[11.307040] (arm_msgs) StdoutLine: {'line': b'-- Up-to-date: /home/ros/arm_ws/install/arm_msgs/share/arm_msgs/action/ArmTask.action\n'}
[11.307303] (arm_msgs) StdoutLine: {'line': b'-- Up-to-date: /home/ros/arm_ws/install/arm_msgs/share/ament_index/resource_index/package_run_dependencies/arm_msgs\n'}
[11.307738] (arm_msgs) StdoutLine: {'line': b'-- Up-to-date: /home/ros/arm_ws/install/arm_msgs/share/ament_index/resource_index/parent_prefix_path/arm_msgs\n'}
[11.307939] (-) TimerEvent: {}
[11.312988] (arm_msgs) StdoutLine: {'line': b'-- Up-to-date: /home/ros/arm_ws/install/arm_msgs/share/arm_msgs/environment/ament_prefix_path.sh\n'}
[11.315349] (arm_msgs) StdoutLine: {'line': b'-- Up-to-date: /home/ros/arm_ws/install/arm_msgs/share/arm_msgs/environment/ament_prefix_path.dsv\n'}
[11.318041] (arm_msgs) StdoutLine: {'line': b'-- Up-to-date: /home/ros/arm_ws/install/arm_msgs/share/arm_msgs/environment/path.sh\n'}
[11.318732] (arm_msgs) StdoutLine: {'line': b'-- Up-to-date: /home/ros/arm_ws/install/arm_msgs/share/arm_msgs/environment/path.dsv\n'}
[11.320367] (arm_msgs) StdoutLine: {'line': b'-- Up-to-date: /home/ros/arm_ws/install/arm_msgs/share/arm_msgs/local_setup.bash\n'}
[11.320645] (arm_msgs) StdoutLine: {'line': b'-- Up-to-date: /home/ros/arm_ws/install/arm_msgs/share/arm_msgs/local_setup.sh\n'}
[11.323780] (arm_msgs) StdoutLine: {'line': b'-- Up-to-date: /home/ros/arm_ws/install/arm_msgs/share/arm_msgs/local_setup.zsh\n'}
[11.324158] (arm_msgs) StdoutLine: {'line': b'-- Up-to-date: /home/ros/arm_ws/install/arm_msgs/share/arm_msgs/local_setup.dsv\n'}
[11.324283] (arm_msgs) StdoutLine: {'line': b'-- Installing: /home/ros/arm_ws/install/arm_msgs/share/arm_msgs/package.dsv\n'}
[11.324388] (arm_msgs) StdoutLine: {'line': b'-- Up-to-date: /home/ros/arm_ws/install/arm_msgs/share/ament_index/resource_index/packages/arm_msgs\n'}
[11.324492] (arm_msgs) StdoutLine: {'line': b'-- Up-to-date: /home/ros/arm_ws/install/arm_msgs/share/arm_msgs/cmake/export_arm_msgs__rosidl_generator_cExport.cmake\n'}
[11.324590] (arm_msgs) StdoutLine: {'line': b'-- Up-to-date: /home/ros/arm_ws/install/arm_msgs/share/arm_msgs/cmake/export_arm_msgs__rosidl_generator_cExport-noconfig.cmake\n'}
[11.324704] (arm_msgs) StdoutLine: {'line': b'-- Up-to-date: /home/ros/arm_ws/install/arm_msgs/share/arm_msgs/cmake/export_arm_msgs__rosidl_typesupport_fastrtps_cExport.cmake\n'}
[11.324803] (arm_msgs) StdoutLine: {'line': b'-- Up-to-date: /home/ros/arm_ws/install/arm_msgs/share/arm_msgs/cmake/export_arm_msgs__rosidl_typesupport_fastrtps_cExport-noconfig.cmake\n'}
[11.329229] (arm_msgs) StdoutLine: {'line': b'-- Up-to-date: /home/ros/arm_ws/install/arm_msgs/share/arm_msgs/cmake/export_arm_msgs__rosidl_generator_cppExport.cmake\n'}
[11.329517] (arm_msgs) StdoutLine: {'line': b'-- Up-to-date: /home/ros/arm_ws/install/arm_msgs/share/arm_msgs/cmake/export_arm_msgs__rosidl_typesupport_fastrtps_cppExport.cmake\n'}
[11.329749] (arm_msgs) StdoutLine: {'line': b'-- Up-to-date: /home/ros/arm_ws/install/arm_msgs/share/arm_msgs/cmake/export_arm_msgs__rosidl_typesupport_fastrtps_cppExport-noconfig.cmake\n'}
[11.330078] (arm_msgs) StdoutLine: {'line': b'-- Up-to-date: /home/ros/arm_ws/install/arm_msgs/share/arm_msgs/cmake/arm_msgs__rosidl_typesupport_introspection_cExport.cmake\n'}
[11.330315] (arm_msgs) StdoutLine: {'line': b'-- Up-to-date: /home/ros/arm_ws/install/arm_msgs/share/arm_msgs/cmake/arm_msgs__rosidl_typesupport_introspection_cExport-noconfig.cmake\n'}
[11.330557] (arm_msgs) StdoutLine: {'line': b'-- Up-to-date: /home/ros/arm_ws/install/arm_msgs/share/arm_msgs/cmake/arm_msgs__rosidl_typesupport_cExport.cmake\n'}
[11.330771] (arm_msgs) StdoutLine: {'line': b'-- Up-to-date: /home/ros/arm_ws/install/arm_msgs/share/arm_msgs/cmake/arm_msgs__rosidl_typesupport_cExport-noconfig.cmake\n'}
[11.336170] (arm_msgs) StdoutLine: {'line': b'-- Up-to-date: /home/ros/arm_ws/install/arm_msgs/share/arm_msgs/cmake/arm_msgs__rosidl_typesupport_introspection_cppExport.cmake\n'}
[11.336426] (arm_msgs) StdoutLine: {'line': b'-- Up-to-date: /home/ros/arm_ws/install/arm_msgs/share/arm_msgs/cmake/arm_msgs__rosidl_typesupport_introspection_cppExport-noconfig.cmake\n'}
[11.336659] (arm_msgs) StdoutLine: {'line': b'-- Up-to-date: /home/ros/arm_ws/install/arm_msgs/share/arm_msgs/cmake/arm_msgs__rosidl_typesupport_cppExport.cmake\n'}
[11.336991] (arm_msgs) StdoutLine: {'line': b'-- Up-to-date: /home/ros/arm_ws/install/arm_msgs/share/arm_msgs/cmake/arm_msgs__rosidl_typesupport_cppExport-noconfig.cmake\n'}
[11.342791] (arm_msgs) StdoutLine: {'line': b'-- Up-to-date: /home/ros/arm_ws/install/arm_msgs/share/arm_msgs/cmake/export_arm_msgs__rosidl_generator_pyExport.cmake\n'}
[11.343127] (arm_msgs) StdoutLine: {'line': b'-- Up-to-date: /home/ros/arm_ws/install/arm_msgs/share/arm_msgs/cmake/export_arm_msgs__rosidl_generator_pyExport-noconfig.cmake\n'}
[11.343359] (arm_msgs) StdoutLine: {'line': b'-- Up-to-date: /home/ros/arm_ws/install/arm_msgs/share/arm_msgs/cmake/rosidl_cmake-extras.cmake\n'}
[11.354272] (arm_msgs) StdoutLine: {'line': b'-- Up-to-date: /home/ros/arm_ws/install/arm_msgs/share/arm_msgs/cmake/ament_cmake_export_dependencies-extras.cmake\n'}
[11.354535] (arm_msgs) StdoutLine: {'line': b'-- Up-to-date: /home/ros/arm_ws/install/arm_msgs/share/arm_msgs/cmake/ament_cmake_export_include_directories-extras.cmake\n'}
[11.354726] (arm_msgs) StdoutLine: {'line': b'-- Up-to-date: /home/ros/arm_ws/install/arm_msgs/share/arm_msgs/cmake/ament_cmake_export_libraries-extras.cmake\n'}
[11.355233] (arm_msgs) StdoutLine: {'line': b'-- Up-to-date: /home/ros/arm_ws/install/arm_msgs/share/arm_msgs/cmake/ament_cmake_export_targets-extras.cmake\n'}
[11.355374] (arm_msgs) StdoutLine: {'line': b'-- Up-to-date: /home/ros/arm_ws/install/arm_msgs/share/arm_msgs/cmake/rosidl_cmake_export_typesupport_targets-extras.cmake\n'}
[11.355501] (arm_msgs) StdoutLine: {'line': b'-- Up-to-date: /home/ros/arm_ws/install/arm_msgs/share/arm_msgs/cmake/rosidl_cmake_export_typesupport_libraries-extras.cmake\n'}
[11.355682] (arm_msgs) StdoutLine: {'line': b'-- Up-to-date: /home/ros/arm_ws/install/arm_msgs/share/arm_msgs/cmake/arm_msgsConfig.cmake\n'}
[11.360001] (arm_msgs) StdoutLine: {'line': b'-- Up-to-date: /home/ros/arm_ws/install/arm_msgs/share/arm_msgs/cmake/arm_msgsConfig-version.cmake\n'}
[11.360418] (arm_msgs) StdoutLine: {'line': b'-- Up-to-date: /home/ros/arm_ws/install/arm_msgs/share/arm_msgs/package.xml\n'}
[11.360556] (arm_msgs) CommandEnded: {'returncode': 0}
[11.378636] (arm_firmware) StdoutLine: {'line': b'[ 50%] Built target simple_serial_receiver\n'}
[11.412993] (-) TimerEvent: {}
[11.516242] (-) TimerEvent: {}
[11.595069] (arm_firmware) StdoutLine: {'line': b'[100%] Built target simple_serial_transmitter\n'}
[11.616658] (-) TimerEvent: {}
[11.721013] (-) TimerEvent: {}
[11.822937] (-) TimerEvent: {}
[11.926950] (-) TimerEvent: {}
[12.027754] (-) TimerEvent: {}
[12.129972] (-) TimerEvent: {}
[12.231960] (-) TimerEvent: {}
[12.332871] (-) TimerEvent: {}
[12.433829] (-) TimerEvent: {}
[12.535992] (-) TimerEvent: {}
[12.636675] (-) TimerEvent: {}
[12.742164] (-) TimerEvent: {}
[12.842611] (-) TimerEvent: {}
[12.943264] (-) TimerEvent: {}
[13.050227] (-) TimerEvent: {}
[13.152733] (-) TimerEvent: {}
[13.260022] (-) TimerEvent: {}
[13.361022] (-) TimerEvent: {}
[13.462959] (-) TimerEvent: {}
[13.566153] (-) TimerEvent: {}
[13.574035] (arm_firmware) StdoutLine: {'line': b'running egg_info\n'}
[13.579993] (arm_firmware) StdoutLine: {'line': b'writing arm_firmware.egg-info/PKG-INFO\n'}
[13.580582] (arm_firmware) StdoutLine: {'line': b'writing dependency_links to arm_firmware.egg-info/dependency_links.txt\n'}
[13.584954] (arm_firmware) StdoutLine: {'line': b'writing top-level names to arm_firmware.egg-info/top_level.txt\n'}
[13.603765] (arm_firmware) StdoutLine: {'line': b"reading manifest file 'arm_firmware.egg-info/SOURCES.txt'\n"}
[13.610968] (arm_firmware) StdoutLine: {'line': b"writing manifest file 'arm_firmware.egg-info/SOURCES.txt'\n"}
[13.669784] (-) TimerEvent: {}
[13.731894] (arm_msgs) JobEnded: {'identifier': 'arm_msgs', 'rc': 0}
[13.739948] (arm_moveit) JobStarted: {'identifier': 'arm_moveit'}
[13.770990] (-) TimerEvent: {}
[13.815090] (arm_firmware) StdoutLine: {'line': b'[100%] Built target ament_cmake_python_build_arm_firmware_egg\n'}
[13.844129] (arm_moveit) JobProgress: {'identifier': 'arm_moveit', 'progress': 'cmake'}
[13.845949] (arm_moveit) JobProgress: {'identifier': 'arm_moveit', 'progress': 'build'}
[13.855030] (arm_moveit) Command: {'cmd': ['/usr/bin/cmake', '--build', '/home/ros/arm_ws/build/arm_moveit', '--', '-j2', '-l2'], 'cwd': '/home/ros/arm_ws/build/arm_moveit', 'env': OrderedDict([('LESSOPEN', '| /usr/bin/lesspipe %s'), ('LANGUAGE', 'en_US:'), ('USER', 'ros'), ('LC_TIME', 'es_CO.UTF-8'), ('XDG_SESSION_TYPE', 'x11'), ('SHLVL', '1'), ('LD_LIBRARY_PATH', '/home/ros/arm_ws/install/arm_remote/lib:/home/ros/arm_ws/install/arm_cpp_examples/lib:/home/ros/arm_ws/install/arm_msgs/lib:/home/ros/arm_ws/install/arm_controller/lib:/usr/lib/x86_64-linux-gnu/gazebo-11/plugins:/opt/ros/humble/opt/rviz_ogre_vendor/lib:/opt/ros/humble/lib/x86_64-linux-gnu:/opt/ros/humble/lib'), ('HOME', '/home/ros'), ('OLDPWD', '/home/ros'), ('DESKTOP_SESSION', 'ubuntu-xorg'), ('ROS_PYTHON_VERSION', '3'), ('GNOME_SHELL_SESSION_MODE', 'ubuntu'), ('GTK_MODULES', 'gail:atk-bridge'), ('LC_MONETARY', 'es_CO.UTF-8'), ('MANAGERPID', '1022'), ('SYSTEMD_EXEC_PID', '1648'), ('DBUS_SESSION_BUS_ADDRESS', 'unix:path=/run/user/1000/bus'), ('COLORTERM', 'truecolor'), ('TERMINATOR_DBUS_NAME', 'net.tenshu.Terminator21a9d5db22c73a993ff0b42f64b396873'), ('GIO_LAUNCHED_DESKTOP_FILE_PID', '5308'), ('COLCON_PREFIX_PATH', '/home/ros/arm_ws/install'), ('ROS_DISTRO', 'humble'), ('GTK_IM_MODULE', 'ibus'), ('LOGNAME', 'ros'), ('JOURNAL_STREAM', '8:21986'), ('_', '/usr/bin/colcon'), ('ROS_VERSION', '2'), ('XDG_SESSION_CLASS', 'user'), ('USERNAME', 'ros'), ('TERM', 'xterm-256color'), ('GNOME_DESKTOP_SESSION_ID', 'this-is-deprecated'), ('ROS_LOCALHOST_ONLY', '0'), ('WINDOWPATH', '2'), ('PATH', '/opt/ros/humble/bin:/home/ros/.local/bin:/usr/local/sbin:/usr/local/bin:/usr/sbin:/usr/bin:/sbin:/bin:/usr/games:/usr/local/games:/snap/bin:/snap/bin'), ('SESSION_MANAGER', 'local/ros-virtual-machine:@/tmp/.ICE-unix/1380,unix/ros-virtual-machine:/tmp/.ICE-unix/1380'), ('INVOCATION_ID', 'edc79796a9204906952502603e82de6b'), ('XDG_MENU_PREFIX', 'gnome-'), ('LC_ADDRESS', 'es_CO.UTF-8'), ('XDG_RUNTIME_DIR', '/run/user/1000'), ('DISPLAY', ':0'), ('TERMINATOR_DBUS_PATH', '/net/tenshu/Terminator2'), ('LANG', 'en_US.UTF-8'), ('XDG_CURRENT_DESKTOP', 'ubuntu:GNOME'), ('IBUS_DISABLE_SNOOPER', '1'), ('LC_TELEPHONE', 'es_CO.UTF-8'), ('XMODIFIERS', '@im=ibus'), ('XDG_SESSION_DESKTOP', 'ubuntu-xorg'), ('XAUTHORITY', '/run/user/1000/gdm/Xauthority'), ('LS_COLORS', 'rs=0:di=01;34:ln=01;36:mh=00:pi=40;33:so=01;35:do=01;35:bd=40;33;01:cd=40;33;01:or=40;31;01:mi=00:su=37;41:sg=30;43:ca=30;41:tw=30;42:ow=34;42:st=37;44:ex=01;32:*.tar=01;31:*.tgz=01;31:*.arc=01;31:*.arj=01;31:*.taz=01;31:*.lha=01;31:*.lz4=01;31:*.lzh=01;31:*.lzma=01;31:*.tlz=01;31:*.txz=01;31:*.tzo=01;31:*.t7z=01;31:*.zip=01;31:*.z=01;31:*.dz=01;31:*.gz=01;31:*.lrz=01;31:*.lz=01;31:*.lzo=01;31:*.xz=01;31:*.zst=01;31:*.tzst=01;31:*.bz2=01;31:*.bz=01;31:*.tbz=01;31:*.tbz2=01;31:*.tz=01;31:*.deb=01;31:*.rpm=01;31:*.jar=01;31:*.war=01;31:*.ear=01;31:*.sar=01;31:*.rar=01;31:*.alz=01;31:*.ace=01;31:*.zoo=01;31:*.cpio=01;31:*.7z=01;31:*.rz=01;31:*.cab=01;31:*.wim=01;31:*.swm=01;31:*.dwm=01;31:*.esd=01;31:*.jpg=01;35:*.jpeg=01;35:*.mjpg=01;35:*.mjpeg=01;35:*.gif=01;35:*.bmp=01;35:*.pbm=01;35:*.pgm=01;35:*.ppm=01;35:*.tga=01;35:*.xbm=01;35:*.xpm=01;35:*.tif=01;35:*.tiff=01;35:*.png=01;35:*.svg=01;35:*.svgz=01;35:*.mng=01;35:*.pcx=01;35:*.mov=01;35:*.mpg=01;35:*.mpeg=01;35:*.m2v=01;35:*.mkv=01;35:*.webm=01;35:*.webp=01;35:*.ogm=01;35:*.mp4=01;35:*.m4v=01;35:*.mp4v=01;35:*.vob=01;35:*.qt=01;35:*.nuv=01;35:*.wmv=01;35:*.asf=01;35:*.rm=01;35:*.rmvb=01;35:*.flc=01;35:*.avi=01;35:*.fli=01;35:*.flv=01;35:*.gl=01;35:*.dl=01;35:*.xcf=01;35:*.xwd=01;35:*.yuv=01;35:*.cgm=01;35:*.emf=01;35:*.ogv=01;35:*.ogx=01;35:*.aac=00;36:*.au=00;36:*.flac=00;36:*.m4a=00;36:*.mid=00;36:*.midi=00;36:*.mka=00;36:*.mp3=00;36:*.mpc=00;36:*.ogg=00;36:*.ra=00;36:*.wav=00;36:*.oga=00;36:*.opus=00;36:*.spx=00;36:*.xspf=00;36:'), ('SSH_AGENT_LAUNCHER', 'gnome-keyring'), ('SSH_AUTH_SOCK', '/run/user/1000/keyring/ssh'), ('AMENT_PREFIX_PATH', '/home/ros/arm_ws/install/arm_utils:/home/ros/arm_ws/install/arm_remote:/home/ros/arm_ws/install/arm_py_examples:/home/ros/arm_ws/install/arm_cpp_examples:/home/ros/arm_ws/install/arm_msgs:/home/ros/arm_ws/install/arm_moveit:/home/ros/arm_ws/install/arm_firmware:/home/ros/arm_ws/install/arm_description:/home/ros/arm_ws/install/arm_controller:/home/ros/arm_ws/install/arm_bringup:/opt/ros/humble'), ('SHELL', '/bin/bash'), ('LC_NAME', 'es_CO.UTF-8'), ('TERMINATOR_UUID', 'urn:uuid:3dc62beb-5acd-4d96-bb8e-eacca3db12ac'), ('QT_ACCESSIBILITY', '1'), ('GDMSESSION', 'ubuntu-xorg'), ('LESSCLOSE', '/usr/bin/lesspipe %s %s'), ('LC_MEASUREMENT', 'es_CO.UTF-8'), ('GPG_AGENT_INFO', '/run/user/1000/gnupg/S.gpg-agent:0:1'), ('LC_IDENTIFICATION', 'es_CO.UTF-8'), ('QT_IM_MODULE', 'ibus'), ('PWD', '/home/ros/arm_ws/build/arm_moveit'), ('LC_ALL', 'en_US.UTF-8'), ('XDG_CONFIG_DIRS', '/etc/xdg/xdg-ubuntu-xorg:/etc/xdg'), ('XDG_DATA_DIRS', '/usr/share/ubuntu-xorg:/usr/share/gnome:/usr/local/share/:/usr/share/:/var/lib/snapd/desktop'), ('PYTHONPATH', '/home/ros/arm_ws/install/arm_utils/local/lib/python3.10/dist-packages:/home/ros/arm_ws/install/arm_remote/local/lib/python3.10/dist-packages:/home/ros/arm_ws/install/arm_py_examples/lib/python3.10/site-packages:/home/ros/arm_ws/install/arm_msgs/local/lib/python3.10/dist-packages:/home/ros/arm_ws/install/arm_firmware/local/lib/python3.10/dist-packages:/home/ros/arm_ws/install/arm_controller/local/lib/python3.10/dist-packages:/opt/ros/humble/lib/python3.10/site-packages:/opt/ros/humble/local/lib/python3.10/dist-packages'), ('LC_NUMERIC', 'es_CO.UTF-8'), ('LC_PAPER', 'es_CO.UTF-8'), ('COLCON', '1'), ('VTE_VERSION', '6800'), ('CMAKE_PREFIX_PATH', '/home/ros/arm_ws/install/arm_utils:/home/ros/arm_ws/install/arm_remote:/home/ros/arm_ws/install/arm_cpp_examples:/home/ros/arm_ws/install/arm_msgs:/home/ros/arm_ws/install/arm_moveit:/home/ros/arm_ws/install/arm_firmware:/home/ros/arm_ws/install/arm_description:/home/ros/arm_ws/install/arm_controller:/home/ros/arm_ws/install/arm_bringup:/home/ros/arm_ws/install/arm_py_examples:/opt/ros/humble')]), 'shell': False}
[13.873033] (-) TimerEvent: {}
[13.889996] (arm_firmware) CommandEnded: {'returncode': 0}
[13.973176] (-) TimerEvent: {}
[14.082957] (-) TimerEvent: {}
[14.186180] (-) TimerEvent: {}
[14.273952] (arm_moveit) CommandEnded: {'returncode': 0}
[14.289996] (-) TimerEvent: {}
[14.331133] (arm_firmware) JobProgress: {'identifier': 'arm_firmware', 'progress': 'install'}
[14.331718] (arm_firmware) Command: {'cmd': ['/usr/bin/cmake', '--install', '/home/ros/arm_ws/build/arm_firmware'], 'cwd': '/home/ros/arm_ws/build/arm_firmware', 'env': OrderedDict([('LESSOPEN', '| /usr/bin/lesspipe %s'), ('LANGUAGE', 'en_US:'), ('USER', 'ros'), ('LC_TIME', 'es_CO.UTF-8'), ('XDG_SESSION_TYPE', 'x11'), ('SHLVL', '1'), ('LD_LIBRARY_PATH', '/home/ros/arm_ws/install/arm_remote/lib:/home/ros/arm_ws/install/arm_cpp_examples/lib:/home/ros/arm_ws/install/arm_msgs/lib:/home/ros/arm_ws/install/arm_controller/lib:/usr/lib/x86_64-linux-gnu/gazebo-11/plugins:/opt/ros/humble/opt/rviz_ogre_vendor/lib:/opt/ros/humble/lib/x86_64-linux-gnu:/opt/ros/humble/lib'), ('HOME', '/home/ros'), ('OLDPWD', '/home/ros'), ('DESKTOP_SESSION', 'ubuntu-xorg'), ('ROS_PYTHON_VERSION', '3'), ('GNOME_SHELL_SESSION_MODE', 'ubuntu'), ('GTK_MODULES', 'gail:atk-bridge'), ('LC_MONETARY', 'es_CO.UTF-8'), ('MANAGERPID', '1022'), ('SYSTEMD_EXEC_PID', '1648'), ('DBUS_SESSION_BUS_ADDRESS', 'unix:path=/run/user/1000/bus'), ('COLORTERM', 'truecolor'), ('TERMINATOR_DBUS_NAME', 'net.tenshu.Terminator21a9d5db22c73a993ff0b42f64b396873'), ('GIO_LAUNCHED_DESKTOP_FILE_PID', '5308'), ('COLCON_PREFIX_PATH', '/home/ros/arm_ws/install'), ('ROS_DISTRO', 'humble'), ('GTK_IM_MODULE', 'ibus'), ('LOGNAME', 'ros'), ('JOURNAL_STREAM', '8:21986'), ('_', '/usr/bin/colcon'), ('ROS_VERSION', '2'), ('XDG_SESSION_CLASS', 'user'), ('USERNAME', 'ros'), ('TERM', 'xterm-256color'), ('GNOME_DESKTOP_SESSION_ID', 'this-is-deprecated'), ('ROS_LOCALHOST_ONLY', '0'), ('WINDOWPATH', '2'), ('PATH', '/opt/ros/humble/bin:/home/ros/.local/bin:/usr/local/sbin:/usr/local/bin:/usr/sbin:/usr/bin:/sbin:/bin:/usr/games:/usr/local/games:/snap/bin:/snap/bin'), ('SESSION_MANAGER', 'local/ros-virtual-machine:@/tmp/.ICE-unix/1380,unix/ros-virtual-machine:/tmp/.ICE-unix/1380'), ('INVOCATION_ID', 'edc79796a9204906952502603e82de6b'), ('XDG_MENU_PREFIX', 'gnome-'), ('LC_ADDRESS', 'es_CO.UTF-8'), ('XDG_RUNTIME_DIR', '/run/user/1000'), ('DISPLAY', ':0'), ('TERMINATOR_DBUS_PATH', '/net/tenshu/Terminator2'), ('LANG', 'en_US.UTF-8'), ('XDG_CURRENT_DESKTOP', 'ubuntu:GNOME'), ('IBUS_DISABLE_SNOOPER', '1'), ('LC_TELEPHONE', 'es_CO.UTF-8'), ('XMODIFIERS', '@im=ibus'), ('XDG_SESSION_DESKTOP', 'ubuntu-xorg'), ('XAUTHORITY', '/run/user/1000/gdm/Xauthority'), ('LS_COLORS', 'rs=0:di=01;34:ln=01;36:mh=00:pi=40;33:so=01;35:do=01;35:bd=40;33;01:cd=40;33;01:or=40;31;01:mi=00:su=37;41:sg=30;43:ca=30;41:tw=30;42:ow=34;42:st=37;44:ex=01;32:*.tar=01;31:*.tgz=01;31:*.arc=01;31:*.arj=01;31:*.taz=01;31:*.lha=01;31:*.lz4=01;31:*.lzh=01;31:*.lzma=01;31:*.tlz=01;31:*.txz=01;31:*.tzo=01;31:*.t7z=01;31:*.zip=01;31:*.z=01;31:*.dz=01;31:*.gz=01;31:*.lrz=01;31:*.lz=01;31:*.lzo=01;31:*.xz=01;31:*.zst=01;31:*.tzst=01;31:*.bz2=01;31:*.bz=01;31:*.tbz=01;31:*.tbz2=01;31:*.tz=01;31:*.deb=01;31:*.rpm=01;31:*.jar=01;31:*.war=01;31:*.ear=01;31:*.sar=01;31:*.rar=01;31:*.alz=01;31:*.ace=01;31:*.zoo=01;31:*.cpio=01;31:*.7z=01;31:*.rz=01;31:*.cab=01;31:*.wim=01;31:*.swm=01;31:*.dwm=01;31:*.esd=01;31:*.jpg=01;35:*.jpeg=01;35:*.mjpg=01;35:*.mjpeg=01;35:*.gif=01;35:*.bmp=01;35:*.pbm=01;35:*.pgm=01;35:*.ppm=01;35:*.tga=01;35:*.xbm=01;35:*.xpm=01;35:*.tif=01;35:*.tiff=01;35:*.png=01;35:*.svg=01;35:*.svgz=01;35:*.mng=01;35:*.pcx=01;35:*.mov=01;35:*.mpg=01;35:*.mpeg=01;35:*.m2v=01;35:*.mkv=01;35:*.webm=01;35:*.webp=01;35:*.ogm=01;35:*.mp4=01;35:*.m4v=01;35:*.mp4v=01;35:*.vob=01;35:*.qt=01;35:*.nuv=01;35:*.wmv=01;35:*.asf=01;35:*.rm=01;35:*.rmvb=01;35:*.flc=01;35:*.avi=01;35:*.fli=01;35:*.flv=01;35:*.gl=01;35:*.dl=01;35:*.xcf=01;35:*.xwd=01;35:*.yuv=01;35:*.cgm=01;35:*.emf=01;35:*.ogv=01;35:*.ogx=01;35:*.aac=00;36:*.au=00;36:*.flac=00;36:*.m4a=00;36:*.mid=00;36:*.midi=00;36:*.mka=00;36:*.mp3=00;36:*.mpc=00;36:*.ogg=00;36:*.ra=00;36:*.wav=00;36:*.oga=00;36:*.opus=00;36:*.spx=00;36:*.xspf=00;36:'), ('SSH_AGENT_LAUNCHER', 'gnome-keyring'), ('SSH_AUTH_SOCK', '/run/user/1000/keyring/ssh'), ('AMENT_PREFIX_PATH', '/home/ros/arm_ws/install/arm_utils:/home/ros/arm_ws/install/arm_remote:/home/ros/arm_ws/install/arm_py_examples:/home/ros/arm_ws/install/arm_cpp_examples:/home/ros/arm_ws/install/arm_msgs:/home/ros/arm_ws/install/arm_moveit:/home/ros/arm_ws/install/arm_firmware:/home/ros/arm_ws/install/arm_description:/home/ros/arm_ws/install/arm_controller:/home/ros/arm_ws/install/arm_bringup:/opt/ros/humble'), ('SHELL', '/bin/bash'), ('LC_NAME', 'es_CO.UTF-8'), ('TERMINATOR_UUID', 'urn:uuid:3dc62beb-5acd-4d96-bb8e-eacca3db12ac'), ('QT_ACCESSIBILITY', '1'), ('GDMSESSION', 'ubuntu-xorg'), ('LESSCLOSE', '/usr/bin/lesspipe %s %s'), ('LC_MEASUREMENT', 'es_CO.UTF-8'), ('GPG_AGENT_INFO', '/run/user/1000/gnupg/S.gpg-agent:0:1'), ('LC_IDENTIFICATION', 'es_CO.UTF-8'), ('QT_IM_MODULE', 'ibus'), ('PWD', '/home/ros/arm_ws/build/arm_firmware'), ('LC_ALL', 'en_US.UTF-8'), ('XDG_CONFIG_DIRS', '/etc/xdg/xdg-ubuntu-xorg:/etc/xdg'), ('XDG_DATA_DIRS', '/usr/share/ubuntu-xorg:/usr/share/gnome:/usr/local/share/:/usr/share/:/var/lib/snapd/desktop'), ('PYTHONPATH', '/home/ros/arm_ws/install/arm_utils/local/lib/python3.10/dist-packages:/home/ros/arm_ws/install/arm_remote/local/lib/python3.10/dist-packages:/home/ros/arm_ws/install/arm_py_examples/lib/python3.10/site-packages:/home/ros/arm_ws/install/arm_msgs/local/lib/python3.10/dist-packages:/home/ros/arm_ws/install/arm_firmware/local/lib/python3.10/dist-packages:/home/ros/arm_ws/install/arm_controller/local/lib/python3.10/dist-packages:/opt/ros/humble/lib/python3.10/site-packages:/opt/ros/humble/local/lib/python3.10/dist-packages'), ('LC_NUMERIC', 'es_CO.UTF-8'), ('LC_PAPER', 'es_CO.UTF-8'), ('COLCON', '1'), ('VTE_VERSION', '6800'), ('CMAKE_PREFIX_PATH', '/home/ros/arm_ws/install/arm_utils:/home/ros/arm_ws/install/arm_remote:/home/ros/arm_ws/install/arm_cpp_examples:/home/ros/arm_ws/install/arm_msgs:/home/ros/arm_ws/install/arm_moveit:/home/ros/arm_ws/install/arm_firmware:/home/ros/arm_ws/install/arm_description:/home/ros/arm_ws/install/arm_controller:/home/ros/arm_ws/install/arm_bringup:/home/ros/arm_ws/install/arm_py_examples:/opt/ros/humble')]), 'shell': False}
[14.371814] (arm_firmware) StdoutLine: {'line': b'-- Install configuration: ""\n'}
[14.374963] (arm_firmware) StdoutLine: {'line': b'-- Up-to-date: /home/ros/arm_ws/install/arm_firmware/share/arm_firmware/environment/pythonpath.sh\n'}
[14.375142] (arm_firmware) StdoutLine: {'line': b'-- Up-to-date: /home/ros/arm_ws/install/arm_firmware/share/arm_firmware/environment/pythonpath.dsv\n'}
[14.375257] (arm_firmware) StdoutLine: {'line': b'-- Up-to-date: /home/ros/arm_ws/install/arm_firmware/local/lib/python3.10/dist-packages/arm_firmware-0.0.0-py3.10.egg-info\n'}
[14.375364] (arm_firmware) StdoutLine: {'line': b'-- Installing: /home/ros/arm_ws/install/arm_firmware/local/lib/python3.10/dist-packages/arm_firmware-0.0.0-py3.10.egg-info/dependency_links.txt\n'}
[14.375468] (arm_firmware) StdoutLine: {'line': b'-- Installing: /home/ros/arm_ws/install/arm_firmware/local/lib/python3.10/dist-packages/arm_firmware-0.0.0-py3.10.egg-info/SOURCES.txt\n'}
[14.375569] (arm_firmware) StdoutLine: {'line': b'-- Installing: /home/ros/arm_ws/install/arm_firmware/local/lib/python3.10/dist-packages/arm_firmware-0.0.0-py3.10.egg-info/PKG-INFO\n'}
[14.378362] (arm_firmware) StdoutLine: {'line': b'-- Installing: /home/ros/arm_ws/install/arm_firmware/local/lib/python3.10/dist-packages/arm_firmware-0.0.0-py3.10.egg-info/top_level.txt\n'}
[14.378637] (arm_firmware) StdoutLine: {'line': b'-- Up-to-date: /home/ros/arm_ws/install/arm_firmware/local/lib/python3.10/dist-packages/arm_firmware\n'}
[14.378813] (arm_firmware) StdoutLine: {'line': b'-- Up-to-date: /home/ros/arm_ws/install/arm_firmware/local/lib/python3.10/dist-packages/arm_firmware/simple_serial_transmitter.py\n'}
[14.381173] (arm_firmware) StdoutLine: {'line': b'-- Up-to-date: /home/ros/arm_ws/install/arm_firmware/local/lib/python3.10/dist-packages/arm_firmware/__init__.py\n'}
[14.381305] (arm_firmware) StdoutLine: {'line': b'-- Up-to-date: /home/ros/arm_ws/install/arm_firmware/local/lib/python3.10/dist-packages/arm_firmware/simple_serial_receiver.py\n'}
[14.391955] (-) TimerEvent: {}
[14.496628] (-) TimerEvent: {}
[14.568629] (arm_moveit) JobProgress: {'identifier': 'arm_moveit', 'progress': 'install'}
[14.572069] (arm_moveit) Command: {'cmd': ['/usr/bin/cmake', '--install', '/home/ros/arm_ws/build/arm_moveit'], 'cwd': '/home/ros/arm_ws/build/arm_moveit', 'env': OrderedDict([('LESSOPEN', '| /usr/bin/lesspipe %s'), ('LANGUAGE', 'en_US:'), ('USER', 'ros'), ('LC_TIME', 'es_CO.UTF-8'), ('XDG_SESSION_TYPE', 'x11'), ('SHLVL', '1'), ('LD_LIBRARY_PATH', '/home/ros/arm_ws/install/arm_remote/lib:/home/ros/arm_ws/install/arm_cpp_examples/lib:/home/ros/arm_ws/install/arm_msgs/lib:/home/ros/arm_ws/install/arm_controller/lib:/usr/lib/x86_64-linux-gnu/gazebo-11/plugins:/opt/ros/humble/opt/rviz_ogre_vendor/lib:/opt/ros/humble/lib/x86_64-linux-gnu:/opt/ros/humble/lib'), ('HOME', '/home/ros'), ('OLDPWD', '/home/ros'), ('DESKTOP_SESSION', 'ubuntu-xorg'), ('ROS_PYTHON_VERSION', '3'), ('GNOME_SHELL_SESSION_MODE', 'ubuntu'), ('GTK_MODULES', 'gail:atk-bridge'), ('LC_MONETARY', 'es_CO.UTF-8'), ('MANAGERPID', '1022'), ('SYSTEMD_EXEC_PID', '1648'), ('DBUS_SESSION_BUS_ADDRESS', 'unix:path=/run/user/1000/bus'), ('COLORTERM', 'truecolor'), ('TERMINATOR_DBUS_NAME', 'net.tenshu.Terminator21a9d5db22c73a993ff0b42f64b396873'), ('GIO_LAUNCHED_DESKTOP_FILE_PID', '5308'), ('COLCON_PREFIX_PATH', '/home/ros/arm_ws/install'), ('ROS_DISTRO', 'humble'), ('GTK_IM_MODULE', 'ibus'), ('LOGNAME', 'ros'), ('JOURNAL_STREAM', '8:21986'), ('_', '/usr/bin/colcon'), ('ROS_VERSION', '2'), ('XDG_SESSION_CLASS', 'user'), ('USERNAME', 'ros'), ('TERM', 'xterm-256color'), ('GNOME_DESKTOP_SESSION_ID', 'this-is-deprecated'), ('ROS_LOCALHOST_ONLY', '0'), ('WINDOWPATH', '2'), ('PATH', '/opt/ros/humble/bin:/home/ros/.local/bin:/usr/local/sbin:/usr/local/bin:/usr/sbin:/usr/bin:/sbin:/bin:/usr/games:/usr/local/games:/snap/bin:/snap/bin'), ('SESSION_MANAGER', 'local/ros-virtual-machine:@/tmp/.ICE-unix/1380,unix/ros-virtual-machine:/tmp/.ICE-unix/1380'), ('INVOCATION_ID', 'edc79796a9204906952502603e82de6b'), ('XDG_MENU_PREFIX', 'gnome-'), ('LC_ADDRESS', 'es_CO.UTF-8'), ('XDG_RUNTIME_DIR', '/run/user/1000'), ('DISPLAY', ':0'), ('TERMINATOR_DBUS_PATH', '/net/tenshu/Terminator2'), ('LANG', 'en_US.UTF-8'), ('XDG_CURRENT_DESKTOP', 'ubuntu:GNOME'), ('IBUS_DISABLE_SNOOPER', '1'), ('LC_TELEPHONE', 'es_CO.UTF-8'), ('XMODIFIERS', '@im=ibus'), ('XDG_SESSION_DESKTOP', 'ubuntu-xorg'), ('XAUTHORITY', '/run/user/1000/gdm/Xauthority'), ('LS_COLORS', 'rs=0:di=01;34:ln=01;36:mh=00:pi=40;33:so=01;35:do=01;35:bd=40;33;01:cd=40;33;01:or=40;31;01:mi=00:su=37;41:sg=30;43:ca=30;41:tw=30;42:ow=34;42:st=37;44:ex=01;32:*.tar=01;31:*.tgz=01;31:*.arc=01;31:*.arj=01;31:*.taz=01;31:*.lha=01;31:*.lz4=01;31:*.lzh=01;31:*.lzma=01;31:*.tlz=01;31:*.txz=01;31:*.tzo=01;31:*.t7z=01;31:*.zip=01;31:*.z=01;31:*.dz=01;31:*.gz=01;31:*.lrz=01;31:*.lz=01;31:*.lzo=01;31:*.xz=01;31:*.zst=01;31:*.tzst=01;31:*.bz2=01;31:*.bz=01;31:*.tbz=01;31:*.tbz2=01;31:*.tz=01;31:*.deb=01;31:*.rpm=01;31:*.jar=01;31:*.war=01;31:*.ear=01;31:*.sar=01;31:*.rar=01;31:*.alz=01;31:*.ace=01;31:*.zoo=01;31:*.cpio=01;31:*.7z=01;31:*.rz=01;31:*.cab=01;31:*.wim=01;31:*.swm=01;31:*.dwm=01;31:*.esd=01;31:*.jpg=01;35:*.jpeg=01;35:*.mjpg=01;35:*.mjpeg=01;35:*.gif=01;35:*.bmp=01;35:*.pbm=01;35:*.pgm=01;35:*.ppm=01;35:*.tga=01;35:*.xbm=01;35:*.xpm=01;35:*.tif=01;35:*.tiff=01;35:*.png=01;35:*.svg=01;35:*.svgz=01;35:*.mng=01;35:*.pcx=01;35:*.mov=01;35:*.mpg=01;35:*.mpeg=01;35:*.m2v=01;35:*.mkv=01;35:*.webm=01;35:*.webp=01;35:*.ogm=01;35:*.mp4=01;35:*.m4v=01;35:*.mp4v=01;35:*.vob=01;35:*.qt=01;35:*.nuv=01;35:*.wmv=01;35:*.asf=01;35:*.rm=01;35:*.rmvb=01;35:*.flc=01;35:*.avi=01;35:*.fli=01;35:*.flv=01;35:*.gl=01;35:*.dl=01;35:*.xcf=01;35:*.xwd=01;35:*.yuv=01;35:*.cgm=01;35:*.emf=01;35:*.ogv=01;35:*.ogx=01;35:*.aac=00;36:*.au=00;36:*.flac=00;36:*.m4a=00;36:*.mid=00;36:*.midi=00;36:*.mka=00;36:*.mp3=00;36:*.mpc=00;36:*.ogg=00;36:*.ra=00;36:*.wav=00;36:*.oga=00;36:*.opus=00;36:*.spx=00;36:*.xspf=00;36:'), ('SSH_AGENT_LAUNCHER', 'gnome-keyring'), ('SSH_AUTH_SOCK', '/run/user/1000/keyring/ssh'), ('AMENT_PREFIX_PATH', '/home/ros/arm_ws/install/arm_utils:/home/ros/arm_ws/install/arm_remote:/home/ros/arm_ws/install/arm_py_examples:/home/ros/arm_ws/install/arm_cpp_examples:/home/ros/arm_ws/install/arm_msgs:/home/ros/arm_ws/install/arm_moveit:/home/ros/arm_ws/install/arm_firmware:/home/ros/arm_ws/install/arm_description:/home/ros/arm_ws/install/arm_controller:/home/ros/arm_ws/install/arm_bringup:/opt/ros/humble'), ('SHELL', '/bin/bash'), ('LC_NAME', 'es_CO.UTF-8'), ('TERMINATOR_UUID', 'urn:uuid:3dc62beb-5acd-4d96-bb8e-eacca3db12ac'), ('QT_ACCESSIBILITY', '1'), ('GDMSESSION', 'ubuntu-xorg'), ('LESSCLOSE', '/usr/bin/lesspipe %s %s'), ('LC_MEASUREMENT', 'es_CO.UTF-8'), ('GPG_AGENT_INFO', '/run/user/1000/gnupg/S.gpg-agent:0:1'), ('LC_IDENTIFICATION', 'es_CO.UTF-8'), ('QT_IM_MODULE', 'ibus'), ('PWD', '/home/ros/arm_ws/build/arm_moveit'), ('LC_ALL', 'en_US.UTF-8'), ('XDG_CONFIG_DIRS', '/etc/xdg/xdg-ubuntu-xorg:/etc/xdg'), ('XDG_DATA_DIRS', '/usr/share/ubuntu-xorg:/usr/share/gnome:/usr/local/share/:/usr/share/:/var/lib/snapd/desktop'), ('PYTHONPATH', '/home/ros/arm_ws/install/arm_utils/local/lib/python3.10/dist-packages:/home/ros/arm_ws/install/arm_remote/local/lib/python3.10/dist-packages:/home/ros/arm_ws/install/arm_py_examples/lib/python3.10/site-packages:/home/ros/arm_ws/install/arm_msgs/local/lib/python3.10/dist-packages:/home/ros/arm_ws/install/arm_firmware/local/lib/python3.10/dist-packages:/home/ros/arm_ws/install/arm_controller/local/lib/python3.10/dist-packages:/opt/ros/humble/lib/python3.10/site-packages:/opt/ros/humble/local/lib/python3.10/dist-packages'), ('LC_NUMERIC', 'es_CO.UTF-8'), ('LC_PAPER', 'es_CO.UTF-8'), ('COLCON', '1'), ('VTE_VERSION', '6800'), ('CMAKE_PREFIX_PATH', '/home/ros/arm_ws/install/arm_utils:/home/ros/arm_ws/install/arm_remote:/home/ros/arm_ws/install/arm_cpp_examples:/home/ros/arm_ws/install/arm_msgs:/home/ros/arm_ws/install/arm_moveit:/home/ros/arm_ws/install/arm_firmware:/home/ros/arm_ws/install/arm_description:/home/ros/arm_ws/install/arm_controller:/home/ros/arm_ws/install/arm_bringup:/home/ros/arm_ws/install/arm_py_examples:/opt/ros/humble')]), 'shell': False}
[14.577349] (arm_firmware) StdoutLine: {'line': b"Listing '/home/ros/arm_ws/install/arm_firmware/local/lib/python3.10/dist-packages/arm_firmware'...\n"}
[14.588031] (arm_firmware) StdoutLine: {'line': b'-- Up-to-date: /home/ros/arm_ws/install/arm_firmware/lib/arm_firmware/simple_serial_receiver\n'}
[14.588558] (arm_firmware) StdoutLine: {'line': b'-- Up-to-date: /home/ros/arm_ws/install/arm_firmware/lib/arm_firmware/simple_serial_transmitter\n'}
[14.591030] (arm_firmware) StdoutLine: {'line': b'-- Up-to-date: /home/ros/arm_ws/install/arm_firmware/lib/arm_firmware/simple_serial_transmitter.py\n'}
[14.591272] (arm_firmware) StdoutLine: {'line': b'-- Up-to-date: /home/ros/arm_ws/install/arm_firmware/lib/arm_firmware/simple_serial_receiver.py\n'}
[14.591453] (arm_firmware) StdoutLine: {'line': b'-- Up-to-date: /home/ros/arm_ws/install/arm_firmware/share/ament_index/resource_index/package_run_dependencies/arm_firmware\n'}
[14.591622] (arm_firmware) StdoutLine: {'line': b'-- Up-to-date: /home/ros/arm_ws/install/arm_firmware/share/ament_index/resource_index/parent_prefix_path/arm_firmware\n'}
[14.591790] (arm_firmware) StdoutLine: {'line': b'-- Up-to-date: /home/ros/arm_ws/install/arm_firmware/share/arm_firmware/environment/ament_prefix_path.sh\n'}
[14.596317] (arm_firmware) StdoutLine: {'line': b'-- Up-to-date: /home/ros/arm_ws/install/arm_firmware/share/arm_firmware/environment/ament_prefix_path.dsv\n'}
[14.596636] (-) TimerEvent: {}
[14.599205] (arm_firmware) StdoutLine: {'line': b'-- Up-to-date: /home/ros/arm_ws/install/arm_firmware/share/arm_firmware/environment/path.sh\n'}
[14.599585] (arm_firmware) StdoutLine: {'line': b'-- Up-to-date: /home/ros/arm_ws/install/arm_firmware/share/arm_firmware/environment/path.dsv\n'}
[14.599820] (arm_firmware) StdoutLine: {'line': b'-- Up-to-date: /home/ros/arm_ws/install/arm_firmware/share/arm_firmware/local_setup.bash\n'}
[14.600139] (arm_firmware) StdoutLine: {'line': b'-- Up-to-date: /home/ros/arm_ws/install/arm_firmware/share/arm_firmware/local_setup.sh\n'}
[14.600382] (arm_firmware) StdoutLine: {'line': b'-- Up-to-date: /home/ros/arm_ws/install/arm_firmware/share/arm_firmware/local_setup.zsh\n'}
[14.600651] (arm_firmware) StdoutLine: {'line': b'-- Up-to-date: /home/ros/arm_ws/install/arm_firmware/share/arm_firmware/local_setup.dsv\n'}
[14.600824] (arm_firmware) StdoutLine: {'line': b'-- Installing: /home/ros/arm_ws/install/arm_firmware/share/arm_firmware/package.dsv\n'}
[14.605610] (arm_firmware) StdoutLine: {'line': b'-- Up-to-date: /home/ros/arm_ws/install/arm_firmware/share/ament_index/resource_index/packages/arm_firmware\n'}
[14.605957] (arm_firmware) StdoutLine: {'line': b'-- Up-to-date: /home/ros/arm_ws/install/arm_firmware/share/arm_firmware/cmake/arm_firmwareConfig.cmake\n'}
[14.606235] (arm_firmware) StdoutLine: {'line': b'-- Up-to-date: /home/ros/arm_ws/install/arm_firmware/share/arm_firmware/cmake/arm_firmwareConfig-version.cmake\n'}
[14.606462] (arm_firmware) StdoutLine: {'line': b'-- Up-to-date: /home/ros/arm_ws/install/arm_firmware/share/arm_firmware/package.xml\n'}
[14.606730] (arm_firmware) CommandEnded: {'returncode': 0}
[14.641500] (arm_moveit) StdoutLine: {'line': b'-- Install configuration: ""\n'}
[14.643994] (arm_moveit) StdoutLine: {'line': b'-- Up-to-date: /home/ros/arm_ws/install/arm_moveit/share/arm_moveit/launch\n'}
[14.644869] (arm_moveit) StdoutLine: {'line': b'-- Up-to-date: /home/ros/arm_ws/install/arm_moveit/share/arm_moveit/launch/moveit.launch.py\n'}
[14.648232] (arm_moveit) StdoutLine: {'line': b'-- Up-to-date: /home/ros/arm_ws/install/arm_moveit/share/arm_moveit/config\n'}
[14.648451] (arm_moveit) StdoutLine: {'line': b'-- Up-to-date: /home/ros/arm_ws/install/arm_moveit/share/arm_moveit/config/initial_positions.yaml\n'}
[14.648579] (arm_moveit) StdoutLine: {'line': b'-- Up-to-date: /home/ros/arm_ws/install/arm_moveit/share/arm_moveit/config/moveit_controllers.yaml\n'}
[14.648763] (arm_moveit) StdoutLine: {'line': b'-- Up-to-date: /home/ros/arm_ws/install/arm_moveit/share/arm_moveit/config/pilz_cartesian_limits.yaml\n'}
[14.649260] (arm_moveit) StdoutLine: {'line': b'-- Up-to-date: /home/ros/arm_ws/install/arm_moveit/share/arm_moveit/config/kinematics.yaml\n'}
[14.649549] (arm_moveit) StdoutLine: {'line': b'-- Up-to-date: /home/ros/arm_ws/install/arm_moveit/share/arm_moveit/config/arm.srdf\n'}
[14.649685] (arm_moveit) StdoutLine: {'line': b'-- Up-to-date: /home/ros/arm_ws/install/arm_moveit/share/arm_moveit/config/moveit.rviz\n'}
[14.649827] (arm_moveit) StdoutLine: {'line': b'-- Up-to-date: /home/ros/arm_ws/install/arm_moveit/share/arm_moveit/config/joint_limits.yaml\n'}
[14.657648] (arm_moveit) StdoutLine: {'line': b'-- Up-to-date: /home/ros/arm_ws/install/arm_moveit/share/ament_index/resource_index/package_run_dependencies/arm_moveit\n'}
[14.658081] (arm_moveit) StdoutLine: {'line': b'-- Up-to-date: /home/ros/arm_ws/install/arm_moveit/share/ament_index/resource_index/parent_prefix_path/arm_moveit\n'}
[14.658368] (arm_moveit) StdoutLine: {'line': b'-- Up-to-date: /home/ros/arm_ws/install/arm_moveit/share/arm_moveit/environment/ament_prefix_path.sh\n'}
[14.658624] (arm_moveit) StdoutLine: {'line': b'-- Up-to-date: /home/ros/arm_ws/install/arm_moveit/share/arm_moveit/environment/ament_prefix_path.dsv\n'}
[14.659146] (arm_moveit) StdoutLine: {'line': b'-- Up-to-date: /home/ros/arm_ws/install/arm_moveit/share/arm_moveit/environment/path.sh\n'}
[14.659722] (arm_moveit) StdoutLine: {'line': b'-- Up-to-date: /home/ros/arm_ws/install/arm_moveit/share/arm_moveit/environment/path.dsv\n'}
[14.659924] (arm_moveit) StdoutLine: {'line': b'-- Up-to-date: /home/ros/arm_ws/install/arm_moveit/share/arm_moveit/local_setup.bash\n'}
[14.660071] (arm_moveit) StdoutLine: {'line': b'-- Up-to-date: /home/ros/arm_ws/install/arm_moveit/share/arm_moveit/local_setup.sh\n'}
[14.660385] (arm_moveit) StdoutLine: {'line': b'-- Up-to-date: /home/ros/arm_ws/install/arm_moveit/share/arm_moveit/local_setup.zsh\n'}
[14.660546] (arm_moveit) StdoutLine: {'line': b'-- Up-to-date: /home/ros/arm_ws/install/arm_moveit/share/arm_moveit/local_setup.dsv\n'}
[14.660654] (arm_moveit) StdoutLine: {'line': b'-- Installing: /home/ros/arm_ws/install/arm_moveit/share/arm_moveit/package.dsv\n'}
[14.660753] (arm_moveit) StdoutLine: {'line': b'-- Up-to-date: /home/ros/arm_ws/install/arm_moveit/share/ament_index/resource_index/packages/arm_moveit\n'}
[14.660900] (arm_moveit) StdoutLine: {'line': b'-- Up-to-date: /home/ros/arm_ws/install/arm_moveit/share/arm_moveit/cmake/arm_moveitConfig.cmake\n'}
[14.665301] (arm_moveit) StdoutLine: {'line': b'-- Up-to-date: /home/ros/arm_ws/install/arm_moveit/share/arm_moveit/cmake/arm_moveitConfig-version.cmake\n'}
[14.665982] (arm_moveit) StdoutLine: {'line': b'-- Up-to-date: /home/ros/arm_ws/install/arm_moveit/share/arm_moveit/package.xml\n'}
[14.695941] (arm_moveit) CommandEnded: {'returncode': 0}
[14.699118] (-) TimerEvent: {}
[14.800199] (-) TimerEvent: {}
[14.908612] (-) TimerEvent: {}
[15.009301] (-) TimerEvent: {}
[15.090597] (arm_moveit) JobEnded: {'identifier': 'arm_moveit', 'rc': 0}
[15.098186] (arm_cpp_examples) JobStarted: {'identifier': 'arm_cpp_examples'}
[15.111195] (-) TimerEvent: {}
[15.184782] (arm_firmware) JobEnded: {'identifier': 'arm_firmware', 'rc': 0}
[15.188620] (arm_py_examples) JobStarted: {'identifier': 'arm_py_examples'}
[15.220125] (-) TimerEvent: {}
[15.234423] (arm_cpp_examples) JobProgress: {'identifier': 'arm_cpp_examples', 'progress': 'cmake'}
[15.237085] (arm_cpp_examples) JobProgress: {'identifier': 'arm_cpp_examples', 'progress': 'build'}
[15.242880] (arm_cpp_examples) Command: {'cmd': ['/usr/bin/cmake', '--build', '/home/ros/arm_ws/build/arm_cpp_examples', '--', '-j2', '-l2'], 'cwd': '/home/ros/arm_ws/build/arm_cpp_examples', 'env': OrderedDict([('LESSOPEN', '| /usr/bin/lesspipe %s'), ('LANGUAGE', 'en_US:'), ('USER', 'ros'), ('LC_TIME', 'es_CO.UTF-8'), ('XDG_SESSION_TYPE', 'x11'), ('SHLVL', '1'), ('LD_LIBRARY_PATH', '/home/ros/arm_ws/install/arm_msgs/lib:/home/ros/arm_ws/install/arm_remote/lib:/home/ros/arm_ws/install/arm_cpp_examples/lib:/home/ros/arm_ws/install/arm_controller/lib:/usr/lib/x86_64-linux-gnu/gazebo-11/plugins:/opt/ros/humble/opt/rviz_ogre_vendor/lib:/opt/ros/humble/lib/x86_64-linux-gnu:/opt/ros/humble/lib'), ('HOME', '/home/ros'), ('OLDPWD', '/home/ros'), ('DESKTOP_SESSION', 'ubuntu-xorg'), ('ROS_PYTHON_VERSION', '3'), ('GNOME_SHELL_SESSION_MODE', 'ubuntu'), ('GTK_MODULES', 'gail:atk-bridge'), ('LC_MONETARY', 'es_CO.UTF-8'), ('MANAGERPID', '1022'), ('SYSTEMD_EXEC_PID', '1648'), ('DBUS_SESSION_BUS_ADDRESS', 'unix:path=/run/user/1000/bus'), ('COLORTERM', 'truecolor'), ('TERMINATOR_DBUS_NAME', 'net.tenshu.Terminator21a9d5db22c73a993ff0b42f64b396873'), ('GIO_LAUNCHED_DESKTOP_FILE_PID', '5308'), ('COLCON_PREFIX_PATH', '/home/ros/arm_ws/install'), ('ROS_DISTRO', 'humble'), ('GTK_IM_MODULE', 'ibus'), ('LOGNAME', 'ros'), ('JOURNAL_STREAM', '8:21986'), ('_', '/usr/bin/colcon'), ('ROS_VERSION', '2'), ('XDG_SESSION_CLASS', 'user'), ('USERNAME', 'ros'), ('TERM', 'xterm-256color'), ('GNOME_DESKTOP_SESSION_ID', 'this-is-deprecated'), ('ROS_LOCALHOST_ONLY', '0'), ('WINDOWPATH', '2'), ('PATH', '/opt/ros/humble/bin:/home/ros/.local/bin:/usr/local/sbin:/usr/local/bin:/usr/sbin:/usr/bin:/sbin:/bin:/usr/games:/usr/local/games:/snap/bin:/snap/bin'), ('SESSION_MANAGER', 'local/ros-virtual-machine:@/tmp/.ICE-unix/1380,unix/ros-virtual-machine:/tmp/.ICE-unix/1380'), ('INVOCATION_ID', 'edc79796a9204906952502603e82de6b'), ('XDG_MENU_PREFIX', 'gnome-'), ('LC_ADDRESS', 'es_CO.UTF-8'), ('XDG_RUNTIME_DIR', '/run/user/1000'), ('DISPLAY', ':0'), ('TERMINATOR_DBUS_PATH', '/net/tenshu/Terminator2'), ('LANG', 'en_US.UTF-8'), ('XDG_CURRENT_DESKTOP', 'ubuntu:GNOME'), ('IBUS_DISABLE_SNOOPER', '1'), ('LC_TELEPHONE', 'es_CO.UTF-8'), ('XMODIFIERS', '@im=ibus'), ('XDG_SESSION_DESKTOP', 'ubuntu-xorg'), ('XAUTHORITY', '/run/user/1000/gdm/Xauthority'), ('LS_COLORS', 'rs=0:di=01;34:ln=01;36:mh=00:pi=40;33:so=01;35:do=01;35:bd=40;33;01:cd=40;33;01:or=40;31;01:mi=00:su=37;41:sg=30;43:ca=30;41:tw=30;42:ow=34;42:st=37;44:ex=01;32:*.tar=01;31:*.tgz=01;31:*.arc=01;31:*.arj=01;31:*.taz=01;31:*.lha=01;31:*.lz4=01;31:*.lzh=01;31:*.lzma=01;31:*.tlz=01;31:*.txz=01;31:*.tzo=01;31:*.t7z=01;31:*.zip=01;31:*.z=01;31:*.dz=01;31:*.gz=01;31:*.lrz=01;31:*.lz=01;31:*.lzo=01;31:*.xz=01;31:*.zst=01;31:*.tzst=01;31:*.bz2=01;31:*.bz=01;31:*.tbz=01;31:*.tbz2=01;31:*.tz=01;31:*.deb=01;31:*.rpm=01;31:*.jar=01;31:*.war=01;31:*.ear=01;31:*.sar=01;31:*.rar=01;31:*.alz=01;31:*.ace=01;31:*.zoo=01;31:*.cpio=01;31:*.7z=01;31:*.rz=01;31:*.cab=01;31:*.wim=01;31:*.swm=01;31:*.dwm=01;31:*.esd=01;31:*.jpg=01;35:*.jpeg=01;35:*.mjpg=01;35:*.mjpeg=01;35:*.gif=01;35:*.bmp=01;35:*.pbm=01;35:*.pgm=01;35:*.ppm=01;35:*.tga=01;35:*.xbm=01;35:*.xpm=01;35:*.tif=01;35:*.tiff=01;35:*.png=01;35:*.svg=01;35:*.svgz=01;35:*.mng=01;35:*.pcx=01;35:*.mov=01;35:*.mpg=01;35:*.mpeg=01;35:*.m2v=01;35:*.mkv=01;35:*.webm=01;35:*.webp=01;35:*.ogm=01;35:*.mp4=01;35:*.m4v=01;35:*.mp4v=01;35:*.vob=01;35:*.qt=01;35:*.nuv=01;35:*.wmv=01;35:*.asf=01;35:*.rm=01;35:*.rmvb=01;35:*.flc=01;35:*.avi=01;35:*.fli=01;35:*.flv=01;35:*.gl=01;35:*.dl=01;35:*.xcf=01;35:*.xwd=01;35:*.yuv=01;35:*.cgm=01;35:*.emf=01;35:*.ogv=01;35:*.ogx=01;35:*.aac=00;36:*.au=00;36:*.flac=00;36:*.m4a=00;36:*.mid=00;36:*.midi=00;36:*.mka=00;36:*.mp3=00;36:*.mpc=00;36:*.ogg=00;36:*.ra=00;36:*.wav=00;36:*.oga=00;36:*.opus=00;36:*.spx=00;36:*.xspf=00;36:'), ('SSH_AGENT_LAUNCHER', 'gnome-keyring'), ('SSH_AUTH_SOCK', '/run/user/1000/keyring/ssh'), ('AMENT_PREFIX_PATH', '/home/ros/arm_ws/install/arm_utils:/home/ros/arm_ws/install/arm_remote:/home/ros/arm_ws/install/arm_py_examples:/home/ros/arm_ws/install/arm_cpp_examples:/home/ros/arm_ws/install/arm_msgs:/home/ros/arm_ws/install/arm_moveit:/home/ros/arm_ws/install/arm_firmware:/home/ros/arm_ws/install/arm_description:/home/ros/arm_ws/install/arm_controller:/home/ros/arm_ws/install/arm_bringup:/opt/ros/humble'), ('SHELL', '/bin/bash'), ('LC_NAME', 'es_CO.UTF-8'), ('TERMINATOR_UUID', 'urn:uuid:3dc62beb-5acd-4d96-bb8e-eacca3db12ac'), ('QT_ACCESSIBILITY', '1'), ('GDMSESSION', 'ubuntu-xorg'), ('LESSCLOSE', '/usr/bin/lesspipe %s %s'), ('LC_MEASUREMENT', 'es_CO.UTF-8'), ('GPG_AGENT_INFO', '/run/user/1000/gnupg/S.gpg-agent:0:1'), ('LC_IDENTIFICATION', 'es_CO.UTF-8'), ('QT_IM_MODULE', 'ibus'), ('PWD', '/home/ros/arm_ws/build/arm_cpp_examples'), ('LC_ALL', 'en_US.UTF-8'), ('XDG_CONFIG_DIRS', '/etc/xdg/xdg-ubuntu-xorg:/etc/xdg'), ('XDG_DATA_DIRS', '/usr/share/ubuntu-xorg:/usr/share/gnome:/usr/local/share/:/usr/share/:/var/lib/snapd/desktop'), ('PYTHONPATH', '/home/ros/arm_ws/install/arm_utils/local/lib/python3.10/dist-packages:/home/ros/arm_ws/install/arm_remote/local/lib/python3.10/dist-packages:/home/ros/arm_ws/install/arm_py_examples/lib/python3.10/site-packages:/home/ros/arm_ws/install/arm_msgs/local/lib/python3.10/dist-packages:/home/ros/arm_ws/install/arm_firmware/local/lib/python3.10/dist-packages:/home/ros/arm_ws/install/arm_controller/local/lib/python3.10/dist-packages:/opt/ros/humble/lib/python3.10/site-packages:/opt/ros/humble/local/lib/python3.10/dist-packages'), ('LC_NUMERIC', 'es_CO.UTF-8'), ('LC_PAPER', 'es_CO.UTF-8'), ('COLCON', '1'), ('VTE_VERSION', '6800'), ('CMAKE_PREFIX_PATH', '/home/ros/arm_ws/install/arm_msgs:/home/ros/arm_ws/install/arm_utils:/home/ros/arm_ws/install/arm_remote:/home/ros/arm_ws/install/arm_cpp_examples:/home/ros/arm_ws/install/arm_moveit:/home/ros/arm_ws/install/arm_firmware:/home/ros/arm_ws/install/arm_description:/home/ros/arm_ws/install/arm_controller:/home/ros/arm_ws/install/arm_bringup:/home/ros/arm_ws/install/arm_py_examples:/opt/ros/humble')]), 'shell': False}
[15.323971] (-) TimerEvent: {}
[15.425937] (-) TimerEvent: {}
[15.529971] (-) TimerEvent: {}
[15.630557] (-) TimerEvent: {}
[15.653699] (arm_cpp_examples) StdoutLine: {'line': b'[  9%] Built target simple_publisher\n'}
[15.732660] (-) TimerEvent: {}
[15.836621] (-) TimerEvent: {}
[15.857450] (arm_cpp_examples) StdoutLine: {'line': b'[ 18%] Built target simple_subscriber\n'}
[15.937945] (-) TimerEvent: {}
[16.024057] (arm_cpp_examples) StdoutLine: {'line': b'[ 27%] Built target simple_parameter\n'}
[16.039931] (-) TimerEvent: {}
[16.141649] (-) TimerEvent: {}
[16.232035] (arm_cpp_examples) StdoutLine: {'line': b'[ 36%] Built target simple_service_server\n'}
[16.242941] (-) TimerEvent: {}
[16.343526] (-) TimerEvent: {}
[16.445453] (-) TimerEvent: {}
[16.487078] (arm_cpp_examples) StdoutLine: {'line': b'[ 45%] Built target simple_service_client\n'}
[16.546198] (-) TimerEvent: {}
[16.647861] (-) TimerEvent: {}
[16.688926] (arm_cpp_examples) StdoutLine: {'line': b'[ 54%] Built target simple_action_server\n'}
[16.748064] (-) TimerEvent: {}
[16.852946] (-) TimerEvent: {}
[16.898648] (arm_cpp_examples) StdoutLine: {'line': b'[ 63%] Built target simple_action_server_node\n'}
[16.955992] (-) TimerEvent: {}
[17.057946] (-) TimerEvent: {}
[17.104934] (arm_cpp_examples) StdoutLine: {'line': b'[ 72%] Built target simple_action_client\n'}
[17.159969] (-) TimerEvent: {}
[17.266086] (-) TimerEvent: {}
[17.321401] (arm_cpp_examples) StdoutLine: {'line': b'[ 81%] Built target simple_action_client_node\n'}
[17.375988] (-) TimerEvent: {}
[17.477263] (-) TimerEvent: {}
[17.486646] (arm_cpp_examples) StdoutLine: {'line': b'[ 90%] Built target simple_moveit_interface\n'}
[17.577440] (-) TimerEvent: {}
[17.651927] (arm_cpp_examples) StdoutLine: {'line': b'[100%] Built target simple_lifecycle_node\n'}
[17.678949] (-) TimerEvent: {}
[17.720954] (arm_cpp_examples) CommandEnded: {'returncode': 0}
[17.779100] (-) TimerEvent: {}
[17.885092] (-) TimerEvent: {}
[17.988459] (-) TimerEvent: {}
[18.097988] (-) TimerEvent: {}
[18.202052] (-) TimerEvent: {}
[18.303968] (-) TimerEvent: {}
[18.404625] (-) TimerEvent: {}
[18.511224] (-) TimerEvent: {}
[18.589589] (arm_cpp_examples) JobProgress: {'identifier': 'arm_cpp_examples', 'progress': 'install'}
[18.591420] (arm_cpp_examples) Command: {'cmd': ['/usr/bin/cmake', '--install', '/home/ros/arm_ws/build/arm_cpp_examples'], 'cwd': '/home/ros/arm_ws/build/arm_cpp_examples', 'env': OrderedDict([('LESSOPEN', '| /usr/bin/lesspipe %s'), ('LANGUAGE', 'en_US:'), ('USER', 'ros'), ('LC_TIME', 'es_CO.UTF-8'), ('XDG_SESSION_TYPE', 'x11'), ('SHLVL', '1'), ('LD_LIBRARY_PATH', '/home/ros/arm_ws/install/arm_msgs/lib:/home/ros/arm_ws/install/arm_remote/lib:/home/ros/arm_ws/install/arm_cpp_examples/lib:/home/ros/arm_ws/install/arm_controller/lib:/usr/lib/x86_64-linux-gnu/gazebo-11/plugins:/opt/ros/humble/opt/rviz_ogre_vendor/lib:/opt/ros/humble/lib/x86_64-linux-gnu:/opt/ros/humble/lib'), ('HOME', '/home/ros'), ('OLDPWD', '/home/ros'), ('DESKTOP_SESSION', 'ubuntu-xorg'), ('ROS_PYTHON_VERSION', '3'), ('GNOME_SHELL_SESSION_MODE', 'ubuntu'), ('GTK_MODULES', 'gail:atk-bridge'), ('LC_MONETARY', 'es_CO.UTF-8'), ('MANAGERPID', '1022'), ('SYSTEMD_EXEC_PID', '1648'), ('DBUS_SESSION_BUS_ADDRESS', 'unix:path=/run/user/1000/bus'), ('COLORTERM', 'truecolor'), ('TERMINATOR_DBUS_NAME', 'net.tenshu.Terminator21a9d5db22c73a993ff0b42f64b396873'), ('GIO_LAUNCHED_DESKTOP_FILE_PID', '5308'), ('COLCON_PREFIX_PATH', '/home/ros/arm_ws/install'), ('ROS_DISTRO', 'humble'), ('GTK_IM_MODULE', 'ibus'), ('LOGNAME', 'ros'), ('JOURNAL_STREAM', '8:21986'), ('_', '/usr/bin/colcon'), ('ROS_VERSION', '2'), ('XDG_SESSION_CLASS', 'user'), ('USERNAME', 'ros'), ('TERM', 'xterm-256color'), ('GNOME_DESKTOP_SESSION_ID', 'this-is-deprecated'), ('ROS_LOCALHOST_ONLY', '0'), ('WINDOWPATH', '2'), ('PATH', '/opt/ros/humble/bin:/home/ros/.local/bin:/usr/local/sbin:/usr/local/bin:/usr/sbin:/usr/bin:/sbin:/bin:/usr/games:/usr/local/games:/snap/bin:/snap/bin'), ('SESSION_MANAGER', 'local/ros-virtual-machine:@/tmp/.ICE-unix/1380,unix/ros-virtual-machine:/tmp/.ICE-unix/1380'), ('INVOCATION_ID', 'edc79796a9204906952502603e82de6b'), ('XDG_MENU_PREFIX', 'gnome-'), ('LC_ADDRESS', 'es_CO.UTF-8'), ('XDG_RUNTIME_DIR', '/run/user/1000'), ('DISPLAY', ':0'), ('TERMINATOR_DBUS_PATH', '/net/tenshu/Terminator2'), ('LANG', 'en_US.UTF-8'), ('XDG_CURRENT_DESKTOP', 'ubuntu:GNOME'), ('IBUS_DISABLE_SNOOPER', '1'), ('LC_TELEPHONE', 'es_CO.UTF-8'), ('XMODIFIERS', '@im=ibus'), ('XDG_SESSION_DESKTOP', 'ubuntu-xorg'), ('XAUTHORITY', '/run/user/1000/gdm/Xauthority'), ('LS_COLORS', 'rs=0:di=01;34:ln=01;36:mh=00:pi=40;33:so=01;35:do=01;35:bd=40;33;01:cd=40;33;01:or=40;31;01:mi=00:su=37;41:sg=30;43:ca=30;41:tw=30;42:ow=34;42:st=37;44:ex=01;32:*.tar=01;31:*.tgz=01;31:*.arc=01;31:*.arj=01;31:*.taz=01;31:*.lha=01;31:*.lz4=01;31:*.lzh=01;31:*.lzma=01;31:*.tlz=01;31:*.txz=01;31:*.tzo=01;31:*.t7z=01;31:*.zip=01;31:*.z=01;31:*.dz=01;31:*.gz=01;31:*.lrz=01;31:*.lz=01;31:*.lzo=01;31:*.xz=01;31:*.zst=01;31:*.tzst=01;31:*.bz2=01;31:*.bz=01;31:*.tbz=01;31:*.tbz2=01;31:*.tz=01;31:*.deb=01;31:*.rpm=01;31:*.jar=01;31:*.war=01;31:*.ear=01;31:*.sar=01;31:*.rar=01;31:*.alz=01;31:*.ace=01;31:*.zoo=01;31:*.cpio=01;31:*.7z=01;31:*.rz=01;31:*.cab=01;31:*.wim=01;31:*.swm=01;31:*.dwm=01;31:*.esd=01;31:*.jpg=01;35:*.jpeg=01;35:*.mjpg=01;35:*.mjpeg=01;35:*.gif=01;35:*.bmp=01;35:*.pbm=01;35:*.pgm=01;35:*.ppm=01;35:*.tga=01;35:*.xbm=01;35:*.xpm=01;35:*.tif=01;35:*.tiff=01;35:*.png=01;35:*.svg=01;35:*.svgz=01;35:*.mng=01;35:*.pcx=01;35:*.mov=01;35:*.mpg=01;35:*.mpeg=01;35:*.m2v=01;35:*.mkv=01;35:*.webm=01;35:*.webp=01;35:*.ogm=01;35:*.mp4=01;35:*.m4v=01;35:*.mp4v=01;35:*.vob=01;35:*.qt=01;35:*.nuv=01;35:*.wmv=01;35:*.asf=01;35:*.rm=01;35:*.rmvb=01;35:*.flc=01;35:*.avi=01;35:*.fli=01;35:*.flv=01;35:*.gl=01;35:*.dl=01;35:*.xcf=01;35:*.xwd=01;35:*.yuv=01;35:*.cgm=01;35:*.emf=01;35:*.ogv=01;35:*.ogx=01;35:*.aac=00;36:*.au=00;36:*.flac=00;36:*.m4a=00;36:*.mid=00;36:*.midi=00;36:*.mka=00;36:*.mp3=00;36:*.mpc=00;36:*.ogg=00;36:*.ra=00;36:*.wav=00;36:*.oga=00;36:*.opus=00;36:*.spx=00;36:*.xspf=00;36:'), ('SSH_AGENT_LAUNCHER', 'gnome-keyring'), ('SSH_AUTH_SOCK', '/run/user/1000/keyring/ssh'), ('AMENT_PREFIX_PATH', '/home/ros/arm_ws/install/arm_utils:/home/ros/arm_ws/install/arm_remote:/home/ros/arm_ws/install/arm_py_examples:/home/ros/arm_ws/install/arm_cpp_examples:/home/ros/arm_ws/install/arm_msgs:/home/ros/arm_ws/install/arm_moveit:/home/ros/arm_ws/install/arm_firmware:/home/ros/arm_ws/install/arm_description:/home/ros/arm_ws/install/arm_controller:/home/ros/arm_ws/install/arm_bringup:/opt/ros/humble'), ('SHELL', '/bin/bash'), ('LC_NAME', 'es_CO.UTF-8'), ('TERMINATOR_UUID', 'urn:uuid:3dc62beb-5acd-4d96-bb8e-eacca3db12ac'), ('QT_ACCESSIBILITY', '1'), ('GDMSESSION', 'ubuntu-xorg'), ('LESSCLOSE', '/usr/bin/lesspipe %s %s'), ('LC_MEASUREMENT', 'es_CO.UTF-8'), ('GPG_AGENT_INFO', '/run/user/1000/gnupg/S.gpg-agent:0:1'), ('LC_IDENTIFICATION', 'es_CO.UTF-8'), ('QT_IM_MODULE', 'ibus'), ('PWD', '/home/ros/arm_ws/build/arm_cpp_examples'), ('LC_ALL', 'en_US.UTF-8'), ('XDG_CONFIG_DIRS', '/etc/xdg/xdg-ubuntu-xorg:/etc/xdg'), ('XDG_DATA_DIRS', '/usr/share/ubuntu-xorg:/usr/share/gnome:/usr/local/share/:/usr/share/:/var/lib/snapd/desktop'), ('PYTHONPATH', '/home/ros/arm_ws/install/arm_utils/local/lib/python3.10/dist-packages:/home/ros/arm_ws/install/arm_remote/local/lib/python3.10/dist-packages:/home/ros/arm_ws/install/arm_py_examples/lib/python3.10/site-packages:/home/ros/arm_ws/install/arm_msgs/local/lib/python3.10/dist-packages:/home/ros/arm_ws/install/arm_firmware/local/lib/python3.10/dist-packages:/home/ros/arm_ws/install/arm_controller/local/lib/python3.10/dist-packages:/opt/ros/humble/lib/python3.10/site-packages:/opt/ros/humble/local/lib/python3.10/dist-packages'), ('LC_NUMERIC', 'es_CO.UTF-8'), ('LC_PAPER', 'es_CO.UTF-8'), ('COLCON', '1'), ('VTE_VERSION', '6800'), ('CMAKE_PREFIX_PATH', '/home/ros/arm_ws/install/arm_msgs:/home/ros/arm_ws/install/arm_utils:/home/ros/arm_ws/install/arm_remote:/home/ros/arm_ws/install/arm_cpp_examples:/home/ros/arm_ws/install/arm_moveit:/home/ros/arm_ws/install/arm_firmware:/home/ros/arm_ws/install/arm_description:/home/ros/arm_ws/install/arm_controller:/home/ros/arm_ws/install/arm_bringup:/home/ros/arm_ws/install/arm_py_examples:/opt/ros/humble')]), 'shell': False}
[18.616040] (-) TimerEvent: {}
[18.643775] (arm_cpp_examples) StdoutLine: {'line': b'-- Install configuration: ""\n'}
[18.644266] (arm_cpp_examples) StdoutLine: {'line': b'-- Up-to-date: /home/ros/arm_ws/install/arm_cpp_examples/lib/arm_cpp_examples/simple_action_server_node\n'}
[18.644564] (arm_cpp_examples) StdoutLine: {'line': b'-- Up-to-date: /home/ros/arm_ws/install/arm_cpp_examples/lib/arm_cpp_examples/simple_action_client_node\n'}
[18.651013] (arm_cpp_examples) StdoutLine: {'line': b'-- Up-to-date: /home/ros/arm_ws/install/arm_cpp_examples/lib/arm_cpp_examples/simple_publisher\n'}
[18.655950] (arm_cpp_examples) StdoutLine: {'line': b'-- Up-to-date: /home/ros/arm_ws/install/arm_cpp_examples/lib/arm_cpp_examples/simple_subscriber\n'}
[18.659040] (arm_cpp_examples) StdoutLine: {'line': b'-- Up-to-date: /home/ros/arm_ws/install/arm_cpp_examples/lib/arm_cpp_examples/simple_parameter\n'}
[18.659421] (arm_cpp_examples) StdoutLine: {'line': b'-- Up-to-date: /home/ros/arm_ws/install/arm_cpp_examples/lib/arm_cpp_examples/simple_service_server\n'}
[18.665024] (arm_cpp_examples) StdoutLine: {'line': b'-- Up-to-date: /home/ros/arm_ws/install/arm_cpp_examples/lib/arm_cpp_examples/simple_service_client\n'}
[18.665576] (arm_cpp_examples) StdoutLine: {'line': b'-- Up-to-date: /home/ros/arm_ws/install/arm_cpp_examples/lib/arm_cpp_examples/simple_moveit_interface\n'}
[18.665962] (arm_cpp_examples) StdoutLine: {'line': b'-- Up-to-date: /home/ros/arm_ws/install/arm_cpp_examples/lib/arm_cpp_examples/simple_lifecycle_node\n'}
[18.672131] (arm_cpp_examples) StdoutLine: {'line': b'-- Up-to-date: /home/ros/arm_ws/install/arm_cpp_examples/lib/libsimple_action_server.so\n'}
[18.672406] (arm_cpp_examples) StdoutLine: {'line': b'-- Up-to-date: /home/ros/arm_ws/install/arm_cpp_examples/lib/libsimple_action_client.so\n'}
[18.672533] (arm_cpp_examples) StdoutLine: {'line': b'-- Up-to-date: /home/ros/arm_ws/install/arm_cpp_examples/share/ament_index/resource_index/package_run_dependencies/arm_cpp_examples\n'}
[18.673759] (arm_cpp_examples) StdoutLine: {'line': b'-- Up-to-date: /home/ros/arm_ws/install/arm_cpp_examples/share/ament_index/resource_index/parent_prefix_path/arm_cpp_examples\n'}
[18.674093] (arm_cpp_examples) StdoutLine: {'line': b'-- Up-to-date: /home/ros/arm_ws/install/arm_cpp_examples/share/arm_cpp_examples/environment/ament_prefix_path.sh\n'}
[18.674306] (arm_cpp_examples) StdoutLine: {'line': b'-- Up-to-date: /home/ros/arm_ws/install/arm_cpp_examples/share/arm_cpp_examples/environment/ament_prefix_path.dsv\n'}
[18.674682] (arm_cpp_examples) StdoutLine: {'line': b'-- Up-to-date: /home/ros/arm_ws/install/arm_cpp_examples/share/arm_cpp_examples/environment/path.sh\n'}
[18.674888] (arm_cpp_examples) StdoutLine: {'line': b'-- Up-to-date: /home/ros/arm_ws/install/arm_cpp_examples/share/arm_cpp_examples/environment/path.dsv\n'}
[18.675454] (arm_cpp_examples) StdoutLine: {'line': b'-- Up-to-date: /home/ros/arm_ws/install/arm_cpp_examples/share/arm_cpp_examples/local_setup.bash\n'}
[18.675711] (arm_cpp_examples) StdoutLine: {'line': b'-- Up-to-date: /home/ros/arm_ws/install/arm_cpp_examples/share/arm_cpp_examples/local_setup.sh\n'}
[18.682315] (arm_cpp_examples) StdoutLine: {'line': b'-- Up-to-date: /home/ros/arm_ws/install/arm_cpp_examples/share/arm_cpp_examples/local_setup.zsh\n'}
[18.682623] (arm_cpp_examples) StdoutLine: {'line': b'-- Up-to-date: /home/ros/arm_ws/install/arm_cpp_examples/share/arm_cpp_examples/local_setup.dsv\n'}
[18.683141] (arm_cpp_examples) StdoutLine: {'line': b'-- Installing: /home/ros/arm_ws/install/arm_cpp_examples/share/arm_cpp_examples/package.dsv\n'}
[18.683513] (arm_cpp_examples) StdoutLine: {'line': b'-- Up-to-date: /home/ros/arm_ws/install/arm_cpp_examples/share/ament_index/resource_index/packages/arm_cpp_examples\n'}
[18.688324] (arm_cpp_examples) StdoutLine: {'line': b'-- Up-to-date: /home/ros/arm_ws/install/arm_cpp_examples/share/ament_index/resource_index/rclcpp_components/arm_cpp_examples\n'}
[18.692830] (arm_cpp_examples) StdoutLine: {'line': b'-- Up-to-date: /home/ros/arm_ws/install/arm_cpp_examples/share/arm_cpp_examples/cmake/arm_cpp_examplesConfig.cmake\n'}
[18.693435] (arm_cpp_examples) StdoutLine: {'line': b'-- Up-to-date: /home/ros/arm_ws/install/arm_cpp_examples/share/arm_cpp_examples/cmake/arm_cpp_examplesConfig-version.cmake\n'}
[18.693683] (arm_cpp_examples) StdoutLine: {'line': b'-- Up-to-date: /home/ros/arm_ws/install/arm_cpp_examples/share/arm_cpp_examples/package.xml\n'}
[18.698396] (arm_cpp_examples) CommandEnded: {'returncode': 0}
[18.718765] (-) TimerEvent: {}
[18.822999] (-) TimerEvent: {}
[18.923537] (-) TimerEvent: {}
[19.027678] (-) TimerEvent: {}
[19.132277] (-) TimerEvent: {}
[19.235340] (-) TimerEvent: {}
[19.339288] (-) TimerEvent: {}
[19.442980] (-) TimerEvent: {}
[19.544988] (-) TimerEvent: {}
[19.650965] (-) TimerEvent: {}
[19.753308] (-) TimerEvent: {}
[19.835717] (arm_cpp_examples) JobEnded: {'identifier': 'arm_cpp_examples', 'rc': 0}
[19.841316] (arm_remote) JobStarted: {'identifier': 'arm_remote'}
[19.870270] (-) TimerEvent: {}
[19.970778] (-) TimerEvent: {}
[19.997528] (arm_remote) JobProgress: {'identifier': 'arm_remote', 'progress': 'cmake'}
[20.009234] (arm_remote) JobProgress: {'identifier': 'arm_remote', 'progress': 'build'}
[20.016137] (arm_remote) Command: {'cmd': ['/usr/bin/cmake', '--build', '/home/ros/arm_ws/build/arm_remote', '--', '-j2', '-l2'], 'cwd': '/home/ros/arm_ws/build/arm_remote', 'env': OrderedDict([('LESSOPEN', '| /usr/bin/lesspipe %s'), ('LANGUAGE', 'en_US:'), ('USER', 'ros'), ('LC_TIME', 'es_CO.UTF-8'), ('XDG_SESSION_TYPE', 'x11'), ('SHLVL', '1'), ('LD_LIBRARY_PATH', '/home/ros/arm_ws/install/arm_msgs/lib:/home/ros/arm_ws/install/arm_remote/lib:/home/ros/arm_ws/install/arm_cpp_examples/lib:/home/ros/arm_ws/install/arm_controller/lib:/usr/lib/x86_64-linux-gnu/gazebo-11/plugins:/opt/ros/humble/opt/rviz_ogre_vendor/lib:/opt/ros/humble/lib/x86_64-linux-gnu:/opt/ros/humble/lib'), ('HOME', '/home/ros'), ('OLDPWD', '/home/ros'), ('DESKTOP_SESSION', 'ubuntu-xorg'), ('ROS_PYTHON_VERSION', '3'), ('GNOME_SHELL_SESSION_MODE', 'ubuntu'), ('GTK_MODULES', 'gail:atk-bridge'), ('LC_MONETARY', 'es_CO.UTF-8'), ('MANAGERPID', '1022'), ('SYSTEMD_EXEC_PID', '1648'), ('DBUS_SESSION_BUS_ADDRESS', 'unix:path=/run/user/1000/bus'), ('COLORTERM', 'truecolor'), ('TERMINATOR_DBUS_NAME', 'net.tenshu.Terminator21a9d5db22c73a993ff0b42f64b396873'), ('GIO_LAUNCHED_DESKTOP_FILE_PID', '5308'), ('COLCON_PREFIX_PATH', '/home/ros/arm_ws/install'), ('ROS_DISTRO', 'humble'), ('GTK_IM_MODULE', 'ibus'), ('LOGNAME', 'ros'), ('JOURNAL_STREAM', '8:21986'), ('_', '/usr/bin/colcon'), ('ROS_VERSION', '2'), ('XDG_SESSION_CLASS', 'user'), ('USERNAME', 'ros'), ('TERM', 'xterm-256color'), ('GNOME_DESKTOP_SESSION_ID', 'this-is-deprecated'), ('ROS_LOCALHOST_ONLY', '0'), ('WINDOWPATH', '2'), ('PATH', '/opt/ros/humble/bin:/home/ros/.local/bin:/usr/local/sbin:/usr/local/bin:/usr/sbin:/usr/bin:/sbin:/bin:/usr/games:/usr/local/games:/snap/bin:/snap/bin'), ('SESSION_MANAGER', 'local/ros-virtual-machine:@/tmp/.ICE-unix/1380,unix/ros-virtual-machine:/tmp/.ICE-unix/1380'), ('INVOCATION_ID', 'edc79796a9204906952502603e82de6b'), ('XDG_MENU_PREFIX', 'gnome-'), ('LC_ADDRESS', 'es_CO.UTF-8'), ('XDG_RUNTIME_DIR', '/run/user/1000'), ('DISPLAY', ':0'), ('TERMINATOR_DBUS_PATH', '/net/tenshu/Terminator2'), ('LANG', 'en_US.UTF-8'), ('XDG_CURRENT_DESKTOP', 'ubuntu:GNOME'), ('IBUS_DISABLE_SNOOPER', '1'), ('LC_TELEPHONE', 'es_CO.UTF-8'), ('XMODIFIERS', '@im=ibus'), ('XDG_SESSION_DESKTOP', 'ubuntu-xorg'), ('XAUTHORITY', '/run/user/1000/gdm/Xauthority'), ('LS_COLORS', 'rs=0:di=01;34:ln=01;36:mh=00:pi=40;33:so=01;35:do=01;35:bd=40;33;01:cd=40;33;01:or=40;31;01:mi=00:su=37;41:sg=30;43:ca=30;41:tw=30;42:ow=34;42:st=37;44:ex=01;32:*.tar=01;31:*.tgz=01;31:*.arc=01;31:*.arj=01;31:*.taz=01;31:*.lha=01;31:*.lz4=01;31:*.lzh=01;31:*.lzma=01;31:*.tlz=01;31:*.txz=01;31:*.tzo=01;31:*.t7z=01;31:*.zip=01;31:*.z=01;31:*.dz=01;31:*.gz=01;31:*.lrz=01;31:*.lz=01;31:*.lzo=01;31:*.xz=01;31:*.zst=01;31:*.tzst=01;31:*.bz2=01;31:*.bz=01;31:*.tbz=01;31:*.tbz2=01;31:*.tz=01;31:*.deb=01;31:*.rpm=01;31:*.jar=01;31:*.war=01;31:*.ear=01;31:*.sar=01;31:*.rar=01;31:*.alz=01;31:*.ace=01;31:*.zoo=01;31:*.cpio=01;31:*.7z=01;31:*.rz=01;31:*.cab=01;31:*.wim=01;31:*.swm=01;31:*.dwm=01;31:*.esd=01;31:*.jpg=01;35:*.jpeg=01;35:*.mjpg=01;35:*.mjpeg=01;35:*.gif=01;35:*.bmp=01;35:*.pbm=01;35:*.pgm=01;35:*.ppm=01;35:*.tga=01;35:*.xbm=01;35:*.xpm=01;35:*.tif=01;35:*.tiff=01;35:*.png=01;35:*.svg=01;35:*.svgz=01;35:*.mng=01;35:*.pcx=01;35:*.mov=01;35:*.mpg=01;35:*.mpeg=01;35:*.m2v=01;35:*.mkv=01;35:*.webm=01;35:*.webp=01;35:*.ogm=01;35:*.mp4=01;35:*.m4v=01;35:*.mp4v=01;35:*.vob=01;35:*.qt=01;35:*.nuv=01;35:*.wmv=01;35:*.asf=01;35:*.rm=01;35:*.rmvb=01;35:*.flc=01;35:*.avi=01;35:*.fli=01;35:*.flv=01;35:*.gl=01;35:*.dl=01;35:*.xcf=01;35:*.xwd=01;35:*.yuv=01;35:*.cgm=01;35:*.emf=01;35:*.ogv=01;35:*.ogx=01;35:*.aac=00;36:*.au=00;36:*.flac=00;36:*.m4a=00;36:*.mid=00;36:*.midi=00;36:*.mka=00;36:*.mp3=00;36:*.mpc=00;36:*.ogg=00;36:*.ra=00;36:*.wav=00;36:*.oga=00;36:*.opus=00;36:*.spx=00;36:*.xspf=00;36:'), ('SSH_AGENT_LAUNCHER', 'gnome-keyring'), ('SSH_AUTH_SOCK', '/run/user/1000/keyring/ssh'), ('AMENT_PREFIX_PATH', '/home/ros/arm_ws/install/arm_utils:/home/ros/arm_ws/install/arm_remote:/home/ros/arm_ws/install/arm_py_examples:/home/ros/arm_ws/install/arm_cpp_examples:/home/ros/arm_ws/install/arm_msgs:/home/ros/arm_ws/install/arm_moveit:/home/ros/arm_ws/install/arm_firmware:/home/ros/arm_ws/install/arm_description:/home/ros/arm_ws/install/arm_controller:/home/ros/arm_ws/install/arm_bringup:/opt/ros/humble'), ('SHELL', '/bin/bash'), ('LC_NAME', 'es_CO.UTF-8'), ('TERMINATOR_UUID', 'urn:uuid:3dc62beb-5acd-4d96-bb8e-eacca3db12ac'), ('QT_ACCESSIBILITY', '1'), ('GDMSESSION', 'ubuntu-xorg'), ('LESSCLOSE', '/usr/bin/lesspipe %s %s'), ('LC_MEASUREMENT', 'es_CO.UTF-8'), ('GPG_AGENT_INFO', '/run/user/1000/gnupg/S.gpg-agent:0:1'), ('LC_IDENTIFICATION', 'es_CO.UTF-8'), ('QT_IM_MODULE', 'ibus'), ('PWD', '/home/ros/arm_ws/build/arm_remote'), ('LC_ALL', 'en_US.UTF-8'), ('XDG_CONFIG_DIRS', '/etc/xdg/xdg-ubuntu-xorg:/etc/xdg'), ('XDG_DATA_DIRS', '/usr/share/ubuntu-xorg:/usr/share/gnome:/usr/local/share/:/usr/share/:/var/lib/snapd/desktop'), ('PYTHONPATH', '/home/ros/arm_ws/install/arm_utils/local/lib/python3.10/dist-packages:/home/ros/arm_ws/install/arm_remote/local/lib/python3.10/dist-packages:/home/ros/arm_ws/install/arm_py_examples/lib/python3.10/site-packages:/home/ros/arm_ws/install/arm_msgs/local/lib/python3.10/dist-packages:/home/ros/arm_ws/install/arm_firmware/local/lib/python3.10/dist-packages:/home/ros/arm_ws/install/arm_controller/local/lib/python3.10/dist-packages:/opt/ros/humble/lib/python3.10/site-packages:/opt/ros/humble/local/lib/python3.10/dist-packages'), ('LC_NUMERIC', 'es_CO.UTF-8'), ('LC_PAPER', 'es_CO.UTF-8'), ('COLCON', '1'), ('VTE_VERSION', '6800'), ('CMAKE_PREFIX_PATH', '/home/ros/arm_ws/install/arm_msgs:/home/ros/arm_ws/install/arm_utils:/home/ros/arm_ws/install/arm_remote:/home/ros/arm_ws/install/arm_cpp_examples:/home/ros/arm_ws/install/arm_moveit:/home/ros/arm_ws/install/arm_firmware:/home/ros/arm_ws/install/arm_description:/home/ros/arm_ws/install/arm_controller:/home/ros/arm_ws/install/arm_bringup:/home/ros/arm_ws/install/arm_py_examples:/opt/ros/humble')]), 'shell': False}
[20.075721] (-) TimerEvent: {}
[20.182047] (-) TimerEvent: {}
[20.282912] (-) TimerEvent: {}
[20.380160] (arm_remote) StdoutLine: {'line': b'\x1b[35m\x1b[1mConsolidate compiler generated dependencies of target task_server\x1b[0m\n'}
[20.384008] (-) TimerEvent: {}
[20.488946] (-) TimerEvent: {}
[20.589625] (-) TimerEvent: {}
[20.597796] (arm_remote) StdoutLine: {'line': b'[ 25%] \x1b[32mBuilding CXX object CMakeFiles/task_server.dir/src/task_server.cpp.o\x1b[0m\n'}
[20.606261] (arm_py_examples) Command: {'cmd': ['/usr/bin/python3', '-W', 'ignore:setup.py install is deprecated', 'setup.py', 'egg_info', '--egg-base', '../../build/arm_py_examples', 'build', '--build-base', '/home/ros/arm_ws/build/arm_py_examples/build', 'install', '--record', '/home/ros/arm_ws/build/arm_py_examples/install.log', '--single-version-externally-managed', 'install_data'], 'cwd': '/home/ros/arm_ws/src/arm_py_examples', 'env': {'LESSOPEN': '| /usr/bin/lesspipe %s', 'LANGUAGE': 'en_US:', 'USER': 'ros', 'LC_TIME': 'es_CO.UTF-8', 'XDG_SESSION_TYPE': 'x11', 'SHLVL': '1', 'LD_LIBRARY_PATH': '/home/ros/arm_ws/install/arm_msgs/lib:/home/ros/arm_ws/install/arm_remote/lib:/home/ros/arm_ws/install/arm_cpp_examples/lib:/home/ros/arm_ws/install/arm_controller/lib:/usr/lib/x86_64-linux-gnu/gazebo-11/plugins:/opt/ros/humble/opt/rviz_ogre_vendor/lib:/opt/ros/humble/lib/x86_64-linux-gnu:/opt/ros/humble/lib', 'HOME': '/home/ros', 'OLDPWD': '/home/ros', 'DESKTOP_SESSION': 'ubuntu-xorg', 'ROS_PYTHON_VERSION': '3', 'GNOME_SHELL_SESSION_MODE': 'ubuntu', 'GTK_MODULES': 'gail:atk-bridge', 'LC_MONETARY': 'es_CO.UTF-8', 'MANAGERPID': '1022', 'SYSTEMD_EXEC_PID': '1648', 'DBUS_SESSION_BUS_ADDRESS': 'unix:path=/run/user/1000/bus', 'COLORTERM': 'truecolor', 'TERMINATOR_DBUS_NAME': 'net.tenshu.Terminator21a9d5db22c73a993ff0b42f64b396873', 'GIO_LAUNCHED_DESKTOP_FILE_PID': '5308', 'COLCON_PREFIX_PATH': '/home/ros/arm_ws/install', 'ROS_DISTRO': 'humble', 'GTK_IM_MODULE': 'ibus', 'LOGNAME': 'ros', 'JOURNAL_STREAM': '8:21986', '_': '/usr/bin/colcon', 'ROS_VERSION': '2', 'XDG_SESSION_CLASS': 'user', 'USERNAME': 'ros', 'TERM': 'xterm-256color', 'GNOME_DESKTOP_SESSION_ID': 'this-is-deprecated', 'ROS_LOCALHOST_ONLY': '0', 'WINDOWPATH': '2', 'PATH': '/opt/ros/humble/bin:/home/ros/.local/bin:/usr/local/sbin:/usr/local/bin:/usr/sbin:/usr/bin:/sbin:/bin:/usr/games:/usr/local/games:/snap/bin:/snap/bin', 'SESSION_MANAGER': 'local/ros-virtual-machine:@/tmp/.ICE-unix/1380,unix/ros-virtual-machine:/tmp/.ICE-unix/1380', 'INVOCATION_ID': 'edc79796a9204906952502603e82de6b', 'XDG_MENU_PREFIX': 'gnome-', 'LC_ADDRESS': 'es_CO.UTF-8', 'XDG_RUNTIME_DIR': '/run/user/1000', 'DISPLAY': ':0', 'TERMINATOR_DBUS_PATH': '/net/tenshu/Terminator2', 'LANG': 'en_US.UTF-8', 'XDG_CURRENT_DESKTOP': 'ubuntu:GNOME', 'IBUS_DISABLE_SNOOPER': '1', 'LC_TELEPHONE': 'es_CO.UTF-8', 'XMODIFIERS': '@im=ibus', 'XDG_SESSION_DESKTOP': 'ubuntu-xorg', 'XAUTHORITY': '/run/user/1000/gdm/Xauthority', 'LS_COLORS': 'rs=0:di=01;34:ln=01;36:mh=00:pi=40;33:so=01;35:do=01;35:bd=40;33;01:cd=40;33;01:or=40;31;01:mi=00:su=37;41:sg=30;43:ca=30;41:tw=30;42:ow=34;42:st=37;44:ex=01;32:*.tar=01;31:*.tgz=01;31:*.arc=01;31:*.arj=01;31:*.taz=01;31:*.lha=01;31:*.lz4=01;31:*.lzh=01;31:*.lzma=01;31:*.tlz=01;31:*.txz=01;31:*.tzo=01;31:*.t7z=01;31:*.zip=01;31:*.z=01;31:*.dz=01;31:*.gz=01;31:*.lrz=01;31:*.lz=01;31:*.lzo=01;31:*.xz=01;31:*.zst=01;31:*.tzst=01;31:*.bz2=01;31:*.bz=01;31:*.tbz=01;31:*.tbz2=01;31:*.tz=01;31:*.deb=01;31:*.rpm=01;31:*.jar=01;31:*.war=01;31:*.ear=01;31:*.sar=01;31:*.rar=01;31:*.alz=01;31:*.ace=01;31:*.zoo=01;31:*.cpio=01;31:*.7z=01;31:*.rz=01;31:*.cab=01;31:*.wim=01;31:*.swm=01;31:*.dwm=01;31:*.esd=01;31:*.jpg=01;35:*.jpeg=01;35:*.mjpg=01;35:*.mjpeg=01;35:*.gif=01;35:*.bmp=01;35:*.pbm=01;35:*.pgm=01;35:*.ppm=01;35:*.tga=01;35:*.xbm=01;35:*.xpm=01;35:*.tif=01;35:*.tiff=01;35:*.png=01;35:*.svg=01;35:*.svgz=01;35:*.mng=01;35:*.pcx=01;35:*.mov=01;35:*.mpg=01;35:*.mpeg=01;35:*.m2v=01;35:*.mkv=01;35:*.webm=01;35:*.webp=01;35:*.ogm=01;35:*.mp4=01;35:*.m4v=01;35:*.mp4v=01;35:*.vob=01;35:*.qt=01;35:*.nuv=01;35:*.wmv=01;35:*.asf=01;35:*.rm=01;35:*.rmvb=01;35:*.flc=01;35:*.avi=01;35:*.fli=01;35:*.flv=01;35:*.gl=01;35:*.dl=01;35:*.xcf=01;35:*.xwd=01;35:*.yuv=01;35:*.cgm=01;35:*.emf=01;35:*.ogv=01;35:*.ogx=01;35:*.aac=00;36:*.au=00;36:*.flac=00;36:*.m4a=00;36:*.mid=00;36:*.midi=00;36:*.mka=00;36:*.mp3=00;36:*.mpc=00;36:*.ogg=00;36:*.ra=00;36:*.wav=00;36:*.oga=00;36:*.opus=00;36:*.spx=00;36:*.xspf=00;36:', 'SSH_AGENT_LAUNCHER': 'gnome-keyring', 'SSH_AUTH_SOCK': '/run/user/1000/keyring/ssh', 'AMENT_PREFIX_PATH': '/home/ros/arm_ws/install/arm_utils:/home/ros/arm_ws/install/arm_remote:/home/ros/arm_ws/install/arm_py_examples:/home/ros/arm_ws/install/arm_cpp_examples:/home/ros/arm_ws/install/arm_msgs:/home/ros/arm_ws/install/arm_moveit:/home/ros/arm_ws/install/arm_firmware:/home/ros/arm_ws/install/arm_description:/home/ros/arm_ws/install/arm_controller:/home/ros/arm_ws/install/arm_bringup:/opt/ros/humble', 'SHELL': '/bin/bash', 'LC_NAME': 'es_CO.UTF-8', 'TERMINATOR_UUID': 'urn:uuid:3dc62beb-5acd-4d96-bb8e-eacca3db12ac', 'QT_ACCESSIBILITY': '1', 'GDMSESSION': 'ubuntu-xorg', 'LESSCLOSE': '/usr/bin/lesspipe %s %s', 'LC_MEASUREMENT': 'es_CO.UTF-8', 'GPG_AGENT_INFO': '/run/user/1000/gnupg/S.gpg-agent:0:1', 'LC_IDENTIFICATION': 'es_CO.UTF-8', 'QT_IM_MODULE': 'ibus', 'PWD': '/home/ros/arm_ws/build/arm_py_examples', 'LC_ALL': 'en_US.UTF-8', 'XDG_CONFIG_DIRS': '/etc/xdg/xdg-ubuntu-xorg:/etc/xdg', 'XDG_DATA_DIRS': '/usr/share/ubuntu-xorg:/usr/share/gnome:/usr/local/share/:/usr/share/:/var/lib/snapd/desktop', 'PYTHONPATH': '/home/ros/arm_ws/build/arm_py_examples/prefix_override:/usr/lib/python3/dist-packages/colcon_core/task/python/colcon_distutils_commands:/home/ros/arm_ws/install/arm_py_examples/lib/python3.10/site-packages:/home/ros/arm_ws/install/arm_utils/local/lib/python3.10/dist-packages:/home/ros/arm_ws/install/arm_remote/local/lib/python3.10/dist-packages:/home/ros/arm_ws/install/arm_py_examples/lib/python3.10/site-packages:/home/ros/arm_ws/install/arm_msgs/local/lib/python3.10/dist-packages:/home/ros/arm_ws/install/arm_firmware/local/lib/python3.10/dist-packages:/home/ros/arm_ws/install/arm_controller/local/lib/python3.10/dist-packages:/opt/ros/humble/lib/python3.10/site-packages:/opt/ros/humble/local/lib/python3.10/dist-packages', 'LC_NUMERIC': 'es_CO.UTF-8', 'LC_PAPER': 'es_CO.UTF-8', 'COLCON': '1', 'VTE_VERSION': '6800', 'CMAKE_PREFIX_PATH': '/home/ros/arm_ws/install/arm_msgs:/home/ros/arm_ws/install/arm_utils:/home/ros/arm_ws/install/arm_remote:/home/ros/arm_ws/install/arm_cpp_examples:/home/ros/arm_ws/install/arm_moveit:/home/ros/arm_ws/install/arm_firmware:/home/ros/arm_ws/install/arm_description:/home/ros/arm_ws/install/arm_controller:/home/ros/arm_ws/install/arm_bringup'}, 'shell': False}
[20.694956] (-) TimerEvent: {}
[20.795529] (-) TimerEvent: {}
[20.897144] (-) TimerEvent: {}
[21.001130] (-) TimerEvent: {}
[21.106923] (-) TimerEvent: {}
[21.207952] (-) TimerEvent: {}
[21.309935] (-) TimerEvent: {}
[21.414926] (-) TimerEvent: {}
[21.515418] (-) TimerEvent: {}
[21.617952] (-) TimerEvent: {}
[21.718492] (-) TimerEvent: {}
[21.823935] (-) TimerEvent: {}
[21.924435] (-) TimerEvent: {}
[22.025243] (-) TimerEvent: {}
[22.128036] (-) TimerEvent: {}
[22.232262] (-) TimerEvent: {}
[22.337157] (-) TimerEvent: {}
[22.438995] (-) TimerEvent: {}
[22.532078] (arm_py_examples) StdoutLine: {'line': b'running egg_info\n'}
[22.532649] (arm_py_examples) StdoutLine: {'line': b'writing ../../build/arm_py_examples/arm_py_examples.egg-info/PKG-INFO\n'}
[22.537746] (arm_py_examples) StdoutLine: {'line': b'writing dependency_links to ../../build/arm_py_examples/arm_py_examples.egg-info/dependency_links.txt\n'}
[22.538119] (arm_py_examples) StdoutLine: {'line': b'writing entry points to ../../build/arm_py_examples/arm_py_examples.egg-info/entry_points.txt\n'}
[22.539029] (arm_py_examples) StdoutLine: {'line': b'writing requirements to ../../build/arm_py_examples/arm_py_examples.egg-info/requires.txt\n'}
[22.539551] (-) TimerEvent: {}
[22.544159] (arm_py_examples) StdoutLine: {'line': b'writing top-level names to ../../build/arm_py_examples/arm_py_examples.egg-info/top_level.txt\n'}
[22.561922] (arm_py_examples) StdoutLine: {'line': b"reading manifest file '../../build/arm_py_examples/arm_py_examples.egg-info/SOURCES.txt'\n"}
[22.574999] (arm_py_examples) StdoutLine: {'line': b"writing manifest file '../../build/arm_py_examples/arm_py_examples.egg-info/SOURCES.txt'\n"}
[22.575349] (arm_py_examples) StdoutLine: {'line': b'running build\n'}
[22.577676] (arm_py_examples) StdoutLine: {'line': b'running build_py\n'}
[22.579913] (arm_py_examples) StdoutLine: {'line': b'running install\n'}
[22.586712] (arm_py_examples) StdoutLine: {'line': b'running install_lib\n'}
[22.597073] (arm_py_examples) StdoutLine: {'line': b'running install_data\n'}
[22.599832] (arm_py_examples) StdoutLine: {'line': b'running install_egg_info\n'}
[22.611985] (arm_py_examples) StdoutLine: {'line': b"removing '/home/ros/arm_ws/install/arm_py_examples/lib/python3.10/site-packages/arm_py_examples-0.0.0-py3.10.egg-info' (and everything under it)\n"}
[22.620088] (arm_py_examples) StdoutLine: {'line': b'Copying ../../build/arm_py_examples/arm_py_examples.egg-info to /home/ros/arm_ws/install/arm_py_examples/lib/python3.10/site-packages/arm_py_examples-0.0.0-py3.10.egg-info\n'}
[22.622871] (arm_py_examples) StdoutLine: {'line': b'running install_scripts\n'}
[22.640001] (-) TimerEvent: {}
[22.745941] (-) TimerEvent: {}
[22.774701] (arm_py_examples) StdoutLine: {'line': b'Installing simple_action_client script to /home/ros/arm_ws/install/arm_py_examples/lib/arm_py_examples\n'}
[22.776780] (arm_py_examples) StdoutLine: {'line': b'Installing simple_action_server script to /home/ros/arm_ws/install/arm_py_examples/lib/arm_py_examples\n'}
[22.782503] (arm_py_examples) StdoutLine: {'line': b'Installing simple_parameter script to /home/ros/arm_ws/install/arm_py_examples/lib/arm_py_examples\n'}
[22.784073] (arm_py_examples) StdoutLine: {'line': b'Installing simple_publisher script to /home/ros/arm_ws/install/arm_py_examples/lib/arm_py_examples\n'}
[22.789649] (arm_py_examples) StdoutLine: {'line': b'Installing simple_service_client script to /home/ros/arm_ws/install/arm_py_examples/lib/arm_py_examples\n'}
[22.791246] (arm_py_examples) StdoutLine: {'line': b'Installing simple_service_server script to /home/ros/arm_ws/install/arm_py_examples/lib/arm_py_examples\n'}
[22.792253] (arm_py_examples) StdoutLine: {'line': b'Installing simple_subscriber script to /home/ros/arm_ws/install/arm_py_examples/lib/arm_py_examples\n'}
[22.796196] (arm_py_examples) StdoutLine: {'line': b"writing list of installed files to '/home/ros/arm_ws/build/arm_py_examples/install.log'\n"}
[22.847974] (-) TimerEvent: {}
[22.879577] (arm_py_examples) CommandEnded: {'returncode': 0}
[22.954217] (arm_py_examples) JobEnded: {'identifier': 'arm_py_examples', 'rc': 0}
[22.956143] (-) TimerEvent: {}
[22.957068] (arm_utils) JobStarted: {'identifier': 'arm_utils'}
[23.044520] (arm_utils) JobProgress: {'identifier': 'arm_utils', 'progress': 'cmake'}
[23.055331] (arm_utils) JobProgress: {'identifier': 'arm_utils', 'progress': 'build'}
[23.055531] (arm_utils) Command: {'cmd': ['/usr/bin/cmake', '--build', '/home/ros/arm_ws/build/arm_utils', '--', '-j2', '-l2'], 'cwd': '/home/ros/arm_ws/build/arm_utils', 'env': OrderedDict([('LESSOPEN', '| /usr/bin/lesspipe %s'), ('LANGUAGE', 'en_US:'), ('USER', 'ros'), ('LC_TIME', 'es_CO.UTF-8'), ('XDG_SESSION_TYPE', 'x11'), ('SHLVL', '1'), ('LD_LIBRARY_PATH', '/home/ros/arm_ws/install/arm_msgs/lib:/home/ros/arm_ws/install/arm_remote/lib:/home/ros/arm_ws/install/arm_cpp_examples/lib:/home/ros/arm_ws/install/arm_controller/lib:/usr/lib/x86_64-linux-gnu/gazebo-11/plugins:/opt/ros/humble/opt/rviz_ogre_vendor/lib:/opt/ros/humble/lib/x86_64-linux-gnu:/opt/ros/humble/lib'), ('HOME', '/home/ros'), ('OLDPWD', '/home/ros'), ('DESKTOP_SESSION', 'ubuntu-xorg'), ('ROS_PYTHON_VERSION', '3'), ('GNOME_SHELL_SESSION_MODE', 'ubuntu'), ('GTK_MODULES', 'gail:atk-bridge'), ('LC_MONETARY', 'es_CO.UTF-8'), ('MANAGERPID', '1022'), ('SYSTEMD_EXEC_PID', '1648'), ('DBUS_SESSION_BUS_ADDRESS', 'unix:path=/run/user/1000/bus'), ('COLORTERM', 'truecolor'), ('TERMINATOR_DBUS_NAME', 'net.tenshu.Terminator21a9d5db22c73a993ff0b42f64b396873'), ('GIO_LAUNCHED_DESKTOP_FILE_PID', '5308'), ('COLCON_PREFIX_PATH', '/home/ros/arm_ws/install'), ('ROS_DISTRO', 'humble'), ('GTK_IM_MODULE', 'ibus'), ('LOGNAME', 'ros'), ('JOURNAL_STREAM', '8:21986'), ('_', '/usr/bin/colcon'), ('ROS_VERSION', '2'), ('XDG_SESSION_CLASS', 'user'), ('USERNAME', 'ros'), ('TERM', 'xterm-256color'), ('GNOME_DESKTOP_SESSION_ID', 'this-is-deprecated'), ('ROS_LOCALHOST_ONLY', '0'), ('WINDOWPATH', '2'), ('PATH', '/opt/ros/humble/bin:/home/ros/.local/bin:/usr/local/sbin:/usr/local/bin:/usr/sbin:/usr/bin:/sbin:/bin:/usr/games:/usr/local/games:/snap/bin:/snap/bin'), ('SESSION_MANAGER', 'local/ros-virtual-machine:@/tmp/.ICE-unix/1380,unix/ros-virtual-machine:/tmp/.ICE-unix/1380'), ('INVOCATION_ID', 'edc79796a9204906952502603e82de6b'), ('XDG_MENU_PREFIX', 'gnome-'), ('LC_ADDRESS', 'es_CO.UTF-8'), ('XDG_RUNTIME_DIR', '/run/user/1000'), ('DISPLAY', ':0'), ('TERMINATOR_DBUS_PATH', '/net/tenshu/Terminator2'), ('LANG', 'en_US.UTF-8'), ('XDG_CURRENT_DESKTOP', 'ubuntu:GNOME'), ('IBUS_DISABLE_SNOOPER', '1'), ('LC_TELEPHONE', 'es_CO.UTF-8'), ('XMODIFIERS', '@im=ibus'), ('XDG_SESSION_DESKTOP', 'ubuntu-xorg'), ('XAUTHORITY', '/run/user/1000/gdm/Xauthority'), ('LS_COLORS', 'rs=0:di=01;34:ln=01;36:mh=00:pi=40;33:so=01;35:do=01;35:bd=40;33;01:cd=40;33;01:or=40;31;01:mi=00:su=37;41:sg=30;43:ca=30;41:tw=30;42:ow=34;42:st=37;44:ex=01;32:*.tar=01;31:*.tgz=01;31:*.arc=01;31:*.arj=01;31:*.taz=01;31:*.lha=01;31:*.lz4=01;31:*.lzh=01;31:*.lzma=01;31:*.tlz=01;31:*.txz=01;31:*.tzo=01;31:*.t7z=01;31:*.zip=01;31:*.z=01;31:*.dz=01;31:*.gz=01;31:*.lrz=01;31:*.lz=01;31:*.lzo=01;31:*.xz=01;31:*.zst=01;31:*.tzst=01;31:*.bz2=01;31:*.bz=01;31:*.tbz=01;31:*.tbz2=01;31:*.tz=01;31:*.deb=01;31:*.rpm=01;31:*.jar=01;31:*.war=01;31:*.ear=01;31:*.sar=01;31:*.rar=01;31:*.alz=01;31:*.ace=01;31:*.zoo=01;31:*.cpio=01;31:*.7z=01;31:*.rz=01;31:*.cab=01;31:*.wim=01;31:*.swm=01;31:*.dwm=01;31:*.esd=01;31:*.jpg=01;35:*.jpeg=01;35:*.mjpg=01;35:*.mjpeg=01;35:*.gif=01;35:*.bmp=01;35:*.pbm=01;35:*.pgm=01;35:*.ppm=01;35:*.tga=01;35:*.xbm=01;35:*.xpm=01;35:*.tif=01;35:*.tiff=01;35:*.png=01;35:*.svg=01;35:*.svgz=01;35:*.mng=01;35:*.pcx=01;35:*.mov=01;35:*.mpg=01;35:*.mpeg=01;35:*.m2v=01;35:*.mkv=01;35:*.webm=01;35:*.webp=01;35:*.ogm=01;35:*.mp4=01;35:*.m4v=01;35:*.mp4v=01;35:*.vob=01;35:*.qt=01;35:*.nuv=01;35:*.wmv=01;35:*.asf=01;35:*.rm=01;35:*.rmvb=01;35:*.flc=01;35:*.avi=01;35:*.fli=01;35:*.flv=01;35:*.gl=01;35:*.dl=01;35:*.xcf=01;35:*.xwd=01;35:*.yuv=01;35:*.cgm=01;35:*.emf=01;35:*.ogv=01;35:*.ogx=01;35:*.aac=00;36:*.au=00;36:*.flac=00;36:*.m4a=00;36:*.mid=00;36:*.midi=00;36:*.mka=00;36:*.mp3=00;36:*.mpc=00;36:*.ogg=00;36:*.ra=00;36:*.wav=00;36:*.oga=00;36:*.opus=00;36:*.spx=00;36:*.xspf=00;36:'), ('SSH_AGENT_LAUNCHER', 'gnome-keyring'), ('SSH_AUTH_SOCK', '/run/user/1000/keyring/ssh'), ('AMENT_PREFIX_PATH', '/home/ros/arm_ws/install/arm_utils:/home/ros/arm_ws/install/arm_remote:/home/ros/arm_ws/install/arm_py_examples:/home/ros/arm_ws/install/arm_cpp_examples:/home/ros/arm_ws/install/arm_msgs:/home/ros/arm_ws/install/arm_moveit:/home/ros/arm_ws/install/arm_firmware:/home/ros/arm_ws/install/arm_description:/home/ros/arm_ws/install/arm_controller:/home/ros/arm_ws/install/arm_bringup:/opt/ros/humble'), ('SHELL', '/bin/bash'), ('LC_NAME', 'es_CO.UTF-8'), ('TERMINATOR_UUID', 'urn:uuid:3dc62beb-5acd-4d96-bb8e-eacca3db12ac'), ('QT_ACCESSIBILITY', '1'), ('GDMSESSION', 'ubuntu-xorg'), ('LESSCLOSE', '/usr/bin/lesspipe %s %s'), ('LC_MEASUREMENT', 'es_CO.UTF-8'), ('GPG_AGENT_INFO', '/run/user/1000/gnupg/S.gpg-agent:0:1'), ('LC_IDENTIFICATION', 'es_CO.UTF-8'), ('QT_IM_MODULE', 'ibus'), ('PWD', '/home/ros/arm_ws/build/arm_utils'), ('LC_ALL', 'en_US.UTF-8'), ('XDG_CONFIG_DIRS', '/etc/xdg/xdg-ubuntu-xorg:/etc/xdg'), ('XDG_DATA_DIRS', '/usr/share/ubuntu-xorg:/usr/share/gnome:/usr/local/share/:/usr/share/:/var/lib/snapd/desktop'), ('PYTHONPATH', '/home/ros/arm_ws/install/arm_utils/local/lib/python3.10/dist-packages:/home/ros/arm_ws/install/arm_remote/local/lib/python3.10/dist-packages:/home/ros/arm_ws/install/arm_py_examples/lib/python3.10/site-packages:/home/ros/arm_ws/install/arm_msgs/local/lib/python3.10/dist-packages:/home/ros/arm_ws/install/arm_firmware/local/lib/python3.10/dist-packages:/home/ros/arm_ws/install/arm_controller/local/lib/python3.10/dist-packages:/opt/ros/humble/lib/python3.10/site-packages:/opt/ros/humble/local/lib/python3.10/dist-packages'), ('LC_NUMERIC', 'es_CO.UTF-8'), ('LC_PAPER', 'es_CO.UTF-8'), ('COLCON', '1'), ('VTE_VERSION', '6800'), ('CMAKE_PREFIX_PATH', '/home/ros/arm_ws/install/arm_msgs:/home/ros/arm_ws/install/arm_utils:/home/ros/arm_ws/install/arm_remote:/home/ros/arm_ws/install/arm_cpp_examples:/home/ros/arm_ws/install/arm_moveit:/home/ros/arm_ws/install/arm_firmware:/home/ros/arm_ws/install/arm_description:/home/ros/arm_ws/install/arm_controller:/home/ros/arm_ws/install/arm_bringup:/home/ros/arm_ws/install/arm_py_examples:/opt/ros/humble')]), 'shell': False}
[23.058536] (-) TimerEvent: {}
[23.163961] (-) TimerEvent: {}
[23.265185] (-) TimerEvent: {}
[23.366408] (-) TimerEvent: {}
[23.466954] (-) TimerEvent: {}
[23.541307] (arm_utils) StdoutLine: {'line': b'[100%] Built target angle_conversion\n'}
[23.567961] (-) TimerEvent: {}
[23.668467] (-) TimerEvent: {}
[23.771038] (-) TimerEvent: {}
[23.821949] (arm_utils) StdoutLine: {'line': b'[100%] Built target ament_cmake_python_copy_arm_utils\n'}
[23.871174] (-) TimerEvent: {}
[23.972100] (-) TimerEvent: {}
[24.074956] (-) TimerEvent: {}
[24.177438] (-) TimerEvent: {}
[24.279932] (-) TimerEvent: {}
[24.385954] (-) TimerEvent: {}
[24.487135] (-) TimerEvent: {}
[24.591988] (-) TimerEvent: {}
[24.693294] (-) TimerEvent: {}
[24.798096] (-) TimerEvent: {}
[24.903941] (-) TimerEvent: {}
[25.004657] (-) TimerEvent: {}
[25.106941] (-) TimerEvent: {}
[25.207390] (-) TimerEvent: {}
[25.307943] (-) TimerEvent: {}
[25.412970] (-) TimerEvent: {}
[25.513404] (-) TimerEvent: {}
[25.618955] (-) TimerEvent: {}
[25.719589] (-) TimerEvent: {}
[25.827957] (-) TimerEvent: {}
[25.928560] (-) TimerEvent: {}
[26.005938] (arm_utils) StdoutLine: {'line': b'running egg_info\n'}
[26.013125] (arm_utils) StdoutLine: {'line': b'writing arm_utils.egg-info/PKG-INFO\n'}
[26.014361] (arm_utils) StdoutLine: {'line': b'writing dependency_links to arm_utils.egg-info/dependency_links.txt\n'}
[26.019200] (arm_utils) StdoutLine: {'line': b'writing top-level names to arm_utils.egg-info/top_level.txt\n'}
[26.028958] (-) TimerEvent: {}
[26.040692] (arm_utils) StdoutLine: {'line': b"reading manifest file 'arm_utils.egg-info/SOURCES.txt'\n"}
[26.046987] (arm_utils) StdoutLine: {'line': b"writing manifest file 'arm_utils.egg-info/SOURCES.txt'\n"}
[26.129121] (-) TimerEvent: {}
[26.233959] (-) TimerEvent: {}
[26.243790] (arm_utils) StdoutLine: {'line': b'[100%] Built target ament_cmake_python_build_arm_utils_egg\n'}
[26.342295] (arm_utils) CommandEnded: {'returncode': 0}
[26.343473] (-) TimerEvent: {}
[26.448527] (-) TimerEvent: {}
[26.554407] (-) TimerEvent: {}
[26.659027] (arm_utils) JobProgress: {'identifier': 'arm_utils', 'progress': 'install'}
[26.659439] (-) TimerEvent: {}
[26.660348] (arm_utils) Command: {'cmd': ['/usr/bin/cmake', '--install', '/home/ros/arm_ws/build/arm_utils'], 'cwd': '/home/ros/arm_ws/build/arm_utils', 'env': OrderedDict([('LESSOPEN', '| /usr/bin/lesspipe %s'), ('LANGUAGE', 'en_US:'), ('USER', 'ros'), ('LC_TIME', 'es_CO.UTF-8'), ('XDG_SESSION_TYPE', 'x11'), ('SHLVL', '1'), ('LD_LIBRARY_PATH', '/home/ros/arm_ws/install/arm_msgs/lib:/home/ros/arm_ws/install/arm_remote/lib:/home/ros/arm_ws/install/arm_cpp_examples/lib:/home/ros/arm_ws/install/arm_controller/lib:/usr/lib/x86_64-linux-gnu/gazebo-11/plugins:/opt/ros/humble/opt/rviz_ogre_vendor/lib:/opt/ros/humble/lib/x86_64-linux-gnu:/opt/ros/humble/lib'), ('HOME', '/home/ros'), ('OLDPWD', '/home/ros'), ('DESKTOP_SESSION', 'ubuntu-xorg'), ('ROS_PYTHON_VERSION', '3'), ('GNOME_SHELL_SESSION_MODE', 'ubuntu'), ('GTK_MODULES', 'gail:atk-bridge'), ('LC_MONETARY', 'es_CO.UTF-8'), ('MANAGERPID', '1022'), ('SYSTEMD_EXEC_PID', '1648'), ('DBUS_SESSION_BUS_ADDRESS', 'unix:path=/run/user/1000/bus'), ('COLORTERM', 'truecolor'), ('TERMINATOR_DBUS_NAME', 'net.tenshu.Terminator21a9d5db22c73a993ff0b42f64b396873'), ('GIO_LAUNCHED_DESKTOP_FILE_PID', '5308'), ('COLCON_PREFIX_PATH', '/home/ros/arm_ws/install'), ('ROS_DISTRO', 'humble'), ('GTK_IM_MODULE', 'ibus'), ('LOGNAME', 'ros'), ('JOURNAL_STREAM', '8:21986'), ('_', '/usr/bin/colcon'), ('ROS_VERSION', '2'), ('XDG_SESSION_CLASS', 'user'), ('USERNAME', 'ros'), ('TERM', 'xterm-256color'), ('GNOME_DESKTOP_SESSION_ID', 'this-is-deprecated'), ('ROS_LOCALHOST_ONLY', '0'), ('WINDOWPATH', '2'), ('PATH', '/opt/ros/humble/bin:/home/ros/.local/bin:/usr/local/sbin:/usr/local/bin:/usr/sbin:/usr/bin:/sbin:/bin:/usr/games:/usr/local/games:/snap/bin:/snap/bin'), ('SESSION_MANAGER', 'local/ros-virtual-machine:@/tmp/.ICE-unix/1380,unix/ros-virtual-machine:/tmp/.ICE-unix/1380'), ('INVOCATION_ID', 'edc79796a9204906952502603e82de6b'), ('XDG_MENU_PREFIX', 'gnome-'), ('LC_ADDRESS', 'es_CO.UTF-8'), ('XDG_RUNTIME_DIR', '/run/user/1000'), ('DISPLAY', ':0'), ('TERMINATOR_DBUS_PATH', '/net/tenshu/Terminator2'), ('LANG', 'en_US.UTF-8'), ('XDG_CURRENT_DESKTOP', 'ubuntu:GNOME'), ('IBUS_DISABLE_SNOOPER', '1'), ('LC_TELEPHONE', 'es_CO.UTF-8'), ('XMODIFIERS', '@im=ibus'), ('XDG_SESSION_DESKTOP', 'ubuntu-xorg'), ('XAUTHORITY', '/run/user/1000/gdm/Xauthority'), ('LS_COLORS', 'rs=0:di=01;34:ln=01;36:mh=00:pi=40;33:so=01;35:do=01;35:bd=40;33;01:cd=40;33;01:or=40;31;01:mi=00:su=37;41:sg=30;43:ca=30;41:tw=30;42:ow=34;42:st=37;44:ex=01;32:*.tar=01;31:*.tgz=01;31:*.arc=01;31:*.arj=01;31:*.taz=01;31:*.lha=01;31:*.lz4=01;31:*.lzh=01;31:*.lzma=01;31:*.tlz=01;31:*.txz=01;31:*.tzo=01;31:*.t7z=01;31:*.zip=01;31:*.z=01;31:*.dz=01;31:*.gz=01;31:*.lrz=01;31:*.lz=01;31:*.lzo=01;31:*.xz=01;31:*.zst=01;31:*.tzst=01;31:*.bz2=01;31:*.bz=01;31:*.tbz=01;31:*.tbz2=01;31:*.tz=01;31:*.deb=01;31:*.rpm=01;31:*.jar=01;31:*.war=01;31:*.ear=01;31:*.sar=01;31:*.rar=01;31:*.alz=01;31:*.ace=01;31:*.zoo=01;31:*.cpio=01;31:*.7z=01;31:*.rz=01;31:*.cab=01;31:*.wim=01;31:*.swm=01;31:*.dwm=01;31:*.esd=01;31:*.jpg=01;35:*.jpeg=01;35:*.mjpg=01;35:*.mjpeg=01;35:*.gif=01;35:*.bmp=01;35:*.pbm=01;35:*.pgm=01;35:*.ppm=01;35:*.tga=01;35:*.xbm=01;35:*.xpm=01;35:*.tif=01;35:*.tiff=01;35:*.png=01;35:*.svg=01;35:*.svgz=01;35:*.mng=01;35:*.pcx=01;35:*.mov=01;35:*.mpg=01;35:*.mpeg=01;35:*.m2v=01;35:*.mkv=01;35:*.webm=01;35:*.webp=01;35:*.ogm=01;35:*.mp4=01;35:*.m4v=01;35:*.mp4v=01;35:*.vob=01;35:*.qt=01;35:*.nuv=01;35:*.wmv=01;35:*.asf=01;35:*.rm=01;35:*.rmvb=01;35:*.flc=01;35:*.avi=01;35:*.fli=01;35:*.flv=01;35:*.gl=01;35:*.dl=01;35:*.xcf=01;35:*.xwd=01;35:*.yuv=01;35:*.cgm=01;35:*.emf=01;35:*.ogv=01;35:*.ogx=01;35:*.aac=00;36:*.au=00;36:*.flac=00;36:*.m4a=00;36:*.mid=00;36:*.midi=00;36:*.mka=00;36:*.mp3=00;36:*.mpc=00;36:*.ogg=00;36:*.ra=00;36:*.wav=00;36:*.oga=00;36:*.opus=00;36:*.spx=00;36:*.xspf=00;36:'), ('SSH_AGENT_LAUNCHER', 'gnome-keyring'), ('SSH_AUTH_SOCK', '/run/user/1000/keyring/ssh'), ('AMENT_PREFIX_PATH', '/home/ros/arm_ws/install/arm_utils:/home/ros/arm_ws/install/arm_remote:/home/ros/arm_ws/install/arm_py_examples:/home/ros/arm_ws/install/arm_cpp_examples:/home/ros/arm_ws/install/arm_msgs:/home/ros/arm_ws/install/arm_moveit:/home/ros/arm_ws/install/arm_firmware:/home/ros/arm_ws/install/arm_description:/home/ros/arm_ws/install/arm_controller:/home/ros/arm_ws/install/arm_bringup:/opt/ros/humble'), ('SHELL', '/bin/bash'), ('LC_NAME', 'es_CO.UTF-8'), ('TERMINATOR_UUID', 'urn:uuid:3dc62beb-5acd-4d96-bb8e-eacca3db12ac'), ('QT_ACCESSIBILITY', '1'), ('GDMSESSION', 'ubuntu-xorg'), ('LESSCLOSE', '/usr/bin/lesspipe %s %s'), ('LC_MEASUREMENT', 'es_CO.UTF-8'), ('GPG_AGENT_INFO', '/run/user/1000/gnupg/S.gpg-agent:0:1'), ('LC_IDENTIFICATION', 'es_CO.UTF-8'), ('QT_IM_MODULE', 'ibus'), ('PWD', '/home/ros/arm_ws/build/arm_utils'), ('LC_ALL', 'en_US.UTF-8'), ('XDG_CONFIG_DIRS', '/etc/xdg/xdg-ubuntu-xorg:/etc/xdg'), ('XDG_DATA_DIRS', '/usr/share/ubuntu-xorg:/usr/share/gnome:/usr/local/share/:/usr/share/:/var/lib/snapd/desktop'), ('PYTHONPATH', '/home/ros/arm_ws/install/arm_utils/local/lib/python3.10/dist-packages:/home/ros/arm_ws/install/arm_remote/local/lib/python3.10/dist-packages:/home/ros/arm_ws/install/arm_py_examples/lib/python3.10/site-packages:/home/ros/arm_ws/install/arm_msgs/local/lib/python3.10/dist-packages:/home/ros/arm_ws/install/arm_firmware/local/lib/python3.10/dist-packages:/home/ros/arm_ws/install/arm_controller/local/lib/python3.10/dist-packages:/opt/ros/humble/lib/python3.10/site-packages:/opt/ros/humble/local/lib/python3.10/dist-packages'), ('LC_NUMERIC', 'es_CO.UTF-8'), ('LC_PAPER', 'es_CO.UTF-8'), ('COLCON', '1'), ('VTE_VERSION', '6800'), ('CMAKE_PREFIX_PATH', '/home/ros/arm_ws/install/arm_msgs:/home/ros/arm_ws/install/arm_utils:/home/ros/arm_ws/install/arm_remote:/home/ros/arm_ws/install/arm_cpp_examples:/home/ros/arm_ws/install/arm_moveit:/home/ros/arm_ws/install/arm_firmware:/home/ros/arm_ws/install/arm_description:/home/ros/arm_ws/install/arm_controller:/home/ros/arm_ws/install/arm_bringup:/home/ros/arm_ws/install/arm_py_examples:/opt/ros/humble')]), 'shell': False}
[26.732016] (arm_utils) StdoutLine: {'line': b'-- Install configuration: ""\n'}
[26.732453] (arm_utils) StdoutLine: {'line': b'-- Up-to-date: /home/ros/arm_ws/install/arm_utils/share/arm_utils/environment/pythonpath.sh\n'}
[26.732678] (arm_utils) StdoutLine: {'line': b'-- Up-to-date: /home/ros/arm_ws/install/arm_utils/share/arm_utils/environment/pythonpath.dsv\n'}
[26.732832] (arm_utils) StdoutLine: {'line': b'-- Up-to-date: /home/ros/arm_ws/install/arm_utils/local/lib/python3.10/dist-packages/arm_utils-0.0.0-py3.10.egg-info\n'}
[26.737542] (arm_utils) StdoutLine: {'line': b'-- Installing: /home/ros/arm_ws/install/arm_utils/local/lib/python3.10/dist-packages/arm_utils-0.0.0-py3.10.egg-info/dependency_links.txt\n'}
[26.737781] (arm_utils) StdoutLine: {'line': b'-- Installing: /home/ros/arm_ws/install/arm_utils/local/lib/python3.10/dist-packages/arm_utils-0.0.0-py3.10.egg-info/SOURCES.txt\n'}
[26.741438] (arm_utils) StdoutLine: {'line': b'-- Installing: /home/ros/arm_ws/install/arm_utils/local/lib/python3.10/dist-packages/arm_utils-0.0.0-py3.10.egg-info/PKG-INFO\n'}
[26.741706] (arm_utils) StdoutLine: {'line': b'-- Installing: /home/ros/arm_ws/install/arm_utils/local/lib/python3.10/dist-packages/arm_utils-0.0.0-py3.10.egg-info/top_level.txt\n'}
[26.741965] (arm_utils) StdoutLine: {'line': b'-- Up-to-date: /home/ros/arm_ws/install/arm_utils/local/lib/python3.10/dist-packages/arm_utils\n'}
[26.742284] (arm_utils) StdoutLine: {'line': b'-- Up-to-date: /home/ros/arm_ws/install/arm_utils/local/lib/python3.10/dist-packages/arm_utils/__init__.py\n'}
[26.742525] (arm_utils) StdoutLine: {'line': b'-- Up-to-date: /home/ros/arm_ws/install/arm_utils/local/lib/python3.10/dist-packages/arm_utils/angle_conversion.py\n'}
[26.759618] (-) TimerEvent: {}
[26.864940] (-) TimerEvent: {}
[26.968036] (-) TimerEvent: {}
[27.027946] (arm_utils) StdoutLine: {'line': b"Listing '/home/ros/arm_ws/install/arm_utils/local/lib/python3.10/dist-packages/arm_utils'...\n"}
[27.052941] (arm_utils) StdoutLine: {'line': b'-- Up-to-date: /home/ros/arm_ws/install/arm_utils/lib/arm_utils/angle_conversion\n'}
[27.053401] (arm_utils) StdoutLine: {'line': b'-- Up-to-date: /home/ros/arm_ws/install/arm_utils/lib/arm_utils/angle_conversion.py\n'}
[27.057956] (arm_utils) StdoutLine: {'line': b'-- Up-to-date: /home/ros/arm_ws/install/arm_utils/share/ament_index/resource_index/package_run_dependencies/arm_utils\n'}
[27.058450] (arm_utils) StdoutLine: {'line': b'-- Up-to-date: /home/ros/arm_ws/install/arm_utils/share/ament_index/resource_index/parent_prefix_path/arm_utils\n'}
[27.058595] (arm_utils) StdoutLine: {'line': b'-- Up-to-date: /home/ros/arm_ws/install/arm_utils/share/arm_utils/environment/ament_prefix_path.sh\n'}
[27.058708] (arm_utils) StdoutLine: {'line': b'-- Up-to-date: /home/ros/arm_ws/install/arm_utils/share/arm_utils/environment/ament_prefix_path.dsv\n'}
[27.058811] (arm_utils) StdoutLine: {'line': b'-- Up-to-date: /home/ros/arm_ws/install/arm_utils/share/arm_utils/environment/path.sh\n'}
[27.058954] (arm_utils) StdoutLine: {'line': b'-- Up-to-date: /home/ros/arm_ws/install/arm_utils/share/arm_utils/environment/path.dsv\n'}
[27.059363] (arm_utils) StdoutLine: {'line': b'-- Up-to-date: /home/ros/arm_ws/install/arm_utils/share/arm_utils/local_setup.bash\n'}
[27.068991] (arm_utils) StdoutLine: {'line': b'-- Up-to-date: /home/ros/arm_ws/install/arm_utils/share/arm_utils/local_setup.sh\n'}
[27.069414] (-) TimerEvent: {}
[27.072214] (arm_utils) StdoutLine: {'line': b'-- Up-to-date: /home/ros/arm_ws/install/arm_utils/share/arm_utils/local_setup.zsh\n'}
[27.072548] (arm_utils) StdoutLine: {'line': b'-- Up-to-date: /home/ros/arm_ws/install/arm_utils/share/arm_utils/local_setup.dsv\n'}
[27.072754] (arm_utils) StdoutLine: {'line': b'-- Installing: /home/ros/arm_ws/install/arm_utils/share/arm_utils/package.dsv\n'}
[27.078906] (arm_utils) StdoutLine: {'line': b'-- Up-to-date: /home/ros/arm_ws/install/arm_utils/share/ament_index/resource_index/packages/arm_utils\n'}
[27.079233] (arm_utils) StdoutLine: {'line': b'-- Up-to-date: /home/ros/arm_ws/install/arm_utils/share/arm_utils/cmake/arm_utilsConfig.cmake\n'}
[27.079442] (arm_utils) StdoutLine: {'line': b'-- Up-to-date: /home/ros/arm_ws/install/arm_utils/share/arm_utils/cmake/arm_utilsConfig-version.cmake\n'}
[27.079608] (arm_utils) StdoutLine: {'line': b'-- Up-to-date: /home/ros/arm_ws/install/arm_utils/share/arm_utils/package.xml\n'}
[27.101327] (arm_utils) CommandEnded: {'returncode': 0}
[27.173040] (-) TimerEvent: {}
[27.274052] (-) TimerEvent: {}
[27.374876] (-) TimerEvent: {}
[27.477488] (-) TimerEvent: {}
[27.542208] (arm_utils) JobEnded: {'identifier': 'arm_utils', 'rc': 0}
[27.577938] (-) TimerEvent: {}
[27.679218] (-) TimerEvent: {}
[27.779680] (-) TimerEvent: {}
[27.882646] (-) TimerEvent: {}
[27.983939] (-) TimerEvent: {}
[28.084541] (-) TimerEvent: {}
[28.187720] (-) TimerEvent: {}
[28.288649] (-) TimerEvent: {}
[28.389425] (-) TimerEvent: {}
[28.490410] (-) TimerEvent: {}
[28.592939] (-) TimerEvent: {}
[28.693921] (-) TimerEvent: {}
[28.794572] (-) TimerEvent: {}
[28.895464] (-) TimerEvent: {}
[28.998765] (-) TimerEvent: {}
[29.099361] (-) TimerEvent: {}
[29.200616] (-) TimerEvent: {}
[29.302614] (-) TimerEvent: {}
[29.405433] (-) TimerEvent: {}
[29.505831] (-) TimerEvent: {}
[29.606659] (-) TimerEvent: {}
[29.709132] (-) TimerEvent: {}
[29.809995] (-) TimerEvent: {}
[29.910970] (-) TimerEvent: {}
[30.013378] (-) TimerEvent: {}
[30.116420] (-) TimerEvent: {}
[30.217982] (-) TimerEvent: {}
[30.335792] (-) TimerEvent: {}
[30.439954] (-) TimerEvent: {}
[30.540634] (-) TimerEvent: {}
[30.642943] (-) TimerEvent: {}
[30.743765] (-) TimerEvent: {}
[30.846937] (-) TimerEvent: {}
[30.947953] (-) TimerEvent: {}
[31.049964] (-) TimerEvent: {}
[31.151978] (-) TimerEvent: {}
[31.252578] (-) TimerEvent: {}
[31.355110] (-) TimerEvent: {}
[31.455624] (-) TimerEvent: {}
[31.557975] (-) TimerEvent: {}
[31.659959] (-) TimerEvent: {}
[31.763141] (-) TimerEvent: {}
[31.864966] (-) TimerEvent: {}
[31.966953] (-) TimerEvent: {}
[32.067437] (-) TimerEvent: {}
[32.168229] (-) TimerEvent: {}
[32.272013] (-) TimerEvent: {}
[32.372451] (-) TimerEvent: {}
[32.472999] (-) TimerEvent: {}
[32.576151] (-) TimerEvent: {}
[32.676558] (-) TimerEvent: {}
[32.779013] (-) TimerEvent: {}
[32.880087] (-) TimerEvent: {}
[32.983968] (-) TimerEvent: {}
[33.084459] (-) TimerEvent: {}
[33.186973] (-) TimerEvent: {}
[33.290151] (-) TimerEvent: {}
[33.392169] (-) TimerEvent: {}
[33.492931] (-) TimerEvent: {}
[33.594981] (-) TimerEvent: {}
[33.695529] (-) TimerEvent: {}
[33.799048] (-) TimerEvent: {}
[33.899599] (-) TimerEvent: {}
[34.002128] (-) TimerEvent: {}
[34.104159] (-) TimerEvent: {}
[34.204704] (-) TimerEvent: {}
[34.306356] (-) TimerEvent: {}
[34.408964] (-) TimerEvent: {}
[34.510096] (-) TimerEvent: {}
[34.611417] (-) TimerEvent: {}
[34.713264] (-) TimerEvent: {}
[34.815951] (-) TimerEvent: {}
[34.916394] (-) TimerEvent: {}
[35.017946] (-) TimerEvent: {}
[35.121164] (-) TimerEvent: {}
[35.221572] (-) TimerEvent: {}
[35.321981] (-) TimerEvent: {}
[35.425006] (-) TimerEvent: {}
[35.527143] (-) TimerEvent: {}
[35.629959] (-) TimerEvent: {}
[35.730571] (-) TimerEvent: {}
[35.833173] (-) TimerEvent: {}
[35.934307] (-) TimerEvent: {}
[36.036937] (-) TimerEvent: {}
[36.137586] (-) TimerEvent: {}
[36.240164] (-) TimerEvent: {}
[36.342944] (-) TimerEvent: {}
[36.443373] (-) TimerEvent: {}
[36.544209] (-) TimerEvent: {}
[36.645936] (-) TimerEvent: {}
[36.746352] (-) TimerEvent: {}
[36.849020] (-) TimerEvent: {}
[36.949572] (-) TimerEvent: {}
[37.051958] (-) TimerEvent: {}
[37.153963] (-) TimerEvent: {}
[37.254504] (-) TimerEvent: {}
[37.356379] (-) TimerEvent: {}
[37.457954] (-) TimerEvent: {}
[37.558642] (-) TimerEvent: {}
[37.659183] (-) TimerEvent: {}
[37.759959] (-) TimerEvent: {}
[37.862427] (-) TimerEvent: {}
[37.965199] (-) TimerEvent: {}
[38.065977] (-) TimerEvent: {}
[38.168238] (-) TimerEvent: {}
[38.270111] (-) TimerEvent: {}
[38.371978] (-) TimerEvent: {}
[38.472465] (-) TimerEvent: {}
[38.572995] (-) TimerEvent: {}
[38.674993] (-) TimerEvent: {}
[38.777961] (-) TimerEvent: {}
[38.878517] (-) TimerEvent: {}
[38.979963] (-) TimerEvent: {}
[39.081961] (-) TimerEvent: {}
[39.182507] (-) TimerEvent: {}
[39.285954] (-) TimerEvent: {}
[39.386444] (-) TimerEvent: {}
[39.488198] (-) TimerEvent: {}
[39.590946] (-) TimerEvent: {}
[39.691528] (-) TimerEvent: {}
[39.793318] (-) TimerEvent: {}
[39.894963] (-) TimerEvent: {}
[39.999073] (-) TimerEvent: {}
[40.102971] (-) TimerEvent: {}
[40.206256] (-) TimerEvent: {}
[40.309201] (-) TimerEvent: {}
[40.412137] (-) TimerEvent: {}
[40.513569] (-) TimerEvent: {}
[40.619973] (-) TimerEvent: {}
[40.720542] (-) TimerEvent: {}
[40.823533] (-) TimerEvent: {}
[40.925994] (-) TimerEvent: {}
[41.028298] (-) TimerEvent: {}
[41.129964] (-) TimerEvent: {}
[41.232951] (-) TimerEvent: {}
[41.333617] (-) TimerEvent: {}
[41.436124] (-) TimerEvent: {}
[41.536591] (-) TimerEvent: {}
[41.639292] (-) TimerEvent: {}
[41.741968] (-) TimerEvent: {}
[41.842510] (-) TimerEvent: {}
[41.943934] (-) TimerEvent: {}
[42.048965] (-) TimerEvent: {}
[42.149735] (-) TimerEvent: {}
[42.251963] (-) TimerEvent: {}
[42.355148] (-) TimerEvent: {}
[42.455575] (-) TimerEvent: {}
[42.558187] (-) TimerEvent: {}
[42.660960] (-) TimerEvent: {}
[42.761518] (-) TimerEvent: {}
[42.862977] (-) TimerEvent: {}
[42.964467] (-) TimerEvent: {}
[43.066423] (-) TimerEvent: {}
[43.171960] (-) TimerEvent: {}
[43.272442] (-) TimerEvent: {}
[43.375375] (-) TimerEvent: {}
[43.475977] (-) TimerEvent: {}
[43.578352] (-) TimerEvent: {}
[43.681186] (-) TimerEvent: {}
[43.781745] (-) TimerEvent: {}
[43.883947] (-) TimerEvent: {}
[43.984896] (-) TimerEvent: {}
[44.086958] (-) TimerEvent: {}
[44.190114] (-) TimerEvent: {}
[44.290608] (-) TimerEvent: {}
[44.391915] (-) TimerEvent: {}
[44.493950] (-) TimerEvent: {}
[44.595261] (-) TimerEvent: {}
[44.697329] (-) TimerEvent: {}
[44.799004] (-) TimerEvent: {}
[44.902160] (-) TimerEvent: {}
[45.002558] (-) TimerEvent: {}
[45.104945] (-) TimerEvent: {}
[45.205390] (-) TimerEvent: {}
[45.305932] (-) TimerEvent: {}
[45.408959] (-) TimerEvent: {}
[45.509544] (-) TimerEvent: {}
[45.611312] (-) TimerEvent: {}
[45.713964] (-) TimerEvent: {}
[45.815175] (-) TimerEvent: {}
[45.918947] (-) TimerEvent: {}
[46.019357] (-) TimerEvent: {}
[46.121657] (-) TimerEvent: {}
[46.224973] (-) TimerEvent: {}
[46.326956] (-) TimerEvent: {}
[46.429938] (-) TimerEvent: {}
[46.530339] (-) TimerEvent: {}
[46.630738] (-) TimerEvent: {}
[46.733172] (-) TimerEvent: {}
[46.835958] (-) TimerEvent: {}
[46.936443] (-) TimerEvent: {}
[47.039107] (-) TimerEvent: {}
[47.140973] (-) TimerEvent: {}
[47.244143] (-) TimerEvent: {}
[47.344596] (-) TimerEvent: {}
[47.446465] (-) TimerEvent: {}
[47.548300] (-) TimerEvent: {}
[47.649974] (-) TimerEvent: {}
[47.753134] (-) TimerEvent: {}
[47.853584] (-) TimerEvent: {}
[47.955970] (-) TimerEvent: {}
[48.056458] (-) TimerEvent: {}
[48.158168] (-) TimerEvent: {}
[48.260993] (-) TimerEvent: {}
[48.361772] (-) TimerEvent: {}
[48.463936] (-) TimerEvent: {}
[48.567142] (-) TimerEvent: {}
[48.667794] (-) TimerEvent: {}
[48.771164] (-) TimerEvent: {}
[48.871818] (-) TimerEvent: {}
[48.975275] (-) TimerEvent: {}
[49.077366] (-) TimerEvent: {}
[49.179280] (-) TimerEvent: {}
[49.282356] (-) TimerEvent: {}
[49.385974] (-) TimerEvent: {}
[49.486475] (-) TimerEvent: {}
[49.589563] (-) TimerEvent: {}
[49.692238] (-) TimerEvent: {}
[49.795968] (-) TimerEvent: {}
[49.896485] (-) TimerEvent: {}
[49.997020] (-) TimerEvent: {}
[50.100256] (-) TimerEvent: {}
[50.200685] (-) TimerEvent: {}
[50.303980] (-) TimerEvent: {}
[50.404509] (-) TimerEvent: {}
[50.507179] (-) TimerEvent: {}
[50.607692] (-) TimerEvent: {}
[50.709358] (-) TimerEvent: {}
[50.811364] (-) TimerEvent: {}
[50.914732] (-) TimerEvent: {}
[51.016785] (-) TimerEvent: {}
[51.120022] (-) TimerEvent: {}
[51.222561] (-) TimerEvent: {}
[51.323964] (-) TimerEvent: {}
[51.426970] (-) TimerEvent: {}
[51.527427] (-) TimerEvent: {}
[51.629965] (-) TimerEvent: {}
[51.733215] (-) TimerEvent: {}
[51.833778] (-) TimerEvent: {}
[51.936158] (-) TimerEvent: {}
[52.039039] (-) TimerEvent: {}
[52.139540] (-) TimerEvent: {}
[52.240951] (-) TimerEvent: {}
[52.278408] (arm_remote) StdoutLine: {'line': b'[ 50%] \x1b[32m\x1b[1mLinking CXX shared library libtask_server.so\x1b[0m\n'}
[52.344999] (-) TimerEvent: {}
[52.446960] (-) TimerEvent: {}
[52.547437] (-) TimerEvent: {}
[52.649014] (-) TimerEvent: {}
[52.752110] (-) TimerEvent: {}
[52.852587] (-) TimerEvent: {}
[52.955269] (-) TimerEvent: {}
[53.055751] (-) TimerEvent: {}
[53.100380] (arm_remote) StdoutLine: {'line': b'[ 50%] Built target task_server\n'}
[53.155897] (-) TimerEvent: {}
[53.256633] (-) TimerEvent: {}
[53.277061] (arm_remote) StdoutLine: {'line': b'[100%] Built target task_server_node\n'}
[53.356790] (-) TimerEvent: {}
[53.452957] (arm_remote) StdoutLine: {'line': b'[100%] Built target ament_cmake_python_copy_arm_remote\n'}
[53.456951] (-) TimerEvent: {}
[53.558980] (-) TimerEvent: {}
[53.659353] (-) TimerEvent: {}
[53.761143] (-) TimerEvent: {}
[53.862185] (-) TimerEvent: {}
[53.964232] (-) TimerEvent: {}
[54.064661] (-) TimerEvent: {}
[54.167464] (-) TimerEvent: {}
[54.268592] (-) TimerEvent: {}
[54.300408] (arm_remote) StdoutLine: {'line': b'running egg_info\n'}
[54.300744] (arm_remote) StdoutLine: {'line': b'writing arm_remote.egg-info/PKG-INFO\n'}
[54.303376] (arm_remote) StdoutLine: {'line': b'writing dependency_links to arm_remote.egg-info/dependency_links.txt\n'}
[54.303649] (arm_remote) StdoutLine: {'line': b'writing top-level names to arm_remote.egg-info/top_level.txt\n'}
[54.314792] (arm_remote) StdoutLine: {'line': b"reading manifest file 'arm_remote.egg-info/SOURCES.txt'\n"}
[54.316829] (arm_remote) StdoutLine: {'line': b"writing manifest file 'arm_remote.egg-info/SOURCES.txt'\n"}
[54.370131] (-) TimerEvent: {}
[54.406434] (arm_remote) StdoutLine: {'line': b'[100%] Built target ament_cmake_python_build_arm_remote_egg\n'}
[54.455801] (arm_remote) CommandEnded: {'returncode': 0}
[54.472988] (-) TimerEvent: {}
[54.573776] (-) TimerEvent: {}
[54.674245] (-) TimerEvent: {}
[54.746988] (arm_remote) JobProgress: {'identifier': 'arm_remote', 'progress': 'install'}
[54.747135] (arm_remote) Command: {'cmd': ['/usr/bin/cmake', '--install', '/home/ros/arm_ws/build/arm_remote'], 'cwd': '/home/ros/arm_ws/build/arm_remote', 'env': OrderedDict([('LESSOPEN', '| /usr/bin/lesspipe %s'), ('LANGUAGE', 'en_US:'), ('USER', 'ros'), ('LC_TIME', 'es_CO.UTF-8'), ('XDG_SESSION_TYPE', 'x11'), ('SHLVL', '1'), ('LD_LIBRARY_PATH', '/home/ros/arm_ws/install/arm_msgs/lib:/home/ros/arm_ws/install/arm_remote/lib:/home/ros/arm_ws/install/arm_cpp_examples/lib:/home/ros/arm_ws/install/arm_controller/lib:/usr/lib/x86_64-linux-gnu/gazebo-11/plugins:/opt/ros/humble/opt/rviz_ogre_vendor/lib:/opt/ros/humble/lib/x86_64-linux-gnu:/opt/ros/humble/lib'), ('HOME', '/home/ros'), ('OLDPWD', '/home/ros'), ('DESKTOP_SESSION', 'ubuntu-xorg'), ('ROS_PYTHON_VERSION', '3'), ('GNOME_SHELL_SESSION_MODE', 'ubuntu'), ('GTK_MODULES', 'gail:atk-bridge'), ('LC_MONETARY', 'es_CO.UTF-8'), ('MANAGERPID', '1022'), ('SYSTEMD_EXEC_PID', '1648'), ('DBUS_SESSION_BUS_ADDRESS', 'unix:path=/run/user/1000/bus'), ('COLORTERM', 'truecolor'), ('TERMINATOR_DBUS_NAME', 'net.tenshu.Terminator21a9d5db22c73a993ff0b42f64b396873'), ('GIO_LAUNCHED_DESKTOP_FILE_PID', '5308'), ('COLCON_PREFIX_PATH', '/home/ros/arm_ws/install'), ('ROS_DISTRO', 'humble'), ('GTK_IM_MODULE', 'ibus'), ('LOGNAME', 'ros'), ('JOURNAL_STREAM', '8:21986'), ('_', '/usr/bin/colcon'), ('ROS_VERSION', '2'), ('XDG_SESSION_CLASS', 'user'), ('USERNAME', 'ros'), ('TERM', 'xterm-256color'), ('GNOME_DESKTOP_SESSION_ID', 'this-is-deprecated'), ('ROS_LOCALHOST_ONLY', '0'), ('WINDOWPATH', '2'), ('PATH', '/opt/ros/humble/bin:/home/ros/.local/bin:/usr/local/sbin:/usr/local/bin:/usr/sbin:/usr/bin:/sbin:/bin:/usr/games:/usr/local/games:/snap/bin:/snap/bin'), ('SESSION_MANAGER', 'local/ros-virtual-machine:@/tmp/.ICE-unix/1380,unix/ros-virtual-machine:/tmp/.ICE-unix/1380'), ('INVOCATION_ID', 'edc79796a9204906952502603e82de6b'), ('XDG_MENU_PREFIX', 'gnome-'), ('LC_ADDRESS', 'es_CO.UTF-8'), ('XDG_RUNTIME_DIR', '/run/user/1000'), ('DISPLAY', ':0'), ('TERMINATOR_DBUS_PATH', '/net/tenshu/Terminator2'), ('LANG', 'en_US.UTF-8'), ('XDG_CURRENT_DESKTOP', 'ubuntu:GNOME'), ('IBUS_DISABLE_SNOOPER', '1'), ('LC_TELEPHONE', 'es_CO.UTF-8'), ('XMODIFIERS', '@im=ibus'), ('XDG_SESSION_DESKTOP', 'ubuntu-xorg'), ('XAUTHORITY', '/run/user/1000/gdm/Xauthority'), ('LS_COLORS', 'rs=0:di=01;34:ln=01;36:mh=00:pi=40;33:so=01;35:do=01;35:bd=40;33;01:cd=40;33;01:or=40;31;01:mi=00:su=37;41:sg=30;43:ca=30;41:tw=30;42:ow=34;42:st=37;44:ex=01;32:*.tar=01;31:*.tgz=01;31:*.arc=01;31:*.arj=01;31:*.taz=01;31:*.lha=01;31:*.lz4=01;31:*.lzh=01;31:*.lzma=01;31:*.tlz=01;31:*.txz=01;31:*.tzo=01;31:*.t7z=01;31:*.zip=01;31:*.z=01;31:*.dz=01;31:*.gz=01;31:*.lrz=01;31:*.lz=01;31:*.lzo=01;31:*.xz=01;31:*.zst=01;31:*.tzst=01;31:*.bz2=01;31:*.bz=01;31:*.tbz=01;31:*.tbz2=01;31:*.tz=01;31:*.deb=01;31:*.rpm=01;31:*.jar=01;31:*.war=01;31:*.ear=01;31:*.sar=01;31:*.rar=01;31:*.alz=01;31:*.ace=01;31:*.zoo=01;31:*.cpio=01;31:*.7z=01;31:*.rz=01;31:*.cab=01;31:*.wim=01;31:*.swm=01;31:*.dwm=01;31:*.esd=01;31:*.jpg=01;35:*.jpeg=01;35:*.mjpg=01;35:*.mjpeg=01;35:*.gif=01;35:*.bmp=01;35:*.pbm=01;35:*.pgm=01;35:*.ppm=01;35:*.tga=01;35:*.xbm=01;35:*.xpm=01;35:*.tif=01;35:*.tiff=01;35:*.png=01;35:*.svg=01;35:*.svgz=01;35:*.mng=01;35:*.pcx=01;35:*.mov=01;35:*.mpg=01;35:*.mpeg=01;35:*.m2v=01;35:*.mkv=01;35:*.webm=01;35:*.webp=01;35:*.ogm=01;35:*.mp4=01;35:*.m4v=01;35:*.mp4v=01;35:*.vob=01;35:*.qt=01;35:*.nuv=01;35:*.wmv=01;35:*.asf=01;35:*.rm=01;35:*.rmvb=01;35:*.flc=01;35:*.avi=01;35:*.fli=01;35:*.flv=01;35:*.gl=01;35:*.dl=01;35:*.xcf=01;35:*.xwd=01;35:*.yuv=01;35:*.cgm=01;35:*.emf=01;35:*.ogv=01;35:*.ogx=01;35:*.aac=00;36:*.au=00;36:*.flac=00;36:*.m4a=00;36:*.mid=00;36:*.midi=00;36:*.mka=00;36:*.mp3=00;36:*.mpc=00;36:*.ogg=00;36:*.ra=00;36:*.wav=00;36:*.oga=00;36:*.opus=00;36:*.spx=00;36:*.xspf=00;36:'), ('SSH_AGENT_LAUNCHER', 'gnome-keyring'), ('SSH_AUTH_SOCK', '/run/user/1000/keyring/ssh'), ('AMENT_PREFIX_PATH', '/home/ros/arm_ws/install/arm_utils:/home/ros/arm_ws/install/arm_remote:/home/ros/arm_ws/install/arm_py_examples:/home/ros/arm_ws/install/arm_cpp_examples:/home/ros/arm_ws/install/arm_msgs:/home/ros/arm_ws/install/arm_moveit:/home/ros/arm_ws/install/arm_firmware:/home/ros/arm_ws/install/arm_description:/home/ros/arm_ws/install/arm_controller:/home/ros/arm_ws/install/arm_bringup:/opt/ros/humble'), ('SHELL', '/bin/bash'), ('LC_NAME', 'es_CO.UTF-8'), ('TERMINATOR_UUID', 'urn:uuid:3dc62beb-5acd-4d96-bb8e-eacca3db12ac'), ('QT_ACCESSIBILITY', '1'), ('GDMSESSION', 'ubuntu-xorg'), ('LESSCLOSE', '/usr/bin/lesspipe %s %s'), ('LC_MEASUREMENT', 'es_CO.UTF-8'), ('GPG_AGENT_INFO', '/run/user/1000/gnupg/S.gpg-agent:0:1'), ('LC_IDENTIFICATION', 'es_CO.UTF-8'), ('QT_IM_MODULE', 'ibus'), ('PWD', '/home/ros/arm_ws/build/arm_remote'), ('LC_ALL', 'en_US.UTF-8'), ('XDG_CONFIG_DIRS', '/etc/xdg/xdg-ubuntu-xorg:/etc/xdg'), ('XDG_DATA_DIRS', '/usr/share/ubuntu-xorg:/usr/share/gnome:/usr/local/share/:/usr/share/:/var/lib/snapd/desktop'), ('PYTHONPATH', '/home/ros/arm_ws/install/arm_utils/local/lib/python3.10/dist-packages:/home/ros/arm_ws/install/arm_remote/local/lib/python3.10/dist-packages:/home/ros/arm_ws/install/arm_py_examples/lib/python3.10/site-packages:/home/ros/arm_ws/install/arm_msgs/local/lib/python3.10/dist-packages:/home/ros/arm_ws/install/arm_firmware/local/lib/python3.10/dist-packages:/home/ros/arm_ws/install/arm_controller/local/lib/python3.10/dist-packages:/opt/ros/humble/lib/python3.10/site-packages:/opt/ros/humble/local/lib/python3.10/dist-packages'), ('LC_NUMERIC', 'es_CO.UTF-8'), ('LC_PAPER', 'es_CO.UTF-8'), ('COLCON', '1'), ('VTE_VERSION', '6800'), ('CMAKE_PREFIX_PATH', '/home/ros/arm_ws/install/arm_msgs:/home/ros/arm_ws/install/arm_utils:/home/ros/arm_ws/install/arm_remote:/home/ros/arm_ws/install/arm_cpp_examples:/home/ros/arm_ws/install/arm_moveit:/home/ros/arm_ws/install/arm_firmware:/home/ros/arm_ws/install/arm_description:/home/ros/arm_ws/install/arm_controller:/home/ros/arm_ws/install/arm_bringup:/home/ros/arm_ws/install/arm_py_examples:/opt/ros/humble')]), 'shell': False}
[54.778984] (-) TimerEvent: {}
[54.798648] (arm_remote) StdoutLine: {'line': b'-- Install configuration: ""\n'}
[54.800522] (arm_remote) StdoutLine: {'line': b'-- Up-to-date: /home/ros/arm_ws/install/arm_remote/lib/arm_remote/task_server_node\n'}
[54.800663] (arm_remote) StdoutLine: {'line': b'-- Up-to-date: /home/ros/arm_ws/install/arm_remote/share/arm_remote/environment/pythonpath.sh\n'}
[54.800782] (arm_remote) StdoutLine: {'line': b'-- Up-to-date: /home/ros/arm_ws/install/arm_remote/share/arm_remote/environment/pythonpath.dsv\n'}
[54.802153] (arm_remote) StdoutLine: {'line': b'-- Up-to-date: /home/ros/arm_ws/install/arm_remote/local/lib/python3.10/dist-packages/arm_remote-0.0.0-py3.10.egg-info\n'}
[54.802303] (arm_remote) StdoutLine: {'line': b'-- Installing: /home/ros/arm_ws/install/arm_remote/local/lib/python3.10/dist-packages/arm_remote-0.0.0-py3.10.egg-info/dependency_links.txt\n'}
[54.802421] (arm_remote) StdoutLine: {'line': b'-- Installing: /home/ros/arm_ws/install/arm_remote/local/lib/python3.10/dist-packages/arm_remote-0.0.0-py3.10.egg-info/SOURCES.txt\n'}
[54.802546] (arm_remote) StdoutLine: {'line': b'-- Installing: /home/ros/arm_ws/install/arm_remote/local/lib/python3.10/dist-packages/arm_remote-0.0.0-py3.10.egg-info/PKG-INFO\n'}
[54.803921] (arm_remote) StdoutLine: {'line': b'-- Installing: /home/ros/arm_ws/install/arm_remote/local/lib/python3.10/dist-packages/arm_remote-0.0.0-py3.10.egg-info/top_level.txt\n'}
[54.806163] (arm_remote) StdoutLine: {'line': b'-- Up-to-date: /home/ros/arm_ws/install/arm_remote/local/lib/python3.10/dist-packages/arm_remote\n'}
[54.806417] (arm_remote) StdoutLine: {'line': b'-- Up-to-date: /home/ros/arm_ws/install/arm_remote/local/lib/python3.10/dist-packages/arm_remote/alexa_interface.py\n'}
[54.806591] (arm_remote) StdoutLine: {'line': b'-- Up-to-date: /home/ros/arm_ws/install/arm_remote/local/lib/python3.10/dist-packages/arm_remote/__init__.py\n'}
[54.880976] (-) TimerEvent: {}
[54.929307] (arm_remote) StdoutLine: {'line': b"Listing '/home/ros/arm_ws/install/arm_remote/local/lib/python3.10/dist-packages/arm_remote'...\n"}
[54.943648] (arm_remote) StdoutLine: {'line': b'-- Up-to-date: /home/ros/arm_ws/install/arm_remote/share/arm_remote/launch\n'}
[54.946042] (arm_remote) StdoutLine: {'line': b'-- Up-to-date: /home/ros/arm_ws/install/arm_remote/share/arm_remote/launch/remote_interface.launch.py\n'}
[54.947150] (arm_remote) StdoutLine: {'line': b'-- Installing: /home/ros/arm_ws/install/arm_remote/lib/libtask_server.so\n'}
[54.955944] (arm_remote) StdoutLine: {'line': b'-- Set runtime path of "/home/ros/arm_ws/install/arm_remote/lib/libtask_server.so" to ""\n'}
[54.956215] (arm_remote) StdoutLine: {'line': b'-- Up-to-date: /home/ros/arm_ws/install/arm_remote/lib/arm_remote/alexa_interface.py\n'}
[54.956569] (arm_remote) StdoutLine: {'line': b'-- Up-to-date: /home/ros/arm_ws/install/arm_remote/share/ament_index/resource_index/package_run_dependencies/arm_remote\n'}
[54.956796] (arm_remote) StdoutLine: {'line': b'-- Up-to-date: /home/ros/arm_ws/install/arm_remote/share/ament_index/resource_index/parent_prefix_path/arm_remote\n'}
[54.961053] (arm_remote) StdoutLine: {'line': b'-- Up-to-date: /home/ros/arm_ws/install/arm_remote/share/arm_remote/environment/ament_prefix_path.sh\n'}
[54.961523] (arm_remote) StdoutLine: {'line': b'-- Up-to-date: /home/ros/arm_ws/install/arm_remote/share/arm_remote/environment/ament_prefix_path.dsv\n'}
[54.961776] (arm_remote) StdoutLine: {'line': b'-- Up-to-date: /home/ros/arm_ws/install/arm_remote/share/arm_remote/environment/path.sh\n'}
[54.963382] (arm_remote) StdoutLine: {'line': b'-- Up-to-date: /home/ros/arm_ws/install/arm_remote/share/arm_remote/environment/path.dsv\n'}
[54.963646] (arm_remote) StdoutLine: {'line': b'-- Up-to-date: /home/ros/arm_ws/install/arm_remote/share/arm_remote/local_setup.bash\n'}
[54.963810] (arm_remote) StdoutLine: {'line': b'-- Up-to-date: /home/ros/arm_ws/install/arm_remote/share/arm_remote/local_setup.sh\n'}
[54.967162] (arm_remote) StdoutLine: {'line': b'-- Up-to-date: /home/ros/arm_ws/install/arm_remote/share/arm_remote/local_setup.zsh\n'}
[54.967323] (arm_remote) StdoutLine: {'line': b'-- Up-to-date: /home/ros/arm_ws/install/arm_remote/share/arm_remote/local_setup.dsv\n'}
[54.967444] (arm_remote) StdoutLine: {'line': b'-- Installing: /home/ros/arm_ws/install/arm_remote/share/arm_remote/package.dsv\n'}
[54.967560] (arm_remote) StdoutLine: {'line': b'-- Up-to-date: /home/ros/arm_ws/install/arm_remote/share/ament_index/resource_index/packages/arm_remote\n'}
[54.967673] (arm_remote) StdoutLine: {'line': b'-- Up-to-date: /home/ros/arm_ws/install/arm_remote/share/ament_index/resource_index/rclcpp_components/arm_remote\n'}
[54.967785] (arm_remote) StdoutLine: {'line': b'-- Up-to-date: /home/ros/arm_ws/install/arm_remote/share/arm_remote/cmake/arm_remoteConfig.cmake\n'}
[54.969152] (arm_remote) StdoutLine: {'line': b'-- Up-to-date: /home/ros/arm_ws/install/arm_remote/share/arm_remote/cmake/arm_remoteConfig-version.cmake\n'}
[54.969310] (arm_remote) StdoutLine: {'line': b'-- Up-to-date: /home/ros/arm_ws/install/arm_remote/share/arm_remote/package.xml\n'}
[54.976092] (arm_remote) CommandEnded: {'returncode': 0}
[54.985040] (-) TimerEvent: {}
[55.088037] (-) TimerEvent: {}
[55.192971] (-) TimerEvent: {}
[55.295091] (-) TimerEvent: {}
[55.355442] (arm_remote) JobEnded: {'identifier': 'arm_remote', 'rc': 0}
[55.359570] (-) EventReactorShutdown: {}
