[0.368s] DEBUG:colcon:Command line arguments: ['/usr/bin/colcon', 'build']
[0.368s] DEBUG:colcon:Parsed command line arguments: Namespace(log_base=None, log_level=None, verb_name='build', build_base='build', install_base='install', merge_install=False, symlink_install=False, test_result_base=None, continue_on_error=False, executor='parallel', parallel_workers=2, event_handlers=None, ignore_user_meta=False, metas=['./colcon.meta'], base_paths=['.'], packages_ignore=None, packages_ignore_regex=None, paths=None, packages_up_to=None, packages_up_to_regex=None, packages_above=None, packages_above_and_dependencies=None, packages_above_depth=None, packages_select_by_dep=None, packages_skip_by_dep=None, packages_skip_up_to=None, packages_select_build_failed=False, packages_skip_build_finished=False, packages_select_test_failures=False, packages_skip_test_passed=False, packages_select=None, packages_skip=None, packages_select_regex=None, packages_skip_regex=None, packages_start=None, packages_end=None, allow_overriding=[], cmake_args=None, cmake_target=None, cmake_target_skip_unavailable=False, cmake_clean_cache=False, cmake_clean_first=False, cmake_force_configure=False, ament_cmake_args=None, catkin_cmake_args=None, catkin_skip_building_tests=False, verb_parser=<colcon_defaults.argument_parser.defaults.DefaultArgumentsDecorator object at 0x7dd15d55cfa0>, verb_extension=<colcon_core.verb.build.BuildVerb object at 0x7dd15d55ca90>, main=<bound method BuildVerb.main of <colcon_core.verb.build.BuildVerb object at 0x7dd15d55ca90>>)
[1.126s] Level 1:colcon.colcon_core.package_discovery:discover_packages(colcon_meta) check parameters
[1.128s] Level 1:colcon.colcon_core.package_discovery:discover_packages(recursive) check parameters
[1.128s] Level 1:colcon.colcon_core.package_discovery:discover_packages(ignore) check parameters
[1.128s] Level 1:colcon.colcon_core.package_discovery:discover_packages(path) check parameters
[1.128s] Level 1:colcon.colcon_core.package_discovery:discover_packages(colcon_meta) discover
[1.129s] Level 1:colcon.colcon_core.package_discovery:discover_packages(recursive) discover
[1.129s] INFO:colcon.colcon_core.package_discovery:Crawling recursively for packages in '/home/ros/arm_ws'
[1.129s] Level 1:colcon.colcon_core.package_identification:_identify(.) by extensions ['ignore', 'ignore_ament_install']
[1.133s] Level 1:colcon.colcon_core.package_identification:_identify(.) by extension 'ignore'
[1.133s] Level 1:colcon.colcon_core.package_identification:_identify(.) by extension 'ignore_ament_install'
[1.134s] Level 1:colcon.colcon_core.package_identification:_identify(.) by extensions ['colcon_pkg']
[1.134s] Level 1:colcon.colcon_core.package_identification:_identify(.) by extension 'colcon_pkg'
[1.134s] Level 1:colcon.colcon_core.package_identification:_identify(.) by extensions ['colcon_meta']
[1.134s] Level 1:colcon.colcon_core.package_identification:_identify(.) by extension 'colcon_meta'
[1.135s] Level 1:colcon.colcon_core.package_identification:_identify(.) by extensions ['ros']
[1.135s] Level 1:colcon.colcon_core.package_identification:_identify(.) by extension 'ros'
[1.196s] Level 1:colcon.colcon_core.package_identification:_identify(.) by extensions ['cmake', 'python']
[1.199s] Level 1:colcon.colcon_core.package_identification:_identify(.) by extension 'cmake'
[1.200s] Level 1:colcon.colcon_core.package_identification:_identify(.) by extension 'python'
[1.200s] Level 1:colcon.colcon_core.package_identification:_identify(.) by extensions ['python_setup_py']
[1.201s] Level 1:colcon.colcon_core.package_identification:_identify(.) by extension 'python_setup_py'
[1.201s] Level 1:colcon.colcon_core.package_identification:_identify(build) by extensions ['ignore', 'ignore_ament_install']
[1.201s] Level 1:colcon.colcon_core.package_identification:_identify(build) by extension 'ignore'
[1.201s] Level 1:colcon.colcon_core.package_identification:_identify(build) ignored
[1.202s] Level 1:colcon.colcon_core.package_identification:_identify(install) by extensions ['ignore', 'ignore_ament_install']
[1.205s] Level 1:colcon.colcon_core.package_identification:_identify(install) by extension 'ignore'
[1.205s] Level 1:colcon.colcon_core.package_identification:_identify(install) ignored
[1.206s] Level 1:colcon.colcon_core.package_identification:_identify(log) by extensions ['ignore', 'ignore_ament_install']
[1.206s] Level 1:colcon.colcon_core.package_identification:_identify(log) by extension 'ignore'
[1.206s] Level 1:colcon.colcon_core.package_identification:_identify(log) ignored
[1.207s] Level 1:colcon.colcon_core.package_identification:_identify(src) by extensions ['ignore', 'ignore_ament_install']
[1.209s] Level 1:colcon.colcon_core.package_identification:_identify(src) by extension 'ignore'
[1.209s] Level 1:colcon.colcon_core.package_identification:_identify(src) by extension 'ignore_ament_install'
[1.210s] Level 1:colcon.colcon_core.package_identification:_identify(src) by extensions ['colcon_pkg']
[1.210s] Level 1:colcon.colcon_core.package_identification:_identify(src) by extension 'colcon_pkg'
[1.210s] Level 1:colcon.colcon_core.package_identification:_identify(src) by extensions ['colcon_meta']
[1.210s] Level 1:colcon.colcon_core.package_identification:_identify(src) by extension 'colcon_meta'
[1.210s] Level 1:colcon.colcon_core.package_identification:_identify(src) by extensions ['ros']
[1.210s] Level 1:colcon.colcon_core.package_identification:_identify(src) by extension 'ros'
[1.211s] Level 1:colcon.colcon_core.package_identification:_identify(src) by extensions ['cmake', 'python']
[1.211s] Level 1:colcon.colcon_core.package_identification:_identify(src) by extension 'cmake'
[1.213s] Level 1:colcon.colcon_core.package_identification:_identify(src) by extension 'python'
[1.213s] Level 1:colcon.colcon_core.package_identification:_identify(src) by extensions ['python_setup_py']
[1.214s] Level 1:colcon.colcon_core.package_identification:_identify(src) by extension 'python_setup_py'
[1.214s] Level 1:colcon.colcon_core.package_identification:_identify(src/arm_bringup) by extensions ['ignore', 'ignore_ament_install']
[1.217s] Level 1:colcon.colcon_core.package_identification:_identify(src/arm_bringup) by extension 'ignore'
[1.217s] Level 1:colcon.colcon_core.package_identification:_identify(src/arm_bringup) by extension 'ignore_ament_install'
[1.218s] Level 1:colcon.colcon_core.package_identification:_identify(src/arm_bringup) by extensions ['colcon_pkg']
[1.218s] Level 1:colcon.colcon_core.package_identification:_identify(src/arm_bringup) by extension 'colcon_pkg'
[1.218s] Level 1:colcon.colcon_core.package_identification:_identify(src/arm_bringup) by extensions ['colcon_meta']
[1.218s] Level 1:colcon.colcon_core.package_identification:_identify(src/arm_bringup) by extension 'colcon_meta'
[1.218s] Level 1:colcon.colcon_core.package_identification:_identify(src/arm_bringup) by extensions ['ros']
[1.218s] Level 1:colcon.colcon_core.package_identification:_identify(src/arm_bringup) by extension 'ros'
[1.232s] DEBUG:colcon.colcon_core.package_identification:Package 'src/arm_bringup' with type 'ros.ament_cmake' and name 'arm_bringup'
[1.233s] Level 1:colcon.colcon_core.package_identification:_identify(src/arm_controller) by extensions ['ignore', 'ignore_ament_install']
[1.233s] Level 1:colcon.colcon_core.package_identification:_identify(src/arm_controller) by extension 'ignore'
[1.234s] Level 1:colcon.colcon_core.package_identification:_identify(src/arm_controller) by extension 'ignore_ament_install'
[1.234s] Level 1:colcon.colcon_core.package_identification:_identify(src/arm_controller) by extensions ['colcon_pkg']
[1.235s] Level 1:colcon.colcon_core.package_identification:_identify(src/arm_controller) by extension 'colcon_pkg'
[1.235s] Level 1:colcon.colcon_core.package_identification:_identify(src/arm_controller) by extensions ['colcon_meta']
[1.235s] Level 1:colcon.colcon_core.package_identification:_identify(src/arm_controller) by extension 'colcon_meta'
[1.236s] Level 1:colcon.colcon_core.package_identification:_identify(src/arm_controller) by extensions ['ros']
[1.236s] Level 1:colcon.colcon_core.package_identification:_identify(src/arm_controller) by extension 'ros'
[1.240s] DEBUG:colcon.colcon_core.package_identification:Package 'src/arm_controller' with type 'ros.ament_cmake' and name 'arm_controller'
[1.241s] Level 1:colcon.colcon_core.package_identification:_identify(src/arm_cpp_examples) by extensions ['ignore', 'ignore_ament_install']
[1.241s] Level 1:colcon.colcon_core.package_identification:_identify(src/arm_cpp_examples) by extension 'ignore'
[1.242s] Level 1:colcon.colcon_core.package_identification:_identify(src/arm_cpp_examples) by extension 'ignore_ament_install'
[1.242s] Level 1:colcon.colcon_core.package_identification:_identify(src/arm_cpp_examples) by extensions ['colcon_pkg']
[1.242s] Level 1:colcon.colcon_core.package_identification:_identify(src/arm_cpp_examples) by extension 'colcon_pkg'
[1.242s] Level 1:colcon.colcon_core.package_identification:_identify(src/arm_cpp_examples) by extensions ['colcon_meta']
[1.242s] Level 1:colcon.colcon_core.package_identification:_identify(src/arm_cpp_examples) by extension 'colcon_meta'
[1.243s] Level 1:colcon.colcon_core.package_identification:_identify(src/arm_cpp_examples) by extensions ['ros']
[1.243s] Level 1:colcon.colcon_core.package_identification:_identify(src/arm_cpp_examples) by extension 'ros'
[1.247s] DEBUG:colcon.colcon_core.package_identification:Package 'src/arm_cpp_examples' with type 'ros.ament_cmake' and name 'arm_cpp_examples'
[1.248s] Level 1:colcon.colcon_core.package_identification:_identify(src/arm_description) by extensions ['ignore', 'ignore_ament_install']
[1.248s] Level 1:colcon.colcon_core.package_identification:_identify(src/arm_description) by extension 'ignore'
[1.248s] Level 1:colcon.colcon_core.package_identification:_identify(src/arm_description) by extension 'ignore_ament_install'
[1.249s] Level 1:colcon.colcon_core.package_identification:_identify(src/arm_description) by extensions ['colcon_pkg']
[1.249s] Level 1:colcon.colcon_core.package_identification:_identify(src/arm_description) by extension 'colcon_pkg'
[1.249s] Level 1:colcon.colcon_core.package_identification:_identify(src/arm_description) by extensions ['colcon_meta']
[1.249s] Level 1:colcon.colcon_core.package_identification:_identify(src/arm_description) by extension 'colcon_meta'
[1.250s] Level 1:colcon.colcon_core.package_identification:_identify(src/arm_description) by extensions ['ros']
[1.250s] Level 1:colcon.colcon_core.package_identification:_identify(src/arm_description) by extension 'ros'
[1.252s] DEBUG:colcon.colcon_core.package_identification:Package 'src/arm_description' with type 'ros.ament_cmake' and name 'arm_description'
[1.253s] Level 1:colcon.colcon_core.package_identification:_identify(src/arm_firmware) by extensions ['ignore', 'ignore_ament_install']
[1.253s] Level 1:colcon.colcon_core.package_identification:_identify(src/arm_firmware) by extension 'ignore'
[1.254s] Level 1:colcon.colcon_core.package_identification:_identify(src/arm_firmware) by extension 'ignore_ament_install'
[1.254s] Level 1:colcon.colcon_core.package_identification:_identify(src/arm_firmware) by extensions ['colcon_pkg']
[1.254s] Level 1:colcon.colcon_core.package_identification:_identify(src/arm_firmware) by extension 'colcon_pkg'
[1.254s] Level 1:colcon.colcon_core.package_identification:_identify(src/arm_firmware) by extensions ['colcon_meta']
[1.254s] Level 1:colcon.colcon_core.package_identification:_identify(src/arm_firmware) by extension 'colcon_meta'
[1.255s] Level 1:colcon.colcon_core.package_identification:_identify(src/arm_firmware) by extensions ['ros']
[1.255s] Level 1:colcon.colcon_core.package_identification:_identify(src/arm_firmware) by extension 'ros'
[1.258s] DEBUG:colcon.colcon_core.package_identification:Package 'src/arm_firmware' with type 'ros.ament_cmake' and name 'arm_firmware'
[1.259s] Level 1:colcon.colcon_core.package_identification:_identify(src/arm_moveit) by extensions ['ignore', 'ignore_ament_install']
[1.259s] Level 1:colcon.colcon_core.package_identification:_identify(src/arm_moveit) by extension 'ignore'
[1.260s] Level 1:colcon.colcon_core.package_identification:_identify(src/arm_moveit) by extension 'ignore_ament_install'
[1.260s] Level 1:colcon.colcon_core.package_identification:_identify(src/arm_moveit) by extensions ['colcon_pkg']
[1.260s] Level 1:colcon.colcon_core.package_identification:_identify(src/arm_moveit) by extension 'colcon_pkg'
[1.260s] Level 1:colcon.colcon_core.package_identification:_identify(src/arm_moveit) by extensions ['colcon_meta']
[1.261s] Level 1:colcon.colcon_core.package_identification:_identify(src/arm_moveit) by extension 'colcon_meta'
[1.261s] Level 1:colcon.colcon_core.package_identification:_identify(src/arm_moveit) by extensions ['ros']
[1.261s] Level 1:colcon.colcon_core.package_identification:_identify(src/arm_moveit) by extension 'ros'
[1.263s] DEBUG:colcon.colcon_core.package_identification:Package 'src/arm_moveit' with type 'ros.ament_cmake' and name 'arm_moveit'
[1.264s] Level 1:colcon.colcon_core.package_identification:_identify(src/arm_msgs) by extensions ['ignore', 'ignore_ament_install']
[1.265s] Level 1:colcon.colcon_core.package_identification:_identify(src/arm_msgs) by extension 'ignore'
[1.265s] Level 1:colcon.colcon_core.package_identification:_identify(src/arm_msgs) by extension 'ignore_ament_install'
[1.265s] Level 1:colcon.colcon_core.package_identification:_identify(src/arm_msgs) by extensions ['colcon_pkg']
[1.265s] Level 1:colcon.colcon_core.package_identification:_identify(src/arm_msgs) by extension 'colcon_pkg'
[1.265s] Level 1:colcon.colcon_core.package_identification:_identify(src/arm_msgs) by extensions ['colcon_meta']
[1.265s] Level 1:colcon.colcon_core.package_identification:_identify(src/arm_msgs) by extension 'colcon_meta'
[1.265s] Level 1:colcon.colcon_core.package_identification:_identify(src/arm_msgs) by extensions ['ros']
[1.266s] Level 1:colcon.colcon_core.package_identification:_identify(src/arm_msgs) by extension 'ros'
[1.268s] DEBUG:colcon.colcon_core.package_identification:Package 'src/arm_msgs' with type 'ros.ament_cmake' and name 'arm_msgs'
[1.268s] Level 1:colcon.colcon_core.package_identification:_identify(src/arm_py_examples) by extensions ['ignore', 'ignore_ament_install']
[1.269s] Level 1:colcon.colcon_core.package_identification:_identify(src/arm_py_examples) by extension 'ignore'
[1.269s] Level 1:colcon.colcon_core.package_identification:_identify(src/arm_py_examples) by extension 'ignore_ament_install'
[1.269s] Level 1:colcon.colcon_core.package_identification:_identify(src/arm_py_examples) by extensions ['colcon_pkg']
[1.269s] Level 1:colcon.colcon_core.package_identification:_identify(src/arm_py_examples) by extension 'colcon_pkg'
[1.269s] Level 1:colcon.colcon_core.package_identification:_identify(src/arm_py_examples) by extensions ['colcon_meta']
[1.269s] Level 1:colcon.colcon_core.package_identification:_identify(src/arm_py_examples) by extension 'colcon_meta'
[1.269s] Level 1:colcon.colcon_core.package_identification:_identify(src/arm_py_examples) by extensions ['ros']
[1.269s] Level 1:colcon.colcon_core.package_identification:_identify(src/arm_py_examples) by extension 'ros'
[1.271s] DEBUG:colcon.colcon_core.package_identification:Package 'src/arm_py_examples' with type 'ros.ament_python' and name 'arm_py_examples'
[1.271s] Level 1:colcon.colcon_core.package_identification:_identify(src/arm_remote) by extensions ['ignore', 'ignore_ament_install']
[1.272s] Level 1:colcon.colcon_core.package_identification:_identify(src/arm_remote) by extension 'ignore'
[1.272s] Level 1:colcon.colcon_core.package_identification:_identify(src/arm_remote) by extension 'ignore_ament_install'
[1.272s] Level 1:colcon.colcon_core.package_identification:_identify(src/arm_remote) by extensions ['colcon_pkg']
[1.272s] Level 1:colcon.colcon_core.package_identification:_identify(src/arm_remote) by extension 'colcon_pkg'
[1.272s] Level 1:colcon.colcon_core.package_identification:_identify(src/arm_remote) by extensions ['colcon_meta']
[1.272s] Level 1:colcon.colcon_core.package_identification:_identify(src/arm_remote) by extension 'colcon_meta'
[1.272s] Level 1:colcon.colcon_core.package_identification:_identify(src/arm_remote) by extensions ['ros']
[1.272s] Level 1:colcon.colcon_core.package_identification:_identify(src/arm_remote) by extension 'ros'
[1.275s] DEBUG:colcon.colcon_core.package_identification:Package 'src/arm_remote' with type 'ros.ament_cmake' and name 'arm_remote'
[1.276s] Level 1:colcon.colcon_core.package_identification:_identify(src/arm_utils) by extensions ['ignore', 'ignore_ament_install']
[1.276s] Level 1:colcon.colcon_core.package_identification:_identify(src/arm_utils) by extension 'ignore'
[1.277s] Level 1:colcon.colcon_core.package_identification:_identify(src/arm_utils) by extension 'ignore_ament_install'
[1.277s] Level 1:colcon.colcon_core.package_identification:_identify(src/arm_utils) by extensions ['colcon_pkg']
[1.277s] Level 1:colcon.colcon_core.package_identification:_identify(src/arm_utils) by extension 'colcon_pkg'
[1.277s] Level 1:colcon.colcon_core.package_identification:_identify(src/arm_utils) by extensions ['colcon_meta']
[1.277s] Level 1:colcon.colcon_core.package_identification:_identify(src/arm_utils) by extension 'colcon_meta'
[1.277s] Level 1:colcon.colcon_core.package_identification:_identify(src/arm_utils) by extensions ['ros']
[1.277s] Level 1:colcon.colcon_core.package_identification:_identify(src/arm_utils) by extension 'ros'
[1.279s] DEBUG:colcon.colcon_core.package_identification:Package 'src/arm_utils' with type 'ros.ament_cmake' and name 'arm_utils'
[1.280s] Level 1:colcon.colcon_core.package_discovery:discover_packages(recursive) using defaults
[1.280s] Level 1:colcon.colcon_core.package_discovery:discover_packages(ignore) discover
[1.280s] Level 1:colcon.colcon_core.package_discovery:discover_packages(ignore) using defaults
[1.280s] Level 1:colcon.colcon_core.package_discovery:discover_packages(path) discover
[1.280s] Level 1:colcon.colcon_core.package_discovery:discover_packages(path) using defaults
[1.398s] Level 1:colcon.colcon_core.package_discovery:discover_packages(prefix_path) check parameters
[1.398s] Level 1:colcon.colcon_core.package_discovery:discover_packages(prefix_path) discover
[1.420s] DEBUG:colcon.colcon_installed_package_information.package_discovery:Found 10 installed packages in /home/ros/arm_ws/install
[1.433s] DEBUG:colcon.colcon_installed_package_information.package_discovery:Found 429 installed packages in /opt/ros/humble
[1.449s] Level 1:colcon.colcon_core.package_discovery:discover_packages(prefix_path) using defaults
[1.701s] Level 5:colcon.colcon_core.verb:set package 'arm_bringup' build argument 'cmake_args' from command line to 'None'
[1.703s] Level 5:colcon.colcon_core.verb:set package 'arm_bringup' build argument 'cmake_target' from command line to 'None'
[1.703s] Level 5:colcon.colcon_core.verb:set package 'arm_bringup' build argument 'cmake_target_skip_unavailable' from command line to 'False'
[1.703s] Level 5:colcon.colcon_core.verb:set package 'arm_bringup' build argument 'cmake_clean_cache' from command line to 'False'
[1.703s] Level 5:colcon.colcon_core.verb:set package 'arm_bringup' build argument 'cmake_clean_first' from command line to 'False'
[1.703s] Level 5:colcon.colcon_core.verb:set package 'arm_bringup' build argument 'cmake_force_configure' from command line to 'False'
[1.703s] Level 5:colcon.colcon_core.verb:set package 'arm_bringup' build argument 'ament_cmake_args' from command line to 'None'
[1.704s] Level 5:colcon.colcon_core.verb:set package 'arm_bringup' build argument 'catkin_cmake_args' from command line to 'None'
[1.704s] Level 5:colcon.colcon_core.verb:set package 'arm_bringup' build argument 'catkin_skip_building_tests' from command line to 'False'
[1.704s] DEBUG:colcon.colcon_core.verb:Building package 'arm_bringup' with the following arguments: {'ament_cmake_args': None, 'build_base': '/home/ros/arm_ws/build/arm_bringup', 'catkin_cmake_args': None, 'catkin_skip_building_tests': False, 'cmake_args': None, 'cmake_clean_cache': False, 'cmake_clean_first': False, 'cmake_force_configure': False, 'cmake_target': None, 'cmake_target_skip_unavailable': False, 'install_base': '/home/ros/arm_ws/install/arm_bringup', 'merge_install': False, 'path': '/home/ros/arm_ws/src/arm_bringup', 'symlink_install': False, 'test_result_base': None}
[1.707s] Level 5:colcon.colcon_core.verb:set package 'arm_controller' build argument 'cmake_args' from command line to 'None'
[1.708s] Level 5:colcon.colcon_core.verb:set package 'arm_controller' build argument 'cmake_target' from command line to 'None'
[1.708s] Level 5:colcon.colcon_core.verb:set package 'arm_controller' build argument 'cmake_target_skip_unavailable' from command line to 'False'
[1.708s] Level 5:colcon.colcon_core.verb:set package 'arm_controller' build argument 'cmake_clean_cache' from command line to 'False'
[1.708s] Level 5:colcon.colcon_core.verb:set package 'arm_controller' build argument 'cmake_clean_first' from command line to 'False'
[1.708s] Level 5:colcon.colcon_core.verb:set package 'arm_controller' build argument 'cmake_force_configure' from command line to 'False'
[1.708s] Level 5:colcon.colcon_core.verb:set package 'arm_controller' build argument 'ament_cmake_args' from command line to 'None'
[1.708s] Level 5:colcon.colcon_core.verb:set package 'arm_controller' build argument 'catkin_cmake_args' from command line to 'None'
[1.708s] Level 5:colcon.colcon_core.verb:set package 'arm_controller' build argument 'catkin_skip_building_tests' from command line to 'False'
[1.708s] DEBUG:colcon.colcon_core.verb:Building package 'arm_controller' with the following arguments: {'ament_cmake_args': None, 'build_base': '/home/ros/arm_ws/build/arm_controller', 'catkin_cmake_args': None, 'catkin_skip_building_tests': False, 'cmake_args': None, 'cmake_clean_cache': False, 'cmake_clean_first': False, 'cmake_force_configure': False, 'cmake_target': None, 'cmake_target_skip_unavailable': False, 'install_base': '/home/ros/arm_ws/install/arm_controller', 'merge_install': False, 'path': '/home/ros/arm_ws/src/arm_controller', 'symlink_install': False, 'test_result_base': None}
[1.712s] Level 5:colcon.colcon_core.verb:set package 'arm_description' build argument 'cmake_args' from command line to 'None'
[1.712s] Level 5:colcon.colcon_core.verb:set package 'arm_description' build argument 'cmake_target' from command line to 'None'
[1.712s] Level 5:colcon.colcon_core.verb:set package 'arm_description' build argument 'cmake_target_skip_unavailable' from command line to 'False'
[1.712s] Level 5:colcon.colcon_core.verb:set package 'arm_description' build argument 'cmake_clean_cache' from command line to 'False'
[1.712s] Level 5:colcon.colcon_core.verb:set package 'arm_description' build argument 'cmake_clean_first' from command line to 'False'
[1.712s] Level 5:colcon.colcon_core.verb:set package 'arm_description' build argument 'cmake_force_configure' from command line to 'False'
[1.712s] Level 5:colcon.colcon_core.verb:set package 'arm_description' build argument 'ament_cmake_args' from command line to 'None'
[1.712s] Level 5:colcon.colcon_core.verb:set package 'arm_description' build argument 'catkin_cmake_args' from command line to 'None'
[1.712s] Level 5:colcon.colcon_core.verb:set package 'arm_description' build argument 'catkin_skip_building_tests' from command line to 'False'
[1.712s] DEBUG:colcon.colcon_core.verb:Building package 'arm_description' with the following arguments: {'ament_cmake_args': None, 'build_base': '/home/ros/arm_ws/build/arm_description', 'catkin_cmake_args': None, 'catkin_skip_building_tests': False, 'cmake_args': None, 'cmake_clean_cache': False, 'cmake_clean_first': False, 'cmake_force_configure': False, 'cmake_target': None, 'cmake_target_skip_unavailable': False, 'install_base': '/home/ros/arm_ws/install/arm_description', 'merge_install': False, 'path': '/home/ros/arm_ws/src/arm_description', 'symlink_install': False, 'test_result_base': None}
[1.716s] Level 5:colcon.colcon_core.verb:set package 'arm_firmware' build argument 'cmake_args' from command line to 'None'
[1.716s] Level 5:colcon.colcon_core.verb:set package 'arm_firmware' build argument 'cmake_target' from command line to 'None'
[1.716s] Level 5:colcon.colcon_core.verb:set package 'arm_firmware' build argument 'cmake_target_skip_unavailable' from command line to 'False'
[1.716s] Level 5:colcon.colcon_core.verb:set package 'arm_firmware' build argument 'cmake_clean_cache' from command line to 'False'
[1.716s] Level 5:colcon.colcon_core.verb:set package 'arm_firmware' build argument 'cmake_clean_first' from command line to 'False'
[1.716s] Level 5:colcon.colcon_core.verb:set package 'arm_firmware' build argument 'cmake_force_configure' from command line to 'False'
[1.716s] Level 5:colcon.colcon_core.verb:set package 'arm_firmware' build argument 'ament_cmake_args' from command line to 'None'
[1.716s] Level 5:colcon.colcon_core.verb:set package 'arm_firmware' build argument 'catkin_cmake_args' from command line to 'None'
[1.716s] Level 5:colcon.colcon_core.verb:set package 'arm_firmware' build argument 'catkin_skip_building_tests' from command line to 'False'
[1.717s] DEBUG:colcon.colcon_core.verb:Building package 'arm_firmware' with the following arguments: {'ament_cmake_args': None, 'build_base': '/home/ros/arm_ws/build/arm_firmware', 'catkin_cmake_args': None, 'catkin_skip_building_tests': False, 'cmake_args': None, 'cmake_clean_cache': False, 'cmake_clean_first': False, 'cmake_force_configure': False, 'cmake_target': None, 'cmake_target_skip_unavailable': False, 'install_base': '/home/ros/arm_ws/install/arm_firmware', 'merge_install': False, 'path': '/home/ros/arm_ws/src/arm_firmware', 'symlink_install': False, 'test_result_base': None}
[1.718s] Level 5:colcon.colcon_core.verb:set package 'arm_moveit' build argument 'cmake_args' from command line to 'None'
[1.720s] Level 5:colcon.colcon_core.verb:set package 'arm_moveit' build argument 'cmake_target' from command line to 'None'
[1.720s] Level 5:colcon.colcon_core.verb:set package 'arm_moveit' build argument 'cmake_target_skip_unavailable' from command line to 'False'
[1.720s] Level 5:colcon.colcon_core.verb:set package 'arm_moveit' build argument 'cmake_clean_cache' from command line to 'False'
[1.720s] Level 5:colcon.colcon_core.verb:set package 'arm_moveit' build argument 'cmake_clean_first' from command line to 'False'
[1.720s] Level 5:colcon.colcon_core.verb:set package 'arm_moveit' build argument 'cmake_force_configure' from command line to 'False'
[1.720s] Level 5:colcon.colcon_core.verb:set package 'arm_moveit' build argument 'ament_cmake_args' from command line to 'None'
[1.720s] Level 5:colcon.colcon_core.verb:set package 'arm_moveit' build argument 'catkin_cmake_args' from command line to 'None'
[1.720s] Level 5:colcon.colcon_core.verb:set package 'arm_moveit' build argument 'catkin_skip_building_tests' from command line to 'False'
[1.720s] DEBUG:colcon.colcon_core.verb:Building package 'arm_moveit' with the following arguments: {'ament_cmake_args': None, 'build_base': '/home/ros/arm_ws/build/arm_moveit', 'catkin_cmake_args': None, 'catkin_skip_building_tests': False, 'cmake_args': None, 'cmake_clean_cache': False, 'cmake_clean_first': False, 'cmake_force_configure': False, 'cmake_target': None, 'cmake_target_skip_unavailable': False, 'install_base': '/home/ros/arm_ws/install/arm_moveit', 'merge_install': False, 'path': '/home/ros/arm_ws/src/arm_moveit', 'symlink_install': False, 'test_result_base': None}
[1.721s] Level 5:colcon.colcon_core.verb:set package 'arm_msgs' build argument 'cmake_args' from command line to 'None'
[1.722s] Level 5:colcon.colcon_core.verb:set package 'arm_msgs' build argument 'cmake_target' from command line to 'None'
[1.722s] Level 5:colcon.colcon_core.verb:set package 'arm_msgs' build argument 'cmake_target_skip_unavailable' from command line to 'False'
[1.722s] Level 5:colcon.colcon_core.verb:set package 'arm_msgs' build argument 'cmake_clean_cache' from command line to 'False'
[1.722s] Level 5:colcon.colcon_core.verb:set package 'arm_msgs' build argument 'cmake_clean_first' from command line to 'False'
[1.722s] Level 5:colcon.colcon_core.verb:set package 'arm_msgs' build argument 'cmake_force_configure' from command line to 'False'
[1.722s] Level 5:colcon.colcon_core.verb:set package 'arm_msgs' build argument 'ament_cmake_args' from command line to 'None'
[1.722s] Level 5:colcon.colcon_core.verb:set package 'arm_msgs' build argument 'catkin_cmake_args' from command line to 'None'
[1.722s] Level 5:colcon.colcon_core.verb:set package 'arm_msgs' build argument 'catkin_skip_building_tests' from command line to 'False'
[1.722s] DEBUG:colcon.colcon_core.verb:Building package 'arm_msgs' with the following arguments: {'ament_cmake_args': None, 'build_base': '/home/ros/arm_ws/build/arm_msgs', 'catkin_cmake_args': None, 'catkin_skip_building_tests': False, 'cmake_args': None, 'cmake_clean_cache': False, 'cmake_clean_first': False, 'cmake_force_configure': False, 'cmake_target': None, 'cmake_target_skip_unavailable': False, 'install_base': '/home/ros/arm_ws/install/arm_msgs', 'merge_install': False, 'path': '/home/ros/arm_ws/src/arm_msgs', 'symlink_install': False, 'test_result_base': None}
[1.725s] Level 5:colcon.colcon_core.verb:set package 'arm_cpp_examples' build argument 'cmake_args' from command line to 'None'
[1.725s] Level 5:colcon.colcon_core.verb:set package 'arm_cpp_examples' build argument 'cmake_target' from command line to 'None'
[1.725s] Level 5:colcon.colcon_core.verb:set package 'arm_cpp_examples' build argument 'cmake_target_skip_unavailable' from command line to 'False'
[1.725s] Level 5:colcon.colcon_core.verb:set package 'arm_cpp_examples' build argument 'cmake_clean_cache' from command line to 'False'
[1.726s] Level 5:colcon.colcon_core.verb:set package 'arm_cpp_examples' build argument 'cmake_clean_first' from command line to 'False'
[1.726s] Level 5:colcon.colcon_core.verb:set package 'arm_cpp_examples' build argument 'cmake_force_configure' from command line to 'False'
[1.726s] Level 5:colcon.colcon_core.verb:set package 'arm_cpp_examples' build argument 'ament_cmake_args' from command line to 'None'
[1.726s] Level 5:colcon.colcon_core.verb:set package 'arm_cpp_examples' build argument 'catkin_cmake_args' from command line to 'None'
[1.726s] Level 5:colcon.colcon_core.verb:set package 'arm_cpp_examples' build argument 'catkin_skip_building_tests' from command line to 'False'
[1.726s] DEBUG:colcon.colcon_core.verb:Building package 'arm_cpp_examples' with the following arguments: {'ament_cmake_args': None, 'build_base': '/home/ros/arm_ws/build/arm_cpp_examples', 'catkin_cmake_args': None, 'catkin_skip_building_tests': False, 'cmake_args': None, 'cmake_clean_cache': False, 'cmake_clean_first': False, 'cmake_force_configure': False, 'cmake_target': None, 'cmake_target_skip_unavailable': False, 'install_base': '/home/ros/arm_ws/install/arm_cpp_examples', 'merge_install': False, 'path': '/home/ros/arm_ws/src/arm_cpp_examples', 'symlink_install': False, 'test_result_base': None}
[1.730s] Level 5:colcon.colcon_core.verb:set package 'arm_py_examples' build argument 'cmake_args' from command line to 'None'
[1.730s] Level 5:colcon.colcon_core.verb:set package 'arm_py_examples' build argument 'cmake_target' from command line to 'None'
[1.730s] Level 5:colcon.colcon_core.verb:set package 'arm_py_examples' build argument 'cmake_target_skip_unavailable' from command line to 'False'
[1.730s] Level 5:colcon.colcon_core.verb:set package 'arm_py_examples' build argument 'cmake_clean_cache' from command line to 'False'
[1.730s] Level 5:colcon.colcon_core.verb:set package 'arm_py_examples' build argument 'cmake_clean_first' from command line to 'False'
[1.731s] Level 5:colcon.colcon_core.verb:set package 'arm_py_examples' build argument 'cmake_force_configure' from command line to 'False'
[1.731s] Level 5:colcon.colcon_core.verb:set package 'arm_py_examples' build argument 'ament_cmake_args' from command line to 'None'
[1.731s] Level 5:colcon.colcon_core.verb:set package 'arm_py_examples' build argument 'catkin_cmake_args' from command line to 'None'
[1.733s] Level 5:colcon.colcon_core.verb:set package 'arm_py_examples' build argument 'catkin_skip_building_tests' from command line to 'False'
[1.733s] DEBUG:colcon.colcon_core.verb:Building package 'arm_py_examples' with the following arguments: {'ament_cmake_args': None, 'build_base': '/home/ros/arm_ws/build/arm_py_examples', 'catkin_cmake_args': None, 'catkin_skip_building_tests': False, 'cmake_args': None, 'cmake_clean_cache': False, 'cmake_clean_first': False, 'cmake_force_configure': False, 'cmake_target': None, 'cmake_target_skip_unavailable': False, 'install_base': '/home/ros/arm_ws/install/arm_py_examples', 'merge_install': False, 'path': '/home/ros/arm_ws/src/arm_py_examples', 'symlink_install': False, 'test_result_base': None}
[1.735s] Level 5:colcon.colcon_core.verb:set package 'arm_remote' build argument 'cmake_args' from command line to 'None'
[1.735s] Level 5:colcon.colcon_core.verb:set package 'arm_remote' build argument 'cmake_target' from command line to 'None'
[1.737s] Level 5:colcon.colcon_core.verb:set package 'arm_remote' build argument 'cmake_target_skip_unavailable' from command line to 'False'
[1.737s] Level 5:colcon.colcon_core.verb:set package 'arm_remote' build argument 'cmake_clean_cache' from command line to 'False'
[1.737s] Level 5:colcon.colcon_core.verb:set package 'arm_remote' build argument 'cmake_clean_first' from command line to 'False'
[1.737s] Level 5:colcon.colcon_core.verb:set package 'arm_remote' build argument 'cmake_force_configure' from command line to 'False'
[1.737s] Level 5:colcon.colcon_core.verb:set package 'arm_remote' build argument 'ament_cmake_args' from command line to 'None'
[1.738s] Level 5:colcon.colcon_core.verb:set package 'arm_remote' build argument 'catkin_cmake_args' from command line to 'None'
[1.738s] Level 5:colcon.colcon_core.verb:set package 'arm_remote' build argument 'catkin_skip_building_tests' from command line to 'False'
[1.738s] DEBUG:colcon.colcon_core.verb:Building package 'arm_remote' with the following arguments: {'ament_cmake_args': None, 'build_base': '/home/ros/arm_ws/build/arm_remote', 'catkin_cmake_args': None, 'catkin_skip_building_tests': False, 'cmake_args': None, 'cmake_clean_cache': False, 'cmake_clean_first': False, 'cmake_force_configure': False, 'cmake_target': None, 'cmake_target_skip_unavailable': False, 'install_base': '/home/ros/arm_ws/install/arm_remote', 'merge_install': False, 'path': '/home/ros/arm_ws/src/arm_remote', 'symlink_install': False, 'test_result_base': None}
[1.740s] Level 5:colcon.colcon_core.verb:set package 'arm_utils' build argument 'cmake_args' from command line to 'None'
[1.742s] Level 5:colcon.colcon_core.verb:set package 'arm_utils' build argument 'cmake_target' from command line to 'None'
[1.742s] Level 5:colcon.colcon_core.verb:set package 'arm_utils' build argument 'cmake_target_skip_unavailable' from command line to 'False'
[1.742s] Level 5:colcon.colcon_core.verb:set package 'arm_utils' build argument 'cmake_clean_cache' from command line to 'False'
[1.742s] Level 5:colcon.colcon_core.verb:set package 'arm_utils' build argument 'cmake_clean_first' from command line to 'False'
[1.742s] Level 5:colcon.colcon_core.verb:set package 'arm_utils' build argument 'cmake_force_configure' from command line to 'False'
[1.742s] Level 5:colcon.colcon_core.verb:set package 'arm_utils' build argument 'ament_cmake_args' from command line to 'None'
[1.742s] Level 5:colcon.colcon_core.verb:set package 'arm_utils' build argument 'catkin_cmake_args' from command line to 'None'
[1.743s] Level 5:colcon.colcon_core.verb:set package 'arm_utils' build argument 'catkin_skip_building_tests' from command line to 'False'
[1.743s] DEBUG:colcon.colcon_core.verb:Building package 'arm_utils' with the following arguments: {'ament_cmake_args': None, 'build_base': '/home/ros/arm_ws/build/arm_utils', 'catkin_cmake_args': None, 'catkin_skip_building_tests': False, 'cmake_args': None, 'cmake_clean_cache': False, 'cmake_clean_first': False, 'cmake_force_configure': False, 'cmake_target': None, 'cmake_target_skip_unavailable': False, 'install_base': '/home/ros/arm_ws/install/arm_utils', 'merge_install': False, 'path': '/home/ros/arm_ws/src/arm_utils', 'symlink_install': False, 'test_result_base': None}
[1.743s] INFO:colcon.colcon_core.executor:Executing jobs using 'parallel' executor
[1.751s] DEBUG:colcon.colcon_parallel_executor.executor.parallel:run_until_complete
[1.751s] INFO:colcon.colcon_ros.task.ament_cmake.build:Building ROS package in '/home/ros/arm_ws/src/arm_msgs' with build type 'ament_cmake'
[1.751s] INFO:colcon.colcon_cmake.task.cmake.build:Building CMake package in '/home/ros/arm_ws/src/arm_msgs'
[1.801s] INFO:colcon.colcon_core.plugin_system:Skipping extension 'colcon_core.shell.bat': Not used on non-Windows systems
[1.803s] INFO:colcon.colcon_core.shell:Skip shell extension 'powershell' for command environment: Not usable outside of PowerShell
[1.806s] DEBUG:colcon.colcon_core.shell:Skip shell extension 'dsv' for command environment
[1.843s] INFO:colcon.colcon_ros.task.ament_cmake.build:Building ROS package in '/home/ros/arm_ws/src/arm_bringup' with build type 'ament_cmake'
[1.844s] INFO:colcon.colcon_cmake.task.cmake.build:Building CMake package in '/home/ros/arm_ws/src/arm_bringup'
[1.844s] INFO:colcon.colcon_core.shell:Skip shell extension 'powershell' for command environment: Not usable outside of PowerShell
[1.845s] DEBUG:colcon.colcon_core.shell:Skip shell extension 'dsv' for command environment
[1.927s] DEBUG:colcon.colcon_core.event_handler.log_command:Invoking command in '/home/ros/arm_ws/build/arm_msgs': CMAKE_PREFIX_PATH=${CMAKE_PREFIX_PATH}:/home/ros/arm_ws/install/arm_py_examples:/opt/ros/humble /usr/bin/cmake --build /home/ros/arm_ws/build/arm_msgs -- -j2 -l2
[2.006s] DEBUG:colcon.colcon_core.event_handler.log_command:Invoking command in '/home/ros/arm_ws/build/arm_bringup': CMAKE_PREFIX_PATH=${CMAKE_PREFIX_PATH}:/home/ros/arm_ws/install/arm_py_examples:/opt/ros/humble /usr/bin/cmake --build /home/ros/arm_ws/build/arm_bringup -- -j2 -l2
[2.424s] DEBUG:colcon.colcon_core.event_handler.log_command:Invoked command in '/home/ros/arm_ws/build/arm_bringup' returned '0': CMAKE_PREFIX_PATH=${CMAKE_PREFIX_PATH}:/home/ros/arm_ws/install/arm_py_examples:/opt/ros/humble /usr/bin/cmake --build /home/ros/arm_ws/build/arm_bringup -- -j2 -l2
[2.945s] DEBUG:colcon.colcon_core.event_handler.log_command:Invoking command in '/home/ros/arm_ws/build/arm_bringup': CMAKE_PREFIX_PATH=${CMAKE_PREFIX_PATH}:/home/ros/arm_ws/install/arm_py_examples:/opt/ros/humble /usr/bin/cmake --install /home/ros/arm_ws/build/arm_bringup
[3.092s] Level 1:colcon.colcon_core.environment:create_environment_scripts_only(arm_bringup)
[3.099s] DEBUG:colcon.colcon_core.event_handler.log_command:Invoked command in '/home/ros/arm_ws/build/arm_bringup' returned '0': CMAKE_PREFIX_PATH=${CMAKE_PREFIX_PATH}:/home/ros/arm_ws/install/arm_py_examples:/opt/ros/humble /usr/bin/cmake --install /home/ros/arm_ws/build/arm_bringup
[3.146s] Level 1:colcon.colcon_core.environment:checking '/home/ros/arm_ws/install/arm_bringup' for CMake module files
[3.159s] Level 1:colcon.colcon_core.environment:checking '/home/ros/arm_ws/install/arm_bringup' for CMake config files
[3.168s] Level 1:colcon.colcon_core.shell:create_environment_hook('arm_bringup', 'cmake_prefix_path')
[3.169s] INFO:colcon.colcon_core.shell:Creating environment hook '/home/ros/arm_ws/install/arm_bringup/share/arm_bringup/hook/cmake_prefix_path.ps1'
[3.183s] INFO:colcon.colcon_core.shell:Creating environment descriptor '/home/ros/arm_ws/install/arm_bringup/share/arm_bringup/hook/cmake_prefix_path.dsv'
[3.193s] INFO:colcon.colcon_core.shell:Creating environment hook '/home/ros/arm_ws/install/arm_bringup/share/arm_bringup/hook/cmake_prefix_path.sh'
[3.206s] Level 1:colcon.colcon_core.environment:checking '/home/ros/arm_ws/install/arm_bringup/bin'
[3.207s] Level 1:colcon.colcon_core.environment:checking '/home/ros/arm_ws/install/arm_bringup/lib/pkgconfig/arm_bringup.pc'
[3.209s] Level 1:colcon.colcon_core.environment:checking '/home/ros/arm_ws/install/arm_bringup/lib/python3.10/site-packages'
[3.210s] Level 1:colcon.colcon_core.environment:checking '/home/ros/arm_ws/install/arm_bringup/bin'
[3.210s] INFO:colcon.colcon_core.shell:Creating package script '/home/ros/arm_ws/install/arm_bringup/share/arm_bringup/package.ps1'
[3.233s] INFO:colcon.colcon_core.shell:Creating package descriptor '/home/ros/arm_ws/install/arm_bringup/share/arm_bringup/package.dsv'
[3.243s] INFO:colcon.colcon_core.shell:Creating package script '/home/ros/arm_ws/install/arm_bringup/share/arm_bringup/package.sh'
[3.264s] INFO:colcon.colcon_core.shell:Creating package script '/home/ros/arm_ws/install/arm_bringup/share/arm_bringup/package.bash'
[3.279s] INFO:colcon.colcon_core.shell:Creating package script '/home/ros/arm_ws/install/arm_bringup/share/arm_bringup/package.zsh'
[3.294s] Level 1:colcon.colcon_core.environment:create_file_with_runtime_dependencies(/home/ros/arm_ws/install/arm_bringup/share/colcon-core/packages/arm_bringup)
[3.630s] Level 1:colcon.colcon_core.environment:create_environment_scripts_only(arm_bringup)
[3.636s] Level 1:colcon.colcon_core.environment:checking '/home/ros/arm_ws/install/arm_bringup' for CMake module files
[3.646s] Level 1:colcon.colcon_core.environment:checking '/home/ros/arm_ws/install/arm_bringup' for CMake config files
[3.649s] Level 1:colcon.colcon_core.shell:create_environment_hook('arm_bringup', 'cmake_prefix_path')
[3.655s] INFO:colcon.colcon_core.shell:Creating environment hook '/home/ros/arm_ws/install/arm_bringup/share/arm_bringup/hook/cmake_prefix_path.ps1'
[3.665s] INFO:colcon.colcon_core.shell:Creating environment descriptor '/home/ros/arm_ws/install/arm_bringup/share/arm_bringup/hook/cmake_prefix_path.dsv'
[3.667s] INFO:colcon.colcon_core.shell:Creating environment hook '/home/ros/arm_ws/install/arm_bringup/share/arm_bringup/hook/cmake_prefix_path.sh'
[3.693s] Level 1:colcon.colcon_core.environment:checking '/home/ros/arm_ws/install/arm_bringup/bin'
[3.693s] Level 1:colcon.colcon_core.environment:checking '/home/ros/arm_ws/install/arm_bringup/lib/pkgconfig/arm_bringup.pc'
[3.694s] Level 1:colcon.colcon_core.environment:checking '/home/ros/arm_ws/install/arm_bringup/lib/python3.10/site-packages'
[3.694s] Level 1:colcon.colcon_core.environment:checking '/home/ros/arm_ws/install/arm_bringup/bin'
[3.698s] INFO:colcon.colcon_core.shell:Creating package script '/home/ros/arm_ws/install/arm_bringup/share/arm_bringup/package.ps1'
[3.707s] INFO:colcon.colcon_core.shell:Creating package descriptor '/home/ros/arm_ws/install/arm_bringup/share/arm_bringup/package.dsv'
[3.721s] INFO:colcon.colcon_core.shell:Creating package script '/home/ros/arm_ws/install/arm_bringup/share/arm_bringup/package.sh'
[3.723s] INFO:colcon.colcon_core.shell:Creating package script '/home/ros/arm_ws/install/arm_bringup/share/arm_bringup/package.bash'
[3.734s] INFO:colcon.colcon_core.shell:Creating package script '/home/ros/arm_ws/install/arm_bringup/share/arm_bringup/package.zsh'
[3.746s] Level 1:colcon.colcon_core.environment:create_file_with_runtime_dependencies(/home/ros/arm_ws/install/arm_bringup/share/colcon-core/packages/arm_bringup)
[3.747s] INFO:colcon.colcon_ros.task.ament_cmake.build:Building ROS package in '/home/ros/arm_ws/src/arm_controller' with build type 'ament_cmake'
[3.747s] INFO:colcon.colcon_cmake.task.cmake.build:Building CMake package in '/home/ros/arm_ws/src/arm_controller'
[3.756s] INFO:colcon.colcon_core.shell:Skip shell extension 'powershell' for command environment: Not usable outside of PowerShell
[3.757s] DEBUG:colcon.colcon_core.shell:Skip shell extension 'dsv' for command environment
[3.927s] DEBUG:colcon.colcon_core.event_handler.log_command:Invoking command in '/home/ros/arm_ws/build/arm_controller': CMAKE_PREFIX_PATH=${CMAKE_PREFIX_PATH}:/home/ros/arm_ws/install/arm_py_examples:/opt/ros/humble /usr/bin/cmake --build /home/ros/arm_ws/build/arm_controller -- -j2 -l2
[8.545s] DEBUG:colcon.colcon_core.event_handler.log_command:Invoked command in '/home/ros/arm_ws/build/arm_controller' returned '0': CMAKE_PREFIX_PATH=${CMAKE_PREFIX_PATH}:/home/ros/arm_ws/install/arm_py_examples:/opt/ros/humble /usr/bin/cmake --build /home/ros/arm_ws/build/arm_controller -- -j2 -l2
[9.129s] DEBUG:colcon.colcon_core.event_handler.log_command:Invoking command in '/home/ros/arm_ws/build/arm_controller': CMAKE_PREFIX_PATH=${CMAKE_PREFIX_PATH}:/home/ros/arm_ws/install/arm_py_examples:/opt/ros/humble /usr/bin/cmake --install /home/ros/arm_ws/build/arm_controller
[9.344s] DEBUG:colcon.colcon_core.event_handler.log_command:Invoked command in '/home/ros/arm_ws/build/arm_msgs' returned '0': CMAKE_PREFIX_PATH=${CMAKE_PREFIX_PATH}:/home/ros/arm_ws/install/arm_py_examples:/opt/ros/humble /usr/bin/cmake --build /home/ros/arm_ws/build/arm_msgs -- -j2 -l2
[9.695s] Level 1:colcon.colcon_core.environment:create_environment_scripts_only(arm_controller)
[9.697s] Level 1:colcon.colcon_core.environment:checking '/home/ros/arm_ws/install/arm_controller' for CMake module files
[9.698s] DEBUG:colcon.colcon_core.event_handler.log_command:Invoked command in '/home/ros/arm_ws/build/arm_controller' returned '0': CMAKE_PREFIX_PATH=${CMAKE_PREFIX_PATH}:/home/ros/arm_ws/install/arm_py_examples:/opt/ros/humble /usr/bin/cmake --install /home/ros/arm_ws/build/arm_controller
[9.702s] Level 1:colcon.colcon_core.environment:checking '/home/ros/arm_ws/install/arm_controller' for CMake config files
[9.705s] Level 1:colcon.colcon_core.shell:create_environment_hook('arm_controller', 'cmake_prefix_path')
[9.705s] INFO:colcon.colcon_core.shell:Creating environment hook '/home/ros/arm_ws/install/arm_controller/share/arm_controller/hook/cmake_prefix_path.ps1'
[9.712s] INFO:colcon.colcon_core.shell:Creating environment descriptor '/home/ros/arm_ws/install/arm_controller/share/arm_controller/hook/cmake_prefix_path.dsv'
[9.716s] INFO:colcon.colcon_core.shell:Creating environment hook '/home/ros/arm_ws/install/arm_controller/share/arm_controller/hook/cmake_prefix_path.sh'
[9.720s] Level 1:colcon.colcon_core.environment:checking '/home/ros/arm_ws/install/arm_controller/lib'
[9.721s] Level 1:colcon.colcon_core.shell:create_environment_hook('arm_controller', 'ld_library_path_lib')
[9.723s] INFO:colcon.colcon_core.shell:Creating environment hook '/home/ros/arm_ws/install/arm_controller/share/arm_controller/hook/ld_library_path_lib.ps1'
[9.731s] INFO:colcon.colcon_core.shell:Creating environment descriptor '/home/ros/arm_ws/install/arm_controller/share/arm_controller/hook/ld_library_path_lib.dsv'
[9.737s] INFO:colcon.colcon_core.shell:Creating environment hook '/home/ros/arm_ws/install/arm_controller/share/arm_controller/hook/ld_library_path_lib.sh'
[9.744s] Level 1:colcon.colcon_core.environment:checking '/home/ros/arm_ws/install/arm_controller/bin'
[9.744s] Level 1:colcon.colcon_core.environment:checking '/home/ros/arm_ws/install/arm_controller/lib/pkgconfig/arm_controller.pc'
[9.745s] Level 1:colcon.colcon_core.environment:checking '/home/ros/arm_ws/install/arm_controller/lib/python3.10/site-packages'
[9.745s] Level 1:colcon.colcon_core.environment:checking '/home/ros/arm_ws/install/arm_controller/bin'
[9.746s] INFO:colcon.colcon_core.shell:Creating package script '/home/ros/arm_ws/install/arm_controller/share/arm_controller/package.ps1'
[9.758s] INFO:colcon.colcon_core.shell:Creating package descriptor '/home/ros/arm_ws/install/arm_controller/share/arm_controller/package.dsv'
[9.766s] INFO:colcon.colcon_core.shell:Creating package script '/home/ros/arm_ws/install/arm_controller/share/arm_controller/package.sh'
[9.772s] INFO:colcon.colcon_core.shell:Creating package script '/home/ros/arm_ws/install/arm_controller/share/arm_controller/package.bash'
[9.779s] INFO:colcon.colcon_core.shell:Creating package script '/home/ros/arm_ws/install/arm_controller/share/arm_controller/package.zsh'
[9.784s] Level 1:colcon.colcon_core.environment:create_file_with_runtime_dependencies(/home/ros/arm_ws/install/arm_controller/share/colcon-core/packages/arm_controller)
[10.342s] Level 1:colcon.colcon_core.environment:create_environment_scripts_only(arm_controller)
[10.346s] Level 1:colcon.colcon_core.environment:checking '/home/ros/arm_ws/install/arm_controller' for CMake module files
[10.354s] Level 1:colcon.colcon_core.environment:checking '/home/ros/arm_ws/install/arm_controller' for CMake config files
[10.356s] Level 1:colcon.colcon_core.shell:create_environment_hook('arm_controller', 'cmake_prefix_path')
[10.359s] INFO:colcon.colcon_core.shell:Creating environment hook '/home/ros/arm_ws/install/arm_controller/share/arm_controller/hook/cmake_prefix_path.ps1'
[10.367s] INFO:colcon.colcon_core.shell:Creating environment descriptor '/home/ros/arm_ws/install/arm_controller/share/arm_controller/hook/cmake_prefix_path.dsv'
[10.374s] INFO:colcon.colcon_core.shell:Creating environment hook '/home/ros/arm_ws/install/arm_controller/share/arm_controller/hook/cmake_prefix_path.sh'
[10.379s] Level 1:colcon.colcon_core.environment:checking '/home/ros/arm_ws/install/arm_controller/lib'
[10.382s] Level 1:colcon.colcon_core.shell:create_environment_hook('arm_controller', 'ld_library_path_lib')
[10.385s] INFO:colcon.colcon_core.shell:Creating environment hook '/home/ros/arm_ws/install/arm_controller/share/arm_controller/hook/ld_library_path_lib.ps1'
[10.390s] INFO:colcon.colcon_core.shell:Creating environment descriptor '/home/ros/arm_ws/install/arm_controller/share/arm_controller/hook/ld_library_path_lib.dsv'
[10.396s] INFO:colcon.colcon_core.shell:Creating environment hook '/home/ros/arm_ws/install/arm_controller/share/arm_controller/hook/ld_library_path_lib.sh'
[10.406s] Level 1:colcon.colcon_core.environment:checking '/home/ros/arm_ws/install/arm_controller/bin'
[10.409s] Level 1:colcon.colcon_core.environment:checking '/home/ros/arm_ws/install/arm_controller/lib/pkgconfig/arm_controller.pc'
[10.412s] Level 1:colcon.colcon_core.environment:checking '/home/ros/arm_ws/install/arm_controller/lib/python3.10/site-packages'
[10.413s] Level 1:colcon.colcon_core.environment:checking '/home/ros/arm_ws/install/arm_controller/bin'
[10.419s] INFO:colcon.colcon_core.shell:Creating package script '/home/ros/arm_ws/install/arm_controller/share/arm_controller/package.ps1'
[10.427s] INFO:colcon.colcon_core.shell:Creating package descriptor '/home/ros/arm_ws/install/arm_controller/share/arm_controller/package.dsv'
[10.436s] INFO:colcon.colcon_core.shell:Creating package script '/home/ros/arm_ws/install/arm_controller/share/arm_controller/package.sh'
[10.446s] INFO:colcon.colcon_core.shell:Creating package script '/home/ros/arm_ws/install/arm_controller/share/arm_controller/package.bash'
[10.454s] INFO:colcon.colcon_core.shell:Creating package script '/home/ros/arm_ws/install/arm_controller/share/arm_controller/package.zsh'
[10.461s] Level 1:colcon.colcon_core.environment:create_file_with_runtime_dependencies(/home/ros/arm_ws/install/arm_controller/share/colcon-core/packages/arm_controller)
[10.468s] INFO:colcon.colcon_ros.task.ament_cmake.build:Building ROS package in '/home/ros/arm_ws/src/arm_description' with build type 'ament_cmake'
[10.473s] INFO:colcon.colcon_cmake.task.cmake.build:Building CMake package in '/home/ros/arm_ws/src/arm_description'
[10.475s] INFO:colcon.colcon_core.shell:Skip shell extension 'powershell' for command environment: Not usable outside of PowerShell
[10.479s] DEBUG:colcon.colcon_core.shell:Skip shell extension 'dsv' for command environment
[10.632s] DEBUG:colcon.colcon_core.event_handler.log_command:Invoking command in '/home/ros/arm_ws/build/arm_description': CMAKE_PREFIX_PATH=${CMAKE_PREFIX_PATH}:/home/ros/arm_ws/install/arm_py_examples:/opt/ros/humble /usr/bin/cmake --build /home/ros/arm_ws/build/arm_description -- -j2 -l2
[11.019s] DEBUG:colcon.colcon_core.event_handler.log_command:Invoked command in '/home/ros/arm_ws/build/arm_description' returned '0': CMAKE_PREFIX_PATH=${CMAKE_PREFIX_PATH}:/home/ros/arm_ws/install/arm_py_examples:/opt/ros/humble /usr/bin/cmake --build /home/ros/arm_ws/build/arm_description -- -j2 -l2
[11.344s] DEBUG:colcon.colcon_core.event_handler.log_command:Invoking command in '/home/ros/arm_ws/build/arm_description': CMAKE_PREFIX_PATH=${CMAKE_PREFIX_PATH}:/home/ros/arm_ws/install/arm_py_examples:/opt/ros/humble /usr/bin/cmake --install /home/ros/arm_ws/build/arm_description
[11.451s] Level 1:colcon.colcon_core.environment:create_environment_scripts_only(arm_description)
[11.452s] Level 1:colcon.colcon_core.environment:checking '/home/ros/arm_ws/install/arm_description' for CMake module files
[11.471s] Level 1:colcon.colcon_core.environment:checking '/home/ros/arm_ws/install/arm_description' for CMake config files
[11.480s] Level 1:colcon.colcon_core.shell:create_environment_hook('arm_description', 'cmake_prefix_path')
[11.480s] INFO:colcon.colcon_core.shell:Creating environment hook '/home/ros/arm_ws/install/arm_description/share/arm_description/hook/cmake_prefix_path.ps1'
[11.494s] INFO:colcon.colcon_core.shell:Creating environment descriptor '/home/ros/arm_ws/install/arm_description/share/arm_description/hook/cmake_prefix_path.dsv'
[11.501s] INFO:colcon.colcon_core.shell:Creating environment hook '/home/ros/arm_ws/install/arm_description/share/arm_description/hook/cmake_prefix_path.sh'
[11.514s] Level 1:colcon.colcon_core.environment:checking '/home/ros/arm_ws/install/arm_description/bin'
[11.515s] Level 1:colcon.colcon_core.environment:checking '/home/ros/arm_ws/install/arm_description/lib/pkgconfig/arm_description.pc'
[11.517s] Level 1:colcon.colcon_core.environment:checking '/home/ros/arm_ws/install/arm_description/lib/python3.10/site-packages'
[11.523s] Level 1:colcon.colcon_core.environment:checking '/home/ros/arm_ws/install/arm_description/bin'
[11.523s] INFO:colcon.colcon_core.shell:Creating package script '/home/ros/arm_ws/install/arm_description/share/arm_description/package.ps1'
[11.529s] DEBUG:colcon.colcon_core.event_handler.log_command:Invoked command in '/home/ros/arm_ws/build/arm_description' returned '0': CMAKE_PREFIX_PATH=${CMAKE_PREFIX_PATH}:/home/ros/arm_ws/install/arm_py_examples:/opt/ros/humble /usr/bin/cmake --install /home/ros/arm_ws/build/arm_description
[11.529s] INFO:colcon.colcon_core.shell:Creating package descriptor '/home/ros/arm_ws/install/arm_description/share/arm_description/package.dsv'
[11.538s] INFO:colcon.colcon_core.shell:Creating package script '/home/ros/arm_ws/install/arm_description/share/arm_description/package.sh'
[11.544s] INFO:colcon.colcon_core.shell:Creating package script '/home/ros/arm_ws/install/arm_description/share/arm_description/package.bash'
[11.548s] INFO:colcon.colcon_core.shell:Creating package script '/home/ros/arm_ws/install/arm_description/share/arm_description/package.zsh'
[11.552s] Level 1:colcon.colcon_core.environment:create_file_with_runtime_dependencies(/home/ros/arm_ws/install/arm_description/share/colcon-core/packages/arm_description)
[11.890s] Level 1:colcon.colcon_core.environment:create_environment_scripts_only(arm_description)
[11.893s] Level 1:colcon.colcon_core.environment:checking '/home/ros/arm_ws/install/arm_description' for CMake module files
[11.899s] Level 1:colcon.colcon_core.environment:checking '/home/ros/arm_ws/install/arm_description' for CMake config files
[11.899s] Level 1:colcon.colcon_core.shell:create_environment_hook('arm_description', 'cmake_prefix_path')
[11.900s] INFO:colcon.colcon_core.shell:Creating environment hook '/home/ros/arm_ws/install/arm_description/share/arm_description/hook/cmake_prefix_path.ps1'
[11.906s] INFO:colcon.colcon_core.shell:Creating environment descriptor '/home/ros/arm_ws/install/arm_description/share/arm_description/hook/cmake_prefix_path.dsv'
[11.909s] INFO:colcon.colcon_core.shell:Creating environment hook '/home/ros/arm_ws/install/arm_description/share/arm_description/hook/cmake_prefix_path.sh'
[11.916s] Level 1:colcon.colcon_core.environment:checking '/home/ros/arm_ws/install/arm_description/bin'
[11.917s] Level 1:colcon.colcon_core.environment:checking '/home/ros/arm_ws/install/arm_description/lib/pkgconfig/arm_description.pc'
[11.923s] Level 1:colcon.colcon_core.environment:checking '/home/ros/arm_ws/install/arm_description/lib/python3.10/site-packages'
[11.924s] Level 1:colcon.colcon_core.environment:checking '/home/ros/arm_ws/install/arm_description/bin'
[11.925s] INFO:colcon.colcon_core.shell:Creating package script '/home/ros/arm_ws/install/arm_description/share/arm_description/package.ps1'
[11.933s] INFO:colcon.colcon_core.shell:Creating package descriptor '/home/ros/arm_ws/install/arm_description/share/arm_description/package.dsv'
[11.940s] INFO:colcon.colcon_core.shell:Creating package script '/home/ros/arm_ws/install/arm_description/share/arm_description/package.sh'
[11.945s] INFO:colcon.colcon_core.shell:Creating package script '/home/ros/arm_ws/install/arm_description/share/arm_description/package.bash'
[11.954s] INFO:colcon.colcon_core.shell:Creating package script '/home/ros/arm_ws/install/arm_description/share/arm_description/package.zsh'
[11.960s] Level 1:colcon.colcon_core.environment:create_file_with_runtime_dependencies(/home/ros/arm_ws/install/arm_description/share/colcon-core/packages/arm_description)
[11.963s] INFO:colcon.colcon_ros.task.ament_cmake.build:Building ROS package in '/home/ros/arm_ws/src/arm_firmware' with build type 'ament_cmake'
[11.964s] INFO:colcon.colcon_cmake.task.cmake.build:Building CMake package in '/home/ros/arm_ws/src/arm_firmware'
[11.967s] INFO:colcon.colcon_core.shell:Skip shell extension 'powershell' for command environment: Not usable outside of PowerShell
[11.971s] DEBUG:colcon.colcon_core.shell:Skip shell extension 'dsv' for command environment
[12.125s] DEBUG:colcon.colcon_core.event_handler.log_command:Invoking command in '/home/ros/arm_ws/build/arm_firmware': CMAKE_PREFIX_PATH=${CMAKE_PREFIX_PATH}:/home/ros/arm_ws/install/arm_py_examples:/opt/ros/humble /usr/bin/cmake --build /home/ros/arm_ws/build/arm_firmware -- -j2 -l2
[12.441s] DEBUG:colcon.colcon_core.event_handler.log_command:Invoking command in '/home/ros/arm_ws/build/arm_msgs': CMAKE_PREFIX_PATH=${CMAKE_PREFIX_PATH}:/home/ros/arm_ws/install/arm_py_examples:/opt/ros/humble /usr/bin/cmake --install /home/ros/arm_ws/build/arm_msgs
[13.096s] Level 1:colcon.colcon_core.environment:create_environment_scripts_only(arm_msgs)
[13.102s] Level 1:colcon.colcon_core.environment:checking '/home/ros/arm_ws/install/arm_msgs' for CMake module files
[13.110s] DEBUG:colcon.colcon_core.event_handler.log_command:Invoked command in '/home/ros/arm_ws/build/arm_msgs' returned '0': CMAKE_PREFIX_PATH=${CMAKE_PREFIX_PATH}:/home/ros/arm_ws/install/arm_py_examples:/opt/ros/humble /usr/bin/cmake --install /home/ros/arm_ws/build/arm_msgs
[13.112s] Level 1:colcon.colcon_core.environment:checking '/home/ros/arm_ws/install/arm_msgs' for CMake config files
[13.115s] Level 1:colcon.colcon_core.shell:create_environment_hook('arm_msgs', 'cmake_prefix_path')
[13.117s] INFO:colcon.colcon_core.shell:Creating environment hook '/home/ros/arm_ws/install/arm_msgs/share/arm_msgs/hook/cmake_prefix_path.ps1'
[13.124s] INFO:colcon.colcon_core.shell:Creating environment descriptor '/home/ros/arm_ws/install/arm_msgs/share/arm_msgs/hook/cmake_prefix_path.dsv'
[13.132s] INFO:colcon.colcon_core.shell:Creating environment hook '/home/ros/arm_ws/install/arm_msgs/share/arm_msgs/hook/cmake_prefix_path.sh'
[13.140s] Level 1:colcon.colcon_core.environment:checking '/home/ros/arm_ws/install/arm_msgs/lib'
[13.141s] Level 1:colcon.colcon_core.shell:create_environment_hook('arm_msgs', 'ld_library_path_lib')
[13.142s] INFO:colcon.colcon_core.shell:Creating environment hook '/home/ros/arm_ws/install/arm_msgs/share/arm_msgs/hook/ld_library_path_lib.ps1'
[13.148s] INFO:colcon.colcon_core.shell:Creating environment descriptor '/home/ros/arm_ws/install/arm_msgs/share/arm_msgs/hook/ld_library_path_lib.dsv'
[13.155s] INFO:colcon.colcon_core.shell:Creating environment hook '/home/ros/arm_ws/install/arm_msgs/share/arm_msgs/hook/ld_library_path_lib.sh'
[13.166s] Level 1:colcon.colcon_core.environment:checking '/home/ros/arm_ws/install/arm_msgs/bin'
[13.166s] Level 1:colcon.colcon_core.environment:checking '/home/ros/arm_ws/install/arm_msgs/lib/pkgconfig/arm_msgs.pc'
[13.167s] Level 1:colcon.colcon_core.environment:checking '/home/ros/arm_ws/install/arm_msgs/lib/python3.10/site-packages'
[13.174s] Level 1:colcon.colcon_core.environment:checking '/home/ros/arm_ws/install/arm_msgs/bin'
[13.180s] INFO:colcon.colcon_core.shell:Creating package script '/home/ros/arm_ws/install/arm_msgs/share/arm_msgs/package.ps1'
[13.189s] INFO:colcon.colcon_core.shell:Creating package descriptor '/home/ros/arm_ws/install/arm_msgs/share/arm_msgs/package.dsv'
[13.197s] INFO:colcon.colcon_core.shell:Creating package script '/home/ros/arm_ws/install/arm_msgs/share/arm_msgs/package.sh'
[13.206s] INFO:colcon.colcon_core.shell:Creating package script '/home/ros/arm_ws/install/arm_msgs/share/arm_msgs/package.bash'
[13.209s] INFO:colcon.colcon_core.shell:Creating package script '/home/ros/arm_ws/install/arm_msgs/share/arm_msgs/package.zsh'
[13.216s] Level 1:colcon.colcon_core.environment:create_file_with_runtime_dependencies(/home/ros/arm_ws/install/arm_msgs/share/colcon-core/packages/arm_msgs)
[15.391s] Level 1:colcon.colcon_core.environment:create_environment_scripts_only(arm_msgs)
[15.394s] Level 1:colcon.colcon_core.environment:checking '/home/ros/arm_ws/install/arm_msgs' for CMake module files
[15.398s] Level 1:colcon.colcon_core.environment:checking '/home/ros/arm_ws/install/arm_msgs' for CMake config files
[15.399s] Level 1:colcon.colcon_core.shell:create_environment_hook('arm_msgs', 'cmake_prefix_path')
[15.400s] INFO:colcon.colcon_core.shell:Creating environment hook '/home/ros/arm_ws/install/arm_msgs/share/arm_msgs/hook/cmake_prefix_path.ps1'
[15.404s] INFO:colcon.colcon_core.shell:Creating environment descriptor '/home/ros/arm_ws/install/arm_msgs/share/arm_msgs/hook/cmake_prefix_path.dsv'
[15.412s] INFO:colcon.colcon_core.shell:Creating environment hook '/home/ros/arm_ws/install/arm_msgs/share/arm_msgs/hook/cmake_prefix_path.sh'
[15.421s] Level 1:colcon.colcon_core.environment:checking '/home/ros/arm_ws/install/arm_msgs/lib'
[15.422s] Level 1:colcon.colcon_core.shell:create_environment_hook('arm_msgs', 'ld_library_path_lib')
[15.424s] INFO:colcon.colcon_core.shell:Creating environment hook '/home/ros/arm_ws/install/arm_msgs/share/arm_msgs/hook/ld_library_path_lib.ps1'
[15.430s] INFO:colcon.colcon_core.shell:Creating environment descriptor '/home/ros/arm_ws/install/arm_msgs/share/arm_msgs/hook/ld_library_path_lib.dsv'
[15.436s] INFO:colcon.colcon_core.shell:Creating environment hook '/home/ros/arm_ws/install/arm_msgs/share/arm_msgs/hook/ld_library_path_lib.sh'
[15.440s] Level 1:colcon.colcon_core.environment:checking '/home/ros/arm_ws/install/arm_msgs/bin'
[15.440s] Level 1:colcon.colcon_core.environment:checking '/home/ros/arm_ws/install/arm_msgs/lib/pkgconfig/arm_msgs.pc'
[15.440s] Level 1:colcon.colcon_core.environment:checking '/home/ros/arm_ws/install/arm_msgs/lib/python3.10/site-packages'
[15.441s] Level 1:colcon.colcon_core.environment:checking '/home/ros/arm_ws/install/arm_msgs/bin'
[15.444s] INFO:colcon.colcon_core.shell:Creating package script '/home/ros/arm_ws/install/arm_msgs/share/arm_msgs/package.ps1'
[15.449s] INFO:colcon.colcon_core.shell:Creating package descriptor '/home/ros/arm_ws/install/arm_msgs/share/arm_msgs/package.dsv'
[15.456s] INFO:colcon.colcon_core.shell:Creating package script '/home/ros/arm_ws/install/arm_msgs/share/arm_msgs/package.sh'
[15.467s] INFO:colcon.colcon_core.shell:Creating package script '/home/ros/arm_ws/install/arm_msgs/share/arm_msgs/package.bash'
[15.472s] INFO:colcon.colcon_core.shell:Creating package script '/home/ros/arm_ws/install/arm_msgs/share/arm_msgs/package.zsh'
[15.478s] Level 1:colcon.colcon_core.environment:create_file_with_runtime_dependencies(/home/ros/arm_ws/install/arm_msgs/share/colcon-core/packages/arm_msgs)
[15.482s] INFO:colcon.colcon_ros.task.ament_cmake.build:Building ROS package in '/home/ros/arm_ws/src/arm_moveit' with build type 'ament_cmake'
[15.483s] INFO:colcon.colcon_cmake.task.cmake.build:Building CMake package in '/home/ros/arm_ws/src/arm_moveit'
[15.485s] INFO:colcon.colcon_core.shell:Skip shell extension 'powershell' for command environment: Not usable outside of PowerShell
[15.485s] DEBUG:colcon.colcon_core.shell:Skip shell extension 'dsv' for command environment
[15.612s] DEBUG:colcon.colcon_core.event_handler.log_command:Invoking command in '/home/ros/arm_ws/build/arm_moveit': CMAKE_PREFIX_PATH=${CMAKE_PREFIX_PATH}:/home/ros/arm_ws/install/arm_py_examples:/opt/ros/humble /usr/bin/cmake --build /home/ros/arm_ws/build/arm_moveit -- -j2 -l2
[15.643s] DEBUG:colcon.colcon_core.event_handler.log_command:Invoked command in '/home/ros/arm_ws/build/arm_firmware' returned '0': CMAKE_PREFIX_PATH=${CMAKE_PREFIX_PATH}:/home/ros/arm_ws/install/arm_py_examples:/opt/ros/humble /usr/bin/cmake --build /home/ros/arm_ws/build/arm_firmware -- -j2 -l2
[16.024s] DEBUG:colcon.colcon_core.event_handler.log_command:Invoked command in '/home/ros/arm_ws/build/arm_moveit' returned '0': CMAKE_PREFIX_PATH=${CMAKE_PREFIX_PATH}:/home/ros/arm_ws/install/arm_py_examples:/opt/ros/humble /usr/bin/cmake --build /home/ros/arm_ws/build/arm_moveit -- -j2 -l2
[16.090s] DEBUG:colcon.colcon_core.event_handler.log_command:Invoking command in '/home/ros/arm_ws/build/arm_firmware': CMAKE_PREFIX_PATH=${CMAKE_PREFIX_PATH}:/home/ros/arm_ws/install/arm_py_examples:/opt/ros/humble /usr/bin/cmake --install /home/ros/arm_ws/build/arm_firmware
[16.326s] DEBUG:colcon.colcon_core.event_handler.log_command:Invoking command in '/home/ros/arm_ws/build/arm_moveit': CMAKE_PREFIX_PATH=${CMAKE_PREFIX_PATH}:/home/ros/arm_ws/install/arm_py_examples:/opt/ros/humble /usr/bin/cmake --install /home/ros/arm_ws/build/arm_moveit
[16.354s] Level 1:colcon.colcon_core.environment:create_environment_scripts_only(arm_firmware)
[16.363s] Level 1:colcon.colcon_core.environment:checking '/home/ros/arm_ws/install/arm_firmware' for CMake module files
[16.366s] Level 1:colcon.colcon_core.environment:checking '/home/ros/arm_ws/install/arm_firmware' for CMake config files
[16.364s] DEBUG:colcon.colcon_core.event_handler.log_command:Invoked command in '/home/ros/arm_ws/build/arm_firmware' returned '0': CMAKE_PREFIX_PATH=${CMAKE_PREFIX_PATH}:/home/ros/arm_ws/install/arm_py_examples:/opt/ros/humble /usr/bin/cmake --install /home/ros/arm_ws/build/arm_firmware
[16.371s] Level 1:colcon.colcon_core.shell:create_environment_hook('arm_firmware', 'cmake_prefix_path')
[16.374s] INFO:colcon.colcon_core.shell:Creating environment hook '/home/ros/arm_ws/install/arm_firmware/share/arm_firmware/hook/cmake_prefix_path.ps1'
[16.376s] INFO:colcon.colcon_core.shell:Creating environment descriptor '/home/ros/arm_ws/install/arm_firmware/share/arm_firmware/hook/cmake_prefix_path.dsv'
[16.390s] INFO:colcon.colcon_core.shell:Creating environment hook '/home/ros/arm_ws/install/arm_firmware/share/arm_firmware/hook/cmake_prefix_path.sh'
[16.408s] Level 1:colcon.colcon_core.environment:checking '/home/ros/arm_ws/install/arm_firmware/lib'
[16.410s] Level 1:colcon.colcon_core.environment:checking '/home/ros/arm_ws/install/arm_firmware/bin'
[16.410s] Level 1:colcon.colcon_core.environment:checking '/home/ros/arm_ws/install/arm_firmware/lib/pkgconfig/arm_firmware.pc'
[16.411s] Level 1:colcon.colcon_core.environment:checking '/home/ros/arm_ws/install/arm_firmware/lib/python3.10/site-packages'
[16.413s] Level 1:colcon.colcon_core.environment:checking '/home/ros/arm_ws/install/arm_firmware/bin'
[16.414s] INFO:colcon.colcon_core.shell:Creating package script '/home/ros/arm_ws/install/arm_firmware/share/arm_firmware/package.ps1'
[16.417s] INFO:colcon.colcon_core.shell:Creating package descriptor '/home/ros/arm_ws/install/arm_firmware/share/arm_firmware/package.dsv'
[16.422s] INFO:colcon.colcon_core.shell:Creating package script '/home/ros/arm_ws/install/arm_firmware/share/arm_firmware/package.sh'
[16.425s] INFO:colcon.colcon_core.shell:Creating package script '/home/ros/arm_ws/install/arm_firmware/share/arm_firmware/package.bash'
[16.427s] INFO:colcon.colcon_core.shell:Creating package script '/home/ros/arm_ws/install/arm_firmware/share/arm_firmware/package.zsh'
[16.435s] Level 1:colcon.colcon_core.environment:create_file_with_runtime_dependencies(/home/ros/arm_ws/install/arm_firmware/share/colcon-core/packages/arm_firmware)
[16.445s] Level 1:colcon.colcon_core.environment:create_environment_scripts_only(arm_moveit)
[16.446s] Level 1:colcon.colcon_core.environment:checking '/home/ros/arm_ws/install/arm_moveit' for CMake module files
[16.445s] DEBUG:colcon.colcon_core.event_handler.log_command:Invoked command in '/home/ros/arm_ws/build/arm_moveit' returned '0': CMAKE_PREFIX_PATH=${CMAKE_PREFIX_PATH}:/home/ros/arm_ws/install/arm_py_examples:/opt/ros/humble /usr/bin/cmake --install /home/ros/arm_ws/build/arm_moveit
[16.453s] Level 1:colcon.colcon_core.environment:checking '/home/ros/arm_ws/install/arm_moveit' for CMake config files
[16.454s] Level 1:colcon.colcon_core.shell:create_environment_hook('arm_moveit', 'cmake_prefix_path')
[16.454s] INFO:colcon.colcon_core.shell:Creating environment hook '/home/ros/arm_ws/install/arm_moveit/share/arm_moveit/hook/cmake_prefix_path.ps1'
[16.462s] INFO:colcon.colcon_core.shell:Creating environment descriptor '/home/ros/arm_ws/install/arm_moveit/share/arm_moveit/hook/cmake_prefix_path.dsv'
[16.467s] INFO:colcon.colcon_core.shell:Creating environment hook '/home/ros/arm_ws/install/arm_moveit/share/arm_moveit/hook/cmake_prefix_path.sh'
[16.473s] Level 1:colcon.colcon_core.environment:checking '/home/ros/arm_ws/install/arm_moveit/bin'
[16.473s] Level 1:colcon.colcon_core.environment:checking '/home/ros/arm_ws/install/arm_moveit/lib/pkgconfig/arm_moveit.pc'
[16.473s] Level 1:colcon.colcon_core.environment:checking '/home/ros/arm_ws/install/arm_moveit/lib/python3.10/site-packages'
[16.481s] Level 1:colcon.colcon_core.environment:checking '/home/ros/arm_ws/install/arm_moveit/bin'
[16.482s] INFO:colcon.colcon_core.shell:Creating package script '/home/ros/arm_ws/install/arm_moveit/share/arm_moveit/package.ps1'
[16.491s] INFO:colcon.colcon_core.shell:Creating package descriptor '/home/ros/arm_ws/install/arm_moveit/share/arm_moveit/package.dsv'
[16.501s] INFO:colcon.colcon_core.shell:Creating package script '/home/ros/arm_ws/install/arm_moveit/share/arm_moveit/package.sh'
[16.508s] INFO:colcon.colcon_core.shell:Creating package script '/home/ros/arm_ws/install/arm_moveit/share/arm_moveit/package.bash'
[16.519s] INFO:colcon.colcon_core.shell:Creating package script '/home/ros/arm_ws/install/arm_moveit/share/arm_moveit/package.zsh'
[16.524s] Level 1:colcon.colcon_core.environment:create_file_with_runtime_dependencies(/home/ros/arm_ws/install/arm_moveit/share/colcon-core/packages/arm_moveit)
[16.790s] Level 1:colcon.colcon_core.environment:create_environment_scripts_only(arm_moveit)
[16.794s] Level 1:colcon.colcon_core.environment:checking '/home/ros/arm_ws/install/arm_moveit' for CMake module files
[16.802s] Level 1:colcon.colcon_core.environment:checking '/home/ros/arm_ws/install/arm_moveit' for CMake config files
[16.805s] Level 1:colcon.colcon_core.shell:create_environment_hook('arm_moveit', 'cmake_prefix_path')
[16.808s] INFO:colcon.colcon_core.shell:Creating environment hook '/home/ros/arm_ws/install/arm_moveit/share/arm_moveit/hook/cmake_prefix_path.ps1'
[16.811s] INFO:colcon.colcon_core.shell:Creating environment descriptor '/home/ros/arm_ws/install/arm_moveit/share/arm_moveit/hook/cmake_prefix_path.dsv'
[16.816s] INFO:colcon.colcon_core.shell:Creating environment hook '/home/ros/arm_ws/install/arm_moveit/share/arm_moveit/hook/cmake_prefix_path.sh'
[16.820s] Level 1:colcon.colcon_core.environment:checking '/home/ros/arm_ws/install/arm_moveit/bin'
[16.820s] Level 1:colcon.colcon_core.environment:checking '/home/ros/arm_ws/install/arm_moveit/lib/pkgconfig/arm_moveit.pc'
[16.821s] Level 1:colcon.colcon_core.environment:checking '/home/ros/arm_ws/install/arm_moveit/lib/python3.10/site-packages'
[16.823s] Level 1:colcon.colcon_core.environment:checking '/home/ros/arm_ws/install/arm_moveit/bin'
[16.826s] INFO:colcon.colcon_core.shell:Creating package script '/home/ros/arm_ws/install/arm_moveit/share/arm_moveit/package.ps1'
[16.828s] INFO:colcon.colcon_core.shell:Creating package descriptor '/home/ros/arm_ws/install/arm_moveit/share/arm_moveit/package.dsv'
[16.830s] INFO:colcon.colcon_core.shell:Creating package script '/home/ros/arm_ws/install/arm_moveit/share/arm_moveit/package.sh'
[16.834s] INFO:colcon.colcon_core.shell:Creating package script '/home/ros/arm_ws/install/arm_moveit/share/arm_moveit/package.bash'
[16.836s] INFO:colcon.colcon_core.shell:Creating package script '/home/ros/arm_ws/install/arm_moveit/share/arm_moveit/package.zsh'
[16.838s] Level 1:colcon.colcon_core.environment:create_file_with_runtime_dependencies(/home/ros/arm_ws/install/arm_moveit/share/colcon-core/packages/arm_moveit)
[16.842s] INFO:colcon.colcon_ros.task.ament_cmake.build:Building ROS package in '/home/ros/arm_ws/src/arm_cpp_examples' with build type 'ament_cmake'
[16.842s] INFO:colcon.colcon_cmake.task.cmake.build:Building CMake package in '/home/ros/arm_ws/src/arm_cpp_examples'
[16.844s] INFO:colcon.colcon_core.shell:Skip shell extension 'powershell' for command environment: Not usable outside of PowerShell
[16.844s] DEBUG:colcon.colcon_core.shell:Skip shell extension 'dsv' for command environment
[16.877s] Level 1:colcon.colcon_core.environment:create_environment_scripts_only(arm_firmware)
[16.879s] Level 1:colcon.colcon_core.environment:checking '/home/ros/arm_ws/install/arm_firmware' for CMake module files
[16.881s] Level 1:colcon.colcon_core.environment:checking '/home/ros/arm_ws/install/arm_firmware' for CMake config files
[16.882s] Level 1:colcon.colcon_core.shell:create_environment_hook('arm_firmware', 'cmake_prefix_path')
[16.883s] INFO:colcon.colcon_core.shell:Creating environment hook '/home/ros/arm_ws/install/arm_firmware/share/arm_firmware/hook/cmake_prefix_path.ps1'
[16.888s] INFO:colcon.colcon_core.shell:Creating environment descriptor '/home/ros/arm_ws/install/arm_firmware/share/arm_firmware/hook/cmake_prefix_path.dsv'
[16.893s] INFO:colcon.colcon_core.shell:Creating environment hook '/home/ros/arm_ws/install/arm_firmware/share/arm_firmware/hook/cmake_prefix_path.sh'
[16.897s] Level 1:colcon.colcon_core.environment:checking '/home/ros/arm_ws/install/arm_firmware/lib'
[16.898s] Level 1:colcon.colcon_core.environment:checking '/home/ros/arm_ws/install/arm_firmware/bin'
[16.898s] Level 1:colcon.colcon_core.environment:checking '/home/ros/arm_ws/install/arm_firmware/lib/pkgconfig/arm_firmware.pc'
[16.901s] Level 1:colcon.colcon_core.environment:checking '/home/ros/arm_ws/install/arm_firmware/lib/python3.10/site-packages'
[16.902s] Level 1:colcon.colcon_core.environment:checking '/home/ros/arm_ws/install/arm_firmware/bin'
[16.902s] INFO:colcon.colcon_core.shell:Creating package script '/home/ros/arm_ws/install/arm_firmware/share/arm_firmware/package.ps1'
[16.907s] INFO:colcon.colcon_core.shell:Creating package descriptor '/home/ros/arm_ws/install/arm_firmware/share/arm_firmware/package.dsv'
[16.915s] INFO:colcon.colcon_core.shell:Creating package script '/home/ros/arm_ws/install/arm_firmware/share/arm_firmware/package.sh'
[16.919s] INFO:colcon.colcon_core.shell:Creating package script '/home/ros/arm_ws/install/arm_firmware/share/arm_firmware/package.bash'
[16.924s] INFO:colcon.colcon_core.shell:Creating package script '/home/ros/arm_ws/install/arm_firmware/share/arm_firmware/package.zsh'
[16.928s] Level 1:colcon.colcon_core.environment:create_file_with_runtime_dependencies(/home/ros/arm_ws/install/arm_firmware/share/colcon-core/packages/arm_firmware)
[16.930s] INFO:colcon.colcon_ros.task.ament_python.build:Building ROS package in '/home/ros/arm_ws/src/arm_py_examples' with build type 'ament_python'
[16.931s] Level 1:colcon.colcon_core.shell:create_environment_hook('arm_py_examples', 'ament_prefix_path')
[16.933s] INFO:colcon.colcon_core.shell:Creating environment hook '/home/ros/arm_ws/install/arm_py_examples/share/arm_py_examples/hook/ament_prefix_path.ps1'
[16.936s] INFO:colcon.colcon_core.shell:Creating environment descriptor '/home/ros/arm_ws/install/arm_py_examples/share/arm_py_examples/hook/ament_prefix_path.dsv'
[16.939s] INFO:colcon.colcon_core.shell:Creating environment hook '/home/ros/arm_ws/install/arm_py_examples/share/arm_py_examples/hook/ament_prefix_path.sh'
[16.942s] INFO:colcon.colcon_core.shell:Skip shell extension 'powershell' for command environment: Not usable outside of PowerShell
[16.943s] DEBUG:colcon.colcon_core.shell:Skip shell extension 'dsv' for command environment
[16.996s] DEBUG:colcon.colcon_core.event_handler.log_command:Invoking command in '/home/ros/arm_ws/build/arm_cpp_examples': CMAKE_PREFIX_PATH=/home/ros/arm_ws/install/arm_msgs:/home/ros/arm_ws/install/arm_utils:/home/ros/arm_ws/install/arm_remote:/home/ros/arm_ws/install/arm_cpp_examples:/home/ros/arm_ws/install/arm_moveit:/home/ros/arm_ws/install/arm_firmware:/home/ros/arm_ws/install/arm_description:/home/ros/arm_ws/install/arm_controller:/home/ros/arm_ws/install/arm_bringup:/home/ros/arm_ws/install/arm_py_examples:/opt/ros/humble LD_LIBRARY_PATH=/home/ros/arm_ws/install/arm_msgs/lib:/home/ros/arm_ws/install/arm_remote/lib:/home/ros/arm_ws/install/arm_cpp_examples/lib:/home/ros/arm_ws/install/arm_controller/lib:/usr/lib/x86_64-linux-gnu/gazebo-11/plugins:/opt/ros/humble/opt/rviz_ogre_vendor/lib:/opt/ros/humble/lib/x86_64-linux-gnu:/opt/ros/humble/lib /usr/bin/cmake --build /home/ros/arm_ws/build/arm_cpp_examples -- -j2 -l2
[18.936s] INFO:colcon.colcon_core.task.python.build:Building Python package in '/home/ros/arm_ws/src/arm_py_examples'
[18.937s] INFO:colcon.colcon_core.shell:Skip shell extension 'powershell' for command environment: Not usable outside of PowerShell
[18.939s] DEBUG:colcon.colcon_core.shell:Skip shell extension 'dsv' for command environment
[19.475s] DEBUG:colcon.colcon_core.event_handler.log_command:Invoked command in '/home/ros/arm_ws/build/arm_cpp_examples' returned '0': CMAKE_PREFIX_PATH=/home/ros/arm_ws/install/arm_msgs:/home/ros/arm_ws/install/arm_utils:/home/ros/arm_ws/install/arm_remote:/home/ros/arm_ws/install/arm_cpp_examples:/home/ros/arm_ws/install/arm_moveit:/home/ros/arm_ws/install/arm_firmware:/home/ros/arm_ws/install/arm_description:/home/ros/arm_ws/install/arm_controller:/home/ros/arm_ws/install/arm_bringup:/home/ros/arm_ws/install/arm_py_examples:/opt/ros/humble LD_LIBRARY_PATH=/home/ros/arm_ws/install/arm_msgs/lib:/home/ros/arm_ws/install/arm_remote/lib:/home/ros/arm_ws/install/arm_cpp_examples/lib:/home/ros/arm_ws/install/arm_controller/lib:/usr/lib/x86_64-linux-gnu/gazebo-11/plugins:/opt/ros/humble/opt/rviz_ogre_vendor/lib:/opt/ros/humble/lib/x86_64-linux-gnu:/opt/ros/humble/lib /usr/bin/cmake --build /home/ros/arm_ws/build/arm_cpp_examples -- -j2 -l2
[20.342s] DEBUG:colcon.colcon_core.event_handler.log_command:Invoking command in '/home/ros/arm_ws/build/arm_cpp_examples': CMAKE_PREFIX_PATH=/home/ros/arm_ws/install/arm_msgs:/home/ros/arm_ws/install/arm_utils:/home/ros/arm_ws/install/arm_remote:/home/ros/arm_ws/install/arm_cpp_examples:/home/ros/arm_ws/install/arm_moveit:/home/ros/arm_ws/install/arm_firmware:/home/ros/arm_ws/install/arm_description:/home/ros/arm_ws/install/arm_controller:/home/ros/arm_ws/install/arm_bringup:/home/ros/arm_ws/install/arm_py_examples:/opt/ros/humble LD_LIBRARY_PATH=/home/ros/arm_ws/install/arm_msgs/lib:/home/ros/arm_ws/install/arm_remote/lib:/home/ros/arm_ws/install/arm_cpp_examples/lib:/home/ros/arm_ws/install/arm_controller/lib:/usr/lib/x86_64-linux-gnu/gazebo-11/plugins:/opt/ros/humble/opt/rviz_ogre_vendor/lib:/opt/ros/humble/lib/x86_64-linux-gnu:/opt/ros/humble/lib /usr/bin/cmake --install /home/ros/arm_ws/build/arm_cpp_examples
[20.447s] Level 1:colcon.colcon_core.environment:create_environment_scripts_only(arm_cpp_examples)
[20.449s] Level 1:colcon.colcon_core.environment:checking '/home/ros/arm_ws/install/arm_cpp_examples' for CMake module files
[20.449s] DEBUG:colcon.colcon_core.event_handler.log_command:Invoked command in '/home/ros/arm_ws/build/arm_cpp_examples' returned '0': CMAKE_PREFIX_PATH=/home/ros/arm_ws/install/arm_msgs:/home/ros/arm_ws/install/arm_utils:/home/ros/arm_ws/install/arm_remote:/home/ros/arm_ws/install/arm_cpp_examples:/home/ros/arm_ws/install/arm_moveit:/home/ros/arm_ws/install/arm_firmware:/home/ros/arm_ws/install/arm_description:/home/ros/arm_ws/install/arm_controller:/home/ros/arm_ws/install/arm_bringup:/home/ros/arm_ws/install/arm_py_examples:/opt/ros/humble LD_LIBRARY_PATH=/home/ros/arm_ws/install/arm_msgs/lib:/home/ros/arm_ws/install/arm_remote/lib:/home/ros/arm_ws/install/arm_cpp_examples/lib:/home/ros/arm_ws/install/arm_controller/lib:/usr/lib/x86_64-linux-gnu/gazebo-11/plugins:/opt/ros/humble/opt/rviz_ogre_vendor/lib:/opt/ros/humble/lib/x86_64-linux-gnu:/opt/ros/humble/lib /usr/bin/cmake --install /home/ros/arm_ws/build/arm_cpp_examples
[20.453s] Level 1:colcon.colcon_core.environment:checking '/home/ros/arm_ws/install/arm_cpp_examples' for CMake config files
[20.456s] Level 1:colcon.colcon_core.shell:create_environment_hook('arm_cpp_examples', 'cmake_prefix_path')
[20.457s] INFO:colcon.colcon_core.shell:Creating environment hook '/home/ros/arm_ws/install/arm_cpp_examples/share/arm_cpp_examples/hook/cmake_prefix_path.ps1'
[20.463s] INFO:colcon.colcon_core.shell:Creating environment descriptor '/home/ros/arm_ws/install/arm_cpp_examples/share/arm_cpp_examples/hook/cmake_prefix_path.dsv'
[20.467s] INFO:colcon.colcon_core.shell:Creating environment hook '/home/ros/arm_ws/install/arm_cpp_examples/share/arm_cpp_examples/hook/cmake_prefix_path.sh'
[20.476s] Level 1:colcon.colcon_core.environment:checking '/home/ros/arm_ws/install/arm_cpp_examples/lib'
[20.476s] Level 1:colcon.colcon_core.shell:create_environment_hook('arm_cpp_examples', 'ld_library_path_lib')
[20.477s] INFO:colcon.colcon_core.shell:Creating environment hook '/home/ros/arm_ws/install/arm_cpp_examples/share/arm_cpp_examples/hook/ld_library_path_lib.ps1'
[20.483s] INFO:colcon.colcon_core.shell:Creating environment descriptor '/home/ros/arm_ws/install/arm_cpp_examples/share/arm_cpp_examples/hook/ld_library_path_lib.dsv'
[20.485s] INFO:colcon.colcon_core.shell:Creating environment hook '/home/ros/arm_ws/install/arm_cpp_examples/share/arm_cpp_examples/hook/ld_library_path_lib.sh'
[20.489s] Level 1:colcon.colcon_core.environment:checking '/home/ros/arm_ws/install/arm_cpp_examples/bin'
[20.493s] Level 1:colcon.colcon_core.environment:checking '/home/ros/arm_ws/install/arm_cpp_examples/lib/pkgconfig/arm_cpp_examples.pc'
[20.494s] Level 1:colcon.colcon_core.environment:checking '/home/ros/arm_ws/install/arm_cpp_examples/lib/python3.10/site-packages'
[20.494s] Level 1:colcon.colcon_core.environment:checking '/home/ros/arm_ws/install/arm_cpp_examples/bin'
[20.498s] INFO:colcon.colcon_core.shell:Creating package script '/home/ros/arm_ws/install/arm_cpp_examples/share/arm_cpp_examples/package.ps1'
[20.508s] INFO:colcon.colcon_core.shell:Creating package descriptor '/home/ros/arm_ws/install/arm_cpp_examples/share/arm_cpp_examples/package.dsv'
[20.515s] INFO:colcon.colcon_core.shell:Creating package script '/home/ros/arm_ws/install/arm_cpp_examples/share/arm_cpp_examples/package.sh'
[20.519s] INFO:colcon.colcon_core.shell:Creating package script '/home/ros/arm_ws/install/arm_cpp_examples/share/arm_cpp_examples/package.bash'
[20.522s] INFO:colcon.colcon_core.shell:Creating package script '/home/ros/arm_ws/install/arm_cpp_examples/share/arm_cpp_examples/package.zsh'
[20.524s] Level 1:colcon.colcon_core.environment:create_file_with_runtime_dependencies(/home/ros/arm_ws/install/arm_cpp_examples/share/colcon-core/packages/arm_cpp_examples)
[21.501s] Level 1:colcon.colcon_core.environment:create_environment_scripts_only(arm_cpp_examples)
[21.505s] Level 1:colcon.colcon_core.environment:checking '/home/ros/arm_ws/install/arm_cpp_examples' for CMake module files
[21.511s] Level 1:colcon.colcon_core.environment:checking '/home/ros/arm_ws/install/arm_cpp_examples' for CMake config files
[21.515s] Level 1:colcon.colcon_core.shell:create_environment_hook('arm_cpp_examples', 'cmake_prefix_path')
[21.517s] INFO:colcon.colcon_core.shell:Creating environment hook '/home/ros/arm_ws/install/arm_cpp_examples/share/arm_cpp_examples/hook/cmake_prefix_path.ps1'
[21.522s] INFO:colcon.colcon_core.shell:Creating environment descriptor '/home/ros/arm_ws/install/arm_cpp_examples/share/arm_cpp_examples/hook/cmake_prefix_path.dsv'
[21.526s] INFO:colcon.colcon_core.shell:Creating environment hook '/home/ros/arm_ws/install/arm_cpp_examples/share/arm_cpp_examples/hook/cmake_prefix_path.sh'
[21.533s] Level 1:colcon.colcon_core.environment:checking '/home/ros/arm_ws/install/arm_cpp_examples/lib'
[21.534s] Level 1:colcon.colcon_core.shell:create_environment_hook('arm_cpp_examples', 'ld_library_path_lib')
[21.535s] INFO:colcon.colcon_core.shell:Creating environment hook '/home/ros/arm_ws/install/arm_cpp_examples/share/arm_cpp_examples/hook/ld_library_path_lib.ps1'
[21.540s] INFO:colcon.colcon_core.shell:Creating environment descriptor '/home/ros/arm_ws/install/arm_cpp_examples/share/arm_cpp_examples/hook/ld_library_path_lib.dsv'
[21.545s] INFO:colcon.colcon_core.shell:Creating environment hook '/home/ros/arm_ws/install/arm_cpp_examples/share/arm_cpp_examples/hook/ld_library_path_lib.sh'
[21.553s] Level 1:colcon.colcon_core.environment:checking '/home/ros/arm_ws/install/arm_cpp_examples/bin'
[21.554s] Level 1:colcon.colcon_core.environment:checking '/home/ros/arm_ws/install/arm_cpp_examples/lib/pkgconfig/arm_cpp_examples.pc'
[21.555s] Level 1:colcon.colcon_core.environment:checking '/home/ros/arm_ws/install/arm_cpp_examples/lib/python3.10/site-packages'
[21.555s] Level 1:colcon.colcon_core.environment:checking '/home/ros/arm_ws/install/arm_cpp_examples/bin'
[21.556s] INFO:colcon.colcon_core.shell:Creating package script '/home/ros/arm_ws/install/arm_cpp_examples/share/arm_cpp_examples/package.ps1'
[21.562s] INFO:colcon.colcon_core.shell:Creating package descriptor '/home/ros/arm_ws/install/arm_cpp_examples/share/arm_cpp_examples/package.dsv'
[21.567s] INFO:colcon.colcon_core.shell:Creating package script '/home/ros/arm_ws/install/arm_cpp_examples/share/arm_cpp_examples/package.sh'
[21.572s] INFO:colcon.colcon_core.shell:Creating package script '/home/ros/arm_ws/install/arm_cpp_examples/share/arm_cpp_examples/package.bash'
[21.578s] INFO:colcon.colcon_core.shell:Creating package script '/home/ros/arm_ws/install/arm_cpp_examples/share/arm_cpp_examples/package.zsh'
[21.582s] Level 1:colcon.colcon_core.environment:create_file_with_runtime_dependencies(/home/ros/arm_ws/install/arm_cpp_examples/share/colcon-core/packages/arm_cpp_examples)
[21.588s] INFO:colcon.colcon_ros.task.ament_cmake.build:Building ROS package in '/home/ros/arm_ws/src/arm_remote' with build type 'ament_cmake'
[21.590s] INFO:colcon.colcon_cmake.task.cmake.build:Building CMake package in '/home/ros/arm_ws/src/arm_remote'
[21.594s] INFO:colcon.colcon_core.shell:Skip shell extension 'powershell' for command environment: Not usable outside of PowerShell
[21.594s] DEBUG:colcon.colcon_core.shell:Skip shell extension 'dsv' for command environment
[21.774s] DEBUG:colcon.colcon_core.event_handler.log_command:Invoking command in '/home/ros/arm_ws/build/arm_remote': CMAKE_PREFIX_PATH=/home/ros/arm_ws/install/arm_msgs:/home/ros/arm_ws/install/arm_utils:/home/ros/arm_ws/install/arm_remote:/home/ros/arm_ws/install/arm_cpp_examples:/home/ros/arm_ws/install/arm_moveit:/home/ros/arm_ws/install/arm_firmware:/home/ros/arm_ws/install/arm_description:/home/ros/arm_ws/install/arm_controller:/home/ros/arm_ws/install/arm_bringup:/home/ros/arm_ws/install/arm_py_examples:/opt/ros/humble LD_LIBRARY_PATH=/home/ros/arm_ws/install/arm_msgs/lib:/home/ros/arm_ws/install/arm_remote/lib:/home/ros/arm_ws/install/arm_cpp_examples/lib:/home/ros/arm_ws/install/arm_controller/lib:/usr/lib/x86_64-linux-gnu/gazebo-11/plugins:/opt/ros/humble/opt/rviz_ogre_vendor/lib:/opt/ros/humble/lib/x86_64-linux-gnu:/opt/ros/humble/lib /usr/bin/cmake --build /home/ros/arm_ws/build/arm_remote -- -j2 -l2
[22.356s] DEBUG:colcon.colcon_core.event_handler.log_command:Invoking command in '/home/ros/arm_ws/src/arm_py_examples': CMAKE_PREFIX_PATH=/home/ros/arm_ws/install/arm_msgs:/home/ros/arm_ws/install/arm_utils:/home/ros/arm_ws/install/arm_remote:/home/ros/arm_ws/install/arm_cpp_examples:/home/ros/arm_ws/install/arm_moveit:/home/ros/arm_ws/install/arm_firmware:/home/ros/arm_ws/install/arm_description:/home/ros/arm_ws/install/arm_controller:/home/ros/arm_ws/install/arm_bringup LD_LIBRARY_PATH=/home/ros/arm_ws/install/arm_msgs/lib:/home/ros/arm_ws/install/arm_remote/lib:/home/ros/arm_ws/install/arm_cpp_examples/lib:/home/ros/arm_ws/install/arm_controller/lib:/usr/lib/x86_64-linux-gnu/gazebo-11/plugins:/opt/ros/humble/opt/rviz_ogre_vendor/lib:/opt/ros/humble/lib/x86_64-linux-gnu:/opt/ros/humble/lib PYTHONPATH=/home/ros/arm_ws/build/arm_py_examples/prefix_override:/usr/lib/python3/dist-packages/colcon_core/task/python/colcon_distutils_commands:/home/ros/arm_ws/install/arm_py_examples/lib/python3.10/site-packages:${PYTHONPATH} /usr/bin/python3 -W ignore:setup.py install is deprecated setup.py egg_info --egg-base ../../build/arm_py_examples build --build-base /home/ros/arm_ws/build/arm_py_examples/build install --record /home/ros/arm_ws/build/arm_py_examples/install.log --single-version-externally-managed install_data
[24.627s] Level 1:colcon.colcon_core.environment:checking '/home/ros/arm_ws/install/arm_py_examples' for CMake module files
[24.631s] DEBUG:colcon.colcon_core.event_handler.log_command:Invoked command in '/home/ros/arm_ws/src/arm_py_examples' returned '0': CMAKE_PREFIX_PATH=/home/ros/arm_ws/install/arm_msgs:/home/ros/arm_ws/install/arm_utils:/home/ros/arm_ws/install/arm_remote:/home/ros/arm_ws/install/arm_cpp_examples:/home/ros/arm_ws/install/arm_moveit:/home/ros/arm_ws/install/arm_firmware:/home/ros/arm_ws/install/arm_description:/home/ros/arm_ws/install/arm_controller:/home/ros/arm_ws/install/arm_bringup LD_LIBRARY_PATH=/home/ros/arm_ws/install/arm_msgs/lib:/home/ros/arm_ws/install/arm_remote/lib:/home/ros/arm_ws/install/arm_cpp_examples/lib:/home/ros/arm_ws/install/arm_controller/lib:/usr/lib/x86_64-linux-gnu/gazebo-11/plugins:/opt/ros/humble/opt/rviz_ogre_vendor/lib:/opt/ros/humble/lib/x86_64-linux-gnu:/opt/ros/humble/lib PYTHONPATH=/home/ros/arm_ws/build/arm_py_examples/prefix_override:/usr/lib/python3/dist-packages/colcon_core/task/python/colcon_distutils_commands:/home/ros/arm_ws/install/arm_py_examples/lib/python3.10/site-packages:${PYTHONPATH} /usr/bin/python3 -W ignore:setup.py install is deprecated setup.py egg_info --egg-base ../../build/arm_py_examples build --build-base /home/ros/arm_ws/build/arm_py_examples/build install --record /home/ros/arm_ws/build/arm_py_examples/install.log --single-version-externally-managed install_data
[24.635s] Level 1:colcon.colcon_core.environment:checking '/home/ros/arm_ws/install/arm_py_examples' for CMake config files
[24.642s] Level 1:colcon.colcon_core.environment:checking '/home/ros/arm_ws/install/arm_py_examples/lib'
[24.643s] Level 1:colcon.colcon_core.environment:checking '/home/ros/arm_ws/install/arm_py_examples/bin'
[24.643s] Level 1:colcon.colcon_core.environment:checking '/home/ros/arm_ws/install/arm_py_examples/lib/pkgconfig/arm_py_examples.pc'
[24.644s] Level 1:colcon.colcon_core.environment:checking '/home/ros/arm_ws/install/arm_py_examples/lib/python3.10/site-packages'
[24.644s] Level 1:colcon.colcon_core.shell:create_environment_hook('arm_py_examples', 'pythonpath')
[24.645s] INFO:colcon.colcon_core.shell:Creating environment hook '/home/ros/arm_ws/install/arm_py_examples/share/arm_py_examples/hook/pythonpath.ps1'
[24.652s] INFO:colcon.colcon_core.shell:Creating environment descriptor '/home/ros/arm_ws/install/arm_py_examples/share/arm_py_examples/hook/pythonpath.dsv'
[24.657s] INFO:colcon.colcon_core.shell:Creating environment hook '/home/ros/arm_ws/install/arm_py_examples/share/arm_py_examples/hook/pythonpath.sh'
[24.662s] Level 1:colcon.colcon_core.environment:checking '/home/ros/arm_ws/install/arm_py_examples/bin'
[24.663s] Level 1:colcon.colcon_core.environment:create_environment_scripts_only(arm_py_examples)
[24.666s] INFO:colcon.colcon_core.shell:Creating package script '/home/ros/arm_ws/install/arm_py_examples/share/arm_py_examples/package.ps1'
[24.670s] INFO:colcon.colcon_core.shell:Creating package descriptor '/home/ros/arm_ws/install/arm_py_examples/share/arm_py_examples/package.dsv'
[24.674s] INFO:colcon.colcon_core.shell:Creating package script '/home/ros/arm_ws/install/arm_py_examples/share/arm_py_examples/package.sh'
[24.677s] INFO:colcon.colcon_core.shell:Creating package script '/home/ros/arm_ws/install/arm_py_examples/share/arm_py_examples/package.bash'
[24.682s] INFO:colcon.colcon_core.shell:Creating package script '/home/ros/arm_ws/install/arm_py_examples/share/arm_py_examples/package.zsh'
[24.687s] Level 1:colcon.colcon_core.environment:create_file_with_runtime_dependencies(/home/ros/arm_ws/install/arm_py_examples/share/colcon-core/packages/arm_py_examples)
[24.692s] INFO:colcon.colcon_ros.task.ament_cmake.build:Building ROS package in '/home/ros/arm_ws/src/arm_utils' with build type 'ament_cmake'
[24.692s] INFO:colcon.colcon_cmake.task.cmake.build:Building CMake package in '/home/ros/arm_ws/src/arm_utils'
[24.693s] INFO:colcon.colcon_core.shell:Skip shell extension 'powershell' for command environment: Not usable outside of PowerShell
[24.694s] DEBUG:colcon.colcon_core.shell:Skip shell extension 'dsv' for command environment
[24.807s] DEBUG:colcon.colcon_core.event_handler.log_command:Invoking command in '/home/ros/arm_ws/build/arm_utils': CMAKE_PREFIX_PATH=/home/ros/arm_ws/install/arm_msgs:/home/ros/arm_ws/install/arm_utils:/home/ros/arm_ws/install/arm_remote:/home/ros/arm_ws/install/arm_cpp_examples:/home/ros/arm_ws/install/arm_moveit:/home/ros/arm_ws/install/arm_firmware:/home/ros/arm_ws/install/arm_description:/home/ros/arm_ws/install/arm_controller:/home/ros/arm_ws/install/arm_bringup:/home/ros/arm_ws/install/arm_py_examples:/opt/ros/humble LD_LIBRARY_PATH=/home/ros/arm_ws/install/arm_msgs/lib:/home/ros/arm_ws/install/arm_remote/lib:/home/ros/arm_ws/install/arm_cpp_examples/lib:/home/ros/arm_ws/install/arm_controller/lib:/usr/lib/x86_64-linux-gnu/gazebo-11/plugins:/opt/ros/humble/opt/rviz_ogre_vendor/lib:/opt/ros/humble/lib/x86_64-linux-gnu:/opt/ros/humble/lib /usr/bin/cmake --build /home/ros/arm_ws/build/arm_utils -- -j2 -l2
[28.092s] DEBUG:colcon.colcon_core.event_handler.log_command:Invoked command in '/home/ros/arm_ws/build/arm_utils' returned '0': CMAKE_PREFIX_PATH=/home/ros/arm_ws/install/arm_msgs:/home/ros/arm_ws/install/arm_utils:/home/ros/arm_ws/install/arm_remote:/home/ros/arm_ws/install/arm_cpp_examples:/home/ros/arm_ws/install/arm_moveit:/home/ros/arm_ws/install/arm_firmware:/home/ros/arm_ws/install/arm_description:/home/ros/arm_ws/install/arm_controller:/home/ros/arm_ws/install/arm_bringup:/home/ros/arm_ws/install/arm_py_examples:/opt/ros/humble LD_LIBRARY_PATH=/home/ros/arm_ws/install/arm_msgs/lib:/home/ros/arm_ws/install/arm_remote/lib:/home/ros/arm_ws/install/arm_cpp_examples/lib:/home/ros/arm_ws/install/arm_controller/lib:/usr/lib/x86_64-linux-gnu/gazebo-11/plugins:/opt/ros/humble/opt/rviz_ogre_vendor/lib:/opt/ros/humble/lib/x86_64-linux-gnu:/opt/ros/humble/lib /usr/bin/cmake --build /home/ros/arm_ws/build/arm_utils -- -j2 -l2
[28.413s] DEBUG:colcon.colcon_core.event_handler.log_command:Invoking command in '/home/ros/arm_ws/build/arm_utils': CMAKE_PREFIX_PATH=/home/ros/arm_ws/install/arm_msgs:/home/ros/arm_ws/install/arm_utils:/home/ros/arm_ws/install/arm_remote:/home/ros/arm_ws/install/arm_cpp_examples:/home/ros/arm_ws/install/arm_moveit:/home/ros/arm_ws/install/arm_firmware:/home/ros/arm_ws/install/arm_description:/home/ros/arm_ws/install/arm_controller:/home/ros/arm_ws/install/arm_bringup:/home/ros/arm_ws/install/arm_py_examples:/opt/ros/humble LD_LIBRARY_PATH=/home/ros/arm_ws/install/arm_msgs/lib:/home/ros/arm_ws/install/arm_remote/lib:/home/ros/arm_ws/install/arm_cpp_examples/lib:/home/ros/arm_ws/install/arm_controller/lib:/usr/lib/x86_64-linux-gnu/gazebo-11/plugins:/opt/ros/humble/opt/rviz_ogre_vendor/lib:/opt/ros/humble/lib/x86_64-linux-gnu:/opt/ros/humble/lib /usr/bin/cmake --install /home/ros/arm_ws/build/arm_utils
[28.844s] Level 1:colcon.colcon_core.environment:create_environment_scripts_only(arm_utils)
[28.845s] Level 1:colcon.colcon_core.environment:checking '/home/ros/arm_ws/install/arm_utils' for CMake module files
[28.851s] DEBUG:colcon.colcon_core.event_handler.log_command:Invoked command in '/home/ros/arm_ws/build/arm_utils' returned '0': CMAKE_PREFIX_PATH=/home/ros/arm_ws/install/arm_msgs:/home/ros/arm_ws/install/arm_utils:/home/ros/arm_ws/install/arm_remote:/home/ros/arm_ws/install/arm_cpp_examples:/home/ros/arm_ws/install/arm_moveit:/home/ros/arm_ws/install/arm_firmware:/home/ros/arm_ws/install/arm_description:/home/ros/arm_ws/install/arm_controller:/home/ros/arm_ws/install/arm_bringup:/home/ros/arm_ws/install/arm_py_examples:/opt/ros/humble LD_LIBRARY_PATH=/home/ros/arm_ws/install/arm_msgs/lib:/home/ros/arm_ws/install/arm_remote/lib:/home/ros/arm_ws/install/arm_cpp_examples/lib:/home/ros/arm_ws/install/arm_controller/lib:/usr/lib/x86_64-linux-gnu/gazebo-11/plugins:/opt/ros/humble/opt/rviz_ogre_vendor/lib:/opt/ros/humble/lib/x86_64-linux-gnu:/opt/ros/humble/lib /usr/bin/cmake --install /home/ros/arm_ws/build/arm_utils
[28.852s] Level 1:colcon.colcon_core.environment:checking '/home/ros/arm_ws/install/arm_utils' for CMake config files
[28.855s] Level 1:colcon.colcon_core.shell:create_environment_hook('arm_utils', 'cmake_prefix_path')
[28.855s] INFO:colcon.colcon_core.shell:Creating environment hook '/home/ros/arm_ws/install/arm_utils/share/arm_utils/hook/cmake_prefix_path.ps1'
[28.861s] INFO:colcon.colcon_core.shell:Creating environment descriptor '/home/ros/arm_ws/install/arm_utils/share/arm_utils/hook/cmake_prefix_path.dsv'
[28.868s] INFO:colcon.colcon_core.shell:Creating environment hook '/home/ros/arm_ws/install/arm_utils/share/arm_utils/hook/cmake_prefix_path.sh'
[28.873s] Level 1:colcon.colcon_core.environment:checking '/home/ros/arm_ws/install/arm_utils/lib'
[28.873s] Level 1:colcon.colcon_core.environment:checking '/home/ros/arm_ws/install/arm_utils/bin'
[28.874s] Level 1:colcon.colcon_core.environment:checking '/home/ros/arm_ws/install/arm_utils/lib/pkgconfig/arm_utils.pc'
[28.874s] Level 1:colcon.colcon_core.environment:checking '/home/ros/arm_ws/install/arm_utils/lib/python3.10/site-packages'
[28.879s] Level 1:colcon.colcon_core.environment:checking '/home/ros/arm_ws/install/arm_utils/bin'
[28.880s] INFO:colcon.colcon_core.shell:Creating package script '/home/ros/arm_ws/install/arm_utils/share/arm_utils/package.ps1'
[28.884s] INFO:colcon.colcon_core.shell:Creating package descriptor '/home/ros/arm_ws/install/arm_utils/share/arm_utils/package.dsv'
[28.888s] INFO:colcon.colcon_core.shell:Creating package script '/home/ros/arm_ws/install/arm_utils/share/arm_utils/package.sh'
[28.893s] INFO:colcon.colcon_core.shell:Creating package script '/home/ros/arm_ws/install/arm_utils/share/arm_utils/package.bash'
[28.897s] INFO:colcon.colcon_core.shell:Creating package script '/home/ros/arm_ws/install/arm_utils/share/arm_utils/package.zsh'
[28.901s] Level 1:colcon.colcon_core.environment:create_file_with_runtime_dependencies(/home/ros/arm_ws/install/arm_utils/share/colcon-core/packages/arm_utils)
[29.215s] Level 1:colcon.colcon_core.environment:create_environment_scripts_only(arm_utils)
[29.220s] Level 1:colcon.colcon_core.environment:checking '/home/ros/arm_ws/install/arm_utils' for CMake module files
[29.227s] Level 1:colcon.colcon_core.environment:checking '/home/ros/arm_ws/install/arm_utils' for CMake config files
[29.228s] Level 1:colcon.colcon_core.shell:create_environment_hook('arm_utils', 'cmake_prefix_path')
[29.230s] INFO:colcon.colcon_core.shell:Creating environment hook '/home/ros/arm_ws/install/arm_utils/share/arm_utils/hook/cmake_prefix_path.ps1'
[29.236s] INFO:colcon.colcon_core.shell:Creating environment descriptor '/home/ros/arm_ws/install/arm_utils/share/arm_utils/hook/cmake_prefix_path.dsv'
[29.240s] INFO:colcon.colcon_core.shell:Creating environment hook '/home/ros/arm_ws/install/arm_utils/share/arm_utils/hook/cmake_prefix_path.sh'
[29.245s] Level 1:colcon.colcon_core.environment:checking '/home/ros/arm_ws/install/arm_utils/lib'
[29.246s] Level 1:colcon.colcon_core.environment:checking '/home/ros/arm_ws/install/arm_utils/bin'
[29.252s] Level 1:colcon.colcon_core.environment:checking '/home/ros/arm_ws/install/arm_utils/lib/pkgconfig/arm_utils.pc'
[29.256s] Level 1:colcon.colcon_core.environment:checking '/home/ros/arm_ws/install/arm_utils/lib/python3.10/site-packages'
[29.257s] Level 1:colcon.colcon_core.environment:checking '/home/ros/arm_ws/install/arm_utils/bin'
[29.261s] INFO:colcon.colcon_core.shell:Creating package script '/home/ros/arm_ws/install/arm_utils/share/arm_utils/package.ps1'
[29.268s] INFO:colcon.colcon_core.shell:Creating package descriptor '/home/ros/arm_ws/install/arm_utils/share/arm_utils/package.dsv'
[29.272s] INFO:colcon.colcon_core.shell:Creating package script '/home/ros/arm_ws/install/arm_utils/share/arm_utils/package.sh'
[29.276s] INFO:colcon.colcon_core.shell:Creating package script '/home/ros/arm_ws/install/arm_utils/share/arm_utils/package.bash'
[29.281s] INFO:colcon.colcon_core.shell:Creating package script '/home/ros/arm_ws/install/arm_utils/share/arm_utils/package.zsh'
[29.288s] Level 1:colcon.colcon_core.environment:create_file_with_runtime_dependencies(/home/ros/arm_ws/install/arm_utils/share/colcon-core/packages/arm_utils)
[56.205s] DEBUG:colcon.colcon_core.event_handler.log_command:Invoked command in '/home/ros/arm_ws/build/arm_remote' returned '0': CMAKE_PREFIX_PATH=/home/ros/arm_ws/install/arm_msgs:/home/ros/arm_ws/install/arm_utils:/home/ros/arm_ws/install/arm_remote:/home/ros/arm_ws/install/arm_cpp_examples:/home/ros/arm_ws/install/arm_moveit:/home/ros/arm_ws/install/arm_firmware:/home/ros/arm_ws/install/arm_description:/home/ros/arm_ws/install/arm_controller:/home/ros/arm_ws/install/arm_bringup:/home/ros/arm_ws/install/arm_py_examples:/opt/ros/humble LD_LIBRARY_PATH=/home/ros/arm_ws/install/arm_msgs/lib:/home/ros/arm_ws/install/arm_remote/lib:/home/ros/arm_ws/install/arm_cpp_examples/lib:/home/ros/arm_ws/install/arm_controller/lib:/usr/lib/x86_64-linux-gnu/gazebo-11/plugins:/opt/ros/humble/opt/rviz_ogre_vendor/lib:/opt/ros/humble/lib/x86_64-linux-gnu:/opt/ros/humble/lib /usr/bin/cmake --build /home/ros/arm_ws/build/arm_remote -- -j2 -l2
[56.497s] DEBUG:colcon.colcon_core.event_handler.log_command:Invoking command in '/home/ros/arm_ws/build/arm_remote': CMAKE_PREFIX_PATH=/home/ros/arm_ws/install/arm_msgs:/home/ros/arm_ws/install/arm_utils:/home/ros/arm_ws/install/arm_remote:/home/ros/arm_ws/install/arm_cpp_examples:/home/ros/arm_ws/install/arm_moveit:/home/ros/arm_ws/install/arm_firmware:/home/ros/arm_ws/install/arm_description:/home/ros/arm_ws/install/arm_controller:/home/ros/arm_ws/install/arm_bringup:/home/ros/arm_ws/install/arm_py_examples:/opt/ros/humble LD_LIBRARY_PATH=/home/ros/arm_ws/install/arm_msgs/lib:/home/ros/arm_ws/install/arm_remote/lib:/home/ros/arm_ws/install/arm_cpp_examples/lib:/home/ros/arm_ws/install/arm_controller/lib:/usr/lib/x86_64-linux-gnu/gazebo-11/plugins:/opt/ros/humble/opt/rviz_ogre_vendor/lib:/opt/ros/humble/lib/x86_64-linux-gnu:/opt/ros/humble/lib /usr/bin/cmake --install /home/ros/arm_ws/build/arm_remote
[56.723s] Level 1:colcon.colcon_core.environment:create_environment_scripts_only(arm_remote)
[56.725s] Level 1:colcon.colcon_core.environment:checking '/home/ros/arm_ws/install/arm_remote' for CMake module files
[56.726s] DEBUG:colcon.colcon_core.event_handler.log_command:Invoked command in '/home/ros/arm_ws/build/arm_remote' returned '0': CMAKE_PREFIX_PATH=/home/ros/arm_ws/install/arm_msgs:/home/ros/arm_ws/install/arm_utils:/home/ros/arm_ws/install/arm_remote:/home/ros/arm_ws/install/arm_cpp_examples:/home/ros/arm_ws/install/arm_moveit:/home/ros/arm_ws/install/arm_firmware:/home/ros/arm_ws/install/arm_description:/home/ros/arm_ws/install/arm_controller:/home/ros/arm_ws/install/arm_bringup:/home/ros/arm_ws/install/arm_py_examples:/opt/ros/humble LD_LIBRARY_PATH=/home/ros/arm_ws/install/arm_msgs/lib:/home/ros/arm_ws/install/arm_remote/lib:/home/ros/arm_ws/install/arm_cpp_examples/lib:/home/ros/arm_ws/install/arm_controller/lib:/usr/lib/x86_64-linux-gnu/gazebo-11/plugins:/opt/ros/humble/opt/rviz_ogre_vendor/lib:/opt/ros/humble/lib/x86_64-linux-gnu:/opt/ros/humble/lib /usr/bin/cmake --install /home/ros/arm_ws/build/arm_remote
[56.728s] Level 1:colcon.colcon_core.environment:checking '/home/ros/arm_ws/install/arm_remote' for CMake config files
[56.729s] Level 1:colcon.colcon_core.shell:create_environment_hook('arm_remote', 'cmake_prefix_path')
[56.729s] INFO:colcon.colcon_core.shell:Creating environment hook '/home/ros/arm_ws/install/arm_remote/share/arm_remote/hook/cmake_prefix_path.ps1'
[56.735s] INFO:colcon.colcon_core.shell:Creating environment descriptor '/home/ros/arm_ws/install/arm_remote/share/arm_remote/hook/cmake_prefix_path.dsv'
[56.737s] INFO:colcon.colcon_core.shell:Creating environment hook '/home/ros/arm_ws/install/arm_remote/share/arm_remote/hook/cmake_prefix_path.sh'
[56.740s] Level 1:colcon.colcon_core.environment:checking '/home/ros/arm_ws/install/arm_remote/lib'
[56.740s] Level 1:colcon.colcon_core.shell:create_environment_hook('arm_remote', 'ld_library_path_lib')
[56.741s] INFO:colcon.colcon_core.shell:Creating environment hook '/home/ros/arm_ws/install/arm_remote/share/arm_remote/hook/ld_library_path_lib.ps1'
[56.743s] INFO:colcon.colcon_core.shell:Creating environment descriptor '/home/ros/arm_ws/install/arm_remote/share/arm_remote/hook/ld_library_path_lib.dsv'
[56.745s] INFO:colcon.colcon_core.shell:Creating environment hook '/home/ros/arm_ws/install/arm_remote/share/arm_remote/hook/ld_library_path_lib.sh'
[56.749s] Level 1:colcon.colcon_core.environment:checking '/home/ros/arm_ws/install/arm_remote/bin'
[56.749s] Level 1:colcon.colcon_core.environment:checking '/home/ros/arm_ws/install/arm_remote/lib/pkgconfig/arm_remote.pc'
[56.750s] Level 1:colcon.colcon_core.environment:checking '/home/ros/arm_ws/install/arm_remote/lib/python3.10/site-packages'
[56.751s] Level 1:colcon.colcon_core.environment:checking '/home/ros/arm_ws/install/arm_remote/bin'
[56.752s] INFO:colcon.colcon_core.shell:Creating package script '/home/ros/arm_ws/install/arm_remote/share/arm_remote/package.ps1'
[56.755s] INFO:colcon.colcon_core.shell:Creating package descriptor '/home/ros/arm_ws/install/arm_remote/share/arm_remote/package.dsv'
[56.758s] INFO:colcon.colcon_core.shell:Creating package script '/home/ros/arm_ws/install/arm_remote/share/arm_remote/package.sh'
[56.764s] INFO:colcon.colcon_core.shell:Creating package script '/home/ros/arm_ws/install/arm_remote/share/arm_remote/package.bash'
[56.771s] INFO:colcon.colcon_core.shell:Creating package script '/home/ros/arm_ws/install/arm_remote/share/arm_remote/package.zsh'
[56.774s] Level 1:colcon.colcon_core.environment:create_file_with_runtime_dependencies(/home/ros/arm_ws/install/arm_remote/share/colcon-core/packages/arm_remote)
[57.068s] Level 1:colcon.colcon_core.environment:create_environment_scripts_only(arm_remote)
[57.068s] Level 1:colcon.colcon_core.environment:checking '/home/ros/arm_ws/install/arm_remote' for CMake module files
[57.071s] Level 1:colcon.colcon_core.environment:checking '/home/ros/arm_ws/install/arm_remote' for CMake config files
[57.072s] Level 1:colcon.colcon_core.shell:create_environment_hook('arm_remote', 'cmake_prefix_path')
[57.072s] INFO:colcon.colcon_core.shell:Creating environment hook '/home/ros/arm_ws/install/arm_remote/share/arm_remote/hook/cmake_prefix_path.ps1'
[57.078s] INFO:colcon.colcon_core.shell:Creating environment descriptor '/home/ros/arm_ws/install/arm_remote/share/arm_remote/hook/cmake_prefix_path.dsv'
[57.082s] INFO:colcon.colcon_core.shell:Creating environment hook '/home/ros/arm_ws/install/arm_remote/share/arm_remote/hook/cmake_prefix_path.sh'
[57.086s] Level 1:colcon.colcon_core.environment:checking '/home/ros/arm_ws/install/arm_remote/lib'
[57.087s] Level 1:colcon.colcon_core.shell:create_environment_hook('arm_remote', 'ld_library_path_lib')
[57.088s] INFO:colcon.colcon_core.shell:Creating environment hook '/home/ros/arm_ws/install/arm_remote/share/arm_remote/hook/ld_library_path_lib.ps1'
[57.089s] INFO:colcon.colcon_core.shell:Creating environment descriptor '/home/ros/arm_ws/install/arm_remote/share/arm_remote/hook/ld_library_path_lib.dsv'
[57.091s] INFO:colcon.colcon_core.shell:Creating environment hook '/home/ros/arm_ws/install/arm_remote/share/arm_remote/hook/ld_library_path_lib.sh'
[57.092s] Level 1:colcon.colcon_core.environment:checking '/home/ros/arm_ws/install/arm_remote/bin'
[57.093s] Level 1:colcon.colcon_core.environment:checking '/home/ros/arm_ws/install/arm_remote/lib/pkgconfig/arm_remote.pc'
[57.093s] Level 1:colcon.colcon_core.environment:checking '/home/ros/arm_ws/install/arm_remote/lib/python3.10/site-packages'
[57.094s] Level 1:colcon.colcon_core.environment:checking '/home/ros/arm_ws/install/arm_remote/bin'
[57.094s] INFO:colcon.colcon_core.shell:Creating package script '/home/ros/arm_ws/install/arm_remote/share/arm_remote/package.ps1'
[57.096s] INFO:colcon.colcon_core.shell:Creating package descriptor '/home/ros/arm_ws/install/arm_remote/share/arm_remote/package.dsv'
[57.098s] INFO:colcon.colcon_core.shell:Creating package script '/home/ros/arm_ws/install/arm_remote/share/arm_remote/package.sh'
[57.100s] INFO:colcon.colcon_core.shell:Creating package script '/home/ros/arm_ws/install/arm_remote/share/arm_remote/package.bash'
[57.102s] INFO:colcon.colcon_core.shell:Creating package script '/home/ros/arm_ws/install/arm_remote/share/arm_remote/package.zsh'
[57.103s] Level 1:colcon.colcon_core.environment:create_file_with_runtime_dependencies(/home/ros/arm_ws/install/arm_remote/share/colcon-core/packages/arm_remote)
[57.104s] DEBUG:colcon.colcon_parallel_executor.executor.parallel:closing loop
[57.107s] DEBUG:colcon.colcon_parallel_executor.executor.parallel:loop closed
[57.107s] DEBUG:colcon.colcon_parallel_executor.executor.parallel:run_until_complete finished with '0'
[57.108s] DEBUG:colcon.colcon_core.event_reactor:joining thread
[57.150s] INFO:colcon.colcon_core.plugin_system:Skipping extension 'colcon_notification.desktop_notification.terminal_notifier': Not used on non-Darwin systems
[57.151s] INFO:colcon.colcon_core.plugin_system:Skipping extension 'colcon_notification.desktop_notification.win32': Not used on non-Windows systems
[57.151s] INFO:colcon.colcon_notification.desktop_notification:Sending desktop notification using 'notify2'
[57.229s] DEBUG:colcon.colcon_core.event_reactor:joined thread
[57.230s] INFO:colcon.colcon_core.shell:Creating prefix script '/home/ros/arm_ws/install/local_setup.ps1'
[57.238s] INFO:colcon.colcon_core.shell:Creating prefix util module '/home/ros/arm_ws/install/_local_setup_util_ps1.py'
[57.245s] INFO:colcon.colcon_core.shell:Creating prefix chain script '/home/ros/arm_ws/install/setup.ps1'
[57.260s] INFO:colcon.colcon_core.shell:Creating prefix script '/home/ros/arm_ws/install/local_setup.sh'
[57.269s] INFO:colcon.colcon_core.shell:Creating prefix util module '/home/ros/arm_ws/install/_local_setup_util_sh.py'
[57.273s] INFO:colcon.colcon_core.shell:Creating prefix chain script '/home/ros/arm_ws/install/setup.sh'
[57.280s] INFO:colcon.colcon_core.shell:Creating prefix script '/home/ros/arm_ws/install/local_setup.bash'
[57.289s] INFO:colcon.colcon_core.shell:Creating prefix chain script '/home/ros/arm_ws/install/setup.bash'
[57.297s] INFO:colcon.colcon_core.shell:Creating prefix script '/home/ros/arm_ws/install/local_setup.zsh'
[57.305s] INFO:colcon.colcon_core.shell:Creating prefix chain script '/home/ros/arm_ws/install/setup.zsh'
