[0.000000] (-) TimerEvent: {}
[0.002091] (arm_bringup) JobQueued: {'identifier': 'arm_bringup', 'dependencies': OrderedDict()}
[0.002173] (arm_controller) JobQueued: {'identifier': 'arm_controller', 'dependencies': OrderedDict()}
[0.002211] (arm_description) JobQueued: {'identifier': 'arm_description', 'dependencies': OrderedDict()}
[0.002242] (arm_firmware) JobQueued: {'identifier': 'arm_firmware', 'dependencies': OrderedDict()}
[0.002270] (arm_moveit) JobQueued: {'identifier': 'arm_moveit', 'dependencies': OrderedDict()}
[0.002298] (arm_msgs) JobQueued: {'identifier': 'arm_msgs', 'dependencies': OrderedDict()}
[0.002324] (arm_cpp_examples) JobQueued: {'identifier': 'arm_cpp_examples', 'dependencies': OrderedDict([('arm_msgs', '/home/ros/arm_ws/install/arm_msgs')])}
[0.002357] (arm_py_examples) JobQueued: {'identifier': 'arm_py_examples', 'dependencies': OrderedDict([('arm_msgs', '/home/ros/arm_ws/install/arm_msgs')])}
[0.002388] (arm_remote) JobQueued: {'identifier': 'arm_remote', 'dependencies': OrderedDict([('arm_msgs', '/home/ros/arm_ws/install/arm_msgs')])}
[0.002418] (arm_utils) JobQueued: {'identifier': 'arm_utils', 'dependencies': OrderedDict([('arm_msgs', '/home/ros/arm_ws/install/arm_msgs')])}
[0.002447] (arm_msgs) JobStarted: {'identifier': 'arm_msgs'}
[0.028299] (arm_bringup) JobStarted: {'identifier': 'arm_bringup'}
[0.059035] (arm_msgs) JobProgress: {'identifier': 'arm_msgs', 'progress': 'cmake'}
[0.069028] (arm_msgs) JobProgress: {'identifier': 'arm_msgs', 'progress': 'build'}
[0.069175] (arm_msgs) Command: {'cmd': ['/usr/bin/cmake', '--build', '/home/ros/arm_ws/build/arm_msgs', '--', '-j2', '-l2'], 'cwd': '/home/ros/arm_ws/build/arm_msgs', 'env': OrderedDict([('GJS_DEBUG_TOPICS', 'JS ERROR;JS LOG'), ('LESSOPEN', '| /usr/bin/lesspipe %s'), ('LANGUAGE', 'en_US:'), ('USER', 'ros'), ('LC_TIME', 'es_CO.UTF-8'), ('XDG_SESSION_TYPE', 'x11'), ('SHLVL', '1'), ('LD_LIBRARY_PATH', '/usr/lib/x86_64-linux-gnu/gazebo-11/plugins:/opt/ros/humble/opt/rviz_ogre_vendor/lib:/opt/ros/humble/lib/x86_64-linux-gnu:/opt/ros/humble/lib'), ('HOME', '/home/ros'), ('OLDPWD', '/home/ros'), ('DESKTOP_SESSION', 'ubuntu-xorg'), ('GIO_LAUNCHED_DESKTOP_FILE', '/usr/share/applications/terminator.desktop'), ('ROS_PYTHON_VERSION', '3'), ('GNOME_SHELL_SESSION_MODE', 'ubuntu'), ('GTK_MODULES', 'gail:atk-bridge'), ('LC_MONETARY', 'es_CO.UTF-8'), ('MANAGERPID', '979'), ('SYSTEMD_EXEC_PID', '1347'), ('DBUS_SESSION_BUS_ADDRESS', 'unix:path=/run/user/1000/bus'), ('COLORTERM', 'truecolor'), ('TERMINATOR_DBUS_NAME', 'net.tenshu.Terminator21a9d5db22c73a993ff0b42f64b396873'), ('GIO_LAUNCHED_DESKTOP_FILE_PID', '4526'), ('ROS_DISTRO', 'humble'), ('GTK_IM_MODULE', 'ibus'), ('LOGNAME', 'ros'), ('JOURNAL_STREAM', '8:20866'), ('_', '/usr/bin/colcon'), ('ROS_VERSION', '2'), ('XDG_SESSION_CLASS', 'user'), ('USERNAME', 'ros'), ('TERM', 'xterm-256color'), ('GNOME_DESKTOP_SESSION_ID', 'this-is-deprecated'), ('ROS_LOCALHOST_ONLY', '0'), ('WINDOWPATH', '2'), ('PATH', '/opt/ros/humble/bin:/home/ros/.local/bin:/usr/local/sbin:/usr/local/bin:/usr/sbin:/usr/bin:/sbin:/bin:/usr/games:/usr/local/games:/snap/bin:/snap/bin'), ('SESSION_MANAGER', 'local/ros-virtual-machine:@/tmp/.ICE-unix/1316,unix/ros-virtual-machine:/tmp/.ICE-unix/1316'), ('INVOCATION_ID', '00487b699f7d4c798b6f2c9b5207b5fc'), ('XDG_MENU_PREFIX', 'gnome-'), ('LC_ADDRESS', 'es_CO.UTF-8'), ('XDG_RUNTIME_DIR', '/run/user/1000'), ('DISPLAY', ':0'), ('TERMINATOR_DBUS_PATH', '/net/tenshu/Terminator2'), ('LANG', 'en_US.UTF-8'), ('XDG_CURRENT_DESKTOP', 'ubuntu:GNOME'), ('IBUS_DISABLE_SNOOPER', '1'), ('LC_TELEPHONE', 'es_CO.UTF-8'), ('XMODIFIERS', '@im=ibus'), ('XDG_SESSION_DESKTOP', 'ubuntu-xorg'), ('XAUTHORITY', '/run/user/1000/gdm/Xauthority'), ('LS_COLORS', 'rs=0:di=01;34:ln=01;36:mh=00:pi=40;33:so=01;35:do=01;35:bd=40;33;01:cd=40;33;01:or=40;31;01:mi=00:su=37;41:sg=30;43:ca=30;41:tw=30;42:ow=34;42:st=37;44:ex=01;32:*.tar=01;31:*.tgz=01;31:*.arc=01;31:*.arj=01;31:*.taz=01;31:*.lha=01;31:*.lz4=01;31:*.lzh=01;31:*.lzma=01;31:*.tlz=01;31:*.txz=01;31:*.tzo=01;31:*.t7z=01;31:*.zip=01;31:*.z=01;31:*.dz=01;31:*.gz=01;31:*.lrz=01;31:*.lz=01;31:*.lzo=01;31:*.xz=01;31:*.zst=01;31:*.tzst=01;31:*.bz2=01;31:*.bz=01;31:*.tbz=01;31:*.tbz2=01;31:*.tz=01;31:*.deb=01;31:*.rpm=01;31:*.jar=01;31:*.war=01;31:*.ear=01;31:*.sar=01;31:*.rar=01;31:*.alz=01;31:*.ace=01;31:*.zoo=01;31:*.cpio=01;31:*.7z=01;31:*.rz=01;31:*.cab=01;31:*.wim=01;31:*.swm=01;31:*.dwm=01;31:*.esd=01;31:*.jpg=01;35:*.jpeg=01;35:*.mjpg=01;35:*.mjpeg=01;35:*.gif=01;35:*.bmp=01;35:*.pbm=01;35:*.pgm=01;35:*.ppm=01;35:*.tga=01;35:*.xbm=01;35:*.xpm=01;35:*.tif=01;35:*.tiff=01;35:*.png=01;35:*.svg=01;35:*.svgz=01;35:*.mng=01;35:*.pcx=01;35:*.mov=01;35:*.mpg=01;35:*.mpeg=01;35:*.m2v=01;35:*.mkv=01;35:*.webm=01;35:*.webp=01;35:*.ogm=01;35:*.mp4=01;35:*.m4v=01;35:*.mp4v=01;35:*.vob=01;35:*.qt=01;35:*.nuv=01;35:*.wmv=01;35:*.asf=01;35:*.rm=01;35:*.rmvb=01;35:*.flc=01;35:*.avi=01;35:*.fli=01;35:*.flv=01;35:*.gl=01;35:*.dl=01;35:*.xcf=01;35:*.xwd=01;35:*.yuv=01;35:*.cgm=01;35:*.emf=01;35:*.ogv=01;35:*.ogx=01;35:*.aac=00;36:*.au=00;36:*.flac=00;36:*.m4a=00;36:*.mid=00;36:*.midi=00;36:*.mka=00;36:*.mp3=00;36:*.mpc=00;36:*.ogg=00;36:*.ra=00;36:*.wav=00;36:*.oga=00;36:*.opus=00;36:*.spx=00;36:*.xspf=00;36:'), ('SSH_AGENT_LAUNCHER', 'gnome-keyring'), ('SSH_AUTH_SOCK', '/run/user/1000/keyring/ssh'), ('AMENT_PREFIX_PATH', '/opt/ros/humble'), ('SHELL', '/bin/bash'), ('LC_NAME', 'es_CO.UTF-8'), ('TERMINATOR_UUID', 'urn:uuid:1623e010-cd7e-4313-86eb-01e292c650ef'), ('QT_ACCESSIBILITY', '1'), ('GDMSESSION', 'ubuntu-xorg'), ('LESSCLOSE', '/usr/bin/lesspipe %s %s'), ('LC_MEASUREMENT', 'es_CO.UTF-8'), ('GPG_AGENT_INFO', '/run/user/1000/gnupg/S.gpg-agent:0:1'), ('GJS_DEBUG_OUTPUT', 'stderr'), ('LC_IDENTIFICATION', 'es_CO.UTF-8'), ('QT_IM_MODULE', 'ibus'), ('PWD', '/home/ros/arm_ws/build/arm_msgs'), ('LC_ALL', 'en_US.UTF-8'), ('XDG_CONFIG_DIRS', '/etc/xdg/xdg-ubuntu-xorg:/etc/xdg'), ('XDG_DATA_DIRS', '/usr/share/ubuntu-xorg:/usr/share/gnome:/usr/local/share/:/usr/share/:/var/lib/snapd/desktop'), ('PYTHONPATH', '/opt/ros/humble/lib/python3.10/site-packages:/opt/ros/humble/local/lib/python3.10/dist-packages'), ('LC_NUMERIC', 'es_CO.UTF-8'), ('LC_PAPER', 'es_CO.UTF-8'), ('COLCON', '1'), ('VTE_VERSION', '6800'), ('CMAKE_PREFIX_PATH', '/opt/ros/humble')]), 'shell': False}
[0.101354] (-) TimerEvent: {}
[0.106043] (arm_bringup) JobProgress: {'identifier': 'arm_bringup', 'progress': 'cmake'}
[0.112931] (arm_bringup) JobProgress: {'identifier': 'arm_bringup', 'progress': 'build'}
[0.113112] (arm_bringup) Command: {'cmd': ['/usr/bin/cmake', '--build', '/home/ros/arm_ws/build/arm_bringup', '--', '-j2', '-l2'], 'cwd': '/home/ros/arm_ws/build/arm_bringup', 'env': OrderedDict([('GJS_DEBUG_TOPICS', 'JS ERROR;JS LOG'), ('LESSOPEN', '| /usr/bin/lesspipe %s'), ('LANGUAGE', 'en_US:'), ('USER', 'ros'), ('LC_TIME', 'es_CO.UTF-8'), ('XDG_SESSION_TYPE', 'x11'), ('SHLVL', '1'), ('LD_LIBRARY_PATH', '/usr/lib/x86_64-linux-gnu/gazebo-11/plugins:/opt/ros/humble/opt/rviz_ogre_vendor/lib:/opt/ros/humble/lib/x86_64-linux-gnu:/opt/ros/humble/lib'), ('HOME', '/home/ros'), ('OLDPWD', '/home/ros'), ('DESKTOP_SESSION', 'ubuntu-xorg'), ('GIO_LAUNCHED_DESKTOP_FILE', '/usr/share/applications/terminator.desktop'), ('ROS_PYTHON_VERSION', '3'), ('GNOME_SHELL_SESSION_MODE', 'ubuntu'), ('GTK_MODULES', 'gail:atk-bridge'), ('LC_MONETARY', 'es_CO.UTF-8'), ('MANAGERPID', '979'), ('SYSTEMD_EXEC_PID', '1347'), ('DBUS_SESSION_BUS_ADDRESS', 'unix:path=/run/user/1000/bus'), ('COLORTERM', 'truecolor'), ('TERMINATOR_DBUS_NAME', 'net.tenshu.Terminator21a9d5db22c73a993ff0b42f64b396873'), ('GIO_LAUNCHED_DESKTOP_FILE_PID', '4526'), ('ROS_DISTRO', 'humble'), ('GTK_IM_MODULE', 'ibus'), ('LOGNAME', 'ros'), ('JOURNAL_STREAM', '8:20866'), ('_', '/usr/bin/colcon'), ('ROS_VERSION', '2'), ('XDG_SESSION_CLASS', 'user'), ('USERNAME', 'ros'), ('TERM', 'xterm-256color'), ('GNOME_DESKTOP_SESSION_ID', 'this-is-deprecated'), ('ROS_LOCALHOST_ONLY', '0'), ('WINDOWPATH', '2'), ('PATH', '/opt/ros/humble/bin:/home/ros/.local/bin:/usr/local/sbin:/usr/local/bin:/usr/sbin:/usr/bin:/sbin:/bin:/usr/games:/usr/local/games:/snap/bin:/snap/bin'), ('SESSION_MANAGER', 'local/ros-virtual-machine:@/tmp/.ICE-unix/1316,unix/ros-virtual-machine:/tmp/.ICE-unix/1316'), ('INVOCATION_ID', '00487b699f7d4c798b6f2c9b5207b5fc'), ('XDG_MENU_PREFIX', 'gnome-'), ('LC_ADDRESS', 'es_CO.UTF-8'), ('XDG_RUNTIME_DIR', '/run/user/1000'), ('DISPLAY', ':0'), ('TERMINATOR_DBUS_PATH', '/net/tenshu/Terminator2'), ('LANG', 'en_US.UTF-8'), ('XDG_CURRENT_DESKTOP', 'ubuntu:GNOME'), ('IBUS_DISABLE_SNOOPER', '1'), ('LC_TELEPHONE', 'es_CO.UTF-8'), ('XMODIFIERS', '@im=ibus'), ('XDG_SESSION_DESKTOP', 'ubuntu-xorg'), ('XAUTHORITY', '/run/user/1000/gdm/Xauthority'), ('LS_COLORS', 'rs=0:di=01;34:ln=01;36:mh=00:pi=40;33:so=01;35:do=01;35:bd=40;33;01:cd=40;33;01:or=40;31;01:mi=00:su=37;41:sg=30;43:ca=30;41:tw=30;42:ow=34;42:st=37;44:ex=01;32:*.tar=01;31:*.tgz=01;31:*.arc=01;31:*.arj=01;31:*.taz=01;31:*.lha=01;31:*.lz4=01;31:*.lzh=01;31:*.lzma=01;31:*.tlz=01;31:*.txz=01;31:*.tzo=01;31:*.t7z=01;31:*.zip=01;31:*.z=01;31:*.dz=01;31:*.gz=01;31:*.lrz=01;31:*.lz=01;31:*.lzo=01;31:*.xz=01;31:*.zst=01;31:*.tzst=01;31:*.bz2=01;31:*.bz=01;31:*.tbz=01;31:*.tbz2=01;31:*.tz=01;31:*.deb=01;31:*.rpm=01;31:*.jar=01;31:*.war=01;31:*.ear=01;31:*.sar=01;31:*.rar=01;31:*.alz=01;31:*.ace=01;31:*.zoo=01;31:*.cpio=01;31:*.7z=01;31:*.rz=01;31:*.cab=01;31:*.wim=01;31:*.swm=01;31:*.dwm=01;31:*.esd=01;31:*.jpg=01;35:*.jpeg=01;35:*.mjpg=01;35:*.mjpeg=01;35:*.gif=01;35:*.bmp=01;35:*.pbm=01;35:*.pgm=01;35:*.ppm=01;35:*.tga=01;35:*.xbm=01;35:*.xpm=01;35:*.tif=01;35:*.tiff=01;35:*.png=01;35:*.svg=01;35:*.svgz=01;35:*.mng=01;35:*.pcx=01;35:*.mov=01;35:*.mpg=01;35:*.mpeg=01;35:*.m2v=01;35:*.mkv=01;35:*.webm=01;35:*.webp=01;35:*.ogm=01;35:*.mp4=01;35:*.m4v=01;35:*.mp4v=01;35:*.vob=01;35:*.qt=01;35:*.nuv=01;35:*.wmv=01;35:*.asf=01;35:*.rm=01;35:*.rmvb=01;35:*.flc=01;35:*.avi=01;35:*.fli=01;35:*.flv=01;35:*.gl=01;35:*.dl=01;35:*.xcf=01;35:*.xwd=01;35:*.yuv=01;35:*.cgm=01;35:*.emf=01;35:*.ogv=01;35:*.ogx=01;35:*.aac=00;36:*.au=00;36:*.flac=00;36:*.m4a=00;36:*.mid=00;36:*.midi=00;36:*.mka=00;36:*.mp3=00;36:*.mpc=00;36:*.ogg=00;36:*.ra=00;36:*.wav=00;36:*.oga=00;36:*.opus=00;36:*.spx=00;36:*.xspf=00;36:'), ('SSH_AGENT_LAUNCHER', 'gnome-keyring'), ('SSH_AUTH_SOCK', '/run/user/1000/keyring/ssh'), ('AMENT_PREFIX_PATH', '/opt/ros/humble'), ('SHELL', '/bin/bash'), ('LC_NAME', 'es_CO.UTF-8'), ('TERMINATOR_UUID', 'urn:uuid:1623e010-cd7e-4313-86eb-01e292c650ef'), ('QT_ACCESSIBILITY', '1'), ('GDMSESSION', 'ubuntu-xorg'), ('LESSCLOSE', '/usr/bin/lesspipe %s %s'), ('LC_MEASUREMENT', 'es_CO.UTF-8'), ('GPG_AGENT_INFO', '/run/user/1000/gnupg/S.gpg-agent:0:1'), ('GJS_DEBUG_OUTPUT', 'stderr'), ('LC_IDENTIFICATION', 'es_CO.UTF-8'), ('QT_IM_MODULE', 'ibus'), ('PWD', '/home/ros/arm_ws/build/arm_bringup'), ('LC_ALL', 'en_US.UTF-8'), ('XDG_CONFIG_DIRS', '/etc/xdg/xdg-ubuntu-xorg:/etc/xdg'), ('XDG_DATA_DIRS', '/usr/share/ubuntu-xorg:/usr/share/gnome:/usr/local/share/:/usr/share/:/var/lib/snapd/desktop'), ('PYTHONPATH', '/opt/ros/humble/lib/python3.10/site-packages:/opt/ros/humble/local/lib/python3.10/dist-packages'), ('LC_NUMERIC', 'es_CO.UTF-8'), ('LC_PAPER', 'es_CO.UTF-8'), ('COLCON', '1'), ('VTE_VERSION', '6800'), ('CMAKE_PREFIX_PATH', '/opt/ros/humble')]), 'shell': False}
[0.207189] (-) TimerEvent: {}
[0.308967] (-) TimerEvent: {}
[0.411748] (-) TimerEvent: {}
[0.501034] (arm_msgs) StdoutLine: {'line': b'\x1b[35m\x1b[1mConsolidate compiler generated dependencies of target arm_msgs__rosidl_generator_c\x1b[0m\n'}
[0.512933] (-) TimerEvent: {}
[0.607376] (arm_msgs) StdoutLine: {'line': b'[  1%] Built target arm_msgs__cpp\n'}
[0.616037] (-) TimerEvent: {}
[0.636000] (arm_bringup) CommandEnded: {'returncode': 0}
[0.656989] (arm_msgs) StdoutLine: {'line': b'[ 12%] Built target arm_msgs__rosidl_generator_c\n'}
[0.719188] (-) TimerEvent: {}
[0.800917] (arm_msgs) StdoutLine: {'line': b'\x1b[35m\x1b[1mConsolidate compiler generated dependencies of target arm_msgs__rosidl_typesupport_cpp\x1b[0m\n'}
[0.819404] (-) TimerEvent: {}
[0.921306] (-) TimerEvent: {}
[1.027958] (-) TimerEvent: {}
[1.116933] (arm_bringup) JobProgress: {'identifier': 'arm_bringup', 'progress': 'install'}
[1.117151] (arm_msgs) StdoutLine: {'line': b'[ 23%] Built target arm_msgs__rosidl_typesupport_cpp\n'}
[1.130742] (-) TimerEvent: {}
[1.161941] (arm_msgs) StdoutLine: {'line': b'[ 23%] Built target ament_cmake_python_copy_arm_msgs\n'}
[1.234939] (-) TimerEvent: {}
[1.306766] (arm_bringup) Command: {'cmd': ['/usr/bin/cmake', '--install', '/home/ros/arm_ws/build/arm_bringup'], 'cwd': '/home/ros/arm_ws/build/arm_bringup', 'env': OrderedDict([('GJS_DEBUG_TOPICS', 'JS ERROR;JS LOG'), ('LESSOPEN', '| /usr/bin/lesspipe %s'), ('LANGUAGE', 'en_US:'), ('USER', 'ros'), ('LC_TIME', 'es_CO.UTF-8'), ('XDG_SESSION_TYPE', 'x11'), ('SHLVL', '1'), ('LD_LIBRARY_PATH', '/usr/lib/x86_64-linux-gnu/gazebo-11/plugins:/opt/ros/humble/opt/rviz_ogre_vendor/lib:/opt/ros/humble/lib/x86_64-linux-gnu:/opt/ros/humble/lib'), ('HOME', '/home/ros'), ('OLDPWD', '/home/ros'), ('DESKTOP_SESSION', 'ubuntu-xorg'), ('GIO_LAUNCHED_DESKTOP_FILE', '/usr/share/applications/terminator.desktop'), ('ROS_PYTHON_VERSION', '3'), ('GNOME_SHELL_SESSION_MODE', 'ubuntu'), ('GTK_MODULES', 'gail:atk-bridge'), ('LC_MONETARY', 'es_CO.UTF-8'), ('MANAGERPID', '979'), ('SYSTEMD_EXEC_PID', '1347'), ('DBUS_SESSION_BUS_ADDRESS', 'unix:path=/run/user/1000/bus'), ('COLORTERM', 'truecolor'), ('TERMINATOR_DBUS_NAME', 'net.tenshu.Terminator21a9d5db22c73a993ff0b42f64b396873'), ('GIO_LAUNCHED_DESKTOP_FILE_PID', '4526'), ('ROS_DISTRO', 'humble'), ('GTK_IM_MODULE', 'ibus'), ('LOGNAME', 'ros'), ('JOURNAL_STREAM', '8:20866'), ('_', '/usr/bin/colcon'), ('ROS_VERSION', '2'), ('XDG_SESSION_CLASS', 'user'), ('USERNAME', 'ros'), ('TERM', 'xterm-256color'), ('GNOME_DESKTOP_SESSION_ID', 'this-is-deprecated'), ('ROS_LOCALHOST_ONLY', '0'), ('WINDOWPATH', '2'), ('PATH', '/opt/ros/humble/bin:/home/ros/.local/bin:/usr/local/sbin:/usr/local/bin:/usr/sbin:/usr/bin:/sbin:/bin:/usr/games:/usr/local/games:/snap/bin:/snap/bin'), ('SESSION_MANAGER', 'local/ros-virtual-machine:@/tmp/.ICE-unix/1316,unix/ros-virtual-machine:/tmp/.ICE-unix/1316'), ('INVOCATION_ID', '00487b699f7d4c798b6f2c9b5207b5fc'), ('XDG_MENU_PREFIX', 'gnome-'), ('LC_ADDRESS', 'es_CO.UTF-8'), ('XDG_RUNTIME_DIR', '/run/user/1000'), ('DISPLAY', ':0'), ('TERMINATOR_DBUS_PATH', '/net/tenshu/Terminator2'), ('LANG', 'en_US.UTF-8'), ('XDG_CURRENT_DESKTOP', 'ubuntu:GNOME'), ('IBUS_DISABLE_SNOOPER', '1'), ('LC_TELEPHONE', 'es_CO.UTF-8'), ('XMODIFIERS', '@im=ibus'), ('XDG_SESSION_DESKTOP', 'ubuntu-xorg'), ('XAUTHORITY', '/run/user/1000/gdm/Xauthority'), ('LS_COLORS', 'rs=0:di=01;34:ln=01;36:mh=00:pi=40;33:so=01;35:do=01;35:bd=40;33;01:cd=40;33;01:or=40;31;01:mi=00:su=37;41:sg=30;43:ca=30;41:tw=30;42:ow=34;42:st=37;44:ex=01;32:*.tar=01;31:*.tgz=01;31:*.arc=01;31:*.arj=01;31:*.taz=01;31:*.lha=01;31:*.lz4=01;31:*.lzh=01;31:*.lzma=01;31:*.tlz=01;31:*.txz=01;31:*.tzo=01;31:*.t7z=01;31:*.zip=01;31:*.z=01;31:*.dz=01;31:*.gz=01;31:*.lrz=01;31:*.lz=01;31:*.lzo=01;31:*.xz=01;31:*.zst=01;31:*.tzst=01;31:*.bz2=01;31:*.bz=01;31:*.tbz=01;31:*.tbz2=01;31:*.tz=01;31:*.deb=01;31:*.rpm=01;31:*.jar=01;31:*.war=01;31:*.ear=01;31:*.sar=01;31:*.rar=01;31:*.alz=01;31:*.ace=01;31:*.zoo=01;31:*.cpio=01;31:*.7z=01;31:*.rz=01;31:*.cab=01;31:*.wim=01;31:*.swm=01;31:*.dwm=01;31:*.esd=01;31:*.jpg=01;35:*.jpeg=01;35:*.mjpg=01;35:*.mjpeg=01;35:*.gif=01;35:*.bmp=01;35:*.pbm=01;35:*.pgm=01;35:*.ppm=01;35:*.tga=01;35:*.xbm=01;35:*.xpm=01;35:*.tif=01;35:*.tiff=01;35:*.png=01;35:*.svg=01;35:*.svgz=01;35:*.mng=01;35:*.pcx=01;35:*.mov=01;35:*.mpg=01;35:*.mpeg=01;35:*.m2v=01;35:*.mkv=01;35:*.webm=01;35:*.webp=01;35:*.ogm=01;35:*.mp4=01;35:*.m4v=01;35:*.mp4v=01;35:*.vob=01;35:*.qt=01;35:*.nuv=01;35:*.wmv=01;35:*.asf=01;35:*.rm=01;35:*.rmvb=01;35:*.flc=01;35:*.avi=01;35:*.fli=01;35:*.flv=01;35:*.gl=01;35:*.dl=01;35:*.xcf=01;35:*.xwd=01;35:*.yuv=01;35:*.cgm=01;35:*.emf=01;35:*.ogv=01;35:*.ogx=01;35:*.aac=00;36:*.au=00;36:*.flac=00;36:*.m4a=00;36:*.mid=00;36:*.midi=00;36:*.mka=00;36:*.mp3=00;36:*.mpc=00;36:*.ogg=00;36:*.ra=00;36:*.wav=00;36:*.oga=00;36:*.opus=00;36:*.spx=00;36:*.xspf=00;36:'), ('SSH_AGENT_LAUNCHER', 'gnome-keyring'), ('SSH_AUTH_SOCK', '/run/user/1000/keyring/ssh'), ('AMENT_PREFIX_PATH', '/opt/ros/humble'), ('SHELL', '/bin/bash'), ('LC_NAME', 'es_CO.UTF-8'), ('TERMINATOR_UUID', 'urn:uuid:1623e010-cd7e-4313-86eb-01e292c650ef'), ('QT_ACCESSIBILITY', '1'), ('GDMSESSION', 'ubuntu-xorg'), ('LESSCLOSE', '/usr/bin/lesspipe %s %s'), ('LC_MEASUREMENT', 'es_CO.UTF-8'), ('GPG_AGENT_INFO', '/run/user/1000/gnupg/S.gpg-agent:0:1'), ('GJS_DEBUG_OUTPUT', 'stderr'), ('LC_IDENTIFICATION', 'es_CO.UTF-8'), ('QT_IM_MODULE', 'ibus'), ('PWD', '/home/ros/arm_ws/build/arm_bringup'), ('LC_ALL', 'en_US.UTF-8'), ('XDG_CONFIG_DIRS', '/etc/xdg/xdg-ubuntu-xorg:/etc/xdg'), ('XDG_DATA_DIRS', '/usr/share/ubuntu-xorg:/usr/share/gnome:/usr/local/share/:/usr/share/:/var/lib/snapd/desktop'), ('PYTHONPATH', '/opt/ros/humble/lib/python3.10/site-packages:/opt/ros/humble/local/lib/python3.10/dist-packages'), ('LC_NUMERIC', 'es_CO.UTF-8'), ('LC_PAPER', 'es_CO.UTF-8'), ('COLCON', '1'), ('VTE_VERSION', '6800'), ('CMAKE_PREFIX_PATH', '/opt/ros/humble')]), 'shell': False}
[1.326786] (arm_msgs) StdoutLine: {'line': b'\x1b[35m\x1b[1mConsolidate compiler generated dependencies of target arm_msgs__rosidl_typesupport_fastrtps_cpp\x1b[0m\n'}
[1.327242] (arm_msgs) StdoutLine: {'line': b'\x1b[35m\x1b[1mConsolidate compiler generated dependencies of target arm_msgs__rosidl_typesupport_fastrtps_c\x1b[0m\n'}
[1.335774] (-) TimerEvent: {}
[1.352075] (arm_bringup) StdoutLine: {'line': b'-- Install configuration: ""\n'}
[1.353365] (arm_bringup) StdoutLine: {'line': b'-- Up-to-date: /home/ros/arm_ws/install/arm_bringup/share/arm_bringup/launch\n'}
[1.354340] (arm_bringup) StdoutLine: {'line': b'-- Up-to-date: /home/ros/arm_ws/install/arm_bringup/share/arm_bringup/launch/simulated_robot.launch.py\n'}
[1.354930] (arm_bringup) StdoutLine: {'line': b'-- Up-to-date: /home/ros/arm_ws/install/arm_bringup/share/arm_bringup/launch/real_robot.launch.py\n'}
[1.355748] (arm_bringup) StdoutLine: {'line': b'-- Up-to-date: /home/ros/arm_ws/install/arm_bringup/share/ament_index/resource_index/package_run_dependencies/arm_bringup\n'}
[1.356422] (arm_bringup) StdoutLine: {'line': b'-- Up-to-date: /home/ros/arm_ws/install/arm_bringup/share/ament_index/resource_index/parent_prefix_path/arm_bringup\n'}
[1.357121] (arm_bringup) StdoutLine: {'line': b'-- Up-to-date: /home/ros/arm_ws/install/arm_bringup/share/arm_bringup/environment/ament_prefix_path.sh\n'}
[1.359958] (arm_bringup) StdoutLine: {'line': b'-- Up-to-date: /home/ros/arm_ws/install/arm_bringup/share/arm_bringup/environment/ament_prefix_path.dsv\n'}
[1.360329] (arm_bringup) StdoutLine: {'line': b'-- Up-to-date: /home/ros/arm_ws/install/arm_bringup/share/arm_bringup/environment/path.sh\n'}
[1.361021] (arm_bringup) StdoutLine: {'line': b'-- Up-to-date: /home/ros/arm_ws/install/arm_bringup/share/arm_bringup/environment/path.dsv\n'}
[1.362477] (arm_bringup) StdoutLine: {'line': b'-- Up-to-date: /home/ros/arm_ws/install/arm_bringup/share/arm_bringup/local_setup.bash\n'}
[1.362756] (arm_bringup) StdoutLine: {'line': b'-- Up-to-date: /home/ros/arm_ws/install/arm_bringup/share/arm_bringup/local_setup.sh\n'}
[1.363988] (arm_bringup) StdoutLine: {'line': b'-- Up-to-date: /home/ros/arm_ws/install/arm_bringup/share/arm_bringup/local_setup.zsh\n'}
[1.365402] (arm_bringup) StdoutLine: {'line': b'-- Up-to-date: /home/ros/arm_ws/install/arm_bringup/share/arm_bringup/local_setup.dsv\n'}
[1.367584] (arm_bringup) StdoutLine: {'line': b'-- Up-to-date: /home/ros/arm_ws/install/arm_bringup/share/arm_bringup/package.dsv\n'}
[1.368183] (arm_bringup) StdoutLine: {'line': b'-- Up-to-date: /home/ros/arm_ws/install/arm_bringup/share/ament_index/resource_index/packages/arm_bringup\n'}
[1.368648] (arm_bringup) StdoutLine: {'line': b'-- Up-to-date: /home/ros/arm_ws/install/arm_bringup/share/arm_bringup/cmake/arm_bringupConfig.cmake\n'}
[1.371028] (arm_bringup) StdoutLine: {'line': b'-- Up-to-date: /home/ros/arm_ws/install/arm_bringup/share/arm_bringup/cmake/arm_bringupConfig-version.cmake\n'}
[1.371945] (arm_bringup) StdoutLine: {'line': b'-- Up-to-date: /home/ros/arm_ws/install/arm_bringup/share/arm_bringup/package.xml\n'}
[1.391014] (arm_bringup) CommandEnded: {'returncode': 0}
[1.438044] (-) TimerEvent: {}
[1.541521] (-) TimerEvent: {}
[1.571739] (arm_msgs) StdoutLine: {'line': b'[ 34%] Built target arm_msgs__rosidl_typesupport_fastrtps_cpp\n'}
[1.608586] (arm_msgs) StdoutLine: {'line': b'[ 46%] Built target arm_msgs__rosidl_typesupport_fastrtps_c\n'}
[1.641752] (arm_msgs) StdoutLine: {'line': b'\x1b[35m\x1b[1mConsolidate compiler generated dependencies of target arm_msgs__rosidl_typesupport_introspection_c\x1b[0m\n'}
[1.642106] (-) TimerEvent: {}
[1.707988] (arm_msgs) StdoutLine: {'line': b'\x1b[35m\x1b[1mConsolidate compiler generated dependencies of target arm_msgs__rosidl_typesupport_c\x1b[0m\n'}
[1.728299] (arm_msgs) StdoutLine: {'line': b'[ 57%] Built target arm_msgs__rosidl_typesupport_introspection_c\n'}
[1.742954] (-) TimerEvent: {}
[1.841552] (arm_msgs) StdoutLine: {'line': b'[ 68%] Built target arm_msgs__rosidl_typesupport_c\n'}
[1.844333] (-) TimerEvent: {}
[1.848263] (arm_msgs) StdoutLine: {'line': b'\x1b[35m\x1b[1mConsolidate compiler generated dependencies of target arm_msgs__rosidl_typesupport_introspection_cpp\x1b[0m\n'}
[1.951104] (-) TimerEvent: {}
[2.005003] (arm_bringup) JobEnded: {'identifier': 'arm_bringup', 'rc': 0}
[2.015850] (arm_controller) JobStarted: {'identifier': 'arm_controller'}
[2.052137] (-) TimerEvent: {}
[2.052682] (arm_msgs) StdoutLine: {'line': b'[ 79%] Built target arm_msgs__rosidl_typesupport_introspection_cpp\n'}
[2.083012] (arm_controller) JobProgress: {'identifier': 'arm_controller', 'progress': 'cmake'}
[2.100994] (arm_controller) JobProgress: {'identifier': 'arm_controller', 'progress': 'build'}
[2.101260] (arm_controller) Command: {'cmd': ['/usr/bin/cmake', '--build', '/home/ros/arm_ws/build/arm_controller', '--', '-j2', '-l2'], 'cwd': '/home/ros/arm_ws/build/arm_controller', 'env': OrderedDict([('GJS_DEBUG_TOPICS', 'JS ERROR;JS LOG'), ('LESSOPEN', '| /usr/bin/lesspipe %s'), ('LANGUAGE', 'en_US:'), ('USER', 'ros'), ('LC_TIME', 'es_CO.UTF-8'), ('XDG_SESSION_TYPE', 'x11'), ('SHLVL', '1'), ('LD_LIBRARY_PATH', '/usr/lib/x86_64-linux-gnu/gazebo-11/plugins:/opt/ros/humble/opt/rviz_ogre_vendor/lib:/opt/ros/humble/lib/x86_64-linux-gnu:/opt/ros/humble/lib'), ('HOME', '/home/ros'), ('OLDPWD', '/home/ros'), ('DESKTOP_SESSION', 'ubuntu-xorg'), ('GIO_LAUNCHED_DESKTOP_FILE', '/usr/share/applications/terminator.desktop'), ('ROS_PYTHON_VERSION', '3'), ('GNOME_SHELL_SESSION_MODE', 'ubuntu'), ('GTK_MODULES', 'gail:atk-bridge'), ('LC_MONETARY', 'es_CO.UTF-8'), ('MANAGERPID', '979'), ('SYSTEMD_EXEC_PID', '1347'), ('DBUS_SESSION_BUS_ADDRESS', 'unix:path=/run/user/1000/bus'), ('COLORTERM', 'truecolor'), ('TERMINATOR_DBUS_NAME', 'net.tenshu.Terminator21a9d5db22c73a993ff0b42f64b396873'), ('GIO_LAUNCHED_DESKTOP_FILE_PID', '4526'), ('ROS_DISTRO', 'humble'), ('GTK_IM_MODULE', 'ibus'), ('LOGNAME', 'ros'), ('JOURNAL_STREAM', '8:20866'), ('_', '/usr/bin/colcon'), ('ROS_VERSION', '2'), ('XDG_SESSION_CLASS', 'user'), ('USERNAME', 'ros'), ('TERM', 'xterm-256color'), ('GNOME_DESKTOP_SESSION_ID', 'this-is-deprecated'), ('ROS_LOCALHOST_ONLY', '0'), ('WINDOWPATH', '2'), ('PATH', '/opt/ros/humble/bin:/home/ros/.local/bin:/usr/local/sbin:/usr/local/bin:/usr/sbin:/usr/bin:/sbin:/bin:/usr/games:/usr/local/games:/snap/bin:/snap/bin'), ('SESSION_MANAGER', 'local/ros-virtual-machine:@/tmp/.ICE-unix/1316,unix/ros-virtual-machine:/tmp/.ICE-unix/1316'), ('INVOCATION_ID', '00487b699f7d4c798b6f2c9b5207b5fc'), ('XDG_MENU_PREFIX', 'gnome-'), ('LC_ADDRESS', 'es_CO.UTF-8'), ('XDG_RUNTIME_DIR', '/run/user/1000'), ('DISPLAY', ':0'), ('TERMINATOR_DBUS_PATH', '/net/tenshu/Terminator2'), ('LANG', 'en_US.UTF-8'), ('XDG_CURRENT_DESKTOP', 'ubuntu:GNOME'), ('IBUS_DISABLE_SNOOPER', '1'), ('LC_TELEPHONE', 'es_CO.UTF-8'), ('XMODIFIERS', '@im=ibus'), ('XDG_SESSION_DESKTOP', 'ubuntu-xorg'), ('XAUTHORITY', '/run/user/1000/gdm/Xauthority'), ('LS_COLORS', 'rs=0:di=01;34:ln=01;36:mh=00:pi=40;33:so=01;35:do=01;35:bd=40;33;01:cd=40;33;01:or=40;31;01:mi=00:su=37;41:sg=30;43:ca=30;41:tw=30;42:ow=34;42:st=37;44:ex=01;32:*.tar=01;31:*.tgz=01;31:*.arc=01;31:*.arj=01;31:*.taz=01;31:*.lha=01;31:*.lz4=01;31:*.lzh=01;31:*.lzma=01;31:*.tlz=01;31:*.txz=01;31:*.tzo=01;31:*.t7z=01;31:*.zip=01;31:*.z=01;31:*.dz=01;31:*.gz=01;31:*.lrz=01;31:*.lz=01;31:*.lzo=01;31:*.xz=01;31:*.zst=01;31:*.tzst=01;31:*.bz2=01;31:*.bz=01;31:*.tbz=01;31:*.tbz2=01;31:*.tz=01;31:*.deb=01;31:*.rpm=01;31:*.jar=01;31:*.war=01;31:*.ear=01;31:*.sar=01;31:*.rar=01;31:*.alz=01;31:*.ace=01;31:*.zoo=01;31:*.cpio=01;31:*.7z=01;31:*.rz=01;31:*.cab=01;31:*.wim=01;31:*.swm=01;31:*.dwm=01;31:*.esd=01;31:*.jpg=01;35:*.jpeg=01;35:*.mjpg=01;35:*.mjpeg=01;35:*.gif=01;35:*.bmp=01;35:*.pbm=01;35:*.pgm=01;35:*.ppm=01;35:*.tga=01;35:*.xbm=01;35:*.xpm=01;35:*.tif=01;35:*.tiff=01;35:*.png=01;35:*.svg=01;35:*.svgz=01;35:*.mng=01;35:*.pcx=01;35:*.mov=01;35:*.mpg=01;35:*.mpeg=01;35:*.m2v=01;35:*.mkv=01;35:*.webm=01;35:*.webp=01;35:*.ogm=01;35:*.mp4=01;35:*.m4v=01;35:*.mp4v=01;35:*.vob=01;35:*.qt=01;35:*.nuv=01;35:*.wmv=01;35:*.asf=01;35:*.rm=01;35:*.rmvb=01;35:*.flc=01;35:*.avi=01;35:*.fli=01;35:*.flv=01;35:*.gl=01;35:*.dl=01;35:*.xcf=01;35:*.xwd=01;35:*.yuv=01;35:*.cgm=01;35:*.emf=01;35:*.ogv=01;35:*.ogx=01;35:*.aac=00;36:*.au=00;36:*.flac=00;36:*.m4a=00;36:*.mid=00;36:*.midi=00;36:*.mka=00;36:*.mp3=00;36:*.mpc=00;36:*.ogg=00;36:*.ra=00;36:*.wav=00;36:*.oga=00;36:*.opus=00;36:*.spx=00;36:*.xspf=00;36:'), ('SSH_AGENT_LAUNCHER', 'gnome-keyring'), ('SSH_AUTH_SOCK', '/run/user/1000/keyring/ssh'), ('AMENT_PREFIX_PATH', '/opt/ros/humble'), ('SHELL', '/bin/bash'), ('LC_NAME', 'es_CO.UTF-8'), ('TERMINATOR_UUID', 'urn:uuid:1623e010-cd7e-4313-86eb-01e292c650ef'), ('QT_ACCESSIBILITY', '1'), ('GDMSESSION', 'ubuntu-xorg'), ('LESSCLOSE', '/usr/bin/lesspipe %s %s'), ('LC_MEASUREMENT', 'es_CO.UTF-8'), ('GPG_AGENT_INFO', '/run/user/1000/gnupg/S.gpg-agent:0:1'), ('GJS_DEBUG_OUTPUT', 'stderr'), ('LC_IDENTIFICATION', 'es_CO.UTF-8'), ('QT_IM_MODULE', 'ibus'), ('PWD', '/home/ros/arm_ws/build/arm_controller'), ('LC_ALL', 'en_US.UTF-8'), ('XDG_CONFIG_DIRS', '/etc/xdg/xdg-ubuntu-xorg:/etc/xdg'), ('XDG_DATA_DIRS', '/usr/share/ubuntu-xorg:/usr/share/gnome:/usr/local/share/:/usr/share/:/var/lib/snapd/desktop'), ('PYTHONPATH', '/opt/ros/humble/lib/python3.10/site-packages:/opt/ros/humble/local/lib/python3.10/dist-packages'), ('LC_NUMERIC', 'es_CO.UTF-8'), ('LC_PAPER', 'es_CO.UTF-8'), ('COLCON', '1'), ('VTE_VERSION', '6800'), ('CMAKE_PREFIX_PATH', '/opt/ros/humble')]), 'shell': False}
[2.153233] (-) TimerEvent: {}
[2.256927] (-) TimerEvent: {}
[2.258961] (arm_msgs) StdoutLine: {'line': b'[ 79%] Built target arm_msgs\n'}
[2.357464] (-) TimerEvent: {}
[2.441361] (arm_msgs) StdoutLine: {'line': b'[ 80%] Built target arm_msgs__py\n'}
[2.457595] (-) TimerEvent: {}
[2.560053] (-) TimerEvent: {}
[2.578311] (arm_controller) StdoutLine: {'line': b'\x1b[35m\x1b[1mConsolidate compiler generated dependencies of target slider_control\x1b[0m\n'}
[2.662180] (-) TimerEvent: {}
[2.700009] (arm_msgs) StdoutLine: {'line': b'\x1b[35m\x1b[1mConsolidate compiler generated dependencies of target arm_msgs__rosidl_generator_py\x1b[0m\n'}
[2.764921] (-) TimerEvent: {}
[2.776014] (arm_controller) StdoutLine: {'line': b'[ 25%] \x1b[32mBuilding CXX object CMakeFiles/arm_controller.dir/src/arm_interface.cpp.o\x1b[0m\n'}
[2.861014] (arm_controller) StdoutLine: {'line': b'[ 75%] Built target slider_control\n'}
[2.872149] (-) TimerEvent: {}
[2.978343] (arm_msgs) StdoutLine: {'line': b'[ 90%] Built target arm_msgs__rosidl_generator_py\n'}
[2.979102] (-) TimerEvent: {}
[3.095045] (-) TimerEvent: {}
[3.196288] (-) TimerEvent: {}
[3.214037] (arm_msgs) StdoutLine: {'line': b'\x1b[35m\x1b[1mConsolidate compiler generated dependencies of target arm_msgs__rosidl_typesupport_fastrtps_c__pyext\x1b[0m\n'}
[3.297360] (-) TimerEvent: {}
[3.406192] (-) TimerEvent: {}
[3.454751] (arm_msgs) StdoutLine: {'line': b'[ 93%] Built target arm_msgs__rosidl_typesupport_fastrtps_c__pyext\n'}
[3.507952] (-) TimerEvent: {}
[3.526998] (arm_controller) StdoutLine: {'line': b'[ 75%] Built target ament_cmake_python_copy_arm_controller\n'}
[3.598374] (arm_msgs) StdoutLine: {'line': b'\x1b[35m\x1b[1mConsolidate compiler generated dependencies of target arm_msgs__rosidl_typesupport_introspection_c__pyext\x1b[0m\n'}
[3.609842] (-) TimerEvent: {}
[3.720101] (-) TimerEvent: {}
[3.784040] (arm_msgs) StdoutLine: {'line': b'[ 96%] Built target arm_msgs__rosidl_typesupport_introspection_c__pyext\n'}
[3.820765] (-) TimerEvent: {}
[3.930685] (-) TimerEvent: {}
[3.962977] (arm_msgs) StdoutLine: {'line': b'\x1b[35m\x1b[1mConsolidate compiler generated dependencies of target arm_msgs__rosidl_typesupport_c__pyext\x1b[0m\n'}
[4.035928] (-) TimerEvent: {}
[4.142888] (-) TimerEvent: {}
[4.236736] (arm_msgs) StdoutLine: {'line': b'[100%] Built target arm_msgs__rosidl_typesupport_c__pyext\n'}
[4.246932] (-) TimerEvent: {}
[4.347473] (-) TimerEvent: {}
[4.455145] (-) TimerEvent: {}
[4.556538] (-) TimerEvent: {}
[4.657551] (-) TimerEvent: {}
[4.764018] (-) TimerEvent: {}
[4.866899] (-) TimerEvent: {}
[4.967478] (-) TimerEvent: {}
[5.069952] (-) TimerEvent: {}
[5.174015] (-) TimerEvent: {}
[5.234904] (arm_msgs) StdoutLine: {'line': b'running egg_info\n'}
[5.240575] (arm_msgs) StdoutLine: {'line': b'writing arm_msgs.egg-info/PKG-INFO\n'}
[5.246617] (arm_msgs) StdoutLine: {'line': b'writing dependency_links to arm_msgs.egg-info/dependency_links.txt\n'}
[5.247573] (arm_msgs) StdoutLine: {'line': b'writing top-level names to arm_msgs.egg-info/top_level.txt\n'}
[5.258772] (arm_msgs) StdoutLine: {'line': b"reading manifest file 'arm_msgs.egg-info/SOURCES.txt'\n"}
[5.263780] (arm_msgs) StdoutLine: {'line': b"writing manifest file 'arm_msgs.egg-info/SOURCES.txt'\n"}
[5.274150] (-) TimerEvent: {}
[5.385156] (-) TimerEvent: {}
[5.470989] (arm_msgs) StdoutLine: {'line': b'[100%] Built target ament_cmake_python_build_arm_msgs_egg\n'}
[5.486897] (-) TimerEvent: {}
[5.580109] (arm_msgs) CommandEnded: {'returncode': 0}
[5.600484] (-) TimerEvent: {}
[5.702033] (-) TimerEvent: {}
[5.806682] (-) TimerEvent: {}
[5.907613] (-) TimerEvent: {}
[6.010255] (-) TimerEvent: {}
[6.114531] (-) TimerEvent: {}
[6.216487] (-) TimerEvent: {}
[6.295990] (arm_controller) StdoutLine: {'line': b'running egg_info\n'}
[6.298276] (arm_controller) StdoutLine: {'line': b'creating arm_controller.egg-info\n'}
[6.304774] (arm_controller) StdoutLine: {'line': b'writing arm_controller.egg-info/PKG-INFO\n'}
[6.310061] (arm_controller) StdoutLine: {'line': b'writing dependency_links to arm_controller.egg-info/dependency_links.txt\n'}
[6.313905] (arm_controller) StdoutLine: {'line': b'writing top-level names to arm_controller.egg-info/top_level.txt\n'}
[6.316508] (arm_controller) StdoutLine: {'line': b"writing manifest file 'arm_controller.egg-info/SOURCES.txt'\n"}
[6.316923] (-) TimerEvent: {}
[6.332111] (arm_controller) StdoutLine: {'line': b"reading manifest file 'arm_controller.egg-info/SOURCES.txt'\n"}
[6.337966] (arm_controller) StdoutLine: {'line': b"writing manifest file 'arm_controller.egg-info/SOURCES.txt'\n"}
[6.417889] (-) TimerEvent: {}
[6.523784] (-) TimerEvent: {}
[6.628671] (-) TimerEvent: {}
[6.656729] (arm_controller) StdoutLine: {'line': b'[ 75%] Built target ament_cmake_python_build_arm_controller_egg\n'}
[6.731472] (-) TimerEvent: {}
[6.836741] (-) TimerEvent: {}
[6.940796] (-) TimerEvent: {}
[7.041522] (-) TimerEvent: {}
[7.142949] (-) TimerEvent: {}
[7.244919] (-) TimerEvent: {}
[7.349703] (-) TimerEvent: {}
[7.453915] (-) TimerEvent: {}
[7.554535] (-) TimerEvent: {}
[7.659194] (-) TimerEvent: {}
[7.765990] (-) TimerEvent: {}
[7.866965] (-) TimerEvent: {}
[7.968209] (-) TimerEvent: {}
[8.068705] (-) TimerEvent: {}
[8.137301] (arm_msgs) JobProgress: {'identifier': 'arm_msgs', 'progress': 'install'}
[8.137441] (arm_msgs) Command: {'cmd': ['/usr/bin/cmake', '--install', '/home/ros/arm_ws/build/arm_msgs'], 'cwd': '/home/ros/arm_ws/build/arm_msgs', 'env': OrderedDict([('GJS_DEBUG_TOPICS', 'JS ERROR;JS LOG'), ('LESSOPEN', '| /usr/bin/lesspipe %s'), ('LANGUAGE', 'en_US:'), ('USER', 'ros'), ('LC_TIME', 'es_CO.UTF-8'), ('XDG_SESSION_TYPE', 'x11'), ('SHLVL', '1'), ('LD_LIBRARY_PATH', '/usr/lib/x86_64-linux-gnu/gazebo-11/plugins:/opt/ros/humble/opt/rviz_ogre_vendor/lib:/opt/ros/humble/lib/x86_64-linux-gnu:/opt/ros/humble/lib'), ('HOME', '/home/ros'), ('OLDPWD', '/home/ros'), ('DESKTOP_SESSION', 'ubuntu-xorg'), ('GIO_LAUNCHED_DESKTOP_FILE', '/usr/share/applications/terminator.desktop'), ('ROS_PYTHON_VERSION', '3'), ('GNOME_SHELL_SESSION_MODE', 'ubuntu'), ('GTK_MODULES', 'gail:atk-bridge'), ('LC_MONETARY', 'es_CO.UTF-8'), ('MANAGERPID', '979'), ('SYSTEMD_EXEC_PID', '1347'), ('DBUS_SESSION_BUS_ADDRESS', 'unix:path=/run/user/1000/bus'), ('COLORTERM', 'truecolor'), ('TERMINATOR_DBUS_NAME', 'net.tenshu.Terminator21a9d5db22c73a993ff0b42f64b396873'), ('GIO_LAUNCHED_DESKTOP_FILE_PID', '4526'), ('ROS_DISTRO', 'humble'), ('GTK_IM_MODULE', 'ibus'), ('LOGNAME', 'ros'), ('JOURNAL_STREAM', '8:20866'), ('_', '/usr/bin/colcon'), ('ROS_VERSION', '2'), ('XDG_SESSION_CLASS', 'user'), ('USERNAME', 'ros'), ('TERM', 'xterm-256color'), ('GNOME_DESKTOP_SESSION_ID', 'this-is-deprecated'), ('ROS_LOCALHOST_ONLY', '0'), ('WINDOWPATH', '2'), ('PATH', '/opt/ros/humble/bin:/home/ros/.local/bin:/usr/local/sbin:/usr/local/bin:/usr/sbin:/usr/bin:/sbin:/bin:/usr/games:/usr/local/games:/snap/bin:/snap/bin'), ('SESSION_MANAGER', 'local/ros-virtual-machine:@/tmp/.ICE-unix/1316,unix/ros-virtual-machine:/tmp/.ICE-unix/1316'), ('INVOCATION_ID', '00487b699f7d4c798b6f2c9b5207b5fc'), ('XDG_MENU_PREFIX', 'gnome-'), ('LC_ADDRESS', 'es_CO.UTF-8'), ('XDG_RUNTIME_DIR', '/run/user/1000'), ('DISPLAY', ':0'), ('TERMINATOR_DBUS_PATH', '/net/tenshu/Terminator2'), ('LANG', 'en_US.UTF-8'), ('XDG_CURRENT_DESKTOP', 'ubuntu:GNOME'), ('IBUS_DISABLE_SNOOPER', '1'), ('LC_TELEPHONE', 'es_CO.UTF-8'), ('XMODIFIERS', '@im=ibus'), ('XDG_SESSION_DESKTOP', 'ubuntu-xorg'), ('XAUTHORITY', '/run/user/1000/gdm/Xauthority'), ('LS_COLORS', 'rs=0:di=01;34:ln=01;36:mh=00:pi=40;33:so=01;35:do=01;35:bd=40;33;01:cd=40;33;01:or=40;31;01:mi=00:su=37;41:sg=30;43:ca=30;41:tw=30;42:ow=34;42:st=37;44:ex=01;32:*.tar=01;31:*.tgz=01;31:*.arc=01;31:*.arj=01;31:*.taz=01;31:*.lha=01;31:*.lz4=01;31:*.lzh=01;31:*.lzma=01;31:*.tlz=01;31:*.txz=01;31:*.tzo=01;31:*.t7z=01;31:*.zip=01;31:*.z=01;31:*.dz=01;31:*.gz=01;31:*.lrz=01;31:*.lz=01;31:*.lzo=01;31:*.xz=01;31:*.zst=01;31:*.tzst=01;31:*.bz2=01;31:*.bz=01;31:*.tbz=01;31:*.tbz2=01;31:*.tz=01;31:*.deb=01;31:*.rpm=01;31:*.jar=01;31:*.war=01;31:*.ear=01;31:*.sar=01;31:*.rar=01;31:*.alz=01;31:*.ace=01;31:*.zoo=01;31:*.cpio=01;31:*.7z=01;31:*.rz=01;31:*.cab=01;31:*.wim=01;31:*.swm=01;31:*.dwm=01;31:*.esd=01;31:*.jpg=01;35:*.jpeg=01;35:*.mjpg=01;35:*.mjpeg=01;35:*.gif=01;35:*.bmp=01;35:*.pbm=01;35:*.pgm=01;35:*.ppm=01;35:*.tga=01;35:*.xbm=01;35:*.xpm=01;35:*.tif=01;35:*.tiff=01;35:*.png=01;35:*.svg=01;35:*.svgz=01;35:*.mng=01;35:*.pcx=01;35:*.mov=01;35:*.mpg=01;35:*.mpeg=01;35:*.m2v=01;35:*.mkv=01;35:*.webm=01;35:*.webp=01;35:*.ogm=01;35:*.mp4=01;35:*.m4v=01;35:*.mp4v=01;35:*.vob=01;35:*.qt=01;35:*.nuv=01;35:*.wmv=01;35:*.asf=01;35:*.rm=01;35:*.rmvb=01;35:*.flc=01;35:*.avi=01;35:*.fli=01;35:*.flv=01;35:*.gl=01;35:*.dl=01;35:*.xcf=01;35:*.xwd=01;35:*.yuv=01;35:*.cgm=01;35:*.emf=01;35:*.ogv=01;35:*.ogx=01;35:*.aac=00;36:*.au=00;36:*.flac=00;36:*.m4a=00;36:*.mid=00;36:*.midi=00;36:*.mka=00;36:*.mp3=00;36:*.mpc=00;36:*.ogg=00;36:*.ra=00;36:*.wav=00;36:*.oga=00;36:*.opus=00;36:*.spx=00;36:*.xspf=00;36:'), ('SSH_AGENT_LAUNCHER', 'gnome-keyring'), ('SSH_AUTH_SOCK', '/run/user/1000/keyring/ssh'), ('AMENT_PREFIX_PATH', '/opt/ros/humble'), ('SHELL', '/bin/bash'), ('LC_NAME', 'es_CO.UTF-8'), ('TERMINATOR_UUID', 'urn:uuid:1623e010-cd7e-4313-86eb-01e292c650ef'), ('QT_ACCESSIBILITY', '1'), ('GDMSESSION', 'ubuntu-xorg'), ('LESSCLOSE', '/usr/bin/lesspipe %s %s'), ('LC_MEASUREMENT', 'es_CO.UTF-8'), ('GPG_AGENT_INFO', '/run/user/1000/gnupg/S.gpg-agent:0:1'), ('GJS_DEBUG_OUTPUT', 'stderr'), ('LC_IDENTIFICATION', 'es_CO.UTF-8'), ('QT_IM_MODULE', 'ibus'), ('PWD', '/home/ros/arm_ws/build/arm_msgs'), ('LC_ALL', 'en_US.UTF-8'), ('XDG_CONFIG_DIRS', '/etc/xdg/xdg-ubuntu-xorg:/etc/xdg'), ('XDG_DATA_DIRS', '/usr/share/ubuntu-xorg:/usr/share/gnome:/usr/local/share/:/usr/share/:/var/lib/snapd/desktop'), ('PYTHONPATH', '/opt/ros/humble/lib/python3.10/site-packages:/opt/ros/humble/local/lib/python3.10/dist-packages'), ('LC_NUMERIC', 'es_CO.UTF-8'), ('LC_PAPER', 'es_CO.UTF-8'), ('COLCON', '1'), ('VTE_VERSION', '6800'), ('CMAKE_PREFIX_PATH', '/opt/ros/humble')]), 'shell': False}
[8.177941] (-) TimerEvent: {}
[8.201927] (arm_msgs) StdoutLine: {'line': b'-- Install configuration: ""\n'}
[8.204999] (arm_msgs) StdoutLine: {'line': b'-- Installing: /home/ros/arm_ws/install/arm_msgs/share/ament_index/resource_index/rosidl_interfaces/arm_msgs\n'}
[8.207541] (arm_msgs) StdoutLine: {'line': b'-- Installing: /home/ros/arm_ws/install/arm_msgs/include/arm_msgs/arm_msgs\n'}
[8.207939] (arm_msgs) StdoutLine: {'line': b'-- Installing: /home/ros/arm_ws/install/arm_msgs/include/arm_msgs/arm_msgs/msg\n'}
[8.215076] (arm_msgs) StdoutLine: {'line': b'-- Installing: /home/ros/arm_ws/install/arm_msgs/include/arm_msgs/arm_msgs/msg/rosidl_generator_c__visibility_control.h\n'}
[8.215520] (arm_msgs) StdoutLine: {'line': b'-- Installing: /home/ros/arm_ws/install/arm_msgs/include/arm_msgs/arm_msgs/srv\n'}
[8.215740] (arm_msgs) StdoutLine: {'line': b'-- Installing: /home/ros/arm_ws/install/arm_msgs/include/arm_msgs/arm_msgs/srv/euler_to_quaternion.h\n'}
[8.224657] (arm_msgs) StdoutLine: {'line': b'-- Installing: /home/ros/arm_ws/install/arm_msgs/include/arm_msgs/arm_msgs/srv/detail\n'}
[8.225089] (arm_msgs) StdoutLine: {'line': b'-- Installing: /home/ros/arm_ws/install/arm_msgs/include/arm_msgs/arm_msgs/srv/detail/quaternion_to_euler__functions.c\n'}
[8.225326] (arm_msgs) StdoutLine: {'line': b'-- Installing: /home/ros/arm_ws/install/arm_msgs/include/arm_msgs/arm_msgs/srv/detail/euler_to_quaternion__functions.c\n'}
[8.225564] (arm_msgs) StdoutLine: {'line': b'-- Installing: /home/ros/arm_ws/install/arm_msgs/include/arm_msgs/arm_msgs/srv/detail/quaternion_to_euler__struct.h\n'}
[8.231859] (arm_msgs) StdoutLine: {'line': b'-- Installing: /home/ros/arm_ws/install/arm_msgs/include/arm_msgs/arm_msgs/srv/detail/add_two_ints__functions.c\n'}
[8.232366] (arm_msgs) StdoutLine: {'line': b'-- Installing: /home/ros/arm_ws/install/arm_msgs/include/arm_msgs/arm_msgs/srv/detail/euler_to_quaternion__functions.h\n'}
[8.239900] (arm_msgs) StdoutLine: {'line': b'-- Installing: /home/ros/arm_ws/install/arm_msgs/include/arm_msgs/arm_msgs/srv/detail/add_two_ints__type_support.h\n'}
[8.240259] (arm_msgs) StdoutLine: {'line': b'-- Installing: /home/ros/arm_ws/install/arm_msgs/include/arm_msgs/arm_msgs/srv/detail/euler_to_quaternion__type_support.h\n'}
[8.240391] (arm_msgs) StdoutLine: {'line': b'-- Installing: /home/ros/arm_ws/install/arm_msgs/include/arm_msgs/arm_msgs/srv/detail/quaternion_to_euler__functions.h\n'}
[8.240503] (arm_msgs) StdoutLine: {'line': b'-- Installing: /home/ros/arm_ws/install/arm_msgs/include/arm_msgs/arm_msgs/srv/detail/quaternion_to_euler__type_support.h\n'}
[8.240608] (arm_msgs) StdoutLine: {'line': b'-- Installing: /home/ros/arm_ws/install/arm_msgs/include/arm_msgs/arm_msgs/srv/detail/add_two_ints__functions.h\n'}
[8.240737] (arm_msgs) StdoutLine: {'line': b'-- Installing: /home/ros/arm_ws/install/arm_msgs/include/arm_msgs/arm_msgs/srv/detail/add_two_ints__struct.h\n'}
[8.240889] (arm_msgs) StdoutLine: {'line': b'-- Installing: /home/ros/arm_ws/install/arm_msgs/include/arm_msgs/arm_msgs/srv/detail/euler_to_quaternion__struct.h\n'}
[8.241034] (arm_msgs) StdoutLine: {'line': b'-- Installing: /home/ros/arm_ws/install/arm_msgs/include/arm_msgs/arm_msgs/srv/add_two_ints.h\n'}
[8.241160] (arm_msgs) StdoutLine: {'line': b'-- Installing: /home/ros/arm_ws/install/arm_msgs/include/arm_msgs/arm_msgs/srv/quaternion_to_euler.h\n'}
[8.243928] (arm_msgs) StdoutLine: {'line': b'-- Installing: /home/ros/arm_ws/install/arm_msgs/include/arm_msgs/arm_msgs/action\n'}
[8.244479] (arm_msgs) StdoutLine: {'line': b'-- Installing: /home/ros/arm_ws/install/arm_msgs/include/arm_msgs/arm_msgs/action/fibonacci.h\n'}
[8.244713] (arm_msgs) StdoutLine: {'line': b'-- Installing: /home/ros/arm_ws/install/arm_msgs/include/arm_msgs/arm_msgs/action/arm_task.h\n'}
[8.250123] (arm_msgs) StdoutLine: {'line': b'-- Installing: /home/ros/arm_ws/install/arm_msgs/include/arm_msgs/arm_msgs/action/detail\n'}
[8.250519] (arm_msgs) StdoutLine: {'line': b'-- Installing: /home/ros/arm_ws/install/arm_msgs/include/arm_msgs/arm_msgs/action/detail/fibonacci__functions.c\n'}
[8.250657] (arm_msgs) StdoutLine: {'line': b'-- Installing: /home/ros/arm_ws/install/arm_msgs/include/arm_msgs/arm_msgs/action/detail/arm_task__struct.h\n'}
[8.250765] (arm_msgs) StdoutLine: {'line': b'-- Installing: /home/ros/arm_ws/install/arm_msgs/include/arm_msgs/arm_msgs/action/detail/fibonacci__functions.h\n'}
[8.256171] (arm_msgs) StdoutLine: {'line': b'-- Installing: /home/ros/arm_ws/install/arm_msgs/include/arm_msgs/arm_msgs/action/detail/fibonacci__struct.h\n'}
[8.256353] (arm_msgs) StdoutLine: {'line': b'-- Installing: /home/ros/arm_ws/install/arm_msgs/include/arm_msgs/arm_msgs/action/detail/arm_task__functions.c\n'}
[8.258160] (arm_msgs) StdoutLine: {'line': b'-- Installing: /home/ros/arm_ws/install/arm_msgs/include/arm_msgs/arm_msgs/action/detail/arm_task__functions.h\n'}
[8.258656] (arm_msgs) StdoutLine: {'line': b'-- Installing: /home/ros/arm_ws/install/arm_msgs/include/arm_msgs/arm_msgs/action/detail/arm_task__type_support.h\n'}
[8.261474] (arm_msgs) StdoutLine: {'line': b'-- Installing: /home/ros/arm_ws/install/arm_msgs/include/arm_msgs/arm_msgs/action/detail/fibonacci__type_support.h\n'}
[8.261768] (arm_msgs) StdoutLine: {'line': b'-- Installing: /home/ros/arm_ws/install/arm_msgs/share/arm_msgs/environment/library_path.sh\n'}
[8.262121] (arm_msgs) StdoutLine: {'line': b'-- Installing: /home/ros/arm_ws/install/arm_msgs/share/arm_msgs/environment/library_path.dsv\n'}
[8.262429] (arm_msgs) StdoutLine: {'line': b'-- Installing: /home/ros/arm_ws/install/arm_msgs/lib/libarm_msgs__rosidl_generator_c.so\n'}
[8.268994] (arm_msgs) StdoutLine: {'line': b'-- Set runtime path of "/home/ros/arm_ws/install/arm_msgs/lib/libarm_msgs__rosidl_generator_c.so" to ""\n'}
[8.269581] (arm_msgs) StdoutLine: {'line': b'-- Up-to-date: /home/ros/arm_ws/install/arm_msgs/include/arm_msgs/arm_msgs\n'}
[8.269961] (arm_msgs) StdoutLine: {'line': b'-- Up-to-date: /home/ros/arm_ws/install/arm_msgs/include/arm_msgs/arm_msgs/msg\n'}
[8.270378] (arm_msgs) StdoutLine: {'line': b'-- Installing: /home/ros/arm_ws/install/arm_msgs/include/arm_msgs/arm_msgs/msg/rosidl_typesupport_fastrtps_c__visibility_control.h\n'}
[8.270653] (arm_msgs) StdoutLine: {'line': b'-- Up-to-date: /home/ros/arm_ws/install/arm_msgs/include/arm_msgs/arm_msgs/srv\n'}
[8.278120] (-) TimerEvent: {}
[8.278367] (arm_msgs) StdoutLine: {'line': b'-- Up-to-date: /home/ros/arm_ws/install/arm_msgs/include/arm_msgs/arm_msgs/srv/detail\n'}
[8.278610] (arm_msgs) StdoutLine: {'line': b'-- Installing: /home/ros/arm_ws/install/arm_msgs/include/arm_msgs/arm_msgs/srv/detail/quaternion_to_euler__rosidl_typesupport_fastrtps_c.h\n'}
[8.278756] (arm_msgs) StdoutLine: {'line': b'-- Installing: /home/ros/arm_ws/install/arm_msgs/include/arm_msgs/arm_msgs/srv/detail/euler_to_quaternion__rosidl_typesupport_fastrtps_c.h\n'}
[8.278910] (arm_msgs) StdoutLine: {'line': b'-- Installing: /home/ros/arm_ws/install/arm_msgs/include/arm_msgs/arm_msgs/srv/detail/add_two_ints__rosidl_typesupport_fastrtps_c.h\n'}
[8.279036] (arm_msgs) StdoutLine: {'line': b'-- Up-to-date: /home/ros/arm_ws/install/arm_msgs/include/arm_msgs/arm_msgs/action\n'}
[8.279142] (arm_msgs) StdoutLine: {'line': b'-- Up-to-date: /home/ros/arm_ws/install/arm_msgs/include/arm_msgs/arm_msgs/action/detail\n'}
[8.279245] (arm_msgs) StdoutLine: {'line': b'-- Installing: /home/ros/arm_ws/install/arm_msgs/include/arm_msgs/arm_msgs/action/detail/arm_task__rosidl_typesupport_fastrtps_c.h\n'}
[8.279350] (arm_msgs) StdoutLine: {'line': b'-- Installing: /home/ros/arm_ws/install/arm_msgs/include/arm_msgs/arm_msgs/action/detail/fibonacci__rosidl_typesupport_fastrtps_c.h\n'}
[8.279486] (arm_msgs) StdoutLine: {'line': b'-- Installing: /home/ros/arm_ws/install/arm_msgs/lib/libarm_msgs__rosidl_typesupport_fastrtps_c.so\n'}
[8.285088] (arm_msgs) StdoutLine: {'line': b'-- Set runtime path of "/home/ros/arm_ws/install/arm_msgs/lib/libarm_msgs__rosidl_typesupport_fastrtps_c.so" to ""\n'}
[8.285311] (arm_msgs) StdoutLine: {'line': b'-- Up-to-date: /home/ros/arm_ws/install/arm_msgs/include/arm_msgs/arm_msgs\n'}
[8.286044] (arm_msgs) StdoutLine: {'line': b'-- Up-to-date: /home/ros/arm_ws/install/arm_msgs/include/arm_msgs/arm_msgs/srv\n'}
[8.286179] (arm_msgs) StdoutLine: {'line': b'-- Installing: /home/ros/arm_ws/install/arm_msgs/include/arm_msgs/arm_msgs/srv/euler_to_quaternion.hpp\n'}
[8.286378] (arm_msgs) StdoutLine: {'line': b'-- Installing: /home/ros/arm_ws/install/arm_msgs/include/arm_msgs/arm_msgs/srv/quaternion_to_euler.hpp\n'}
[8.286527] (arm_msgs) StdoutLine: {'line': b'-- Up-to-date: /home/ros/arm_ws/install/arm_msgs/include/arm_msgs/arm_msgs/srv/detail\n'}
[8.286676] (arm_msgs) StdoutLine: {'line': b'-- Installing: /home/ros/arm_ws/install/arm_msgs/include/arm_msgs/arm_msgs/srv/detail/euler_to_quaternion__traits.hpp\n'}
[8.292997] (arm_msgs) StdoutLine: {'line': b'-- Installing: /home/ros/arm_ws/install/arm_msgs/include/arm_msgs/arm_msgs/srv/detail/euler_to_quaternion__struct.hpp\n'}
[8.293358] (arm_msgs) StdoutLine: {'line': b'-- Installing: /home/ros/arm_ws/install/arm_msgs/include/arm_msgs/arm_msgs/srv/detail/quaternion_to_euler__struct.hpp\n'}
[8.293593] (arm_msgs) StdoutLine: {'line': b'-- Installing: /home/ros/arm_ws/install/arm_msgs/include/arm_msgs/arm_msgs/srv/detail/euler_to_quaternion__builder.hpp\n'}
[8.293868] (arm_msgs) StdoutLine: {'line': b'-- Installing: /home/ros/arm_ws/install/arm_msgs/include/arm_msgs/arm_msgs/srv/detail/add_two_ints__traits.hpp\n'}
[8.294264] (arm_msgs) StdoutLine: {'line': b'-- Installing: /home/ros/arm_ws/install/arm_msgs/include/arm_msgs/arm_msgs/srv/detail/quaternion_to_euler__traits.hpp\n'}
[8.300969] (arm_msgs) StdoutLine: {'line': b'-- Installing: /home/ros/arm_ws/install/arm_msgs/include/arm_msgs/arm_msgs/srv/detail/quaternion_to_euler__builder.hpp\n'}
[8.301315] (arm_msgs) StdoutLine: {'line': b'-- Installing: /home/ros/arm_ws/install/arm_msgs/include/arm_msgs/arm_msgs/srv/detail/add_two_ints__builder.hpp\n'}
[8.301540] (arm_msgs) StdoutLine: {'line': b'-- Installing: /home/ros/arm_ws/install/arm_msgs/include/arm_msgs/arm_msgs/srv/detail/add_two_ints__struct.hpp\n'}
[8.301885] (arm_msgs) StdoutLine: {'line': b'-- Installing: /home/ros/arm_ws/install/arm_msgs/include/arm_msgs/arm_msgs/srv/add_two_ints.hpp\n'}
[8.302194] (arm_msgs) StdoutLine: {'line': b'-- Up-to-date: /home/ros/arm_ws/install/arm_msgs/include/arm_msgs/arm_msgs/action\n'}
[8.302443] (arm_msgs) StdoutLine: {'line': b'-- Installing: /home/ros/arm_ws/install/arm_msgs/include/arm_msgs/arm_msgs/action/arm_task.hpp\n'}
[8.302961] (arm_msgs) StdoutLine: {'line': b'-- Up-to-date: /home/ros/arm_ws/install/arm_msgs/include/arm_msgs/arm_msgs/action/detail\n'}
[8.303227] (arm_msgs) StdoutLine: {'line': b'-- Installing: /home/ros/arm_ws/install/arm_msgs/include/arm_msgs/arm_msgs/action/detail/fibonacci__builder.hpp\n'}
[8.303479] (arm_msgs) StdoutLine: {'line': b'-- Installing: /home/ros/arm_ws/install/arm_msgs/include/arm_msgs/arm_msgs/action/detail/fibonacci__traits.hpp\n'}
[8.303726] (arm_msgs) StdoutLine: {'line': b'-- Installing: /home/ros/arm_ws/install/arm_msgs/include/arm_msgs/arm_msgs/action/detail/arm_task__builder.hpp\n'}
[8.307167] (arm_msgs) StdoutLine: {'line': b'-- Installing: /home/ros/arm_ws/install/arm_msgs/include/arm_msgs/arm_msgs/action/detail/arm_task__traits.hpp\n'}
[8.307448] (arm_msgs) StdoutLine: {'line': b'-- Installing: /home/ros/arm_ws/install/arm_msgs/include/arm_msgs/arm_msgs/action/detail/arm_task__struct.hpp\n'}
[8.311318] (arm_msgs) StdoutLine: {'line': b'-- Installing: /home/ros/arm_ws/install/arm_msgs/include/arm_msgs/arm_msgs/action/detail/fibonacci__struct.hpp\n'}
[8.315186] (arm_msgs) StdoutLine: {'line': b'-- Installing: /home/ros/arm_ws/install/arm_msgs/include/arm_msgs/arm_msgs/action/fibonacci.hpp\n'}
[8.315493] (arm_msgs) StdoutLine: {'line': b'-- Up-to-date: /home/ros/arm_ws/install/arm_msgs/include/arm_msgs/arm_msgs\n'}
[8.315744] (arm_msgs) StdoutLine: {'line': b'-- Up-to-date: /home/ros/arm_ws/install/arm_msgs/include/arm_msgs/arm_msgs/msg\n'}
[8.316209] (arm_msgs) StdoutLine: {'line': b'-- Installing: /home/ros/arm_ws/install/arm_msgs/include/arm_msgs/arm_msgs/msg/rosidl_typesupport_fastrtps_cpp__visibility_control.h\n'}
[8.316565] (arm_msgs) StdoutLine: {'line': b'-- Up-to-date: /home/ros/arm_ws/install/arm_msgs/include/arm_msgs/arm_msgs/srv\n'}
[8.323113] (arm_msgs) StdoutLine: {'line': b'-- Up-to-date: /home/ros/arm_ws/install/arm_msgs/include/arm_msgs/arm_msgs/srv/detail\n'}
[8.323602] (arm_msgs) StdoutLine: {'line': b'-- Installing: /home/ros/arm_ws/install/arm_msgs/include/arm_msgs/arm_msgs/srv/detail/quaternion_to_euler__rosidl_typesupport_fastrtps_cpp.hpp\n'}
[8.324261] (arm_msgs) StdoutLine: {'line': b'-- Installing: /home/ros/arm_ws/install/arm_msgs/include/arm_msgs/arm_msgs/srv/detail/add_two_ints__rosidl_typesupport_fastrtps_cpp.hpp\n'}
[8.324607] (arm_msgs) StdoutLine: {'line': b'-- Installing: /home/ros/arm_ws/install/arm_msgs/include/arm_msgs/arm_msgs/srv/detail/dds_fastrtps\n'}
[8.330154] (arm_msgs) StdoutLine: {'line': b'-- Installing: /home/ros/arm_ws/install/arm_msgs/include/arm_msgs/arm_msgs/srv/detail/euler_to_quaternion__rosidl_typesupport_fastrtps_cpp.hpp\n'}
[8.330546] (arm_msgs) StdoutLine: {'line': b'-- Up-to-date: /home/ros/arm_ws/install/arm_msgs/include/arm_msgs/arm_msgs/action\n'}
[8.330733] (arm_msgs) StdoutLine: {'line': b'-- Up-to-date: /home/ros/arm_ws/install/arm_msgs/include/arm_msgs/arm_msgs/action/detail\n'}
[8.330962] (arm_msgs) StdoutLine: {'line': b'-- Installing: /home/ros/arm_ws/install/arm_msgs/include/arm_msgs/arm_msgs/action/detail/dds_fastrtps\n'}
[8.331156] (arm_msgs) StdoutLine: {'line': b'-- Installing: /home/ros/arm_ws/install/arm_msgs/include/arm_msgs/arm_msgs/action/detail/fibonacci__rosidl_typesupport_fastrtps_cpp.hpp\n'}
[8.331351] (arm_msgs) StdoutLine: {'line': b'-- Installing: /home/ros/arm_ws/install/arm_msgs/include/arm_msgs/arm_msgs/action/detail/arm_task__rosidl_typesupport_fastrtps_cpp.hpp\n'}
[8.331575] (arm_msgs) StdoutLine: {'line': b'-- Installing: /home/ros/arm_ws/install/arm_msgs/lib/libarm_msgs__rosidl_typesupport_fastrtps_cpp.so\n'}
[8.340107] (arm_msgs) StdoutLine: {'line': b'-- Set runtime path of "/home/ros/arm_ws/install/arm_msgs/lib/libarm_msgs__rosidl_typesupport_fastrtps_cpp.so" to ""\n'}
[8.340436] (arm_msgs) StdoutLine: {'line': b'-- Up-to-date: /home/ros/arm_ws/install/arm_msgs/include/arm_msgs/arm_msgs\n'}
[8.340628] (arm_msgs) StdoutLine: {'line': b'-- Up-to-date: /home/ros/arm_ws/install/arm_msgs/include/arm_msgs/arm_msgs/msg\n'}
[8.340788] (arm_msgs) StdoutLine: {'line': b'-- Installing: /home/ros/arm_ws/install/arm_msgs/include/arm_msgs/arm_msgs/msg/rosidl_typesupport_introspection_c__visibility_control.h\n'}
[8.341055] (arm_msgs) StdoutLine: {'line': b'-- Up-to-date: /home/ros/arm_ws/install/arm_msgs/include/arm_msgs/arm_msgs/srv\n'}
[8.341260] (arm_msgs) StdoutLine: {'line': b'-- Up-to-date: /home/ros/arm_ws/install/arm_msgs/include/arm_msgs/arm_msgs/srv/detail\n'}
[8.341474] (arm_msgs) StdoutLine: {'line': b'-- Installing: /home/ros/arm_ws/install/arm_msgs/include/arm_msgs/arm_msgs/srv/detail/euler_to_quaternion__rosidl_typesupport_introspection_c.h\n'}
[8.341665] (arm_msgs) StdoutLine: {'line': b'-- Installing: /home/ros/arm_ws/install/arm_msgs/include/arm_msgs/arm_msgs/srv/detail/euler_to_quaternion__type_support.c\n'}
[8.347952] (arm_msgs) StdoutLine: {'line': b'-- Installing: /home/ros/arm_ws/install/arm_msgs/include/arm_msgs/arm_msgs/srv/detail/quaternion_to_euler__rosidl_typesupport_introspection_c.h\n'}
[8.348323] (arm_msgs) StdoutLine: {'line': b'-- Installing: /home/ros/arm_ws/install/arm_msgs/include/arm_msgs/arm_msgs/srv/detail/add_two_ints__rosidl_typesupport_introspection_c.h\n'}
[8.348630] (arm_msgs) StdoutLine: {'line': b'-- Installing: /home/ros/arm_ws/install/arm_msgs/include/arm_msgs/arm_msgs/srv/detail/add_two_ints__type_support.c\n'}
[8.348884] (arm_msgs) StdoutLine: {'line': b'-- Installing: /home/ros/arm_ws/install/arm_msgs/include/arm_msgs/arm_msgs/srv/detail/quaternion_to_euler__type_support.c\n'}
[8.349123] (arm_msgs) StdoutLine: {'line': b'-- Up-to-date: /home/ros/arm_ws/install/arm_msgs/include/arm_msgs/arm_msgs/action\n'}
[8.349334] (arm_msgs) StdoutLine: {'line': b'-- Up-to-date: /home/ros/arm_ws/install/arm_msgs/include/arm_msgs/arm_msgs/action/detail\n'}
[8.349565] (arm_msgs) StdoutLine: {'line': b'-- Installing: /home/ros/arm_ws/install/arm_msgs/include/arm_msgs/arm_msgs/action/detail/arm_task__type_support.c\n'}
[8.349768] (arm_msgs) StdoutLine: {'line': b'-- Installing: /home/ros/arm_ws/install/arm_msgs/include/arm_msgs/arm_msgs/action/detail/fibonacci__type_support.c\n'}
[8.358414] (arm_msgs) StdoutLine: {'line': b'-- Installing: /home/ros/arm_ws/install/arm_msgs/include/arm_msgs/arm_msgs/action/detail/fibonacci__rosidl_typesupport_introspection_c.h\n'}
[8.358621] (arm_msgs) StdoutLine: {'line': b'-- Installing: /home/ros/arm_ws/install/arm_msgs/include/arm_msgs/arm_msgs/action/detail/arm_task__rosidl_typesupport_introspection_c.h\n'}
[8.358750] (arm_msgs) StdoutLine: {'line': b'-- Installing: /home/ros/arm_ws/install/arm_msgs/lib/libarm_msgs__rosidl_typesupport_introspection_c.so\n'}
[8.358894] (arm_msgs) StdoutLine: {'line': b'-- Set runtime path of "/home/ros/arm_ws/install/arm_msgs/lib/libarm_msgs__rosidl_typesupport_introspection_c.so" to ""\n'}
[8.359007] (arm_msgs) StdoutLine: {'line': b'-- Installing: /home/ros/arm_ws/install/arm_msgs/lib/libarm_msgs__rosidl_typesupport_c.so\n'}
[8.359109] (arm_msgs) StdoutLine: {'line': b'-- Set runtime path of "/home/ros/arm_ws/install/arm_msgs/lib/libarm_msgs__rosidl_typesupport_c.so" to ""\n'}
[8.359210] (arm_msgs) StdoutLine: {'line': b'-- Up-to-date: /home/ros/arm_ws/install/arm_msgs/include/arm_msgs/arm_msgs\n'}
[8.359308] (arm_msgs) StdoutLine: {'line': b'-- Up-to-date: /home/ros/arm_ws/install/arm_msgs/include/arm_msgs/arm_msgs/srv\n'}
[8.359427] (arm_msgs) StdoutLine: {'line': b'-- Up-to-date: /home/ros/arm_ws/install/arm_msgs/include/arm_msgs/arm_msgs/srv/detail\n'}
[8.359528] (arm_msgs) StdoutLine: {'line': b'-- Installing: /home/ros/arm_ws/install/arm_msgs/include/arm_msgs/arm_msgs/srv/detail/add_two_ints__type_support.cpp\n'}
[8.359626] (arm_msgs) StdoutLine: {'line': b'-- Installing: /home/ros/arm_ws/install/arm_msgs/include/arm_msgs/arm_msgs/srv/detail/quaternion_to_euler__type_support.cpp\n'}
[8.359740] (arm_msgs) StdoutLine: {'line': b'-- Installing: /home/ros/arm_ws/install/arm_msgs/include/arm_msgs/arm_msgs/srv/detail/euler_to_quaternion__type_support.cpp\n'}
[8.368161] (arm_msgs) StdoutLine: {'line': b'-- Installing: /home/ros/arm_ws/install/arm_msgs/include/arm_msgs/arm_msgs/srv/detail/euler_to_quaternion__rosidl_typesupport_introspection_cpp.hpp\n'}
[8.368607] (arm_msgs) StdoutLine: {'line': b'-- Installing: /home/ros/arm_ws/install/arm_msgs/include/arm_msgs/arm_msgs/srv/detail/add_two_ints__rosidl_typesupport_introspection_cpp.hpp\n'}
[8.369128] (arm_msgs) StdoutLine: {'line': b'-- Installing: /home/ros/arm_ws/install/arm_msgs/include/arm_msgs/arm_msgs/srv/detail/quaternion_to_euler__rosidl_typesupport_introspection_cpp.hpp\n'}
[8.369368] (arm_msgs) StdoutLine: {'line': b'-- Up-to-date: /home/ros/arm_ws/install/arm_msgs/include/arm_msgs/arm_msgs/action\n'}
[8.369496] (arm_msgs) StdoutLine: {'line': b'-- Up-to-date: /home/ros/arm_ws/install/arm_msgs/include/arm_msgs/arm_msgs/action/detail\n'}
[8.369605] (arm_msgs) StdoutLine: {'line': b'-- Installing: /home/ros/arm_ws/install/arm_msgs/include/arm_msgs/arm_msgs/action/detail/fibonacci__rosidl_typesupport_introspection_cpp.hpp\n'}
[8.369707] (arm_msgs) StdoutLine: {'line': b'-- Installing: /home/ros/arm_ws/install/arm_msgs/include/arm_msgs/arm_msgs/action/detail/arm_task__rosidl_typesupport_introspection_cpp.hpp\n'}
[8.373908] (arm_msgs) StdoutLine: {'line': b'-- Installing: /home/ros/arm_ws/install/arm_msgs/include/arm_msgs/arm_msgs/action/detail/fibonacci__type_support.cpp\n'}
[8.374288] (arm_msgs) StdoutLine: {'line': b'-- Installing: /home/ros/arm_ws/install/arm_msgs/include/arm_msgs/arm_msgs/action/detail/arm_task__type_support.cpp\n'}
[8.374557] (arm_msgs) StdoutLine: {'line': b'-- Installing: /home/ros/arm_ws/install/arm_msgs/lib/libarm_msgs__rosidl_typesupport_introspection_cpp.so\n'}
[8.374760] (arm_msgs) StdoutLine: {'line': b'-- Set runtime path of "/home/ros/arm_ws/install/arm_msgs/lib/libarm_msgs__rosidl_typesupport_introspection_cpp.so" to ""\n'}
[8.375034] (arm_msgs) StdoutLine: {'line': b'-- Installing: /home/ros/arm_ws/install/arm_msgs/lib/libarm_msgs__rosidl_typesupport_cpp.so\n'}
[8.375274] (arm_msgs) StdoutLine: {'line': b'-- Set runtime path of "/home/ros/arm_ws/install/arm_msgs/lib/libarm_msgs__rosidl_typesupport_cpp.so" to ""\n'}
[8.375473] (arm_msgs) StdoutLine: {'line': b'-- Installing: /home/ros/arm_ws/install/arm_msgs/share/arm_msgs/environment/pythonpath.sh\n'}
[8.375659] (arm_msgs) StdoutLine: {'line': b'-- Installing: /home/ros/arm_ws/install/arm_msgs/share/arm_msgs/environment/pythonpath.dsv\n'}
[8.379951] (-) TimerEvent: {}
[8.383005] (arm_msgs) StdoutLine: {'line': b'-- Installing: /home/ros/arm_ws/install/arm_msgs/local/lib/python3.10/dist-packages/arm_msgs-0.0.0-py3.10.egg-info\n'}
[8.383407] (arm_msgs) StdoutLine: {'line': b'-- Installing: /home/ros/arm_ws/install/arm_msgs/local/lib/python3.10/dist-packages/arm_msgs-0.0.0-py3.10.egg-info/dependency_links.txt\n'}
[8.385900] (arm_msgs) StdoutLine: {'line': b'-- Installing: /home/ros/arm_ws/install/arm_msgs/local/lib/python3.10/dist-packages/arm_msgs-0.0.0-py3.10.egg-info/SOURCES.txt\n'}
[8.386318] (arm_msgs) StdoutLine: {'line': b'-- Installing: /home/ros/arm_ws/install/arm_msgs/local/lib/python3.10/dist-packages/arm_msgs-0.0.0-py3.10.egg-info/PKG-INFO\n'}
[8.386554] (arm_msgs) StdoutLine: {'line': b'-- Installing: /home/ros/arm_ws/install/arm_msgs/local/lib/python3.10/dist-packages/arm_msgs-0.0.0-py3.10.egg-info/top_level.txt\n'}
[8.386746] (arm_msgs) StdoutLine: {'line': b'-- Installing: /home/ros/arm_ws/install/arm_msgs/local/lib/python3.10/dist-packages/arm_msgs\n'}
[8.386988] (arm_msgs) StdoutLine: {'line': b'-- Installing: /home/ros/arm_ws/install/arm_msgs/local/lib/python3.10/dist-packages/arm_msgs/arm_msgs_s__rosidl_typesupport_introspection_c.cpython-310-x86_64-linux-gnu.so\n'}
[8.387327] (arm_msgs) StdoutLine: {'line': b'-- Installing: /home/ros/arm_ws/install/arm_msgs/local/lib/python3.10/dist-packages/arm_msgs/_arm_msgs_s.ep.rosidl_typesupport_c.c\n'}
[8.387556] (arm_msgs) StdoutLine: {'line': b'-- Installing: /home/ros/arm_ws/install/arm_msgs/local/lib/python3.10/dist-packages/arm_msgs/_arm_msgs_s.ep.rosidl_typesupport_fastrtps_c.c\n'}
[8.387767] (arm_msgs) StdoutLine: {'line': b'-- Installing: /home/ros/arm_ws/install/arm_msgs/local/lib/python3.10/dist-packages/arm_msgs/libarm_msgs__rosidl_generator_py.so\n'}
[8.394122] (arm_msgs) StdoutLine: {'line': b'-- Installing: /home/ros/arm_ws/install/arm_msgs/local/lib/python3.10/dist-packages/arm_msgs/_arm_msgs_s.ep.rosidl_typesupport_introspection_c.c\n'}
[8.394269] (arm_msgs) StdoutLine: {'line': b'-- Installing: /home/ros/arm_ws/install/arm_msgs/local/lib/python3.10/dist-packages/arm_msgs/arm_msgs_s__rosidl_typesupport_c.cpython-310-x86_64-linux-gnu.so\n'}
[8.394382] (arm_msgs) StdoutLine: {'line': b'-- Installing: /home/ros/arm_ws/install/arm_msgs/local/lib/python3.10/dist-packages/arm_msgs/__init__.py\n'}
[8.394506] (arm_msgs) StdoutLine: {'line': b'-- Installing: /home/ros/arm_ws/install/arm_msgs/local/lib/python3.10/dist-packages/arm_msgs/srv\n'}
[8.394613] (arm_msgs) StdoutLine: {'line': b'-- Installing: /home/ros/arm_ws/install/arm_msgs/local/lib/python3.10/dist-packages/arm_msgs/srv/_add_two_ints.py\n'}
[8.394715] (arm_msgs) StdoutLine: {'line': b'-- Installing: /home/ros/arm_ws/install/arm_msgs/local/lib/python3.10/dist-packages/arm_msgs/srv/_add_two_ints_s.c\n'}
[8.394839] (arm_msgs) StdoutLine: {'line': b'-- Installing: /home/ros/arm_ws/install/arm_msgs/local/lib/python3.10/dist-packages/arm_msgs/srv/_quaternion_to_euler.py\n'}
[8.394967] (arm_msgs) StdoutLine: {'line': b'-- Installing: /home/ros/arm_ws/install/arm_msgs/local/lib/python3.10/dist-packages/arm_msgs/srv/__init__.py\n'}
[8.395069] (arm_msgs) StdoutLine: {'line': b'-- Installing: /home/ros/arm_ws/install/arm_msgs/local/lib/python3.10/dist-packages/arm_msgs/srv/_euler_to_quaternion_s.c\n'}
[8.395168] (arm_msgs) StdoutLine: {'line': b'-- Installing: /home/ros/arm_ws/install/arm_msgs/local/lib/python3.10/dist-packages/arm_msgs/srv/_euler_to_quaternion.py\n'}
[8.395392] (arm_msgs) StdoutLine: {'line': b'-- Installing: /home/ros/arm_ws/install/arm_msgs/local/lib/python3.10/dist-packages/arm_msgs/srv/_quaternion_to_euler_s.c\n'}
[8.395500] (arm_msgs) StdoutLine: {'line': b'-- Installing: /home/ros/arm_ws/install/arm_msgs/local/lib/python3.10/dist-packages/arm_msgs/action\n'}
[8.395600] (arm_msgs) StdoutLine: {'line': b'-- Installing: /home/ros/arm_ws/install/arm_msgs/local/lib/python3.10/dist-packages/arm_msgs/action/_fibonacci.py\n'}
[8.395699] (arm_msgs) StdoutLine: {'line': b'-- Installing: /home/ros/arm_ws/install/arm_msgs/local/lib/python3.10/dist-packages/arm_msgs/action/_arm_task.py\n'}
[8.395797] (arm_msgs) StdoutLine: {'line': b'-- Installing: /home/ros/arm_ws/install/arm_msgs/local/lib/python3.10/dist-packages/arm_msgs/action/_arm_task_s.c\n'}
[8.402242] (arm_msgs) StdoutLine: {'line': b'-- Installing: /home/ros/arm_ws/install/arm_msgs/local/lib/python3.10/dist-packages/arm_msgs/action/__init__.py\n'}
[8.402434] (arm_msgs) StdoutLine: {'line': b'-- Installing: /home/ros/arm_ws/install/arm_msgs/local/lib/python3.10/dist-packages/arm_msgs/action/_fibonacci_s.c\n'}
[8.402597] (arm_msgs) StdoutLine: {'line': b'-- Installing: /home/ros/arm_ws/install/arm_msgs/local/lib/python3.10/dist-packages/arm_msgs/arm_msgs_s__rosidl_typesupport_fastrtps_c.cpython-310-x86_64-linux-gnu.so\n'}
[8.480899] (-) TimerEvent: {}
[8.511942] (arm_msgs) StdoutLine: {'line': b"Listing '/home/ros/arm_ws/install/arm_msgs/local/lib/python3.10/dist-packages/arm_msgs'...\n"}
[8.512400] (arm_msgs) StdoutLine: {'line': b"Compiling '/home/ros/arm_ws/install/arm_msgs/local/lib/python3.10/dist-packages/arm_msgs/__init__.py'...\n"}
[8.512593] (arm_msgs) StdoutLine: {'line': b"Listing '/home/ros/arm_ws/install/arm_msgs/local/lib/python3.10/dist-packages/arm_msgs/action'...\n"}
[8.512797] (arm_msgs) StdoutLine: {'line': b"Compiling '/home/ros/arm_ws/install/arm_msgs/local/lib/python3.10/dist-packages/arm_msgs/action/__init__.py'...\n"}
[8.519355] (arm_msgs) StdoutLine: {'line': b"Compiling '/home/ros/arm_ws/install/arm_msgs/local/lib/python3.10/dist-packages/arm_msgs/action/_arm_task.py'...\n"}
[8.519604] (arm_msgs) StdoutLine: {'line': b"Compiling '/home/ros/arm_ws/install/arm_msgs/local/lib/python3.10/dist-packages/arm_msgs/action/_fibonacci.py'...\n"}
[8.520880] (arm_msgs) StdoutLine: {'line': b"Listing '/home/ros/arm_ws/install/arm_msgs/local/lib/python3.10/dist-packages/arm_msgs/srv'...\n"}
[8.521233] (arm_msgs) StdoutLine: {'line': b"Compiling '/home/ros/arm_ws/install/arm_msgs/local/lib/python3.10/dist-packages/arm_msgs/srv/__init__.py'...\n"}
[8.521472] (arm_msgs) StdoutLine: {'line': b"Compiling '/home/ros/arm_ws/install/arm_msgs/local/lib/python3.10/dist-packages/arm_msgs/srv/_add_two_ints.py'...\n"}
[8.521665] (arm_msgs) StdoutLine: {'line': b"Compiling '/home/ros/arm_ws/install/arm_msgs/local/lib/python3.10/dist-packages/arm_msgs/srv/_euler_to_quaternion.py'...\n"}
[8.529016] (arm_msgs) StdoutLine: {'line': b"Compiling '/home/ros/arm_ws/install/arm_msgs/local/lib/python3.10/dist-packages/arm_msgs/srv/_quaternion_to_euler.py'...\n"}
[8.566749] (arm_msgs) StdoutLine: {'line': b'-- Installing: /home/ros/arm_ws/install/arm_msgs/local/lib/python3.10/dist-packages/arm_msgs/arm_msgs_s__rosidl_typesupport_fastrtps_c.cpython-310-x86_64-linux-gnu.so\n'}
[8.568198] (arm_msgs) StdoutLine: {'line': b'-- Set runtime path of "/home/ros/arm_ws/install/arm_msgs/local/lib/python3.10/dist-packages/arm_msgs/arm_msgs_s__rosidl_typesupport_fastrtps_c.cpython-310-x86_64-linux-gnu.so" to ""\n'}
[8.572104] (arm_msgs) StdoutLine: {'line': b'-- Installing: /home/ros/arm_ws/install/arm_msgs/local/lib/python3.10/dist-packages/arm_msgs/arm_msgs_s__rosidl_typesupport_introspection_c.cpython-310-x86_64-linux-gnu.so\n'}
[8.574944] (arm_msgs) StdoutLine: {'line': b'-- Set runtime path of "/home/ros/arm_ws/install/arm_msgs/local/lib/python3.10/dist-packages/arm_msgs/arm_msgs_s__rosidl_typesupport_introspection_c.cpython-310-x86_64-linux-gnu.so" to ""\n'}
[8.579296] (arm_msgs) StdoutLine: {'line': b'-- Installing: /home/ros/arm_ws/install/arm_msgs/local/lib/python3.10/dist-packages/arm_msgs/arm_msgs_s__rosidl_typesupport_c.cpython-310-x86_64-linux-gnu.so\n'}
[8.580675] (arm_msgs) StdoutLine: {'line': b'-- Set runtime path of "/home/ros/arm_ws/install/arm_msgs/local/lib/python3.10/dist-packages/arm_msgs/arm_msgs_s__rosidl_typesupport_c.cpython-310-x86_64-linux-gnu.so" to ""\n'}
[8.581043] (-) TimerEvent: {}
[8.583155] (arm_msgs) StdoutLine: {'line': b'-- Installing: /home/ros/arm_ws/install/arm_msgs/lib/libarm_msgs__rosidl_generator_py.so\n'}
[8.589563] (arm_msgs) StdoutLine: {'line': b'-- Set runtime path of "/home/ros/arm_ws/install/arm_msgs/lib/libarm_msgs__rosidl_generator_py.so" to ""\n'}
[8.589874] (arm_msgs) StdoutLine: {'line': b'-- Installing: /home/ros/arm_ws/install/arm_msgs/share/arm_msgs/srv/AddTwoInts.idl\n'}
[8.591514] (arm_msgs) StdoutLine: {'line': b'-- Installing: /home/ros/arm_ws/install/arm_msgs/share/arm_msgs/srv/EulerToQuaternion.idl\n'}
[8.592876] (arm_msgs) StdoutLine: {'line': b'-- Installing: /home/ros/arm_ws/install/arm_msgs/share/arm_msgs/srv/QuaternionToEuler.idl\n'}
[8.600594] (arm_msgs) StdoutLine: {'line': b'-- Installing: /home/ros/arm_ws/install/arm_msgs/share/arm_msgs/action/Fibonacci.idl\n'}
[8.604030] (arm_msgs) StdoutLine: {'line': b'-- Installing: /home/ros/arm_ws/install/arm_msgs/share/arm_msgs/action/ArmTask.idl\n'}
[8.605161] (arm_msgs) StdoutLine: {'line': b'-- Installing: /home/ros/arm_ws/install/arm_msgs/share/arm_msgs/srv/AddTwoInts.srv\n'}
[8.607797] (arm_msgs) StdoutLine: {'line': b'-- Installing: /home/ros/arm_ws/install/arm_msgs/share/arm_msgs/srv/AddTwoInts_Request.msg\n'}
[8.612453] (arm_msgs) StdoutLine: {'line': b'-- Installing: /home/ros/arm_ws/install/arm_msgs/share/arm_msgs/srv/AddTwoInts_Response.msg\n'}
[8.613614] (arm_msgs) StdoutLine: {'line': b'-- Installing: /home/ros/arm_ws/install/arm_msgs/share/arm_msgs/srv/EulerToQuaternion.srv\n'}
[8.617954] (arm_msgs) StdoutLine: {'line': b'-- Installing: /home/ros/arm_ws/install/arm_msgs/share/arm_msgs/srv/EulerToQuaternion_Request.msg\n'}
[8.618785] (arm_msgs) StdoutLine: {'line': b'-- Installing: /home/ros/arm_ws/install/arm_msgs/share/arm_msgs/srv/EulerToQuaternion_Response.msg\n'}
[8.622254] (arm_msgs) StdoutLine: {'line': b'-- Installing: /home/ros/arm_ws/install/arm_msgs/share/arm_msgs/srv/QuaternionToEuler.srv\n'}
[8.628041] (arm_msgs) StdoutLine: {'line': b'-- Installing: /home/ros/arm_ws/install/arm_msgs/share/arm_msgs/srv/QuaternionToEuler_Request.msg\n'}
[8.628846] (arm_msgs) StdoutLine: {'line': b'-- Installing: /home/ros/arm_ws/install/arm_msgs/share/arm_msgs/srv/QuaternionToEuler_Response.msg\n'}
[8.630990] (arm_msgs) StdoutLine: {'line': b'-- Installing: /home/ros/arm_ws/install/arm_msgs/share/arm_msgs/action/Fibonacci.action\n'}
[8.631779] (arm_msgs) StdoutLine: {'line': b'-- Installing: /home/ros/arm_ws/install/arm_msgs/share/arm_msgs/action/ArmTask.action\n'}
[8.633980] (arm_msgs) StdoutLine: {'line': b'-- Installing: /home/ros/arm_ws/install/arm_msgs/share/ament_index/resource_index/package_run_dependencies/arm_msgs\n'}
[8.639209] (arm_msgs) StdoutLine: {'line': b'-- Installing: /home/ros/arm_ws/install/arm_msgs/share/ament_index/resource_index/parent_prefix_path/arm_msgs\n'}
[8.645515] (arm_msgs) StdoutLine: {'line': b'-- Installing: /home/ros/arm_ws/install/arm_msgs/share/arm_msgs/environment/ament_prefix_path.sh\n'}
[8.646239] (arm_msgs) StdoutLine: {'line': b'-- Installing: /home/ros/arm_ws/install/arm_msgs/share/arm_msgs/environment/ament_prefix_path.dsv\n'}
[8.649527] (arm_msgs) StdoutLine: {'line': b'-- Installing: /home/ros/arm_ws/install/arm_msgs/share/arm_msgs/environment/path.sh\n'}
[8.652038] (arm_msgs) StdoutLine: {'line': b'-- Installing: /home/ros/arm_ws/install/arm_msgs/share/arm_msgs/environment/path.dsv\n'}
[8.655855] (arm_msgs) StdoutLine: {'line': b'-- Installing: /home/ros/arm_ws/install/arm_msgs/share/arm_msgs/local_setup.bash\n'}
[8.656446] (arm_msgs) StdoutLine: {'line': b'-- Installing: /home/ros/arm_ws/install/arm_msgs/share/arm_msgs/local_setup.sh\n'}
[8.657019] (arm_msgs) StdoutLine: {'line': b'-- Installing: /home/ros/arm_ws/install/arm_msgs/share/arm_msgs/local_setup.zsh\n'}
[8.661386] (arm_msgs) StdoutLine: {'line': b'-- Installing: /home/ros/arm_ws/install/arm_msgs/share/arm_msgs/local_setup.dsv\n'}
[8.664687] (arm_msgs) StdoutLine: {'line': b'-- Installing: /home/ros/arm_ws/install/arm_msgs/share/arm_msgs/package.dsv\n'}
[8.665440] (arm_msgs) StdoutLine: {'line': b'-- Installing: /home/ros/arm_ws/install/arm_msgs/share/ament_index/resource_index/packages/arm_msgs\n'}
[8.666918] (arm_msgs) StdoutLine: {'line': b'-- Installing: /home/ros/arm_ws/install/arm_msgs/share/arm_msgs/cmake/export_arm_msgs__rosidl_generator_cExport.cmake\n'}
[8.672944] (arm_msgs) StdoutLine: {'line': b'-- Installing: /home/ros/arm_ws/install/arm_msgs/share/arm_msgs/cmake/export_arm_msgs__rosidl_generator_cExport-noconfig.cmake\n'}
[8.673710] (arm_msgs) StdoutLine: {'line': b'-- Installing: /home/ros/arm_ws/install/arm_msgs/share/arm_msgs/cmake/export_arm_msgs__rosidl_typesupport_fastrtps_cExport.cmake\n'}
[8.674941] (arm_msgs) StdoutLine: {'line': b'-- Installing: /home/ros/arm_ws/install/arm_msgs/share/arm_msgs/cmake/export_arm_msgs__rosidl_typesupport_fastrtps_cExport-noconfig.cmake\n'}
[8.678767] (arm_msgs) StdoutLine: {'line': b'-- Installing: /home/ros/arm_ws/install/arm_msgs/share/arm_msgs/cmake/export_arm_msgs__rosidl_generator_cppExport.cmake\n'}
[8.681014] (arm_msgs) StdoutLine: {'line': b'-- Installing: /home/ros/arm_ws/install/arm_msgs/share/arm_msgs/cmake/export_arm_msgs__rosidl_typesupport_fastrtps_cppExport.cmake\n'}
[8.681389] (-) TimerEvent: {}
[8.684630] (arm_msgs) StdoutLine: {'line': b'-- Installing: /home/ros/arm_ws/install/arm_msgs/share/arm_msgs/cmake/export_arm_msgs__rosidl_typesupport_fastrtps_cppExport-noconfig.cmake\n'}
[8.689990] (arm_msgs) StdoutLine: {'line': b'-- Installing: /home/ros/arm_ws/install/arm_msgs/share/arm_msgs/cmake/arm_msgs__rosidl_typesupport_introspection_cExport.cmake\n'}
[8.691584] (arm_msgs) StdoutLine: {'line': b'-- Installing: /home/ros/arm_ws/install/arm_msgs/share/arm_msgs/cmake/arm_msgs__rosidl_typesupport_introspection_cExport-noconfig.cmake\n'}
[8.695326] (arm_msgs) StdoutLine: {'line': b'-- Installing: /home/ros/arm_ws/install/arm_msgs/share/arm_msgs/cmake/arm_msgs__rosidl_typesupport_cExport.cmake\n'}
[8.698003] (arm_msgs) StdoutLine: {'line': b'-- Installing: /home/ros/arm_ws/install/arm_msgs/share/arm_msgs/cmake/arm_msgs__rosidl_typesupport_cExport-noconfig.cmake\n'}
[8.699386] (arm_msgs) StdoutLine: {'line': b'-- Installing: /home/ros/arm_ws/install/arm_msgs/share/arm_msgs/cmake/arm_msgs__rosidl_typesupport_introspection_cppExport.cmake\n'}
[8.703939] (arm_msgs) StdoutLine: {'line': b'-- Installing: /home/ros/arm_ws/install/arm_msgs/share/arm_msgs/cmake/arm_msgs__rosidl_typesupport_introspection_cppExport-noconfig.cmake\n'}
[8.706731] (arm_msgs) StdoutLine: {'line': b'-- Installing: /home/ros/arm_ws/install/arm_msgs/share/arm_msgs/cmake/arm_msgs__rosidl_typesupport_cppExport.cmake\n'}
[8.708901] (arm_msgs) StdoutLine: {'line': b'-- Installing: /home/ros/arm_ws/install/arm_msgs/share/arm_msgs/cmake/arm_msgs__rosidl_typesupport_cppExport-noconfig.cmake\n'}
[8.714913] (arm_msgs) StdoutLine: {'line': b'-- Installing: /home/ros/arm_ws/install/arm_msgs/share/arm_msgs/cmake/export_arm_msgs__rosidl_generator_pyExport.cmake\n'}
[8.715400] (arm_msgs) StdoutLine: {'line': b'-- Installing: /home/ros/arm_ws/install/arm_msgs/share/arm_msgs/cmake/export_arm_msgs__rosidl_generator_pyExport-noconfig.cmake\n'}
[8.718938] (arm_msgs) StdoutLine: {'line': b'-- Installing: /home/ros/arm_ws/install/arm_msgs/share/arm_msgs/cmake/rosidl_cmake-extras.cmake\n'}
[8.721888] (arm_msgs) StdoutLine: {'line': b'-- Installing: /home/ros/arm_ws/install/arm_msgs/share/arm_msgs/cmake/ament_cmake_export_dependencies-extras.cmake\n'}
[8.722301] (arm_msgs) StdoutLine: {'line': b'-- Installing: /home/ros/arm_ws/install/arm_msgs/share/arm_msgs/cmake/ament_cmake_export_include_directories-extras.cmake\n'}
[8.725714] (arm_msgs) StdoutLine: {'line': b'-- Installing: /home/ros/arm_ws/install/arm_msgs/share/arm_msgs/cmake/ament_cmake_export_libraries-extras.cmake\n'}
[8.726184] (arm_msgs) StdoutLine: {'line': b'-- Installing: /home/ros/arm_ws/install/arm_msgs/share/arm_msgs/cmake/ament_cmake_export_targets-extras.cmake\n'}
[8.728966] (arm_msgs) StdoutLine: {'line': b'-- Installing: /home/ros/arm_ws/install/arm_msgs/share/arm_msgs/cmake/rosidl_cmake_export_typesupport_targets-extras.cmake\n'}
[8.729721] (arm_msgs) StdoutLine: {'line': b'-- Installing: /home/ros/arm_ws/install/arm_msgs/share/arm_msgs/cmake/rosidl_cmake_export_typesupport_libraries-extras.cmake\n'}
[8.734562] (arm_msgs) StdoutLine: {'line': b'-- Installing: /home/ros/arm_ws/install/arm_msgs/share/arm_msgs/cmake/arm_msgsConfig.cmake\n'}
[8.735110] (arm_msgs) StdoutLine: {'line': b'-- Installing: /home/ros/arm_ws/install/arm_msgs/share/arm_msgs/cmake/arm_msgsConfig-version.cmake\n'}
[8.739941] (arm_msgs) StdoutLine: {'line': b'-- Installing: /home/ros/arm_ws/install/arm_msgs/share/arm_msgs/package.xml\n'}
[8.762657] (arm_msgs) CommandEnded: {'returncode': 0}
[8.787942] (-) TimerEvent: {}
[8.890429] (-) TimerEvent: {}
[8.991986] (-) TimerEvent: {}
[9.093934] (-) TimerEvent: {}
[9.200917] (-) TimerEvent: {}
[9.301370] (-) TimerEvent: {}
[9.403645] (-) TimerEvent: {}
[9.505290] (-) TimerEvent: {}
[9.607948] (-) TimerEvent: {}
[9.708916] (-) TimerEvent: {}
[9.810909] (-) TimerEvent: {}
[9.913537] (-) TimerEvent: {}
[10.016451] (-) TimerEvent: {}
[10.117199] (-) TimerEvent: {}
[10.219041] (-) TimerEvent: {}
[10.320135] (-) TimerEvent: {}
[10.423202] (-) TimerEvent: {}
[10.526954] (-) TimerEvent: {}
[10.630099] (-) TimerEvent: {}
[10.706345] (arm_msgs) JobEnded: {'identifier': 'arm_msgs', 'rc': 0}
[10.712408] (arm_description) JobStarted: {'identifier': 'arm_description'}
[10.730250] (-) TimerEvent: {}
[10.759703] (arm_description) JobProgress: {'identifier': 'arm_description', 'progress': 'cmake'}
[10.764863] (arm_description) Command: {'cmd': ['/usr/bin/cmake', '/home/ros/arm_ws/src/arm_description', '-DCMAKE_INSTALL_PREFIX=/home/ros/arm_ws/install/arm_description'], 'cwd': '/home/ros/arm_ws/build/arm_description', 'env': OrderedDict([('GJS_DEBUG_TOPICS', 'JS ERROR;JS LOG'), ('LESSOPEN', '| /usr/bin/lesspipe %s'), ('LANGUAGE', 'en_US:'), ('USER', 'ros'), ('LC_TIME', 'es_CO.UTF-8'), ('XDG_SESSION_TYPE', 'x11'), ('SHLVL', '1'), ('LD_LIBRARY_PATH', '/usr/lib/x86_64-linux-gnu/gazebo-11/plugins:/opt/ros/humble/opt/rviz_ogre_vendor/lib:/opt/ros/humble/lib/x86_64-linux-gnu:/opt/ros/humble/lib'), ('HOME', '/home/ros'), ('OLDPWD', '/home/ros'), ('DESKTOP_SESSION', 'ubuntu-xorg'), ('GIO_LAUNCHED_DESKTOP_FILE', '/usr/share/applications/terminator.desktop'), ('ROS_PYTHON_VERSION', '3'), ('GNOME_SHELL_SESSION_MODE', 'ubuntu'), ('GTK_MODULES', 'gail:atk-bridge'), ('LC_MONETARY', 'es_CO.UTF-8'), ('MANAGERPID', '979'), ('SYSTEMD_EXEC_PID', '1347'), ('DBUS_SESSION_BUS_ADDRESS', 'unix:path=/run/user/1000/bus'), ('COLORTERM', 'truecolor'), ('TERMINATOR_DBUS_NAME', 'net.tenshu.Terminator21a9d5db22c73a993ff0b42f64b396873'), ('GIO_LAUNCHED_DESKTOP_FILE_PID', '4526'), ('ROS_DISTRO', 'humble'), ('GTK_IM_MODULE', 'ibus'), ('LOGNAME', 'ros'), ('JOURNAL_STREAM', '8:20866'), ('_', '/usr/bin/colcon'), ('ROS_VERSION', '2'), ('XDG_SESSION_CLASS', 'user'), ('USERNAME', 'ros'), ('TERM', 'xterm-256color'), ('GNOME_DESKTOP_SESSION_ID', 'this-is-deprecated'), ('ROS_LOCALHOST_ONLY', '0'), ('WINDOWPATH', '2'), ('PATH', '/opt/ros/humble/bin:/home/ros/.local/bin:/usr/local/sbin:/usr/local/bin:/usr/sbin:/usr/bin:/sbin:/bin:/usr/games:/usr/local/games:/snap/bin:/snap/bin'), ('SESSION_MANAGER', 'local/ros-virtual-machine:@/tmp/.ICE-unix/1316,unix/ros-virtual-machine:/tmp/.ICE-unix/1316'), ('INVOCATION_ID', '00487b699f7d4c798b6f2c9b5207b5fc'), ('XDG_MENU_PREFIX', 'gnome-'), ('LC_ADDRESS', 'es_CO.UTF-8'), ('XDG_RUNTIME_DIR', '/run/user/1000'), ('DISPLAY', ':0'), ('TERMINATOR_DBUS_PATH', '/net/tenshu/Terminator2'), ('LANG', 'en_US.UTF-8'), ('XDG_CURRENT_DESKTOP', 'ubuntu:GNOME'), ('IBUS_DISABLE_SNOOPER', '1'), ('LC_TELEPHONE', 'es_CO.UTF-8'), ('XMODIFIERS', '@im=ibus'), ('XDG_SESSION_DESKTOP', 'ubuntu-xorg'), ('XAUTHORITY', '/run/user/1000/gdm/Xauthority'), ('LS_COLORS', 'rs=0:di=01;34:ln=01;36:mh=00:pi=40;33:so=01;35:do=01;35:bd=40;33;01:cd=40;33;01:or=40;31;01:mi=00:su=37;41:sg=30;43:ca=30;41:tw=30;42:ow=34;42:st=37;44:ex=01;32:*.tar=01;31:*.tgz=01;31:*.arc=01;31:*.arj=01;31:*.taz=01;31:*.lha=01;31:*.lz4=01;31:*.lzh=01;31:*.lzma=01;31:*.tlz=01;31:*.txz=01;31:*.tzo=01;31:*.t7z=01;31:*.zip=01;31:*.z=01;31:*.dz=01;31:*.gz=01;31:*.lrz=01;31:*.lz=01;31:*.lzo=01;31:*.xz=01;31:*.zst=01;31:*.tzst=01;31:*.bz2=01;31:*.bz=01;31:*.tbz=01;31:*.tbz2=01;31:*.tz=01;31:*.deb=01;31:*.rpm=01;31:*.jar=01;31:*.war=01;31:*.ear=01;31:*.sar=01;31:*.rar=01;31:*.alz=01;31:*.ace=01;31:*.zoo=01;31:*.cpio=01;31:*.7z=01;31:*.rz=01;31:*.cab=01;31:*.wim=01;31:*.swm=01;31:*.dwm=01;31:*.esd=01;31:*.jpg=01;35:*.jpeg=01;35:*.mjpg=01;35:*.mjpeg=01;35:*.gif=01;35:*.bmp=01;35:*.pbm=01;35:*.pgm=01;35:*.ppm=01;35:*.tga=01;35:*.xbm=01;35:*.xpm=01;35:*.tif=01;35:*.tiff=01;35:*.png=01;35:*.svg=01;35:*.svgz=01;35:*.mng=01;35:*.pcx=01;35:*.mov=01;35:*.mpg=01;35:*.mpeg=01;35:*.m2v=01;35:*.mkv=01;35:*.webm=01;35:*.webp=01;35:*.ogm=01;35:*.mp4=01;35:*.m4v=01;35:*.mp4v=01;35:*.vob=01;35:*.qt=01;35:*.nuv=01;35:*.wmv=01;35:*.asf=01;35:*.rm=01;35:*.rmvb=01;35:*.flc=01;35:*.avi=01;35:*.fli=01;35:*.flv=01;35:*.gl=01;35:*.dl=01;35:*.xcf=01;35:*.xwd=01;35:*.yuv=01;35:*.cgm=01;35:*.emf=01;35:*.ogv=01;35:*.ogx=01;35:*.aac=00;36:*.au=00;36:*.flac=00;36:*.m4a=00;36:*.mid=00;36:*.midi=00;36:*.mka=00;36:*.mp3=00;36:*.mpc=00;36:*.ogg=00;36:*.ra=00;36:*.wav=00;36:*.oga=00;36:*.opus=00;36:*.spx=00;36:*.xspf=00;36:'), ('SSH_AGENT_LAUNCHER', 'gnome-keyring'), ('SSH_AUTH_SOCK', '/run/user/1000/keyring/ssh'), ('AMENT_PREFIX_PATH', '/opt/ros/humble'), ('SHELL', '/bin/bash'), ('LC_NAME', 'es_CO.UTF-8'), ('TERMINATOR_UUID', 'urn:uuid:1623e010-cd7e-4313-86eb-01e292c650ef'), ('QT_ACCESSIBILITY', '1'), ('GDMSESSION', 'ubuntu-xorg'), ('LESSCLOSE', '/usr/bin/lesspipe %s %s'), ('LC_MEASUREMENT', 'es_CO.UTF-8'), ('GPG_AGENT_INFO', '/run/user/1000/gnupg/S.gpg-agent:0:1'), ('GJS_DEBUG_OUTPUT', 'stderr'), ('LC_IDENTIFICATION', 'es_CO.UTF-8'), ('QT_IM_MODULE', 'ibus'), ('PWD', '/home/ros/arm_ws/build/arm_description'), ('LC_ALL', 'en_US.UTF-8'), ('XDG_CONFIG_DIRS', '/etc/xdg/xdg-ubuntu-xorg:/etc/xdg'), ('XDG_DATA_DIRS', '/usr/share/ubuntu-xorg:/usr/share/gnome:/usr/local/share/:/usr/share/:/var/lib/snapd/desktop'), ('PYTHONPATH', '/opt/ros/humble/lib/python3.10/site-packages:/opt/ros/humble/local/lib/python3.10/dist-packages'), ('LC_NUMERIC', 'es_CO.UTF-8'), ('LC_PAPER', 'es_CO.UTF-8'), ('COLCON', '1'), ('VTE_VERSION', '6800'), ('CMAKE_PREFIX_PATH', '/opt/ros/humble')]), 'shell': False}
[10.830456] (-) TimerEvent: {}
[10.933000] (-) TimerEvent: {}
[11.037415] (-) TimerEvent: {}
[11.095103] (arm_description) StdoutLine: {'line': b'-- The C compiler identification is GNU 11.4.0\n'}
[11.140017] (-) TimerEvent: {}
[11.242944] (-) TimerEvent: {}
[11.344142] (-) TimerEvent: {}
[11.446941] (-) TimerEvent: {}
[11.484092] (arm_description) StdoutLine: {'line': b'-- The CXX compiler identification is GNU 11.4.0\n'}
[11.533502] (arm_description) StdoutLine: {'line': b'-- Detecting C compiler ABI info\n'}
[11.547135] (-) TimerEvent: {}
[11.649880] (-) TimerEvent: {}
[11.753938] (-) TimerEvent: {}
[11.856096] (-) TimerEvent: {}
[11.957053] (-) TimerEvent: {}
[11.982112] (arm_description) StdoutLine: {'line': b'-- Detecting C compiler ABI info - done\n'}
[12.055561] (arm_description) StdoutLine: {'line': b'-- Check for working C compiler: /usr/bin/cc - skipped\n'}
[12.060444] (-) TimerEvent: {}
[12.064554] (arm_description) StdoutLine: {'line': b'-- Detecting C compile features\n'}
[12.064795] (arm_description) StdoutLine: {'line': b'-- Detecting C compile features - done\n'}
[12.083195] (arm_description) StdoutLine: {'line': b'-- Detecting CXX compiler ABI info\n'}
[12.161978] (-) TimerEvent: {}
[12.264419] (-) TimerEvent: {}
[12.370283] (-) TimerEvent: {}
[12.475460] (-) TimerEvent: {}
[12.582932] (-) TimerEvent: {}
[12.689965] (-) TimerEvent: {}
[12.796456] (-) TimerEvent: {}
[12.843528] (arm_description) StdoutLine: {'line': b'-- Detecting CXX compiler ABI info - done\n'}
[12.898793] (-) TimerEvent: {}
[12.918507] (arm_description) StdoutLine: {'line': b'-- Check for working CXX compiler: /usr/bin/c++ - skipped\n'}
[12.921084] (arm_description) StdoutLine: {'line': b'-- Detecting CXX compile features\n'}
[12.932165] (arm_description) StdoutLine: {'line': b'-- Detecting CXX compile features - done\n'}
[12.951889] (arm_description) StdoutLine: {'line': b'-- Found ament_cmake: 1.3.10 (/opt/ros/humble/share/ament_cmake/cmake)\n'}
[13.004100] (-) TimerEvent: {}
[13.108157] (-) TimerEvent: {}
[13.226052] (-) TimerEvent: {}
[13.326701] (-) TimerEvent: {}
[13.431280] (-) TimerEvent: {}
[13.531738] (-) TimerEvent: {}
[13.634894] (-) TimerEvent: {}
[13.736720] (-) TimerEvent: {}
[13.845936] (-) TimerEvent: {}
[13.949433] (-) TimerEvent: {}
[14.052515] (-) TimerEvent: {}
[14.158667] (-) TimerEvent: {}
[14.264913] (-) TimerEvent: {}
[14.369971] (-) TimerEvent: {}
[14.403928] (arm_description) StdoutLine: {'line': b'-- Found Python3: /usr/bin/python3 (found version "3.10.12") found components: Interpreter \n'}
[14.470348] (-) TimerEvent: {}
[14.576196] (-) TimerEvent: {}
[14.679328] (-) TimerEvent: {}
[14.782158] (-) TimerEvent: {}
[14.887310] (-) TimerEvent: {}
[14.988976] (-) TimerEvent: {}
[15.089553] (-) TimerEvent: {}
[15.193112] (-) TimerEvent: {}
[15.214406] (arm_description) StdoutLine: {'line': b'-- Found urdf: 2.6.1 (/opt/ros/humble/share/urdf/cmake)\n'}
[15.295922] (-) TimerEvent: {}
[15.397251] (-) TimerEvent: {}
[15.501914] (-) TimerEvent: {}
[15.605467] (-) TimerEvent: {}
[15.608769] (arm_description) StdoutLine: {'line': b'-- Found ament_lint_auto: 0.12.11 (/opt/ros/humble/share/ament_lint_auto/cmake)\n'}
[15.708949] (-) TimerEvent: {}
[15.811142] (-) TimerEvent: {}
[15.912724] (-) TimerEvent: {}
[16.017038] (-) TimerEvent: {}
[16.117928] (-) TimerEvent: {}
[16.183113] (arm_description) StdoutLine: {'line': b"-- Added test 'copyright' to check source files copyright and LICENSE\n"}
[16.212767] (arm_description) StdoutLine: {'line': b"-- Added test 'flake8' to check Python code syntax and style conventions\n"}
[16.215294] (arm_description) StdoutLine: {'line': b"-- Added test 'lint_cmake' to check CMake code style\n"}
[16.219752] (-) TimerEvent: {}
[16.221568] (arm_description) StdoutLine: {'line': b"-- Added test 'pep257' to check Python code against some of the docstring style conventions in PEP 257\n"}
[16.234596] (arm_description) StdoutLine: {'line': b"-- Added test 'xmllint' to check XML markup files\n"}
[16.249916] (arm_description) StdoutLine: {'line': b'-- Configuring done\n'}
[16.266223] (arm_description) StdoutLine: {'line': b'-- Generating done\n'}
[16.269072] (arm_description) StdoutLine: {'line': b'-- Build files have been written to: /home/ros/arm_ws/build/arm_description\n'}
[16.298996] (arm_description) CommandEnded: {'returncode': 0}
[16.311060] (arm_description) JobProgress: {'identifier': 'arm_description', 'progress': 'build'}
[16.311321] (arm_description) Command: {'cmd': ['/usr/bin/cmake', '--build', '/home/ros/arm_ws/build/arm_description', '--', '-j2', '-l2'], 'cwd': '/home/ros/arm_ws/build/arm_description', 'env': OrderedDict([('GJS_DEBUG_TOPICS', 'JS ERROR;JS LOG'), ('LESSOPEN', '| /usr/bin/lesspipe %s'), ('LANGUAGE', 'en_US:'), ('USER', 'ros'), ('LC_TIME', 'es_CO.UTF-8'), ('XDG_SESSION_TYPE', 'x11'), ('SHLVL', '1'), ('LD_LIBRARY_PATH', '/usr/lib/x86_64-linux-gnu/gazebo-11/plugins:/opt/ros/humble/opt/rviz_ogre_vendor/lib:/opt/ros/humble/lib/x86_64-linux-gnu:/opt/ros/humble/lib'), ('HOME', '/home/ros'), ('OLDPWD', '/home/ros'), ('DESKTOP_SESSION', 'ubuntu-xorg'), ('GIO_LAUNCHED_DESKTOP_FILE', '/usr/share/applications/terminator.desktop'), ('ROS_PYTHON_VERSION', '3'), ('GNOME_SHELL_SESSION_MODE', 'ubuntu'), ('GTK_MODULES', 'gail:atk-bridge'), ('LC_MONETARY', 'es_CO.UTF-8'), ('MANAGERPID', '979'), ('SYSTEMD_EXEC_PID', '1347'), ('DBUS_SESSION_BUS_ADDRESS', 'unix:path=/run/user/1000/bus'), ('COLORTERM', 'truecolor'), ('TERMINATOR_DBUS_NAME', 'net.tenshu.Terminator21a9d5db22c73a993ff0b42f64b396873'), ('GIO_LAUNCHED_DESKTOP_FILE_PID', '4526'), ('ROS_DISTRO', 'humble'), ('GTK_IM_MODULE', 'ibus'), ('LOGNAME', 'ros'), ('JOURNAL_STREAM', '8:20866'), ('_', '/usr/bin/colcon'), ('ROS_VERSION', '2'), ('XDG_SESSION_CLASS', 'user'), ('USERNAME', 'ros'), ('TERM', 'xterm-256color'), ('GNOME_DESKTOP_SESSION_ID', 'this-is-deprecated'), ('ROS_LOCALHOST_ONLY', '0'), ('WINDOWPATH', '2'), ('PATH', '/opt/ros/humble/bin:/home/ros/.local/bin:/usr/local/sbin:/usr/local/bin:/usr/sbin:/usr/bin:/sbin:/bin:/usr/games:/usr/local/games:/snap/bin:/snap/bin'), ('SESSION_MANAGER', 'local/ros-virtual-machine:@/tmp/.ICE-unix/1316,unix/ros-virtual-machine:/tmp/.ICE-unix/1316'), ('INVOCATION_ID', '00487b699f7d4c798b6f2c9b5207b5fc'), ('XDG_MENU_PREFIX', 'gnome-'), ('LC_ADDRESS', 'es_CO.UTF-8'), ('XDG_RUNTIME_DIR', '/run/user/1000'), ('DISPLAY', ':0'), ('TERMINATOR_DBUS_PATH', '/net/tenshu/Terminator2'), ('LANG', 'en_US.UTF-8'), ('XDG_CURRENT_DESKTOP', 'ubuntu:GNOME'), ('IBUS_DISABLE_SNOOPER', '1'), ('LC_TELEPHONE', 'es_CO.UTF-8'), ('XMODIFIERS', '@im=ibus'), ('XDG_SESSION_DESKTOP', 'ubuntu-xorg'), ('XAUTHORITY', '/run/user/1000/gdm/Xauthority'), ('LS_COLORS', 'rs=0:di=01;34:ln=01;36:mh=00:pi=40;33:so=01;35:do=01;35:bd=40;33;01:cd=40;33;01:or=40;31;01:mi=00:su=37;41:sg=30;43:ca=30;41:tw=30;42:ow=34;42:st=37;44:ex=01;32:*.tar=01;31:*.tgz=01;31:*.arc=01;31:*.arj=01;31:*.taz=01;31:*.lha=01;31:*.lz4=01;31:*.lzh=01;31:*.lzma=01;31:*.tlz=01;31:*.txz=01;31:*.tzo=01;31:*.t7z=01;31:*.zip=01;31:*.z=01;31:*.dz=01;31:*.gz=01;31:*.lrz=01;31:*.lz=01;31:*.lzo=01;31:*.xz=01;31:*.zst=01;31:*.tzst=01;31:*.bz2=01;31:*.bz=01;31:*.tbz=01;31:*.tbz2=01;31:*.tz=01;31:*.deb=01;31:*.rpm=01;31:*.jar=01;31:*.war=01;31:*.ear=01;31:*.sar=01;31:*.rar=01;31:*.alz=01;31:*.ace=01;31:*.zoo=01;31:*.cpio=01;31:*.7z=01;31:*.rz=01;31:*.cab=01;31:*.wim=01;31:*.swm=01;31:*.dwm=01;31:*.esd=01;31:*.jpg=01;35:*.jpeg=01;35:*.mjpg=01;35:*.mjpeg=01;35:*.gif=01;35:*.bmp=01;35:*.pbm=01;35:*.pgm=01;35:*.ppm=01;35:*.tga=01;35:*.xbm=01;35:*.xpm=01;35:*.tif=01;35:*.tiff=01;35:*.png=01;35:*.svg=01;35:*.svgz=01;35:*.mng=01;35:*.pcx=01;35:*.mov=01;35:*.mpg=01;35:*.mpeg=01;35:*.m2v=01;35:*.mkv=01;35:*.webm=01;35:*.webp=01;35:*.ogm=01;35:*.mp4=01;35:*.m4v=01;35:*.mp4v=01;35:*.vob=01;35:*.qt=01;35:*.nuv=01;35:*.wmv=01;35:*.asf=01;35:*.rm=01;35:*.rmvb=01;35:*.flc=01;35:*.avi=01;35:*.fli=01;35:*.flv=01;35:*.gl=01;35:*.dl=01;35:*.xcf=01;35:*.xwd=01;35:*.yuv=01;35:*.cgm=01;35:*.emf=01;35:*.ogv=01;35:*.ogx=01;35:*.aac=00;36:*.au=00;36:*.flac=00;36:*.m4a=00;36:*.mid=00;36:*.midi=00;36:*.mka=00;36:*.mp3=00;36:*.mpc=00;36:*.ogg=00;36:*.ra=00;36:*.wav=00;36:*.oga=00;36:*.opus=00;36:*.spx=00;36:*.xspf=00;36:'), ('SSH_AGENT_LAUNCHER', 'gnome-keyring'), ('SSH_AUTH_SOCK', '/run/user/1000/keyring/ssh'), ('AMENT_PREFIX_PATH', '/opt/ros/humble'), ('SHELL', '/bin/bash'), ('LC_NAME', 'es_CO.UTF-8'), ('TERMINATOR_UUID', 'urn:uuid:1623e010-cd7e-4313-86eb-01e292c650ef'), ('QT_ACCESSIBILITY', '1'), ('GDMSESSION', 'ubuntu-xorg'), ('LESSCLOSE', '/usr/bin/lesspipe %s %s'), ('LC_MEASUREMENT', 'es_CO.UTF-8'), ('GPG_AGENT_INFO', '/run/user/1000/gnupg/S.gpg-agent:0:1'), ('GJS_DEBUG_OUTPUT', 'stderr'), ('LC_IDENTIFICATION', 'es_CO.UTF-8'), ('QT_IM_MODULE', 'ibus'), ('PWD', '/home/ros/arm_ws/build/arm_description'), ('LC_ALL', 'en_US.UTF-8'), ('XDG_CONFIG_DIRS', '/etc/xdg/xdg-ubuntu-xorg:/etc/xdg'), ('XDG_DATA_DIRS', '/usr/share/ubuntu-xorg:/usr/share/gnome:/usr/local/share/:/usr/share/:/var/lib/snapd/desktop'), ('PYTHONPATH', '/opt/ros/humble/lib/python3.10/site-packages:/opt/ros/humble/local/lib/python3.10/dist-packages'), ('LC_NUMERIC', 'es_CO.UTF-8'), ('LC_PAPER', 'es_CO.UTF-8'), ('COLCON', '1'), ('VTE_VERSION', '6800'), ('CMAKE_PREFIX_PATH', '/opt/ros/humble')]), 'shell': False}
[16.319924] (-) TimerEvent: {}
[16.423948] (-) TimerEvent: {}
[16.524644] (-) TimerEvent: {}
[16.629660] (-) TimerEvent: {}
[16.636292] (arm_description) CommandEnded: {'returncode': 0}
[16.731308] (-) TimerEvent: {}
[16.832285] (-) TimerEvent: {}
[16.849663] (arm_description) JobProgress: {'identifier': 'arm_description', 'progress': 'install'}
[16.852753] (arm_description) Command: {'cmd': ['/usr/bin/cmake', '--install', '/home/ros/arm_ws/build/arm_description'], 'cwd': '/home/ros/arm_ws/build/arm_description', 'env': OrderedDict([('GJS_DEBUG_TOPICS', 'JS ERROR;JS LOG'), ('LESSOPEN', '| /usr/bin/lesspipe %s'), ('LANGUAGE', 'en_US:'), ('USER', 'ros'), ('LC_TIME', 'es_CO.UTF-8'), ('XDG_SESSION_TYPE', 'x11'), ('SHLVL', '1'), ('LD_LIBRARY_PATH', '/usr/lib/x86_64-linux-gnu/gazebo-11/plugins:/opt/ros/humble/opt/rviz_ogre_vendor/lib:/opt/ros/humble/lib/x86_64-linux-gnu:/opt/ros/humble/lib'), ('HOME', '/home/ros'), ('OLDPWD', '/home/ros'), ('DESKTOP_SESSION', 'ubuntu-xorg'), ('GIO_LAUNCHED_DESKTOP_FILE', '/usr/share/applications/terminator.desktop'), ('ROS_PYTHON_VERSION', '3'), ('GNOME_SHELL_SESSION_MODE', 'ubuntu'), ('GTK_MODULES', 'gail:atk-bridge'), ('LC_MONETARY', 'es_CO.UTF-8'), ('MANAGERPID', '979'), ('SYSTEMD_EXEC_PID', '1347'), ('DBUS_SESSION_BUS_ADDRESS', 'unix:path=/run/user/1000/bus'), ('COLORTERM', 'truecolor'), ('TERMINATOR_DBUS_NAME', 'net.tenshu.Terminator21a9d5db22c73a993ff0b42f64b396873'), ('GIO_LAUNCHED_DESKTOP_FILE_PID', '4526'), ('ROS_DISTRO', 'humble'), ('GTK_IM_MODULE', 'ibus'), ('LOGNAME', 'ros'), ('JOURNAL_STREAM', '8:20866'), ('_', '/usr/bin/colcon'), ('ROS_VERSION', '2'), ('XDG_SESSION_CLASS', 'user'), ('USERNAME', 'ros'), ('TERM', 'xterm-256color'), ('GNOME_DESKTOP_SESSION_ID', 'this-is-deprecated'), ('ROS_LOCALHOST_ONLY', '0'), ('WINDOWPATH', '2'), ('PATH', '/opt/ros/humble/bin:/home/ros/.local/bin:/usr/local/sbin:/usr/local/bin:/usr/sbin:/usr/bin:/sbin:/bin:/usr/games:/usr/local/games:/snap/bin:/snap/bin'), ('SESSION_MANAGER', 'local/ros-virtual-machine:@/tmp/.ICE-unix/1316,unix/ros-virtual-machine:/tmp/.ICE-unix/1316'), ('INVOCATION_ID', '00487b699f7d4c798b6f2c9b5207b5fc'), ('XDG_MENU_PREFIX', 'gnome-'), ('LC_ADDRESS', 'es_CO.UTF-8'), ('XDG_RUNTIME_DIR', '/run/user/1000'), ('DISPLAY', ':0'), ('TERMINATOR_DBUS_PATH', '/net/tenshu/Terminator2'), ('LANG', 'en_US.UTF-8'), ('XDG_CURRENT_DESKTOP', 'ubuntu:GNOME'), ('IBUS_DISABLE_SNOOPER', '1'), ('LC_TELEPHONE', 'es_CO.UTF-8'), ('XMODIFIERS', '@im=ibus'), ('XDG_SESSION_DESKTOP', 'ubuntu-xorg'), ('XAUTHORITY', '/run/user/1000/gdm/Xauthority'), ('LS_COLORS', 'rs=0:di=01;34:ln=01;36:mh=00:pi=40;33:so=01;35:do=01;35:bd=40;33;01:cd=40;33;01:or=40;31;01:mi=00:su=37;41:sg=30;43:ca=30;41:tw=30;42:ow=34;42:st=37;44:ex=01;32:*.tar=01;31:*.tgz=01;31:*.arc=01;31:*.arj=01;31:*.taz=01;31:*.lha=01;31:*.lz4=01;31:*.lzh=01;31:*.lzma=01;31:*.tlz=01;31:*.txz=01;31:*.tzo=01;31:*.t7z=01;31:*.zip=01;31:*.z=01;31:*.dz=01;31:*.gz=01;31:*.lrz=01;31:*.lz=01;31:*.lzo=01;31:*.xz=01;31:*.zst=01;31:*.tzst=01;31:*.bz2=01;31:*.bz=01;31:*.tbz=01;31:*.tbz2=01;31:*.tz=01;31:*.deb=01;31:*.rpm=01;31:*.jar=01;31:*.war=01;31:*.ear=01;31:*.sar=01;31:*.rar=01;31:*.alz=01;31:*.ace=01;31:*.zoo=01;31:*.cpio=01;31:*.7z=01;31:*.rz=01;31:*.cab=01;31:*.wim=01;31:*.swm=01;31:*.dwm=01;31:*.esd=01;31:*.jpg=01;35:*.jpeg=01;35:*.mjpg=01;35:*.mjpeg=01;35:*.gif=01;35:*.bmp=01;35:*.pbm=01;35:*.pgm=01;35:*.ppm=01;35:*.tga=01;35:*.xbm=01;35:*.xpm=01;35:*.tif=01;35:*.tiff=01;35:*.png=01;35:*.svg=01;35:*.svgz=01;35:*.mng=01;35:*.pcx=01;35:*.mov=01;35:*.mpg=01;35:*.mpeg=01;35:*.m2v=01;35:*.mkv=01;35:*.webm=01;35:*.webp=01;35:*.ogm=01;35:*.mp4=01;35:*.m4v=01;35:*.mp4v=01;35:*.vob=01;35:*.qt=01;35:*.nuv=01;35:*.wmv=01;35:*.asf=01;35:*.rm=01;35:*.rmvb=01;35:*.flc=01;35:*.avi=01;35:*.fli=01;35:*.flv=01;35:*.gl=01;35:*.dl=01;35:*.xcf=01;35:*.xwd=01;35:*.yuv=01;35:*.cgm=01;35:*.emf=01;35:*.ogv=01;35:*.ogx=01;35:*.aac=00;36:*.au=00;36:*.flac=00;36:*.m4a=00;36:*.mid=00;36:*.midi=00;36:*.mka=00;36:*.mp3=00;36:*.mpc=00;36:*.ogg=00;36:*.ra=00;36:*.wav=00;36:*.oga=00;36:*.opus=00;36:*.spx=00;36:*.xspf=00;36:'), ('SSH_AGENT_LAUNCHER', 'gnome-keyring'), ('SSH_AUTH_SOCK', '/run/user/1000/keyring/ssh'), ('AMENT_PREFIX_PATH', '/opt/ros/humble'), ('SHELL', '/bin/bash'), ('LC_NAME', 'es_CO.UTF-8'), ('TERMINATOR_UUID', 'urn:uuid:1623e010-cd7e-4313-86eb-01e292c650ef'), ('QT_ACCESSIBILITY', '1'), ('GDMSESSION', 'ubuntu-xorg'), ('LESSCLOSE', '/usr/bin/lesspipe %s %s'), ('LC_MEASUREMENT', 'es_CO.UTF-8'), ('GPG_AGENT_INFO', '/run/user/1000/gnupg/S.gpg-agent:0:1'), ('GJS_DEBUG_OUTPUT', 'stderr'), ('LC_IDENTIFICATION', 'es_CO.UTF-8'), ('QT_IM_MODULE', 'ibus'), ('PWD', '/home/ros/arm_ws/build/arm_description'), ('LC_ALL', 'en_US.UTF-8'), ('XDG_CONFIG_DIRS', '/etc/xdg/xdg-ubuntu-xorg:/etc/xdg'), ('XDG_DATA_DIRS', '/usr/share/ubuntu-xorg:/usr/share/gnome:/usr/local/share/:/usr/share/:/var/lib/snapd/desktop'), ('PYTHONPATH', '/opt/ros/humble/lib/python3.10/site-packages:/opt/ros/humble/local/lib/python3.10/dist-packages'), ('LC_NUMERIC', 'es_CO.UTF-8'), ('LC_PAPER', 'es_CO.UTF-8'), ('COLCON', '1'), ('VTE_VERSION', '6800'), ('CMAKE_PREFIX_PATH', '/opt/ros/humble')]), 'shell': False}
[16.915883] (arm_description) StdoutLine: {'line': b'-- Install configuration: ""\n'}
[16.916945] (arm_description) StdoutLine: {'line': b'-- Installing: /home/ros/arm_ws/install/arm_description/share/arm_description/launch\n'}
[16.917211] (arm_description) StdoutLine: {'line': b'-- Installing: /home/ros/arm_ws/install/arm_description/share/arm_description/launch/display.launch.py\n'}
[16.917852] (arm_description) StdoutLine: {'line': b'-- Installing: /home/ros/arm_ws/install/arm_description/share/arm_description/launch/gazebo.launch.py\n'}
[16.923498] (arm_description) StdoutLine: {'line': b'-- Installing: /home/ros/arm_ws/install/arm_description/share/arm_description/meshes\n'}
[16.926641] (arm_description) StdoutLine: {'line': b'-- Installing: /home/ros/arm_ws/install/arm_description/share/arm_description/meshes/triangular_link.STL\n'}
[16.928355] (arm_description) StdoutLine: {'line': b'-- Installing: /home/ros/arm_ws/install/arm_description/share/arm_description/meshes/basement.STL\n'}
[16.931886] (arm_description) StdoutLine: {'line': b'-- Installing: /home/ros/arm_ws/install/arm_description/share/arm_description/meshes/plate.STL\n'}
[16.932368] (-) TimerEvent: {}
[16.953749] (arm_description) StdoutLine: {'line': b'-- Installing: /home/ros/arm_ws/install/arm_description/share/arm_description/meshes/base_plate.STL\n'}
[16.973947] (arm_description) StdoutLine: {'line': b'-- Installing: /home/ros/arm_ws/install/arm_description/share/arm_description/meshes/horizontal_arm.STL\n'}
[16.987463] (arm_description) StdoutLine: {'line': b'-- Installing: /home/ros/arm_ws/install/arm_description/share/arm_description/meshes/right_finger.STL\n'}
[16.990048] (arm_description) StdoutLine: {'line': b'-- Installing: /home/ros/arm_ws/install/arm_description/share/arm_description/meshes/vertical_drive_arm.STL\n'}
[16.999910] (arm_description) StdoutLine: {'line': b'-- Installing: /home/ros/arm_ws/install/arm_description/share/arm_description/meshes/forward_drive_arm.STL\n'}
[17.006034] (arm_description) StdoutLine: {'line': b'-- Installing: /home/ros/arm_ws/install/arm_description/share/arm_description/meshes/link.STL\n'}
[17.010714] (arm_description) StdoutLine: {'line': b'-- Installing: /home/ros/arm_ws/install/arm_description/share/arm_description/meshes/round_plate.STL\n'}
[17.014157] (arm_description) StdoutLine: {'line': b'-- Installing: /home/ros/arm_ws/install/arm_description/share/arm_description/meshes/claw_support.STL\n'}
[17.017246] (arm_description) StdoutLine: {'line': b'-- Installing: /home/ros/arm_ws/install/arm_description/share/arm_description/meshes/left_finger.STL\n'}
[17.017919] (arm_description) StdoutLine: {'line': b'-- Installing: /home/ros/arm_ws/install/arm_description/share/arm_description/meshes/servo_plate.STL\n'}
[17.022494] (arm_description) StdoutLine: {'line': b'-- Installing: /home/ros/arm_ws/install/arm_description/share/arm_description/models\n'}
[17.022957] (arm_description) StdoutLine: {'line': b'-- Installing: /home/ros/arm_ws/install/arm_description/share/arm_description/models/ground_plane\n'}
[17.027589] (arm_description) StdoutLine: {'line': b'-- Installing: /home/ros/arm_ws/install/arm_description/share/arm_description/models/ground_plane/model.config\n'}
[17.030599] (arm_description) StdoutLine: {'line': b'-- Installing: /home/ros/arm_ws/install/arm_description/share/arm_description/models/ground_plane/model-1_4.sdf\n'}
[17.031010] (arm_description) StdoutLine: {'line': b'-- Installing: /home/ros/arm_ws/install/arm_description/share/arm_description/models/ground_plane/model-1_3.sdf\n'}
[17.031377] (arm_description) StdoutLine: {'line': b'-- Installing: /home/ros/arm_ws/install/arm_description/share/arm_description/models/ground_plane/model.sdf\n'}
[17.036082] (arm_description) StdoutLine: {'line': b'-- Installing: /home/ros/arm_ws/install/arm_description/share/arm_description/models/ground_plane/model-1_2.sdf\n'}
[17.036343] (-) TimerEvent: {}
[17.038202] (arm_description) StdoutLine: {'line': b'-- Installing: /home/ros/arm_ws/install/arm_description/share/arm_description/models/sun\n'}
[17.038546] (arm_description) StdoutLine: {'line': b'-- Installing: /home/ros/arm_ws/install/arm_description/share/arm_description/models/sun/model.config\n'}
[17.038719] (arm_description) StdoutLine: {'line': b'-- Installing: /home/ros/arm_ws/install/arm_description/share/arm_description/models/sun/model-1_4.sdf\n'}
[17.042528] (arm_description) StdoutLine: {'line': b'-- Installing: /home/ros/arm_ws/install/arm_description/share/arm_description/models/sun/model-1_3.sdf\n'}
[17.046473] (arm_description) StdoutLine: {'line': b'-- Installing: /home/ros/arm_ws/install/arm_description/share/arm_description/models/sun/model.sdf\n'}
[17.046641] (arm_description) StdoutLine: {'line': b'-- Installing: /home/ros/arm_ws/install/arm_description/share/arm_description/models/sun/model-1_2.sdf\n'}
[17.046763] (arm_description) StdoutLine: {'line': b'-- Installing: /home/ros/arm_ws/install/arm_description/share/arm_description/urdf\n'}
[17.047095] (arm_description) StdoutLine: {'line': b'-- Installing: /home/ros/arm_ws/install/arm_description/share/arm_description/urdf/arm_ros2_control.xacro\n'}
[17.047248] (arm_description) StdoutLine: {'line': b'-- Installing: /home/ros/arm_ws/install/arm_description/share/arm_description/urdf/arm_gazebo.xacro\n'}
[17.048904] (arm_description) StdoutLine: {'line': b'-- Installing: /home/ros/arm_ws/install/arm_description/share/arm_description/urdf/arm.urdf.xacro\n'}
[17.049131] (arm_description) StdoutLine: {'line': b'-- Installing: /home/ros/arm_ws/install/arm_description/share/arm_description/rviz\n'}
[17.049259] (arm_description) StdoutLine: {'line': b'-- Installing: /home/ros/arm_ws/install/arm_description/share/arm_description/rviz/display.rviz\n'}
[17.049525] (arm_description) StdoutLine: {'line': b'-- Installing: /home/ros/arm_ws/install/arm_description/share/ament_index/resource_index/package_run_dependencies/arm_description\n'}
[17.059299] (arm_description) StdoutLine: {'line': b'-- Installing: /home/ros/arm_ws/install/arm_description/share/ament_index/resource_index/parent_prefix_path/arm_description\n'}
[17.062483] (arm_description) StdoutLine: {'line': b'-- Installing: /home/ros/arm_ws/install/arm_description/share/arm_description/environment/ament_prefix_path.sh\n'}
[17.062636] (arm_description) StdoutLine: {'line': b'-- Installing: /home/ros/arm_ws/install/arm_description/share/arm_description/environment/ament_prefix_path.dsv\n'}
[17.067148] (arm_description) StdoutLine: {'line': b'-- Installing: /home/ros/arm_ws/install/arm_description/share/arm_description/environment/path.sh\n'}
[17.070319] (arm_description) StdoutLine: {'line': b'-- Installing: /home/ros/arm_ws/install/arm_description/share/arm_description/environment/path.dsv\n'}
[17.071066] (arm_description) StdoutLine: {'line': b'-- Installing: /home/ros/arm_ws/install/arm_description/share/arm_description/local_setup.bash\n'}
[17.071366] (arm_description) StdoutLine: {'line': b'-- Installing: /home/ros/arm_ws/install/arm_description/share/arm_description/local_setup.sh\n'}
[17.071555] (arm_description) StdoutLine: {'line': b'-- Installing: /home/ros/arm_ws/install/arm_description/share/arm_description/local_setup.zsh\n'}
[17.071733] (arm_description) StdoutLine: {'line': b'-- Installing: /home/ros/arm_ws/install/arm_description/share/arm_description/local_setup.dsv\n'}
[17.074102] (arm_description) StdoutLine: {'line': b'-- Installing: /home/ros/arm_ws/install/arm_description/share/arm_description/package.dsv\n'}
[17.076765] (arm_description) StdoutLine: {'line': b'-- Installing: /home/ros/arm_ws/install/arm_description/share/ament_index/resource_index/packages/arm_description\n'}
[17.077203] (arm_description) StdoutLine: {'line': b'-- Installing: /home/ros/arm_ws/install/arm_description/share/arm_description/cmake/arm_descriptionConfig.cmake\n'}
[17.077338] (arm_description) StdoutLine: {'line': b'-- Installing: /home/ros/arm_ws/install/arm_description/share/arm_description/cmake/arm_descriptionConfig-version.cmake\n'}
[17.077516] (arm_description) StdoutLine: {'line': b'-- Installing: /home/ros/arm_ws/install/arm_description/share/arm_description/package.xml\n'}
[17.086134] (arm_description) CommandEnded: {'returncode': 0}
[17.138021] (-) TimerEvent: {}
[17.238627] (-) TimerEvent: {}
[17.346479] (-) TimerEvent: {}
[17.450207] (-) TimerEvent: {}
[17.485170] (arm_description) JobEnded: {'identifier': 'arm_description', 'rc': 0}
[17.493264] (arm_firmware) JobStarted: {'identifier': 'arm_firmware'}
[17.549055] (arm_firmware) JobProgress: {'identifier': 'arm_firmware', 'progress': 'cmake'}
[17.550057] (arm_firmware) Command: {'cmd': ['/usr/bin/cmake', '/home/ros/arm_ws/src/arm_firmware', '-DCMAKE_INSTALL_PREFIX=/home/ros/arm_ws/install/arm_firmware'], 'cwd': '/home/ros/arm_ws/build/arm_firmware', 'env': OrderedDict([('GJS_DEBUG_TOPICS', 'JS ERROR;JS LOG'), ('LESSOPEN', '| /usr/bin/lesspipe %s'), ('LANGUAGE', 'en_US:'), ('USER', 'ros'), ('LC_TIME', 'es_CO.UTF-8'), ('XDG_SESSION_TYPE', 'x11'), ('SHLVL', '1'), ('LD_LIBRARY_PATH', '/usr/lib/x86_64-linux-gnu/gazebo-11/plugins:/opt/ros/humble/opt/rviz_ogre_vendor/lib:/opt/ros/humble/lib/x86_64-linux-gnu:/opt/ros/humble/lib'), ('HOME', '/home/ros'), ('OLDPWD', '/home/ros'), ('DESKTOP_SESSION', 'ubuntu-xorg'), ('GIO_LAUNCHED_DESKTOP_FILE', '/usr/share/applications/terminator.desktop'), ('ROS_PYTHON_VERSION', '3'), ('GNOME_SHELL_SESSION_MODE', 'ubuntu'), ('GTK_MODULES', 'gail:atk-bridge'), ('LC_MONETARY', 'es_CO.UTF-8'), ('MANAGERPID', '979'), ('SYSTEMD_EXEC_PID', '1347'), ('DBUS_SESSION_BUS_ADDRESS', 'unix:path=/run/user/1000/bus'), ('COLORTERM', 'truecolor'), ('TERMINATOR_DBUS_NAME', 'net.tenshu.Terminator21a9d5db22c73a993ff0b42f64b396873'), ('GIO_LAUNCHED_DESKTOP_FILE_PID', '4526'), ('ROS_DISTRO', 'humble'), ('GTK_IM_MODULE', 'ibus'), ('LOGNAME', 'ros'), ('JOURNAL_STREAM', '8:20866'), ('_', '/usr/bin/colcon'), ('ROS_VERSION', '2'), ('XDG_SESSION_CLASS', 'user'), ('USERNAME', 'ros'), ('TERM', 'xterm-256color'), ('GNOME_DESKTOP_SESSION_ID', 'this-is-deprecated'), ('ROS_LOCALHOST_ONLY', '0'), ('WINDOWPATH', '2'), ('PATH', '/opt/ros/humble/bin:/home/ros/.local/bin:/usr/local/sbin:/usr/local/bin:/usr/sbin:/usr/bin:/sbin:/bin:/usr/games:/usr/local/games:/snap/bin:/snap/bin'), ('SESSION_MANAGER', 'local/ros-virtual-machine:@/tmp/.ICE-unix/1316,unix/ros-virtual-machine:/tmp/.ICE-unix/1316'), ('INVOCATION_ID', '00487b699f7d4c798b6f2c9b5207b5fc'), ('XDG_MENU_PREFIX', 'gnome-'), ('LC_ADDRESS', 'es_CO.UTF-8'), ('XDG_RUNTIME_DIR', '/run/user/1000'), ('DISPLAY', ':0'), ('TERMINATOR_DBUS_PATH', '/net/tenshu/Terminator2'), ('LANG', 'en_US.UTF-8'), ('XDG_CURRENT_DESKTOP', 'ubuntu:GNOME'), ('IBUS_DISABLE_SNOOPER', '1'), ('LC_TELEPHONE', 'es_CO.UTF-8'), ('XMODIFIERS', '@im=ibus'), ('XDG_SESSION_DESKTOP', 'ubuntu-xorg'), ('XAUTHORITY', '/run/user/1000/gdm/Xauthority'), ('LS_COLORS', 'rs=0:di=01;34:ln=01;36:mh=00:pi=40;33:so=01;35:do=01;35:bd=40;33;01:cd=40;33;01:or=40;31;01:mi=00:su=37;41:sg=30;43:ca=30;41:tw=30;42:ow=34;42:st=37;44:ex=01;32:*.tar=01;31:*.tgz=01;31:*.arc=01;31:*.arj=01;31:*.taz=01;31:*.lha=01;31:*.lz4=01;31:*.lzh=01;31:*.lzma=01;31:*.tlz=01;31:*.txz=01;31:*.tzo=01;31:*.t7z=01;31:*.zip=01;31:*.z=01;31:*.dz=01;31:*.gz=01;31:*.lrz=01;31:*.lz=01;31:*.lzo=01;31:*.xz=01;31:*.zst=01;31:*.tzst=01;31:*.bz2=01;31:*.bz=01;31:*.tbz=01;31:*.tbz2=01;31:*.tz=01;31:*.deb=01;31:*.rpm=01;31:*.jar=01;31:*.war=01;31:*.ear=01;31:*.sar=01;31:*.rar=01;31:*.alz=01;31:*.ace=01;31:*.zoo=01;31:*.cpio=01;31:*.7z=01;31:*.rz=01;31:*.cab=01;31:*.wim=01;31:*.swm=01;31:*.dwm=01;31:*.esd=01;31:*.jpg=01;35:*.jpeg=01;35:*.mjpg=01;35:*.mjpeg=01;35:*.gif=01;35:*.bmp=01;35:*.pbm=01;35:*.pgm=01;35:*.ppm=01;35:*.tga=01;35:*.xbm=01;35:*.xpm=01;35:*.tif=01;35:*.tiff=01;35:*.png=01;35:*.svg=01;35:*.svgz=01;35:*.mng=01;35:*.pcx=01;35:*.mov=01;35:*.mpg=01;35:*.mpeg=01;35:*.m2v=01;35:*.mkv=01;35:*.webm=01;35:*.webp=01;35:*.ogm=01;35:*.mp4=01;35:*.m4v=01;35:*.mp4v=01;35:*.vob=01;35:*.qt=01;35:*.nuv=01;35:*.wmv=01;35:*.asf=01;35:*.rm=01;35:*.rmvb=01;35:*.flc=01;35:*.avi=01;35:*.fli=01;35:*.flv=01;35:*.gl=01;35:*.dl=01;35:*.xcf=01;35:*.xwd=01;35:*.yuv=01;35:*.cgm=01;35:*.emf=01;35:*.ogv=01;35:*.ogx=01;35:*.aac=00;36:*.au=00;36:*.flac=00;36:*.m4a=00;36:*.mid=00;36:*.midi=00;36:*.mka=00;36:*.mp3=00;36:*.mpc=00;36:*.ogg=00;36:*.ra=00;36:*.wav=00;36:*.oga=00;36:*.opus=00;36:*.spx=00;36:*.xspf=00;36:'), ('SSH_AGENT_LAUNCHER', 'gnome-keyring'), ('SSH_AUTH_SOCK', '/run/user/1000/keyring/ssh'), ('AMENT_PREFIX_PATH', '/opt/ros/humble'), ('SHELL', '/bin/bash'), ('LC_NAME', 'es_CO.UTF-8'), ('TERMINATOR_UUID', 'urn:uuid:1623e010-cd7e-4313-86eb-01e292c650ef'), ('QT_ACCESSIBILITY', '1'), ('GDMSESSION', 'ubuntu-xorg'), ('LESSCLOSE', '/usr/bin/lesspipe %s %s'), ('LC_MEASUREMENT', 'es_CO.UTF-8'), ('GPG_AGENT_INFO', '/run/user/1000/gnupg/S.gpg-agent:0:1'), ('GJS_DEBUG_OUTPUT', 'stderr'), ('LC_IDENTIFICATION', 'es_CO.UTF-8'), ('QT_IM_MODULE', 'ibus'), ('PWD', '/home/ros/arm_ws/build/arm_firmware'), ('LC_ALL', 'en_US.UTF-8'), ('XDG_CONFIG_DIRS', '/etc/xdg/xdg-ubuntu-xorg:/etc/xdg'), ('XDG_DATA_DIRS', '/usr/share/ubuntu-xorg:/usr/share/gnome:/usr/local/share/:/usr/share/:/var/lib/snapd/desktop'), ('PYTHONPATH', '/opt/ros/humble/lib/python3.10/site-packages:/opt/ros/humble/local/lib/python3.10/dist-packages'), ('LC_NUMERIC', 'es_CO.UTF-8'), ('LC_PAPER', 'es_CO.UTF-8'), ('COLCON', '1'), ('VTE_VERSION', '6800'), ('CMAKE_PREFIX_PATH', '/opt/ros/humble')]), 'shell': False}
[17.560627] (-) TimerEvent: {}
[17.666928] (-) TimerEvent: {}
[17.768951] (-) TimerEvent: {}
[17.872887] (-) TimerEvent: {}
[17.979402] (-) TimerEvent: {}
[18.080359] (-) TimerEvent: {}
[18.123789] (arm_firmware) StdoutLine: {'line': b'-- The C compiler identification is GNU 11.4.0\n'}
[18.181038] (-) TimerEvent: {}
[18.283697] (-) TimerEvent: {}
[18.385557] (-) TimerEvent: {}
[18.488782] (-) TimerEvent: {}
[18.592588] (-) TimerEvent: {}
[18.655789] (arm_firmware) StdoutLine: {'line': b'-- The CXX compiler identification is GNU 11.4.0\n'}
[18.693941] (-) TimerEvent: {}
[18.715087] (arm_firmware) StdoutLine: {'line': b'-- Detecting C compiler ABI info\n'}
[18.796229] (-) TimerEvent: {}
[18.899335] (-) TimerEvent: {}
[19.001903] (-) TimerEvent: {}
[19.102876] (-) TimerEvent: {}
[19.151931] (arm_firmware) StdoutLine: {'line': b'-- Detecting C compiler ABI info - done\n'}
[19.179919] (arm_firmware) StdoutLine: {'line': b'-- Check for working C compiler: /usr/bin/cc - skipped\n'}
[19.180337] (arm_firmware) StdoutLine: {'line': b'-- Detecting C compile features\n'}
[19.180575] (arm_firmware) StdoutLine: {'line': b'-- Detecting C compile features - done\n'}
[19.187975] (arm_firmware) StdoutLine: {'line': b'-- Detecting CXX compiler ABI info\n'}
[19.204919] (-) TimerEvent: {}
[19.308550] (-) TimerEvent: {}
[19.411624] (-) TimerEvent: {}
[19.513940] (-) TimerEvent: {}
[19.619325] (-) TimerEvent: {}
[19.721344] (-) TimerEvent: {}
[19.733387] (arm_firmware) StdoutLine: {'line': b'-- Detecting CXX compiler ABI info - done\n'}
[19.817276] (arm_firmware) StdoutLine: {'line': b'-- Check for working CXX compiler: /usr/bin/c++ - skipped\n'}
[19.821906] (-) TimerEvent: {}
[19.825031] (arm_firmware) StdoutLine: {'line': b'-- Detecting CXX compile features\n'}
[19.825504] (arm_firmware) StdoutLine: {'line': b'-- Detecting CXX compile features - done\n'}
[19.854950] (arm_firmware) StdoutLine: {'line': b'-- Found ament_cmake: 1.3.10 (/opt/ros/humble/share/ament_cmake/cmake)\n'}
[19.923757] (-) TimerEvent: {}
[20.028949] (-) TimerEvent: {}
[20.133213] (-) TimerEvent: {}
[20.236389] (-) TimerEvent: {}
[20.337011] (-) TimerEvent: {}
[20.439926] (-) TimerEvent: {}
[20.540452] (-) TimerEvent: {}
[20.646268] (-) TimerEvent: {}
[20.749661] (-) TimerEvent: {}
[20.851372] (-) TimerEvent: {}
[20.871083] (arm_firmware) StdoutLine: {'line': b'-- Found Python3: /usr/bin/python3 (found version "3.10.12") found components: Interpreter \n'}
[20.953380] (-) TimerEvent: {}
[21.054424] (-) TimerEvent: {}
[21.158156] (-) TimerEvent: {}
[21.259468] (-) TimerEvent: {}
[21.363359] (-) TimerEvent: {}
[21.449329] (arm_firmware) StdoutLine: {'line': b'-- Found rclcpp: 16.0.10 (/opt/ros/humble/share/rclcpp/cmake)\n'}
[21.463690] (-) TimerEvent: {}
[21.569235] (-) TimerEvent: {}
[21.673409] (-) TimerEvent: {}
[21.783298] (-) TimerEvent: {}
[21.889626] (-) TimerEvent: {}
[21.998935] (-) TimerEvent: {}
[22.017208] (arm_firmware) StdoutLine: {'line': b'-- Found rosidl_generator_c: 3.1.5 (/opt/ros/humble/share/rosidl_generator_c/cmake)\n'}
[22.068977] (arm_firmware) StdoutLine: {'line': b'-- Found rosidl_adapter: 3.1.5 (/opt/ros/humble/share/rosidl_adapter/cmake)\n'}
[22.099138] (-) TimerEvent: {}
[22.134790] (arm_firmware) StdoutLine: {'line': b'-- Found rosidl_generator_cpp: 3.1.5 (/opt/ros/humble/share/rosidl_generator_cpp/cmake)\n'}
[22.199933] (-) TimerEvent: {}
[22.225044] (arm_firmware) StdoutLine: {'line': b'-- Using all available rosidl_typesupport_c: rosidl_typesupport_fastrtps_c;rosidl_typesupport_introspection_c\n'}
[22.300493] (-) TimerEvent: {}
[22.378264] (arm_firmware) StdoutLine: {'line': b'-- Using all available rosidl_typesupport_cpp: rosidl_typesupport_fastrtps_cpp;rosidl_typesupport_introspection_cpp\n'}
[22.401866] (-) TimerEvent: {}
[22.505134] (-) TimerEvent: {}
[22.609719] (-) TimerEvent: {}
[22.711501] (-) TimerEvent: {}
[22.817251] (-) TimerEvent: {}
[22.860967] (arm_firmware) StdoutLine: {'line': b'-- Found rmw_implementation_cmake: 6.1.2 (/opt/ros/humble/share/rmw_implementation_cmake/cmake)\n'}
[22.884926] (arm_firmware) StdoutLine: {'line': b'-- Found rmw_fastrtps_cpp: 6.2.7 (/opt/ros/humble/share/rmw_fastrtps_cpp/cmake)\n'}
[22.917430] (-) TimerEvent: {}
[23.024175] (-) TimerEvent: {}
[23.126985] (-) TimerEvent: {}
[23.228703] (-) TimerEvent: {}
[23.329320] (-) TimerEvent: {}
[23.430909] (-) TimerEvent: {}
[23.532300] (-) TimerEvent: {}
[23.593970] (arm_firmware) StdoutLine: {'line': b'-- Found OpenSSL: /usr/lib/x86_64-linux-gnu/libcrypto.so (found version "3.0.2")  \n'}
[23.634971] (-) TimerEvent: {}
[23.738583] (-) TimerEvent: {}
[23.824354] (arm_firmware) StdoutLine: {'line': b'-- Found FastRTPS: /opt/ros/humble/include  \n'}
[23.838690] (-) TimerEvent: {}
[23.939384] (-) TimerEvent: {}
[24.041129] (-) TimerEvent: {}
[24.116208] (arm_firmware) StdoutLine: {'line': b"-- Using RMW implementation 'rmw_fastrtps_cpp' as default\n"}
[24.141532] (-) TimerEvent: {}
[24.162702] (arm_firmware) StdoutLine: {'line': b'-- Looking for pthread.h\n'}
[24.241705] (-) TimerEvent: {}
[24.344063] (-) TimerEvent: {}
[24.447232] (-) TimerEvent: {}
[24.555516] (-) TimerEvent: {}
[24.656956] (-) TimerEvent: {}
[24.761368] (-) TimerEvent: {}
[24.862578] (-) TimerEvent: {}
[24.913451] (arm_firmware) StdoutLine: {'line': b'-- Looking for pthread.h - found\n'}
[24.915394] (arm_firmware) StdoutLine: {'line': b'-- Performing Test CMAKE_HAVE_LIBC_PTHREAD\n'}
[24.963234] (-) TimerEvent: {}
[25.069944] (-) TimerEvent: {}
[25.172324] (-) TimerEvent: {}
[25.278267] (-) TimerEvent: {}
[25.380359] (-) TimerEvent: {}
[25.483797] (-) TimerEvent: {}
[25.585760] (-) TimerEvent: {}
[25.668974] (arm_firmware) StdoutLine: {'line': b'-- Performing Test CMAKE_HAVE_LIBC_PTHREAD - Success\n'}
[25.681933] (arm_firmware) StdoutLine: {'line': b'-- Found Threads: TRUE  \n'}
[25.688294] (-) TimerEvent: {}
[25.792039] (-) TimerEvent: {}
[25.898487] (-) TimerEvent: {}
[26.002577] (-) TimerEvent: {}
[26.108028] (-) TimerEvent: {}
[26.216059] (-) TimerEvent: {}
[26.317408] (-) TimerEvent: {}
[26.382725] (arm_firmware) StdoutLine: {'line': b'-- Found rclpy: 3.3.14 (/opt/ros/humble/share/rclpy/cmake)\n'}
[26.414648] (arm_firmware) StdoutLine: {'line': b'-- Found PkgConfig: /usr/bin/pkg-config (found version "0.29.2") \n'}
[26.418116] (-) TimerEvent: {}
[26.427690] (arm_firmware) StdoutLine: {'line': b"-- Checking for module 'libserial'\n"}
[26.520976] (-) TimerEvent: {}
[26.566213] (arm_firmware) StdoutLine: {'line': b'--   Found libserial, version 1.0.0\n'}
[26.622744] (-) TimerEvent: {}
[26.725996] (-) TimerEvent: {}
[26.834946] (-) TimerEvent: {}
[26.937968] (-) TimerEvent: {}
[27.040224] (-) TimerEvent: {}
[27.142799] (-) TimerEvent: {}
[27.243266] (-) TimerEvent: {}
[27.347071] (-) TimerEvent: {}
[27.453281] (-) TimerEvent: {}
[27.555344] (-) TimerEvent: {}
[27.659584] (-) TimerEvent: {}
[27.763276] (-) TimerEvent: {}
[27.870930] (-) TimerEvent: {}
[27.973865] (-) TimerEvent: {}
[28.079991] (-) TimerEvent: {}
[28.183983] (-) TimerEvent: {}
[28.296093] (-) TimerEvent: {}
[28.398932] (-) TimerEvent: {}
[28.500491] (-) TimerEvent: {}
[28.555211] (arm_firmware) StdoutLine: {'line': b'-- Configuring done\n'}
[28.602188] (-) TimerEvent: {}
[28.660225] (arm_firmware) StdoutLine: {'line': b'-- Generating done\n'}
[28.674064] (arm_firmware) StdoutLine: {'line': b'-- Build files have been written to: /home/ros/arm_ws/build/arm_firmware\n'}
[28.707935] (-) TimerEvent: {}
[28.722124] (arm_firmware) CommandEnded: {'returncode': 0}
[28.728051] (arm_firmware) JobProgress: {'identifier': 'arm_firmware', 'progress': 'build'}
[28.728230] (arm_firmware) Command: {'cmd': ['/usr/bin/cmake', '--build', '/home/ros/arm_ws/build/arm_firmware', '--', '-j2', '-l2'], 'cwd': '/home/ros/arm_ws/build/arm_firmware', 'env': OrderedDict([('GJS_DEBUG_TOPICS', 'JS ERROR;JS LOG'), ('LESSOPEN', '| /usr/bin/lesspipe %s'), ('LANGUAGE', 'en_US:'), ('USER', 'ros'), ('LC_TIME', 'es_CO.UTF-8'), ('XDG_SESSION_TYPE', 'x11'), ('SHLVL', '1'), ('LD_LIBRARY_PATH', '/usr/lib/x86_64-linux-gnu/gazebo-11/plugins:/opt/ros/humble/opt/rviz_ogre_vendor/lib:/opt/ros/humble/lib/x86_64-linux-gnu:/opt/ros/humble/lib'), ('HOME', '/home/ros'), ('OLDPWD', '/home/ros'), ('DESKTOP_SESSION', 'ubuntu-xorg'), ('GIO_LAUNCHED_DESKTOP_FILE', '/usr/share/applications/terminator.desktop'), ('ROS_PYTHON_VERSION', '3'), ('GNOME_SHELL_SESSION_MODE', 'ubuntu'), ('GTK_MODULES', 'gail:atk-bridge'), ('LC_MONETARY', 'es_CO.UTF-8'), ('MANAGERPID', '979'), ('SYSTEMD_EXEC_PID', '1347'), ('DBUS_SESSION_BUS_ADDRESS', 'unix:path=/run/user/1000/bus'), ('COLORTERM', 'truecolor'), ('TERMINATOR_DBUS_NAME', 'net.tenshu.Terminator21a9d5db22c73a993ff0b42f64b396873'), ('GIO_LAUNCHED_DESKTOP_FILE_PID', '4526'), ('ROS_DISTRO', 'humble'), ('GTK_IM_MODULE', 'ibus'), ('LOGNAME', 'ros'), ('JOURNAL_STREAM', '8:20866'), ('_', '/usr/bin/colcon'), ('ROS_VERSION', '2'), ('XDG_SESSION_CLASS', 'user'), ('USERNAME', 'ros'), ('TERM', 'xterm-256color'), ('GNOME_DESKTOP_SESSION_ID', 'this-is-deprecated'), ('ROS_LOCALHOST_ONLY', '0'), ('WINDOWPATH', '2'), ('PATH', '/opt/ros/humble/bin:/home/ros/.local/bin:/usr/local/sbin:/usr/local/bin:/usr/sbin:/usr/bin:/sbin:/bin:/usr/games:/usr/local/games:/snap/bin:/snap/bin'), ('SESSION_MANAGER', 'local/ros-virtual-machine:@/tmp/.ICE-unix/1316,unix/ros-virtual-machine:/tmp/.ICE-unix/1316'), ('INVOCATION_ID', '00487b699f7d4c798b6f2c9b5207b5fc'), ('XDG_MENU_PREFIX', 'gnome-'), ('LC_ADDRESS', 'es_CO.UTF-8'), ('XDG_RUNTIME_DIR', '/run/user/1000'), ('DISPLAY', ':0'), ('TERMINATOR_DBUS_PATH', '/net/tenshu/Terminator2'), ('LANG', 'en_US.UTF-8'), ('XDG_CURRENT_DESKTOP', 'ubuntu:GNOME'), ('IBUS_DISABLE_SNOOPER', '1'), ('LC_TELEPHONE', 'es_CO.UTF-8'), ('XMODIFIERS', '@im=ibus'), ('XDG_SESSION_DESKTOP', 'ubuntu-xorg'), ('XAUTHORITY', '/run/user/1000/gdm/Xauthority'), ('LS_COLORS', 'rs=0:di=01;34:ln=01;36:mh=00:pi=40;33:so=01;35:do=01;35:bd=40;33;01:cd=40;33;01:or=40;31;01:mi=00:su=37;41:sg=30;43:ca=30;41:tw=30;42:ow=34;42:st=37;44:ex=01;32:*.tar=01;31:*.tgz=01;31:*.arc=01;31:*.arj=01;31:*.taz=01;31:*.lha=01;31:*.lz4=01;31:*.lzh=01;31:*.lzma=01;31:*.tlz=01;31:*.txz=01;31:*.tzo=01;31:*.t7z=01;31:*.zip=01;31:*.z=01;31:*.dz=01;31:*.gz=01;31:*.lrz=01;31:*.lz=01;31:*.lzo=01;31:*.xz=01;31:*.zst=01;31:*.tzst=01;31:*.bz2=01;31:*.bz=01;31:*.tbz=01;31:*.tbz2=01;31:*.tz=01;31:*.deb=01;31:*.rpm=01;31:*.jar=01;31:*.war=01;31:*.ear=01;31:*.sar=01;31:*.rar=01;31:*.alz=01;31:*.ace=01;31:*.zoo=01;31:*.cpio=01;31:*.7z=01;31:*.rz=01;31:*.cab=01;31:*.wim=01;31:*.swm=01;31:*.dwm=01;31:*.esd=01;31:*.jpg=01;35:*.jpeg=01;35:*.mjpg=01;35:*.mjpeg=01;35:*.gif=01;35:*.bmp=01;35:*.pbm=01;35:*.pgm=01;35:*.ppm=01;35:*.tga=01;35:*.xbm=01;35:*.xpm=01;35:*.tif=01;35:*.tiff=01;35:*.png=01;35:*.svg=01;35:*.svgz=01;35:*.mng=01;35:*.pcx=01;35:*.mov=01;35:*.mpg=01;35:*.mpeg=01;35:*.m2v=01;35:*.mkv=01;35:*.webm=01;35:*.webp=01;35:*.ogm=01;35:*.mp4=01;35:*.m4v=01;35:*.mp4v=01;35:*.vob=01;35:*.qt=01;35:*.nuv=01;35:*.wmv=01;35:*.asf=01;35:*.rm=01;35:*.rmvb=01;35:*.flc=01;35:*.avi=01;35:*.fli=01;35:*.flv=01;35:*.gl=01;35:*.dl=01;35:*.xcf=01;35:*.xwd=01;35:*.yuv=01;35:*.cgm=01;35:*.emf=01;35:*.ogv=01;35:*.ogx=01;35:*.aac=00;36:*.au=00;36:*.flac=00;36:*.m4a=00;36:*.mid=00;36:*.midi=00;36:*.mka=00;36:*.mp3=00;36:*.mpc=00;36:*.ogg=00;36:*.ra=00;36:*.wav=00;36:*.oga=00;36:*.opus=00;36:*.spx=00;36:*.xspf=00;36:'), ('SSH_AGENT_LAUNCHER', 'gnome-keyring'), ('SSH_AUTH_SOCK', '/run/user/1000/keyring/ssh'), ('AMENT_PREFIX_PATH', '/opt/ros/humble'), ('SHELL', '/bin/bash'), ('LC_NAME', 'es_CO.UTF-8'), ('TERMINATOR_UUID', 'urn:uuid:1623e010-cd7e-4313-86eb-01e292c650ef'), ('QT_ACCESSIBILITY', '1'), ('GDMSESSION', 'ubuntu-xorg'), ('LESSCLOSE', '/usr/bin/lesspipe %s %s'), ('LC_MEASUREMENT', 'es_CO.UTF-8'), ('GPG_AGENT_INFO', '/run/user/1000/gnupg/S.gpg-agent:0:1'), ('GJS_DEBUG_OUTPUT', 'stderr'), ('LC_IDENTIFICATION', 'es_CO.UTF-8'), ('QT_IM_MODULE', 'ibus'), ('PWD', '/home/ros/arm_ws/build/arm_firmware'), ('LC_ALL', 'en_US.UTF-8'), ('XDG_CONFIG_DIRS', '/etc/xdg/xdg-ubuntu-xorg:/etc/xdg'), ('XDG_DATA_DIRS', '/usr/share/ubuntu-xorg:/usr/share/gnome:/usr/local/share/:/usr/share/:/var/lib/snapd/desktop'), ('PYTHONPATH', '/opt/ros/humble/lib/python3.10/site-packages:/opt/ros/humble/local/lib/python3.10/dist-packages'), ('LC_NUMERIC', 'es_CO.UTF-8'), ('LC_PAPER', 'es_CO.UTF-8'), ('COLCON', '1'), ('VTE_VERSION', '6800'), ('CMAKE_PREFIX_PATH', '/opt/ros/humble')]), 'shell': False}
[28.813301] (-) TimerEvent: {}
[28.914533] (-) TimerEvent: {}
[29.016560] (-) TimerEvent: {}
[29.123225] (-) TimerEvent: {}
[29.226000] (-) TimerEvent: {}
[29.327992] (-) TimerEvent: {}
[29.376437] (arm_firmware) StdoutLine: {'line': b'[  0%] Built target ament_cmake_python_copy_arm_firmware\n'}
[29.428144] (-) TimerEvent: {}
[29.495202] (arm_firmware) StdoutLine: {'line': b'[ 25%] \x1b[32mBuilding CXX object CMakeFiles/simple_serial_receiver.dir/src/simple_serial_receiver.cpp.o\x1b[0m\n'}
[29.531043] (-) TimerEvent: {}
[29.633846] (-) TimerEvent: {}
[29.736145] (-) TimerEvent: {}
[29.843183] (-) TimerEvent: {}
[29.950640] (-) TimerEvent: {}
[30.054068] (-) TimerEvent: {}
[30.158564] (-) TimerEvent: {}
[30.262649] (-) TimerEvent: {}
[30.364699] (-) TimerEvent: {}
[30.473412] (-) TimerEvent: {}
[30.576115] (-) TimerEvent: {}
[30.679779] (-) TimerEvent: {}
[30.783460] (-) TimerEvent: {}
[30.886569] (-) TimerEvent: {}
[30.991630] (-) TimerEvent: {}
[31.094082] (-) TimerEvent: {}
[31.196608] (-) TimerEvent: {}
[31.299920] (-) TimerEvent: {}
[31.402051] (-) TimerEvent: {}
[31.503899] (-) TimerEvent: {}
[31.610272] (-) TimerEvent: {}
[31.713069] (-) TimerEvent: {}
[31.815925] (-) TimerEvent: {}
[31.916980] (-) TimerEvent: {}
[32.017705] (-) TimerEvent: {}
[32.119194] (-) TimerEvent: {}
[32.226758] (-) TimerEvent: {}
[32.330395] (-) TimerEvent: {}
[32.430919] (-) TimerEvent: {}
[32.534487] (-) TimerEvent: {}
[32.635029] (-) TimerEvent: {}
[32.736251] (-) TimerEvent: {}
[32.840153] (-) TimerEvent: {}
[32.943119] (-) TimerEvent: {}
[33.044417] (-) TimerEvent: {}
[33.147235] (-) TimerEvent: {}
[33.250341] (-) TimerEvent: {}
[33.350768] (-) TimerEvent: {}
[33.453101] (-) TimerEvent: {}
[33.565953] (-) TimerEvent: {}
[33.667496] (-) TimerEvent: {}
[33.768312] (-) TimerEvent: {}
[33.785089] (arm_controller) StdoutLine: {'line': b'[100%] \x1b[32m\x1b[1mLinking CXX shared library libarm_controller.so\x1b[0m\n'}
[33.871394] (-) TimerEvent: {}
[33.978041] (-) TimerEvent: {}
[34.079782] (-) TimerEvent: {}
[34.187927] (-) TimerEvent: {}
[34.288519] (-) TimerEvent: {}
[34.390919] (-) TimerEvent: {}
[34.493325] (-) TimerEvent: {}
[34.597966] (-) TimerEvent: {}
[34.702083] (-) TimerEvent: {}
[34.803163] (-) TimerEvent: {}
[34.904256] (-) TimerEvent: {}
[34.994891] (arm_controller) StdoutLine: {'line': b'[100%] Built target arm_controller\n'}
[35.004426] (-) TimerEvent: {}
[35.056744] (arm_controller) CommandEnded: {'returncode': 0}
[35.105139] (-) TimerEvent: {}
[35.210223] (-) TimerEvent: {}
[35.313142] (-) TimerEvent: {}
[35.319381] (arm_controller) JobProgress: {'identifier': 'arm_controller', 'progress': 'install'}
[35.319653] (arm_controller) Command: {'cmd': ['/usr/bin/cmake', '--install', '/home/ros/arm_ws/build/arm_controller'], 'cwd': '/home/ros/arm_ws/build/arm_controller', 'env': OrderedDict([('GJS_DEBUG_TOPICS', 'JS ERROR;JS LOG'), ('LESSOPEN', '| /usr/bin/lesspipe %s'), ('LANGUAGE', 'en_US:'), ('USER', 'ros'), ('LC_TIME', 'es_CO.UTF-8'), ('XDG_SESSION_TYPE', 'x11'), ('SHLVL', '1'), ('LD_LIBRARY_PATH', '/usr/lib/x86_64-linux-gnu/gazebo-11/plugins:/opt/ros/humble/opt/rviz_ogre_vendor/lib:/opt/ros/humble/lib/x86_64-linux-gnu:/opt/ros/humble/lib'), ('HOME', '/home/ros'), ('OLDPWD', '/home/ros'), ('DESKTOP_SESSION', 'ubuntu-xorg'), ('GIO_LAUNCHED_DESKTOP_FILE', '/usr/share/applications/terminator.desktop'), ('ROS_PYTHON_VERSION', '3'), ('GNOME_SHELL_SESSION_MODE', 'ubuntu'), ('GTK_MODULES', 'gail:atk-bridge'), ('LC_MONETARY', 'es_CO.UTF-8'), ('MANAGERPID', '979'), ('SYSTEMD_EXEC_PID', '1347'), ('DBUS_SESSION_BUS_ADDRESS', 'unix:path=/run/user/1000/bus'), ('COLORTERM', 'truecolor'), ('TERMINATOR_DBUS_NAME', 'net.tenshu.Terminator21a9d5db22c73a993ff0b42f64b396873'), ('GIO_LAUNCHED_DESKTOP_FILE_PID', '4526'), ('ROS_DISTRO', 'humble'), ('GTK_IM_MODULE', 'ibus'), ('LOGNAME', 'ros'), ('JOURNAL_STREAM', '8:20866'), ('_', '/usr/bin/colcon'), ('ROS_VERSION', '2'), ('XDG_SESSION_CLASS', 'user'), ('USERNAME', 'ros'), ('TERM', 'xterm-256color'), ('GNOME_DESKTOP_SESSION_ID', 'this-is-deprecated'), ('ROS_LOCALHOST_ONLY', '0'), ('WINDOWPATH', '2'), ('PATH', '/opt/ros/humble/bin:/home/ros/.local/bin:/usr/local/sbin:/usr/local/bin:/usr/sbin:/usr/bin:/sbin:/bin:/usr/games:/usr/local/games:/snap/bin:/snap/bin'), ('SESSION_MANAGER', 'local/ros-virtual-machine:@/tmp/.ICE-unix/1316,unix/ros-virtual-machine:/tmp/.ICE-unix/1316'), ('INVOCATION_ID', '00487b699f7d4c798b6f2c9b5207b5fc'), ('XDG_MENU_PREFIX', 'gnome-'), ('LC_ADDRESS', 'es_CO.UTF-8'), ('XDG_RUNTIME_DIR', '/run/user/1000'), ('DISPLAY', ':0'), ('TERMINATOR_DBUS_PATH', '/net/tenshu/Terminator2'), ('LANG', 'en_US.UTF-8'), ('XDG_CURRENT_DESKTOP', 'ubuntu:GNOME'), ('IBUS_DISABLE_SNOOPER', '1'), ('LC_TELEPHONE', 'es_CO.UTF-8'), ('XMODIFIERS', '@im=ibus'), ('XDG_SESSION_DESKTOP', 'ubuntu-xorg'), ('XAUTHORITY', '/run/user/1000/gdm/Xauthority'), ('LS_COLORS', 'rs=0:di=01;34:ln=01;36:mh=00:pi=40;33:so=01;35:do=01;35:bd=40;33;01:cd=40;33;01:or=40;31;01:mi=00:su=37;41:sg=30;43:ca=30;41:tw=30;42:ow=34;42:st=37;44:ex=01;32:*.tar=01;31:*.tgz=01;31:*.arc=01;31:*.arj=01;31:*.taz=01;31:*.lha=01;31:*.lz4=01;31:*.lzh=01;31:*.lzma=01;31:*.tlz=01;31:*.txz=01;31:*.tzo=01;31:*.t7z=01;31:*.zip=01;31:*.z=01;31:*.dz=01;31:*.gz=01;31:*.lrz=01;31:*.lz=01;31:*.lzo=01;31:*.xz=01;31:*.zst=01;31:*.tzst=01;31:*.bz2=01;31:*.bz=01;31:*.tbz=01;31:*.tbz2=01;31:*.tz=01;31:*.deb=01;31:*.rpm=01;31:*.jar=01;31:*.war=01;31:*.ear=01;31:*.sar=01;31:*.rar=01;31:*.alz=01;31:*.ace=01;31:*.zoo=01;31:*.cpio=01;31:*.7z=01;31:*.rz=01;31:*.cab=01;31:*.wim=01;31:*.swm=01;31:*.dwm=01;31:*.esd=01;31:*.jpg=01;35:*.jpeg=01;35:*.mjpg=01;35:*.mjpeg=01;35:*.gif=01;35:*.bmp=01;35:*.pbm=01;35:*.pgm=01;35:*.ppm=01;35:*.tga=01;35:*.xbm=01;35:*.xpm=01;35:*.tif=01;35:*.tiff=01;35:*.png=01;35:*.svg=01;35:*.svgz=01;35:*.mng=01;35:*.pcx=01;35:*.mov=01;35:*.mpg=01;35:*.mpeg=01;35:*.m2v=01;35:*.mkv=01;35:*.webm=01;35:*.webp=01;35:*.ogm=01;35:*.mp4=01;35:*.m4v=01;35:*.mp4v=01;35:*.vob=01;35:*.qt=01;35:*.nuv=01;35:*.wmv=01;35:*.asf=01;35:*.rm=01;35:*.rmvb=01;35:*.flc=01;35:*.avi=01;35:*.fli=01;35:*.flv=01;35:*.gl=01;35:*.dl=01;35:*.xcf=01;35:*.xwd=01;35:*.yuv=01;35:*.cgm=01;35:*.emf=01;35:*.ogv=01;35:*.ogx=01;35:*.aac=00;36:*.au=00;36:*.flac=00;36:*.m4a=00;36:*.mid=00;36:*.midi=00;36:*.mka=00;36:*.mp3=00;36:*.mpc=00;36:*.ogg=00;36:*.ra=00;36:*.wav=00;36:*.oga=00;36:*.opus=00;36:*.spx=00;36:*.xspf=00;36:'), ('SSH_AGENT_LAUNCHER', 'gnome-keyring'), ('SSH_AUTH_SOCK', '/run/user/1000/keyring/ssh'), ('AMENT_PREFIX_PATH', '/opt/ros/humble'), ('SHELL', '/bin/bash'), ('LC_NAME', 'es_CO.UTF-8'), ('TERMINATOR_UUID', 'urn:uuid:1623e010-cd7e-4313-86eb-01e292c650ef'), ('QT_ACCESSIBILITY', '1'), ('GDMSESSION', 'ubuntu-xorg'), ('LESSCLOSE', '/usr/bin/lesspipe %s %s'), ('LC_MEASUREMENT', 'es_CO.UTF-8'), ('GPG_AGENT_INFO', '/run/user/1000/gnupg/S.gpg-agent:0:1'), ('GJS_DEBUG_OUTPUT', 'stderr'), ('LC_IDENTIFICATION', 'es_CO.UTF-8'), ('QT_IM_MODULE', 'ibus'), ('PWD', '/home/ros/arm_ws/build/arm_controller'), ('LC_ALL', 'en_US.UTF-8'), ('XDG_CONFIG_DIRS', '/etc/xdg/xdg-ubuntu-xorg:/etc/xdg'), ('XDG_DATA_DIRS', '/usr/share/ubuntu-xorg:/usr/share/gnome:/usr/local/share/:/usr/share/:/var/lib/snapd/desktop'), ('PYTHONPATH', '/opt/ros/humble/lib/python3.10/site-packages:/opt/ros/humble/local/lib/python3.10/dist-packages'), ('LC_NUMERIC', 'es_CO.UTF-8'), ('LC_PAPER', 'es_CO.UTF-8'), ('COLCON', '1'), ('VTE_VERSION', '6800'), ('CMAKE_PREFIX_PATH', '/opt/ros/humble')]), 'shell': False}
[35.357065] (arm_controller) StdoutLine: {'line': b'-- Install configuration: ""\n'}
[35.362403] (arm_controller) StdoutLine: {'line': b'-- Installing: /home/ros/arm_ws/install/arm_controller/share/arm_controller/arm_controller.xml\n'}
[35.363095] (arm_controller) StdoutLine: {'line': b'-- Installing: /home/ros/arm_ws/install/arm_controller/share/arm_controller/environment/pythonpath.sh\n'}
[35.363328] (arm_controller) StdoutLine: {'line': b'-- Installing: /home/ros/arm_ws/install/arm_controller/share/arm_controller/environment/pythonpath.dsv\n'}
[35.363457] (arm_controller) StdoutLine: {'line': b'-- Installing: /home/ros/arm_ws/install/arm_controller/local/lib/python3.10/dist-packages/arm_controller-0.0.0-py3.10.egg-info\n'}
[35.363573] (arm_controller) StdoutLine: {'line': b'-- Installing: /home/ros/arm_ws/install/arm_controller/local/lib/python3.10/dist-packages/arm_controller-0.0.0-py3.10.egg-info/dependency_links.txt\n'}
[35.363688] (arm_controller) StdoutLine: {'line': b'-- Installing: /home/ros/arm_ws/install/arm_controller/local/lib/python3.10/dist-packages/arm_controller-0.0.0-py3.10.egg-info/SOURCES.txt\n'}
[35.366442] (arm_controller) StdoutLine: {'line': b'-- Installing: /home/ros/arm_ws/install/arm_controller/local/lib/python3.10/dist-packages/arm_controller-0.0.0-py3.10.egg-info/PKG-INFO\n'}
[35.366905] (arm_controller) StdoutLine: {'line': b'-- Installing: /home/ros/arm_ws/install/arm_controller/local/lib/python3.10/dist-packages/arm_controller-0.0.0-py3.10.egg-info/top_level.txt\n'}
[35.367084] (arm_controller) StdoutLine: {'line': b'-- Installing: /home/ros/arm_ws/install/arm_controller/local/lib/python3.10/dist-packages/arm_controller\n'}
[35.367304] (arm_controller) StdoutLine: {'line': b'-- Installing: /home/ros/arm_ws/install/arm_controller/local/lib/python3.10/dist-packages/arm_controller/slider_control.py\n'}
[35.367723] (arm_controller) StdoutLine: {'line': b'-- Installing: /home/ros/arm_ws/install/arm_controller/local/lib/python3.10/dist-packages/arm_controller/__init__.py\n'}
[35.415985] (-) TimerEvent: {}
[35.516549] (-) TimerEvent: {}
[35.569385] (arm_controller) StdoutLine: {'line': b"Listing '/home/ros/arm_ws/install/arm_controller/local/lib/python3.10/dist-packages/arm_controller'...\n"}
[35.571457] (arm_controller) StdoutLine: {'line': b"Compiling '/home/ros/arm_ws/install/arm_controller/local/lib/python3.10/dist-packages/arm_controller/__init__.py'...\n"}
[35.571970] (arm_controller) StdoutLine: {'line': b"Compiling '/home/ros/arm_ws/install/arm_controller/local/lib/python3.10/dist-packages/arm_controller/slider_control.py'...\n"}
[35.617019] (-) TimerEvent: {}
[35.646048] (arm_controller) StdoutLine: {'line': b'-- Installing: /home/ros/arm_ws/install/arm_controller/lib/arm_controller/slider_control\n'}
[35.697574] (arm_controller) StdoutLine: {'line': b'-- Set runtime path of "/home/ros/arm_ws/install/arm_controller/lib/arm_controller/slider_control" to ""\n'}
[35.699506] (arm_controller) StdoutLine: {'line': b'-- Installing: /home/ros/arm_ws/install/arm_controller/lib/libarm_controller.so\n'}
[35.715224] (arm_controller) StdoutLine: {'line': b'-- Set runtime path of "/home/ros/arm_ws/install/arm_controller/lib/libarm_controller.so" to ""\n'}
[35.715672] (arm_controller) StdoutLine: {'line': b'-- Installing: /home/ros/arm_ws/install/arm_controller/include/include\n'}
[35.719056] (-) TimerEvent: {}
[35.723956] (arm_controller) StdoutLine: {'line': b'-- Installing: /home/ros/arm_ws/install/arm_controller/include/include/arm_controller\n'}
[35.724684] (arm_controller) StdoutLine: {'line': b'-- Installing: /home/ros/arm_ws/install/arm_controller/include/include/arm_controller/arm_interface.hpp\n'}
[35.727538] (arm_controller) StdoutLine: {'line': b'-- Installing: /home/ros/arm_ws/install/arm_controller/share/arm_controller/launch\n'}
[35.732007] (arm_controller) StdoutLine: {'line': b'-- Installing: /home/ros/arm_ws/install/arm_controller/share/arm_controller/launch/controller.launch.py\n'}
[35.732260] (arm_controller) StdoutLine: {'line': b'-- Installing: /home/ros/arm_ws/install/arm_controller/share/arm_controller/launch/slider_controller.launch.py\n'}
[35.732461] (arm_controller) StdoutLine: {'line': b'-- Installing: /home/ros/arm_ws/install/arm_controller/share/arm_controller/config\n'}
[35.732720] (arm_controller) StdoutLine: {'line': b'-- Installing: /home/ros/arm_ws/install/arm_controller/share/arm_controller/config/arm_controllers.yaml\n'}
[35.733618] (arm_controller) StdoutLine: {'line': b'-- Installing: /home/ros/arm_ws/install/arm_controller/lib/arm_controller/slider_control.py\n'}
[35.735207] (arm_controller) StdoutLine: {'line': b'-- Installing: /home/ros/arm_ws/install/arm_controller/share/arm_controller/environment/library_path.sh\n'}
[35.738387] (arm_controller) StdoutLine: {'line': b'-- Installing: /home/ros/arm_ws/install/arm_controller/share/arm_controller/environment/library_path.dsv\n'}
[35.738764] (arm_controller) StdoutLine: {'line': b'-- Installing: /home/ros/arm_ws/install/arm_controller/share/ament_index/resource_index/package_run_dependencies/arm_controller\n'}
[35.745457] (arm_controller) StdoutLine: {'line': b'-- Installing: /home/ros/arm_ws/install/arm_controller/share/ament_index/resource_index/parent_prefix_path/arm_controller\n'}
[35.746176] (arm_controller) StdoutLine: {'line': b'-- Installing: /home/ros/arm_ws/install/arm_controller/share/arm_controller/environment/ament_prefix_path.sh\n'}
[35.746508] (arm_controller) StdoutLine: {'line': b'-- Installing: /home/ros/arm_ws/install/arm_controller/share/arm_controller/environment/ament_prefix_path.dsv\n'}
[35.750933] (arm_controller) StdoutLine: {'line': b'-- Installing: /home/ros/arm_ws/install/arm_controller/share/arm_controller/environment/path.sh\n'}
[35.756281] (arm_controller) StdoutLine: {'line': b'-- Installing: /home/ros/arm_ws/install/arm_controller/share/arm_controller/environment/path.dsv\n'}
[35.765562] (arm_controller) StdoutLine: {'line': b'-- Installing: /home/ros/arm_ws/install/arm_controller/share/arm_controller/local_setup.bash\n'}
[35.771067] (arm_controller) StdoutLine: {'line': b'-- Installing: /home/ros/arm_ws/install/arm_controller/share/arm_controller/local_setup.sh\n'}
[35.771313] (arm_controller) StdoutLine: {'line': b'-- Installing: /home/ros/arm_ws/install/arm_controller/share/arm_controller/local_setup.zsh\n'}
[35.771495] (arm_controller) StdoutLine: {'line': b'-- Installing: /home/ros/arm_ws/install/arm_controller/share/arm_controller/local_setup.dsv\n'}
[35.771708] (arm_controller) StdoutLine: {'line': b'-- Installing: /home/ros/arm_ws/install/arm_controller/share/arm_controller/package.dsv\n'}
[35.776137] (arm_controller) StdoutLine: {'line': b'-- Installing: /home/ros/arm_ws/install/arm_controller/share/ament_index/resource_index/packages/arm_controller\n'}
[35.776471] (arm_controller) StdoutLine: {'line': b'-- Installing: /home/ros/arm_ws/install/arm_controller/share/ament_index/resource_index/hardware_interface__pluginlib__plugin/arm_controller\n'}
[35.776641] (arm_controller) StdoutLine: {'line': b'-- Installing: /home/ros/arm_ws/install/arm_controller/share/arm_controller/cmake/ament_cmake_export_include_directories-extras.cmake\n'}
[35.776756] (arm_controller) StdoutLine: {'line': b'-- Installing: /home/ros/arm_ws/install/arm_controller/share/arm_controller/cmake/ament_cmake_export_libraries-extras.cmake\n'}
[35.782902] (arm_controller) StdoutLine: {'line': b'-- Installing: /home/ros/arm_ws/install/arm_controller/share/arm_controller/cmake/ament_cmake_export_dependencies-extras.cmake\n'}
[35.783726] (arm_controller) StdoutLine: {'line': b'-- Installing: /home/ros/arm_ws/install/arm_controller/share/arm_controller/cmake/arm_controllerConfig.cmake\n'}
[35.790694] (arm_controller) StdoutLine: {'line': b'-- Installing: /home/ros/arm_ws/install/arm_controller/share/arm_controller/cmake/arm_controllerConfig-version.cmake\n'}
[35.792050] (arm_controller) StdoutLine: {'line': b'-- Installing: /home/ros/arm_ws/install/arm_controller/share/arm_controller/package.xml\n'}
[35.802145] (arm_controller) CommandEnded: {'returncode': 0}
[35.827978] (-) TimerEvent: {}
[35.931111] (-) TimerEvent: {}
[36.032977] (-) TimerEvent: {}
[36.134142] (-) TimerEvent: {}
[36.236004] (-) TimerEvent: {}
[36.337262] (-) TimerEvent: {}
[36.379573] (arm_controller) JobEnded: {'identifier': 'arm_controller', 'rc': 0}
[36.385577] (arm_moveit) JobStarted: {'identifier': 'arm_moveit'}
[36.437686] (-) TimerEvent: {}
[36.456221] (arm_moveit) JobProgress: {'identifier': 'arm_moveit', 'progress': 'cmake'}
[36.467973] (arm_moveit) Command: {'cmd': ['/usr/bin/cmake', '/home/ros/arm_ws/src/arm_moveit', '-DCMAKE_INSTALL_PREFIX=/home/ros/arm_ws/install/arm_moveit'], 'cwd': '/home/ros/arm_ws/build/arm_moveit', 'env': OrderedDict([('GJS_DEBUG_TOPICS', 'JS ERROR;JS LOG'), ('LESSOPEN', '| /usr/bin/lesspipe %s'), ('LANGUAGE', 'en_US:'), ('USER', 'ros'), ('LC_TIME', 'es_CO.UTF-8'), ('XDG_SESSION_TYPE', 'x11'), ('SHLVL', '1'), ('LD_LIBRARY_PATH', '/usr/lib/x86_64-linux-gnu/gazebo-11/plugins:/opt/ros/humble/opt/rviz_ogre_vendor/lib:/opt/ros/humble/lib/x86_64-linux-gnu:/opt/ros/humble/lib'), ('HOME', '/home/ros'), ('OLDPWD', '/home/ros'), ('DESKTOP_SESSION', 'ubuntu-xorg'), ('GIO_LAUNCHED_DESKTOP_FILE', '/usr/share/applications/terminator.desktop'), ('ROS_PYTHON_VERSION', '3'), ('GNOME_SHELL_SESSION_MODE', 'ubuntu'), ('GTK_MODULES', 'gail:atk-bridge'), ('LC_MONETARY', 'es_CO.UTF-8'), ('MANAGERPID', '979'), ('SYSTEMD_EXEC_PID', '1347'), ('DBUS_SESSION_BUS_ADDRESS', 'unix:path=/run/user/1000/bus'), ('COLORTERM', 'truecolor'), ('TERMINATOR_DBUS_NAME', 'net.tenshu.Terminator21a9d5db22c73a993ff0b42f64b396873'), ('GIO_LAUNCHED_DESKTOP_FILE_PID', '4526'), ('ROS_DISTRO', 'humble'), ('GTK_IM_MODULE', 'ibus'), ('LOGNAME', 'ros'), ('JOURNAL_STREAM', '8:20866'), ('_', '/usr/bin/colcon'), ('ROS_VERSION', '2'), ('XDG_SESSION_CLASS', 'user'), ('USERNAME', 'ros'), ('TERM', 'xterm-256color'), ('GNOME_DESKTOP_SESSION_ID', 'this-is-deprecated'), ('ROS_LOCALHOST_ONLY', '0'), ('WINDOWPATH', '2'), ('PATH', '/opt/ros/humble/bin:/home/ros/.local/bin:/usr/local/sbin:/usr/local/bin:/usr/sbin:/usr/bin:/sbin:/bin:/usr/games:/usr/local/games:/snap/bin:/snap/bin'), ('SESSION_MANAGER', 'local/ros-virtual-machine:@/tmp/.ICE-unix/1316,unix/ros-virtual-machine:/tmp/.ICE-unix/1316'), ('INVOCATION_ID', '00487b699f7d4c798b6f2c9b5207b5fc'), ('XDG_MENU_PREFIX', 'gnome-'), ('LC_ADDRESS', 'es_CO.UTF-8'), ('XDG_RUNTIME_DIR', '/run/user/1000'), ('DISPLAY', ':0'), ('TERMINATOR_DBUS_PATH', '/net/tenshu/Terminator2'), ('LANG', 'en_US.UTF-8'), ('XDG_CURRENT_DESKTOP', 'ubuntu:GNOME'), ('IBUS_DISABLE_SNOOPER', '1'), ('LC_TELEPHONE', 'es_CO.UTF-8'), ('XMODIFIERS', '@im=ibus'), ('XDG_SESSION_DESKTOP', 'ubuntu-xorg'), ('XAUTHORITY', '/run/user/1000/gdm/Xauthority'), ('LS_COLORS', 'rs=0:di=01;34:ln=01;36:mh=00:pi=40;33:so=01;35:do=01;35:bd=40;33;01:cd=40;33;01:or=40;31;01:mi=00:su=37;41:sg=30;43:ca=30;41:tw=30;42:ow=34;42:st=37;44:ex=01;32:*.tar=01;31:*.tgz=01;31:*.arc=01;31:*.arj=01;31:*.taz=01;31:*.lha=01;31:*.lz4=01;31:*.lzh=01;31:*.lzma=01;31:*.tlz=01;31:*.txz=01;31:*.tzo=01;31:*.t7z=01;31:*.zip=01;31:*.z=01;31:*.dz=01;31:*.gz=01;31:*.lrz=01;31:*.lz=01;31:*.lzo=01;31:*.xz=01;31:*.zst=01;31:*.tzst=01;31:*.bz2=01;31:*.bz=01;31:*.tbz=01;31:*.tbz2=01;31:*.tz=01;31:*.deb=01;31:*.rpm=01;31:*.jar=01;31:*.war=01;31:*.ear=01;31:*.sar=01;31:*.rar=01;31:*.alz=01;31:*.ace=01;31:*.zoo=01;31:*.cpio=01;31:*.7z=01;31:*.rz=01;31:*.cab=01;31:*.wim=01;31:*.swm=01;31:*.dwm=01;31:*.esd=01;31:*.jpg=01;35:*.jpeg=01;35:*.mjpg=01;35:*.mjpeg=01;35:*.gif=01;35:*.bmp=01;35:*.pbm=01;35:*.pgm=01;35:*.ppm=01;35:*.tga=01;35:*.xbm=01;35:*.xpm=01;35:*.tif=01;35:*.tiff=01;35:*.png=01;35:*.svg=01;35:*.svgz=01;35:*.mng=01;35:*.pcx=01;35:*.mov=01;35:*.mpg=01;35:*.mpeg=01;35:*.m2v=01;35:*.mkv=01;35:*.webm=01;35:*.webp=01;35:*.ogm=01;35:*.mp4=01;35:*.m4v=01;35:*.mp4v=01;35:*.vob=01;35:*.qt=01;35:*.nuv=01;35:*.wmv=01;35:*.asf=01;35:*.rm=01;35:*.rmvb=01;35:*.flc=01;35:*.avi=01;35:*.fli=01;35:*.flv=01;35:*.gl=01;35:*.dl=01;35:*.xcf=01;35:*.xwd=01;35:*.yuv=01;35:*.cgm=01;35:*.emf=01;35:*.ogv=01;35:*.ogx=01;35:*.aac=00;36:*.au=00;36:*.flac=00;36:*.m4a=00;36:*.mid=00;36:*.midi=00;36:*.mka=00;36:*.mp3=00;36:*.mpc=00;36:*.ogg=00;36:*.ra=00;36:*.wav=00;36:*.oga=00;36:*.opus=00;36:*.spx=00;36:*.xspf=00;36:'), ('SSH_AGENT_LAUNCHER', 'gnome-keyring'), ('SSH_AUTH_SOCK', '/run/user/1000/keyring/ssh'), ('AMENT_PREFIX_PATH', '/opt/ros/humble'), ('SHELL', '/bin/bash'), ('LC_NAME', 'es_CO.UTF-8'), ('TERMINATOR_UUID', 'urn:uuid:1623e010-cd7e-4313-86eb-01e292c650ef'), ('QT_ACCESSIBILITY', '1'), ('GDMSESSION', 'ubuntu-xorg'), ('LESSCLOSE', '/usr/bin/lesspipe %s %s'), ('LC_MEASUREMENT', 'es_CO.UTF-8'), ('GPG_AGENT_INFO', '/run/user/1000/gnupg/S.gpg-agent:0:1'), ('GJS_DEBUG_OUTPUT', 'stderr'), ('LC_IDENTIFICATION', 'es_CO.UTF-8'), ('QT_IM_MODULE', 'ibus'), ('PWD', '/home/ros/arm_ws/build/arm_moveit'), ('LC_ALL', 'en_US.UTF-8'), ('XDG_CONFIG_DIRS', '/etc/xdg/xdg-ubuntu-xorg:/etc/xdg'), ('XDG_DATA_DIRS', '/usr/share/ubuntu-xorg:/usr/share/gnome:/usr/local/share/:/usr/share/:/var/lib/snapd/desktop'), ('PYTHONPATH', '/opt/ros/humble/lib/python3.10/site-packages:/opt/ros/humble/local/lib/python3.10/dist-packages'), ('LC_NUMERIC', 'es_CO.UTF-8'), ('LC_PAPER', 'es_CO.UTF-8'), ('COLCON', '1'), ('VTE_VERSION', '6800'), ('CMAKE_PREFIX_PATH', '/opt/ros/humble')]), 'shell': False}
[36.538271] (-) TimerEvent: {}
[36.639734] (-) TimerEvent: {}
[36.741663] (-) TimerEvent: {}
[36.844274] (-) TimerEvent: {}
[36.866571] (arm_moveit) StdoutLine: {'line': b'-- The C compiler identification is GNU 11.4.0\n'}
[36.946074] (-) TimerEvent: {}
[37.050944] (-) TimerEvent: {}
[37.153611] (-) TimerEvent: {}
[37.219241] (arm_moveit) StdoutLine: {'line': b'-- The CXX compiler identification is GNU 11.4.0\n'}
[37.254479] (-) TimerEvent: {}
[37.280245] (arm_moveit) StdoutLine: {'line': b'-- Detecting C compiler ABI info\n'}
[37.354995] (-) TimerEvent: {}
[37.455462] (-) TimerEvent: {}
[37.559443] (-) TimerEvent: {}
[37.663164] (-) TimerEvent: {}
[37.766583] (-) TimerEvent: {}
[37.770982] (arm_moveit) StdoutLine: {'line': b'-- Detecting C compiler ABI info - done\n'}
[37.815379] (arm_moveit) StdoutLine: {'line': b'-- Check for working C compiler: /usr/bin/cc - skipped\n'}
[37.815942] (arm_moveit) StdoutLine: {'line': b'-- Detecting C compile features\n'}
[37.819693] (arm_moveit) StdoutLine: {'line': b'-- Detecting C compile features - done\n'}
[37.846758] (arm_moveit) StdoutLine: {'line': b'-- Detecting CXX compiler ABI info\n'}
[37.868372] (-) TimerEvent: {}
[37.969961] (-) TimerEvent: {}
[38.071424] (-) TimerEvent: {}
[38.180071] (-) TimerEvent: {}
[38.285160] (-) TimerEvent: {}
[38.386937] (-) TimerEvent: {}
[38.469080] (arm_moveit) StdoutLine: {'line': b'-- Detecting CXX compiler ABI info - done\n'}
[38.488270] (-) TimerEvent: {}
[38.550061] (arm_moveit) StdoutLine: {'line': b'-- Check for working CXX compiler: /usr/bin/c++ - skipped\n'}
[38.554704] (arm_moveit) StdoutLine: {'line': b'-- Detecting CXX compile features\n'}
[38.555585] (arm_moveit) StdoutLine: {'line': b'-- Detecting CXX compile features - done\n'}
[38.579950] (arm_moveit) StdoutLine: {'line': b'-- Found ament_cmake: 1.3.10 (/opt/ros/humble/share/ament_cmake/cmake)\n'}
[38.589133] (-) TimerEvent: {}
[38.695673] (-) TimerEvent: {}
[38.803872] (-) TimerEvent: {}
[38.904498] (-) TimerEvent: {}
[39.007902] (-) TimerEvent: {}
[39.115417] (-) TimerEvent: {}
[39.215981] (-) TimerEvent: {}
[39.319173] (-) TimerEvent: {}
[39.422647] (-) TimerEvent: {}
[39.524249] (-) TimerEvent: {}
[39.571430] (arm_moveit) StdoutLine: {'line': b'-- Found Python3: /usr/bin/python3 (found version "3.10.12") found components: Interpreter \n'}
[39.633015] (-) TimerEvent: {}
[39.733761] (-) TimerEvent: {}
[39.840299] (-) TimerEvent: {}
[39.944022] (-) TimerEvent: {}
[40.045119] (-) TimerEvent: {}
[40.149152] (-) TimerEvent: {}
[40.243891] (arm_moveit) StdoutLine: {'line': b'-- Found ament_lint_auto: 0.12.11 (/opt/ros/humble/share/ament_lint_auto/cmake)\n'}
[40.249322] (-) TimerEvent: {}
[40.352451] (-) TimerEvent: {}
[40.454621] (-) TimerEvent: {}
[40.558030] (-) TimerEvent: {}
[40.661082] (-) TimerEvent: {}
[40.761774] (-) TimerEvent: {}
[40.864052] (-) TimerEvent: {}
[40.871141] (arm_moveit) StdoutLine: {'line': b"-- Added test 'copyright' to check source files copyright and LICENSE\n"}
[40.902382] (arm_moveit) StdoutLine: {'line': b"-- Added test 'flake8' to check Python code syntax and style conventions\n"}
[40.919012] (arm_moveit) StdoutLine: {'line': b"-- Added test 'lint_cmake' to check CMake code style\n"}
[40.919889] (arm_moveit) StdoutLine: {'line': b"-- Added test 'pep257' to check Python code against some of the docstring style conventions in PEP 257\n"}
[40.937056] (arm_moveit) StdoutLine: {'line': b"-- Added test 'xmllint' to check XML markup files\n"}
[40.957322] (arm_moveit) StdoutLine: {'line': b'-- Configuring done\n'}
[40.964946] (-) TimerEvent: {}
[40.988352] (arm_moveit) StdoutLine: {'line': b'-- Generating done\n'}
[41.017767] (arm_moveit) StdoutLine: {'line': b'-- Build files have been written to: /home/ros/arm_ws/build/arm_moveit\n'}
[41.077903] (arm_moveit) CommandEnded: {'returncode': 0}
[41.086079] (-) TimerEvent: {}
[41.087696] (arm_moveit) JobProgress: {'identifier': 'arm_moveit', 'progress': 'build'}
[41.087901] (arm_moveit) Command: {'cmd': ['/usr/bin/cmake', '--build', '/home/ros/arm_ws/build/arm_moveit', '--', '-j2', '-l2'], 'cwd': '/home/ros/arm_ws/build/arm_moveit', 'env': OrderedDict([('GJS_DEBUG_TOPICS', 'JS ERROR;JS LOG'), ('LESSOPEN', '| /usr/bin/lesspipe %s'), ('LANGUAGE', 'en_US:'), ('USER', 'ros'), ('LC_TIME', 'es_CO.UTF-8'), ('XDG_SESSION_TYPE', 'x11'), ('SHLVL', '1'), ('LD_LIBRARY_PATH', '/usr/lib/x86_64-linux-gnu/gazebo-11/plugins:/opt/ros/humble/opt/rviz_ogre_vendor/lib:/opt/ros/humble/lib/x86_64-linux-gnu:/opt/ros/humble/lib'), ('HOME', '/home/ros'), ('OLDPWD', '/home/ros'), ('DESKTOP_SESSION', 'ubuntu-xorg'), ('GIO_LAUNCHED_DESKTOP_FILE', '/usr/share/applications/terminator.desktop'), ('ROS_PYTHON_VERSION', '3'), ('GNOME_SHELL_SESSION_MODE', 'ubuntu'), ('GTK_MODULES', 'gail:atk-bridge'), ('LC_MONETARY', 'es_CO.UTF-8'), ('MANAGERPID', '979'), ('SYSTEMD_EXEC_PID', '1347'), ('DBUS_SESSION_BUS_ADDRESS', 'unix:path=/run/user/1000/bus'), ('COLORTERM', 'truecolor'), ('TERMINATOR_DBUS_NAME', 'net.tenshu.Terminator21a9d5db22c73a993ff0b42f64b396873'), ('GIO_LAUNCHED_DESKTOP_FILE_PID', '4526'), ('ROS_DISTRO', 'humble'), ('GTK_IM_MODULE', 'ibus'), ('LOGNAME', 'ros'), ('JOURNAL_STREAM', '8:20866'), ('_', '/usr/bin/colcon'), ('ROS_VERSION', '2'), ('XDG_SESSION_CLASS', 'user'), ('USERNAME', 'ros'), ('TERM', 'xterm-256color'), ('GNOME_DESKTOP_SESSION_ID', 'this-is-deprecated'), ('ROS_LOCALHOST_ONLY', '0'), ('WINDOWPATH', '2'), ('PATH', '/opt/ros/humble/bin:/home/ros/.local/bin:/usr/local/sbin:/usr/local/bin:/usr/sbin:/usr/bin:/sbin:/bin:/usr/games:/usr/local/games:/snap/bin:/snap/bin'), ('SESSION_MANAGER', 'local/ros-virtual-machine:@/tmp/.ICE-unix/1316,unix/ros-virtual-machine:/tmp/.ICE-unix/1316'), ('INVOCATION_ID', '00487b699f7d4c798b6f2c9b5207b5fc'), ('XDG_MENU_PREFIX', 'gnome-'), ('LC_ADDRESS', 'es_CO.UTF-8'), ('XDG_RUNTIME_DIR', '/run/user/1000'), ('DISPLAY', ':0'), ('TERMINATOR_DBUS_PATH', '/net/tenshu/Terminator2'), ('LANG', 'en_US.UTF-8'), ('XDG_CURRENT_DESKTOP', 'ubuntu:GNOME'), ('IBUS_DISABLE_SNOOPER', '1'), ('LC_TELEPHONE', 'es_CO.UTF-8'), ('XMODIFIERS', '@im=ibus'), ('XDG_SESSION_DESKTOP', 'ubuntu-xorg'), ('XAUTHORITY', '/run/user/1000/gdm/Xauthority'), ('LS_COLORS', 'rs=0:di=01;34:ln=01;36:mh=00:pi=40;33:so=01;35:do=01;35:bd=40;33;01:cd=40;33;01:or=40;31;01:mi=00:su=37;41:sg=30;43:ca=30;41:tw=30;42:ow=34;42:st=37;44:ex=01;32:*.tar=01;31:*.tgz=01;31:*.arc=01;31:*.arj=01;31:*.taz=01;31:*.lha=01;31:*.lz4=01;31:*.lzh=01;31:*.lzma=01;31:*.tlz=01;31:*.txz=01;31:*.tzo=01;31:*.t7z=01;31:*.zip=01;31:*.z=01;31:*.dz=01;31:*.gz=01;31:*.lrz=01;31:*.lz=01;31:*.lzo=01;31:*.xz=01;31:*.zst=01;31:*.tzst=01;31:*.bz2=01;31:*.bz=01;31:*.tbz=01;31:*.tbz2=01;31:*.tz=01;31:*.deb=01;31:*.rpm=01;31:*.jar=01;31:*.war=01;31:*.ear=01;31:*.sar=01;31:*.rar=01;31:*.alz=01;31:*.ace=01;31:*.zoo=01;31:*.cpio=01;31:*.7z=01;31:*.rz=01;31:*.cab=01;31:*.wim=01;31:*.swm=01;31:*.dwm=01;31:*.esd=01;31:*.jpg=01;35:*.jpeg=01;35:*.mjpg=01;35:*.mjpeg=01;35:*.gif=01;35:*.bmp=01;35:*.pbm=01;35:*.pgm=01;35:*.ppm=01;35:*.tga=01;35:*.xbm=01;35:*.xpm=01;35:*.tif=01;35:*.tiff=01;35:*.png=01;35:*.svg=01;35:*.svgz=01;35:*.mng=01;35:*.pcx=01;35:*.mov=01;35:*.mpg=01;35:*.mpeg=01;35:*.m2v=01;35:*.mkv=01;35:*.webm=01;35:*.webp=01;35:*.ogm=01;35:*.mp4=01;35:*.m4v=01;35:*.mp4v=01;35:*.vob=01;35:*.qt=01;35:*.nuv=01;35:*.wmv=01;35:*.asf=01;35:*.rm=01;35:*.rmvb=01;35:*.flc=01;35:*.avi=01;35:*.fli=01;35:*.flv=01;35:*.gl=01;35:*.dl=01;35:*.xcf=01;35:*.xwd=01;35:*.yuv=01;35:*.cgm=01;35:*.emf=01;35:*.ogv=01;35:*.ogx=01;35:*.aac=00;36:*.au=00;36:*.flac=00;36:*.m4a=00;36:*.mid=00;36:*.midi=00;36:*.mka=00;36:*.mp3=00;36:*.mpc=00;36:*.ogg=00;36:*.ra=00;36:*.wav=00;36:*.oga=00;36:*.opus=00;36:*.spx=00;36:*.xspf=00;36:'), ('SSH_AGENT_LAUNCHER', 'gnome-keyring'), ('SSH_AUTH_SOCK', '/run/user/1000/keyring/ssh'), ('AMENT_PREFIX_PATH', '/opt/ros/humble'), ('SHELL', '/bin/bash'), ('LC_NAME', 'es_CO.UTF-8'), ('TERMINATOR_UUID', 'urn:uuid:1623e010-cd7e-4313-86eb-01e292c650ef'), ('QT_ACCESSIBILITY', '1'), ('GDMSESSION', 'ubuntu-xorg'), ('LESSCLOSE', '/usr/bin/lesspipe %s %s'), ('LC_MEASUREMENT', 'es_CO.UTF-8'), ('GPG_AGENT_INFO', '/run/user/1000/gnupg/S.gpg-agent:0:1'), ('GJS_DEBUG_OUTPUT', 'stderr'), ('LC_IDENTIFICATION', 'es_CO.UTF-8'), ('QT_IM_MODULE', 'ibus'), ('PWD', '/home/ros/arm_ws/build/arm_moveit'), ('LC_ALL', 'en_US.UTF-8'), ('XDG_CONFIG_DIRS', '/etc/xdg/xdg-ubuntu-xorg:/etc/xdg'), ('XDG_DATA_DIRS', '/usr/share/ubuntu-xorg:/usr/share/gnome:/usr/local/share/:/usr/share/:/var/lib/snapd/desktop'), ('PYTHONPATH', '/opt/ros/humble/lib/python3.10/site-packages:/opt/ros/humble/local/lib/python3.10/dist-packages'), ('LC_NUMERIC', 'es_CO.UTF-8'), ('LC_PAPER', 'es_CO.UTF-8'), ('COLCON', '1'), ('VTE_VERSION', '6800'), ('CMAKE_PREFIX_PATH', '/opt/ros/humble')]), 'shell': False}
[41.191088] (-) TimerEvent: {}
[41.293467] (-) TimerEvent: {}
[41.396095] (-) TimerEvent: {}
[41.492866] (arm_moveit) CommandEnded: {'returncode': 0}
[41.499535] (-) TimerEvent: {}
[41.605189] (-) TimerEvent: {}
[41.710959] (-) TimerEvent: {}
[41.818630] (arm_moveit) JobProgress: {'identifier': 'arm_moveit', 'progress': 'install'}
[41.818985] (-) TimerEvent: {}
[41.820591] (arm_moveit) Command: {'cmd': ['/usr/bin/cmake', '--install', '/home/ros/arm_ws/build/arm_moveit'], 'cwd': '/home/ros/arm_ws/build/arm_moveit', 'env': OrderedDict([('GJS_DEBUG_TOPICS', 'JS ERROR;JS LOG'), ('LESSOPEN', '| /usr/bin/lesspipe %s'), ('LANGUAGE', 'en_US:'), ('USER', 'ros'), ('LC_TIME', 'es_CO.UTF-8'), ('XDG_SESSION_TYPE', 'x11'), ('SHLVL', '1'), ('LD_LIBRARY_PATH', '/usr/lib/x86_64-linux-gnu/gazebo-11/plugins:/opt/ros/humble/opt/rviz_ogre_vendor/lib:/opt/ros/humble/lib/x86_64-linux-gnu:/opt/ros/humble/lib'), ('HOME', '/home/ros'), ('OLDPWD', '/home/ros'), ('DESKTOP_SESSION', 'ubuntu-xorg'), ('GIO_LAUNCHED_DESKTOP_FILE', '/usr/share/applications/terminator.desktop'), ('ROS_PYTHON_VERSION', '3'), ('GNOME_SHELL_SESSION_MODE', 'ubuntu'), ('GTK_MODULES', 'gail:atk-bridge'), ('LC_MONETARY', 'es_CO.UTF-8'), ('MANAGERPID', '979'), ('SYSTEMD_EXEC_PID', '1347'), ('DBUS_SESSION_BUS_ADDRESS', 'unix:path=/run/user/1000/bus'), ('COLORTERM', 'truecolor'), ('TERMINATOR_DBUS_NAME', 'net.tenshu.Terminator21a9d5db22c73a993ff0b42f64b396873'), ('GIO_LAUNCHED_DESKTOP_FILE_PID', '4526'), ('ROS_DISTRO', 'humble'), ('GTK_IM_MODULE', 'ibus'), ('LOGNAME', 'ros'), ('JOURNAL_STREAM', '8:20866'), ('_', '/usr/bin/colcon'), ('ROS_VERSION', '2'), ('XDG_SESSION_CLASS', 'user'), ('USERNAME', 'ros'), ('TERM', 'xterm-256color'), ('GNOME_DESKTOP_SESSION_ID', 'this-is-deprecated'), ('ROS_LOCALHOST_ONLY', '0'), ('WINDOWPATH', '2'), ('PATH', '/opt/ros/humble/bin:/home/ros/.local/bin:/usr/local/sbin:/usr/local/bin:/usr/sbin:/usr/bin:/sbin:/bin:/usr/games:/usr/local/games:/snap/bin:/snap/bin'), ('SESSION_MANAGER', 'local/ros-virtual-machine:@/tmp/.ICE-unix/1316,unix/ros-virtual-machine:/tmp/.ICE-unix/1316'), ('INVOCATION_ID', '00487b699f7d4c798b6f2c9b5207b5fc'), ('XDG_MENU_PREFIX', 'gnome-'), ('LC_ADDRESS', 'es_CO.UTF-8'), ('XDG_RUNTIME_DIR', '/run/user/1000'), ('DISPLAY', ':0'), ('TERMINATOR_DBUS_PATH', '/net/tenshu/Terminator2'), ('LANG', 'en_US.UTF-8'), ('XDG_CURRENT_DESKTOP', 'ubuntu:GNOME'), ('IBUS_DISABLE_SNOOPER', '1'), ('LC_TELEPHONE', 'es_CO.UTF-8'), ('XMODIFIERS', '@im=ibus'), ('XDG_SESSION_DESKTOP', 'ubuntu-xorg'), ('XAUTHORITY', '/run/user/1000/gdm/Xauthority'), ('LS_COLORS', 'rs=0:di=01;34:ln=01;36:mh=00:pi=40;33:so=01;35:do=01;35:bd=40;33;01:cd=40;33;01:or=40;31;01:mi=00:su=37;41:sg=30;43:ca=30;41:tw=30;42:ow=34;42:st=37;44:ex=01;32:*.tar=01;31:*.tgz=01;31:*.arc=01;31:*.arj=01;31:*.taz=01;31:*.lha=01;31:*.lz4=01;31:*.lzh=01;31:*.lzma=01;31:*.tlz=01;31:*.txz=01;31:*.tzo=01;31:*.t7z=01;31:*.zip=01;31:*.z=01;31:*.dz=01;31:*.gz=01;31:*.lrz=01;31:*.lz=01;31:*.lzo=01;31:*.xz=01;31:*.zst=01;31:*.tzst=01;31:*.bz2=01;31:*.bz=01;31:*.tbz=01;31:*.tbz2=01;31:*.tz=01;31:*.deb=01;31:*.rpm=01;31:*.jar=01;31:*.war=01;31:*.ear=01;31:*.sar=01;31:*.rar=01;31:*.alz=01;31:*.ace=01;31:*.zoo=01;31:*.cpio=01;31:*.7z=01;31:*.rz=01;31:*.cab=01;31:*.wim=01;31:*.swm=01;31:*.dwm=01;31:*.esd=01;31:*.jpg=01;35:*.jpeg=01;35:*.mjpg=01;35:*.mjpeg=01;35:*.gif=01;35:*.bmp=01;35:*.pbm=01;35:*.pgm=01;35:*.ppm=01;35:*.tga=01;35:*.xbm=01;35:*.xpm=01;35:*.tif=01;35:*.tiff=01;35:*.png=01;35:*.svg=01;35:*.svgz=01;35:*.mng=01;35:*.pcx=01;35:*.mov=01;35:*.mpg=01;35:*.mpeg=01;35:*.m2v=01;35:*.mkv=01;35:*.webm=01;35:*.webp=01;35:*.ogm=01;35:*.mp4=01;35:*.m4v=01;35:*.mp4v=01;35:*.vob=01;35:*.qt=01;35:*.nuv=01;35:*.wmv=01;35:*.asf=01;35:*.rm=01;35:*.rmvb=01;35:*.flc=01;35:*.avi=01;35:*.fli=01;35:*.flv=01;35:*.gl=01;35:*.dl=01;35:*.xcf=01;35:*.xwd=01;35:*.yuv=01;35:*.cgm=01;35:*.emf=01;35:*.ogv=01;35:*.ogx=01;35:*.aac=00;36:*.au=00;36:*.flac=00;36:*.m4a=00;36:*.mid=00;36:*.midi=00;36:*.mka=00;36:*.mp3=00;36:*.mpc=00;36:*.ogg=00;36:*.ra=00;36:*.wav=00;36:*.oga=00;36:*.opus=00;36:*.spx=00;36:*.xspf=00;36:'), ('SSH_AGENT_LAUNCHER', 'gnome-keyring'), ('SSH_AUTH_SOCK', '/run/user/1000/keyring/ssh'), ('AMENT_PREFIX_PATH', '/opt/ros/humble'), ('SHELL', '/bin/bash'), ('LC_NAME', 'es_CO.UTF-8'), ('TERMINATOR_UUID', 'urn:uuid:1623e010-cd7e-4313-86eb-01e292c650ef'), ('QT_ACCESSIBILITY', '1'), ('GDMSESSION', 'ubuntu-xorg'), ('LESSCLOSE', '/usr/bin/lesspipe %s %s'), ('LC_MEASUREMENT', 'es_CO.UTF-8'), ('GPG_AGENT_INFO', '/run/user/1000/gnupg/S.gpg-agent:0:1'), ('GJS_DEBUG_OUTPUT', 'stderr'), ('LC_IDENTIFICATION', 'es_CO.UTF-8'), ('QT_IM_MODULE', 'ibus'), ('PWD', '/home/ros/arm_ws/build/arm_moveit'), ('LC_ALL', 'en_US.UTF-8'), ('XDG_CONFIG_DIRS', '/etc/xdg/xdg-ubuntu-xorg:/etc/xdg'), ('XDG_DATA_DIRS', '/usr/share/ubuntu-xorg:/usr/share/gnome:/usr/local/share/:/usr/share/:/var/lib/snapd/desktop'), ('PYTHONPATH', '/opt/ros/humble/lib/python3.10/site-packages:/opt/ros/humble/local/lib/python3.10/dist-packages'), ('LC_NUMERIC', 'es_CO.UTF-8'), ('LC_PAPER', 'es_CO.UTF-8'), ('COLCON', '1'), ('VTE_VERSION', '6800'), ('CMAKE_PREFIX_PATH', '/opt/ros/humble')]), 'shell': False}
[41.874019] (arm_moveit) StdoutLine: {'line': b'-- Install configuration: ""\n'}
[41.874431] (arm_moveit) StdoutLine: {'line': b'-- Installing: /home/ros/arm_ws/install/arm_moveit/share/arm_moveit/launch\n'}
[41.883529] (arm_moveit) StdoutLine: {'line': b'-- Installing: /home/ros/arm_ws/install/arm_moveit/share/arm_moveit/launch/moveit.launch.py\n'}
[41.885162] (arm_moveit) StdoutLine: {'line': b'-- Installing: /home/ros/arm_ws/install/arm_moveit/share/arm_moveit/config\n'}
[41.886565] (arm_moveit) StdoutLine: {'line': b'-- Installing: /home/ros/arm_ws/install/arm_moveit/share/arm_moveit/config/initial_positions.yaml\n'}
[41.893784] (arm_moveit) StdoutLine: {'line': b'-- Installing: /home/ros/arm_ws/install/arm_moveit/share/arm_moveit/config/moveit_controllers.yaml\n'}
[41.894174] (arm_moveit) StdoutLine: {'line': b'-- Installing: /home/ros/arm_ws/install/arm_moveit/share/arm_moveit/config/pilz_cartesian_limits.yaml\n'}
[41.894518] (arm_moveit) StdoutLine: {'line': b'-- Installing: /home/ros/arm_ws/install/arm_moveit/share/arm_moveit/config/kinematics.yaml\n'}
[41.902598] (arm_moveit) StdoutLine: {'line': b'-- Installing: /home/ros/arm_ws/install/arm_moveit/share/arm_moveit/config/arm.srdf\n'}
[41.902766] (arm_moveit) StdoutLine: {'line': b'-- Installing: /home/ros/arm_ws/install/arm_moveit/share/arm_moveit/config/moveit.rviz\n'}
[41.902948] (arm_moveit) StdoutLine: {'line': b'-- Installing: /home/ros/arm_ws/install/arm_moveit/share/arm_moveit/config/joint_limits.yaml\n'}
[41.903173] (arm_moveit) StdoutLine: {'line': b'-- Installing: /home/ros/arm_ws/install/arm_moveit/share/ament_index/resource_index/package_run_dependencies/arm_moveit\n'}
[41.903609] (arm_moveit) StdoutLine: {'line': b'-- Installing: /home/ros/arm_ws/install/arm_moveit/share/ament_index/resource_index/parent_prefix_path/arm_moveit\n'}
[41.905304] (arm_moveit) StdoutLine: {'line': b'-- Installing: /home/ros/arm_ws/install/arm_moveit/share/arm_moveit/environment/ament_prefix_path.sh\n'}
[41.907731] (arm_moveit) StdoutLine: {'line': b'-- Installing: /home/ros/arm_ws/install/arm_moveit/share/arm_moveit/environment/ament_prefix_path.dsv\n'}
[41.908102] (arm_moveit) StdoutLine: {'line': b'-- Installing: /home/ros/arm_ws/install/arm_moveit/share/arm_moveit/environment/path.sh\n'}
[41.908366] (arm_moveit) StdoutLine: {'line': b'-- Installing: /home/ros/arm_ws/install/arm_moveit/share/arm_moveit/environment/path.dsv\n'}
[41.908542] (arm_moveit) StdoutLine: {'line': b'-- Installing: /home/ros/arm_ws/install/arm_moveit/share/arm_moveit/local_setup.bash\n'}
[41.915188] (arm_moveit) StdoutLine: {'line': b'-- Installing: /home/ros/arm_ws/install/arm_moveit/share/arm_moveit/local_setup.sh\n'}
[41.915537] (arm_moveit) StdoutLine: {'line': b'-- Installing: /home/ros/arm_ws/install/arm_moveit/share/arm_moveit/local_setup.zsh\n'}
[41.915675] (arm_moveit) StdoutLine: {'line': b'-- Installing: /home/ros/arm_ws/install/arm_moveit/share/arm_moveit/local_setup.dsv\n'}
[41.918930] (arm_moveit) StdoutLine: {'line': b'-- Installing: /home/ros/arm_ws/install/arm_moveit/share/arm_moveit/package.dsv\n'}
[41.919575] (-) TimerEvent: {}
[41.922096] (arm_moveit) StdoutLine: {'line': b'-- Installing: /home/ros/arm_ws/install/arm_moveit/share/ament_index/resource_index/packages/arm_moveit\n'}
[41.922395] (arm_moveit) StdoutLine: {'line': b'-- Installing: /home/ros/arm_ws/install/arm_moveit/share/arm_moveit/cmake/arm_moveitConfig.cmake\n'}
[41.922557] (arm_moveit) StdoutLine: {'line': b'-- Installing: /home/ros/arm_ws/install/arm_moveit/share/arm_moveit/cmake/arm_moveitConfig-version.cmake\n'}
[41.926978] (arm_moveit) StdoutLine: {'line': b'-- Installing: /home/ros/arm_ws/install/arm_moveit/share/arm_moveit/package.xml\n'}
[41.934129] (arm_moveit) CommandEnded: {'returncode': 0}
[42.021912] (-) TimerEvent: {}
[42.125505] (-) TimerEvent: {}
[42.229616] (-) TimerEvent: {}
[42.335001] (-) TimerEvent: {}
[42.381979] (arm_moveit) JobEnded: {'identifier': 'arm_moveit', 'rc': 0}
[42.399271] (arm_cpp_examples) JobStarted: {'identifier': 'arm_cpp_examples'}
[42.437990] (-) TimerEvent: {}
[42.496729] (arm_cpp_examples) JobProgress: {'identifier': 'arm_cpp_examples', 'progress': 'cmake'}
[42.497071] (arm_cpp_examples) Command: {'cmd': ['/usr/bin/cmake', '/home/ros/arm_ws/src/arm_cpp_examples', '-DCMAKE_INSTALL_PREFIX=/home/ros/arm_ws/install/arm_cpp_examples'], 'cwd': '/home/ros/arm_ws/build/arm_cpp_examples', 'env': OrderedDict([('GJS_DEBUG_TOPICS', 'JS ERROR;JS LOG'), ('LESSOPEN', '| /usr/bin/lesspipe %s'), ('LANGUAGE', 'en_US:'), ('USER', 'ros'), ('LC_TIME', 'es_CO.UTF-8'), ('XDG_SESSION_TYPE', 'x11'), ('SHLVL', '1'), ('LD_LIBRARY_PATH', '/home/ros/arm_ws/install/arm_msgs/lib:/usr/lib/x86_64-linux-gnu/gazebo-11/plugins:/opt/ros/humble/opt/rviz_ogre_vendor/lib:/opt/ros/humble/lib/x86_64-linux-gnu:/opt/ros/humble/lib'), ('HOME', '/home/ros'), ('OLDPWD', '/home/ros'), ('DESKTOP_SESSION', 'ubuntu-xorg'), ('GIO_LAUNCHED_DESKTOP_FILE', '/usr/share/applications/terminator.desktop'), ('ROS_PYTHON_VERSION', '3'), ('GNOME_SHELL_SESSION_MODE', 'ubuntu'), ('GTK_MODULES', 'gail:atk-bridge'), ('LC_MONETARY', 'es_CO.UTF-8'), ('MANAGERPID', '979'), ('SYSTEMD_EXEC_PID', '1347'), ('DBUS_SESSION_BUS_ADDRESS', 'unix:path=/run/user/1000/bus'), ('COLORTERM', 'truecolor'), ('TERMINATOR_DBUS_NAME', 'net.tenshu.Terminator21a9d5db22c73a993ff0b42f64b396873'), ('GIO_LAUNCHED_DESKTOP_FILE_PID', '4526'), ('ROS_DISTRO', 'humble'), ('GTK_IM_MODULE', 'ibus'), ('LOGNAME', 'ros'), ('JOURNAL_STREAM', '8:20866'), ('_', '/usr/bin/colcon'), ('ROS_VERSION', '2'), ('XDG_SESSION_CLASS', 'user'), ('USERNAME', 'ros'), ('TERM', 'xterm-256color'), ('GNOME_DESKTOP_SESSION_ID', 'this-is-deprecated'), ('ROS_LOCALHOST_ONLY', '0'), ('WINDOWPATH', '2'), ('PATH', '/opt/ros/humble/bin:/home/ros/.local/bin:/usr/local/sbin:/usr/local/bin:/usr/sbin:/usr/bin:/sbin:/bin:/usr/games:/usr/local/games:/snap/bin:/snap/bin'), ('SESSION_MANAGER', 'local/ros-virtual-machine:@/tmp/.ICE-unix/1316,unix/ros-virtual-machine:/tmp/.ICE-unix/1316'), ('INVOCATION_ID', '00487b699f7d4c798b6f2c9b5207b5fc'), ('XDG_MENU_PREFIX', 'gnome-'), ('LC_ADDRESS', 'es_CO.UTF-8'), ('XDG_RUNTIME_DIR', '/run/user/1000'), ('DISPLAY', ':0'), ('TERMINATOR_DBUS_PATH', '/net/tenshu/Terminator2'), ('LANG', 'en_US.UTF-8'), ('XDG_CURRENT_DESKTOP', 'ubuntu:GNOME'), ('IBUS_DISABLE_SNOOPER', '1'), ('LC_TELEPHONE', 'es_CO.UTF-8'), ('XMODIFIERS', '@im=ibus'), ('XDG_SESSION_DESKTOP', 'ubuntu-xorg'), ('XAUTHORITY', '/run/user/1000/gdm/Xauthority'), ('LS_COLORS', 'rs=0:di=01;34:ln=01;36:mh=00:pi=40;33:so=01;35:do=01;35:bd=40;33;01:cd=40;33;01:or=40;31;01:mi=00:su=37;41:sg=30;43:ca=30;41:tw=30;42:ow=34;42:st=37;44:ex=01;32:*.tar=01;31:*.tgz=01;31:*.arc=01;31:*.arj=01;31:*.taz=01;31:*.lha=01;31:*.lz4=01;31:*.lzh=01;31:*.lzma=01;31:*.tlz=01;31:*.txz=01;31:*.tzo=01;31:*.t7z=01;31:*.zip=01;31:*.z=01;31:*.dz=01;31:*.gz=01;31:*.lrz=01;31:*.lz=01;31:*.lzo=01;31:*.xz=01;31:*.zst=01;31:*.tzst=01;31:*.bz2=01;31:*.bz=01;31:*.tbz=01;31:*.tbz2=01;31:*.tz=01;31:*.deb=01;31:*.rpm=01;31:*.jar=01;31:*.war=01;31:*.ear=01;31:*.sar=01;31:*.rar=01;31:*.alz=01;31:*.ace=01;31:*.zoo=01;31:*.cpio=01;31:*.7z=01;31:*.rz=01;31:*.cab=01;31:*.wim=01;31:*.swm=01;31:*.dwm=01;31:*.esd=01;31:*.jpg=01;35:*.jpeg=01;35:*.mjpg=01;35:*.mjpeg=01;35:*.gif=01;35:*.bmp=01;35:*.pbm=01;35:*.pgm=01;35:*.ppm=01;35:*.tga=01;35:*.xbm=01;35:*.xpm=01;35:*.tif=01;35:*.tiff=01;35:*.png=01;35:*.svg=01;35:*.svgz=01;35:*.mng=01;35:*.pcx=01;35:*.mov=01;35:*.mpg=01;35:*.mpeg=01;35:*.m2v=01;35:*.mkv=01;35:*.webm=01;35:*.webp=01;35:*.ogm=01;35:*.mp4=01;35:*.m4v=01;35:*.mp4v=01;35:*.vob=01;35:*.qt=01;35:*.nuv=01;35:*.wmv=01;35:*.asf=01;35:*.rm=01;35:*.rmvb=01;35:*.flc=01;35:*.avi=01;35:*.fli=01;35:*.flv=01;35:*.gl=01;35:*.dl=01;35:*.xcf=01;35:*.xwd=01;35:*.yuv=01;35:*.cgm=01;35:*.emf=01;35:*.ogv=01;35:*.ogx=01;35:*.aac=00;36:*.au=00;36:*.flac=00;36:*.m4a=00;36:*.mid=00;36:*.midi=00;36:*.mka=00;36:*.mp3=00;36:*.mpc=00;36:*.ogg=00;36:*.ra=00;36:*.wav=00;36:*.oga=00;36:*.opus=00;36:*.spx=00;36:*.xspf=00;36:'), ('SSH_AGENT_LAUNCHER', 'gnome-keyring'), ('SSH_AUTH_SOCK', '/run/user/1000/keyring/ssh'), ('AMENT_PREFIX_PATH', '/home/ros/arm_ws/install/arm_msgs:/opt/ros/humble'), ('SHELL', '/bin/bash'), ('LC_NAME', 'es_CO.UTF-8'), ('TERMINATOR_UUID', 'urn:uuid:1623e010-cd7e-4313-86eb-01e292c650ef'), ('QT_ACCESSIBILITY', '1'), ('GDMSESSION', 'ubuntu-xorg'), ('LESSCLOSE', '/usr/bin/lesspipe %s %s'), ('LC_MEASUREMENT', 'es_CO.UTF-8'), ('GPG_AGENT_INFO', '/run/user/1000/gnupg/S.gpg-agent:0:1'), ('GJS_DEBUG_OUTPUT', 'stderr'), ('LC_IDENTIFICATION', 'es_CO.UTF-8'), ('QT_IM_MODULE', 'ibus'), ('PWD', '/home/ros/arm_ws/build/arm_cpp_examples'), ('LC_ALL', 'en_US.UTF-8'), ('XDG_CONFIG_DIRS', '/etc/xdg/xdg-ubuntu-xorg:/etc/xdg'), ('XDG_DATA_DIRS', '/usr/share/ubuntu-xorg:/usr/share/gnome:/usr/local/share/:/usr/share/:/var/lib/snapd/desktop'), ('PYTHONPATH', '/home/ros/arm_ws/install/arm_msgs/local/lib/python3.10/dist-packages:/opt/ros/humble/lib/python3.10/site-packages:/opt/ros/humble/local/lib/python3.10/dist-packages'), ('LC_NUMERIC', 'es_CO.UTF-8'), ('LC_PAPER', 'es_CO.UTF-8'), ('COLCON', '1'), ('VTE_VERSION', '6800'), ('CMAKE_PREFIX_PATH', '/home/ros/arm_ws/install/arm_msgs:/opt/ros/humble')]), 'shell': False}
[42.539503] (-) TimerEvent: {}
[42.640958] (-) TimerEvent: {}
[42.745928] (-) TimerEvent: {}
[42.848692] (-) TimerEvent: {}
[42.952189] (-) TimerEvent: {}
[43.018142] (arm_cpp_examples) StdoutLine: {'line': b'-- The C compiler identification is GNU 11.4.0\n'}
[43.060212] (-) TimerEvent: {}
[43.162599] (-) TimerEvent: {}
[43.267053] (-) TimerEvent: {}
[43.371928] (-) TimerEvent: {}
[43.464704] (arm_cpp_examples) StdoutLine: {'line': b'-- The CXX compiler identification is GNU 11.4.0\n'}
[43.475290] (-) TimerEvent: {}
[43.542397] (arm_cpp_examples) StdoutLine: {'line': b'-- Detecting C compiler ABI info\n'}
[43.575504] (-) TimerEvent: {}
[43.679106] (-) TimerEvent: {}
[43.790579] (-) TimerEvent: {}
[43.893908] (-) TimerEvent: {}
[43.997075] (-) TimerEvent: {}
[44.103274] (-) TimerEvent: {}
[44.139952] (arm_cpp_examples) StdoutLine: {'line': b'-- Detecting C compiler ABI info - done\n'}
[44.204569] (-) TimerEvent: {}
[44.247255] (arm_cpp_examples) StdoutLine: {'line': b'-- Check for working C compiler: /usr/bin/cc - skipped\n'}
[44.250460] (arm_cpp_examples) StdoutLine: {'line': b'-- Detecting C compile features\n'}
[44.254302] (arm_cpp_examples) StdoutLine: {'line': b'-- Detecting C compile features - done\n'}
[44.278960] (arm_cpp_examples) StdoutLine: {'line': b'-- Detecting CXX compiler ABI info\n'}
[44.305956] (-) TimerEvent: {}
[44.407925] (-) TimerEvent: {}
[44.511236] (-) TimerEvent: {}
[44.611697] (-) TimerEvent: {}
[44.714231] (-) TimerEvent: {}
[44.810998] (arm_cpp_examples) StdoutLine: {'line': b'-- Detecting CXX compiler ABI info - done\n'}
[44.815280] (-) TimerEvent: {}
[44.859936] (arm_cpp_examples) StdoutLine: {'line': b'-- Check for working CXX compiler: /usr/bin/c++ - skipped\n'}
[44.865854] (arm_cpp_examples) StdoutLine: {'line': b'-- Detecting CXX compile features\n'}
[44.868943] (arm_cpp_examples) StdoutLine: {'line': b'-- Detecting CXX compile features - done\n'}
[44.899008] (arm_cpp_examples) StdoutLine: {'line': b'-- Found ament_cmake: 1.3.10 (/opt/ros/humble/share/ament_cmake/cmake)\n'}
[44.916073] (-) TimerEvent: {}
[45.018324] (-) TimerEvent: {}
[45.120506] (-) TimerEvent: {}
[45.224942] (-) TimerEvent: {}
[45.327490] (-) TimerEvent: {}
[45.429942] (-) TimerEvent: {}
[45.530888] (-) TimerEvent: {}
[45.631916] (-) TimerEvent: {}
[45.734137] (-) TimerEvent: {}
[45.836550] (-) TimerEvent: {}
[45.907438] (arm_cpp_examples) StdoutLine: {'line': b'-- Found Python3: /usr/bin/python3 (found version "3.10.12") found components: Interpreter \n'}
[45.939174] (-) TimerEvent: {}
[46.041067] (-) TimerEvent: {}
[46.142257] (-) TimerEvent: {}
[46.242971] (-) TimerEvent: {}
[46.348952] (-) TimerEvent: {}
[46.445001] (arm_cpp_examples) StdoutLine: {'line': b'-- Found rclcpp: 16.0.10 (/opt/ros/humble/share/rclcpp/cmake)\n'}
[46.449107] (-) TimerEvent: {}
[46.551127] (-) TimerEvent: {}
[46.653596] (-) TimerEvent: {}
[46.703507] (arm_cpp_examples) StdoutLine: {'line': b'-- Found rosidl_generator_c: 3.1.5 (/opt/ros/humble/share/rosidl_generator_c/cmake)\n'}
[46.735898] (arm_cpp_examples) StdoutLine: {'line': b'-- Found rosidl_adapter: 3.1.5 (/opt/ros/humble/share/rosidl_adapter/cmake)\n'}
[46.755956] (-) TimerEvent: {}
[46.794915] (arm_cpp_examples) StdoutLine: {'line': b'-- Found rosidl_generator_cpp: 3.1.5 (/opt/ros/humble/share/rosidl_generator_cpp/cmake)\n'}
[46.848378] (arm_cpp_examples) StdoutLine: {'line': b'-- Using all available rosidl_typesupport_c: rosidl_typesupport_fastrtps_c;rosidl_typesupport_introspection_c\n'}
[46.857327] (-) TimerEvent: {}
[46.961929] (-) TimerEvent: {}
[47.002634] (arm_cpp_examples) StdoutLine: {'line': b'-- Using all available rosidl_typesupport_cpp: rosidl_typesupport_fastrtps_cpp;rosidl_typesupport_introspection_cpp\n'}
[47.065076] (-) TimerEvent: {}
[47.165936] (-) TimerEvent: {}
[47.267271] (-) TimerEvent: {}
[47.375198] (-) TimerEvent: {}
[47.458050] (arm_cpp_examples) StdoutLine: {'line': b'-- Found rmw_implementation_cmake: 6.1.2 (/opt/ros/humble/share/rmw_implementation_cmake/cmake)\n'}
[47.476229] (arm_cpp_examples) StdoutLine: {'line': b'-- Found rmw_fastrtps_cpp: 6.2.7 (/opt/ros/humble/share/rmw_fastrtps_cpp/cmake)\n'}
[47.477290] (-) TimerEvent: {}
[47.578744] (-) TimerEvent: {}
[47.683218] (-) TimerEvent: {}
[47.785414] (-) TimerEvent: {}
[47.890707] (-) TimerEvent: {}
[47.992749] (-) TimerEvent: {}
[48.066391] (arm_cpp_examples) StdoutLine: {'line': b'-- Found OpenSSL: /usr/lib/x86_64-linux-gnu/libcrypto.so (found version "3.0.2")  \n'}
[48.092934] (-) TimerEvent: {}
[48.185474] (arm_cpp_examples) StdoutLine: {'line': b'-- Found FastRTPS: /opt/ros/humble/include  \n'}
[48.194619] (-) TimerEvent: {}
[48.295428] (-) TimerEvent: {}
[48.354169] (arm_cpp_examples) StdoutLine: {'line': b"-- Using RMW implementation 'rmw_fastrtps_cpp' as default\n"}
[48.395608] (-) TimerEvent: {}
[48.403426] (arm_cpp_examples) StdoutLine: {'line': b'-- Looking for pthread.h\n'}
[48.496722] (-) TimerEvent: {}
[48.599982] (-) TimerEvent: {}
[48.701322] (-) TimerEvent: {}
[48.804043] (-) TimerEvent: {}
[48.906910] (-) TimerEvent: {}
[48.924437] (arm_cpp_examples) StdoutLine: {'line': b'-- Looking for pthread.h - found\n'}
[48.926065] (arm_cpp_examples) StdoutLine: {'line': b'-- Performing Test CMAKE_HAVE_LIBC_PTHREAD\n'}
[49.008545] (-) TimerEvent: {}
[49.113908] (-) TimerEvent: {}
[49.214379] (-) TimerEvent: {}
[49.317515] (-) TimerEvent: {}
[49.341634] (arm_cpp_examples) StdoutLine: {'line': b'-- Performing Test CMAKE_HAVE_LIBC_PTHREAD - Success\n'}
[49.344615] (arm_cpp_examples) StdoutLine: {'line': b'-- Found Threads: TRUE  \n'}
[49.417960] (-) TimerEvent: {}
[49.528049] (-) TimerEvent: {}
[49.633897] (-) TimerEvent: {}
[49.734382] (-) TimerEvent: {}
[49.821295] (arm_cpp_examples) StdoutLine: {'line': b'-- Found arm_msgs: 0.0.0 (/home/ros/arm_ws/install/arm_msgs/share/arm_msgs/cmake)\n'}
[49.839041] (-) TimerEvent: {}
[49.940450] (-) TimerEvent: {}
[50.041504] (-) TimerEvent: {}
[50.085771] (arm_cpp_examples) StdoutLine: {'line': b'-- Found rclcpp_action: 16.0.10 (/opt/ros/humble/share/rclcpp_action/cmake)\n'}
[50.144032] (-) TimerEvent: {}
[50.209572] (arm_cpp_examples) StdoutLine: {'line': b'-- Found rclcpp_components: 16.0.10 (/opt/ros/humble/share/rclcpp_components/cmake)\n'}
[50.246942] (-) TimerEvent: {}
[50.351974] (-) TimerEvent: {}
[50.453922] (-) TimerEvent: {}
[50.483362] (arm_cpp_examples) StdoutLine: {'line': b'-- Found moveit_ros_planning_interface: 2.5.6 (/opt/ros/humble/share/moveit_ros_planning_interface/cmake)\n'}
[50.555906] (-) TimerEvent: {}
[50.657930] (-) TimerEvent: {}
[50.690687] (arm_cpp_examples) StdoutLine: {'line': b'-- Found Boost: /usr/lib/x86_64-linux-gnu/cmake/Boost-1.74.0/BoostConfig.cmake (found version "1.74.0") found components: date_time filesystem program_options system thread \n'}
[50.760029] (-) TimerEvent: {}
[50.864922] (-) TimerEvent: {}
[50.965464] (-) TimerEvent: {}
[51.072945] (-) TimerEvent: {}
[51.173532] (-) TimerEvent: {}
[51.274196] (-) TimerEvent: {}
[51.375958] (-) TimerEvent: {}
[51.477776] (-) TimerEvent: {}
[51.584980] (-) TimerEvent: {}
[51.688221] (-) TimerEvent: {}
[51.790519] (-) TimerEvent: {}
[51.896618] (-) TimerEvent: {}
[52.002917] (-) TimerEvent: {}
[52.105119] (-) TimerEvent: {}
[52.175008] (arm_cpp_examples) StdoutLine: {'line': b'-- Found Boost: /usr/lib/x86_64-linux-gnu/cmake/Boost-1.74.0/BoostConfig.cmake (found version "1.74.0") found components: chrono date_time filesystem iostreams program_options regex serialization system thread \n'}
[52.206431] (-) TimerEvent: {}
[52.310170] (-) TimerEvent: {}
[52.412932] (-) TimerEvent: {}
[52.519935] (-) TimerEvent: {}
[52.608748] (arm_cpp_examples) StdoutLine: {'line': b'-- Found parameter_traits: 0.3.9 (/opt/ros/humble/share/parameter_traits/cmake)\n'}
[52.624256] (-) TimerEvent: {}
[52.725960] (-) TimerEvent: {}
[52.732928] (arm_cpp_examples) StdoutLine: {'line': b'-- Found Eigen3: TRUE (found version "3.4.0") \n'}
[52.763950] (arm_cpp_examples) StdoutLine: {'line': b'-- Found rclcpp_lifecycle: 16.0.10 (/opt/ros/humble/share/rclcpp_lifecycle/cmake)\n'}
[52.827907] (-) TimerEvent: {}
[52.930940] (-) TimerEvent: {}
[52.983188] (arm_cpp_examples) StdoutLine: {'line': b'-- Found Boost: /usr/lib/x86_64-linux-gnu/cmake/Boost-1.74.0/BoostConfig.cmake (found version "1.74.0") found components: filesystem \n'}
[53.031942] (-) TimerEvent: {}
[53.137977] (-) TimerEvent: {}
[53.238602] (-) TimerEvent: {}
[53.342195] (-) TimerEvent: {}
[53.450293] (-) TimerEvent: {}
[53.555055] (-) TimerEvent: {}
[53.656602] (-) TimerEvent: {}
[53.761418] (-) TimerEvent: {}
[53.867244] (-) TimerEvent: {}
[53.917797] (arm_cpp_examples) StdoutLine: {'line': b'-- library: /usr/lib/x86_64-linux-gnu/libcurl.so\n'}
[53.970167] (-) TimerEvent: {}
[54.078937] (-) TimerEvent: {}
[54.181931] (-) TimerEvent: {}
[54.264994] (arm_cpp_examples) StdoutLine: {'line': b'-- Ensuring Eigen3 include directory is part of orocos-kdl CMake target\n'}
[54.282920] (-) TimerEvent: {}
[54.383986] (-) TimerEvent: {}
[54.489180] (-) TimerEvent: {}
[54.590161] (-) TimerEvent: {}
[54.695946] (-) TimerEvent: {}
[54.797435] (-) TimerEvent: {}
[54.898310] (-) TimerEvent: {}
[55.000199] (-) TimerEvent: {}
[55.063480] (arm_cpp_examples) StdoutLine: {'line': b'-- Found Boost: /usr/lib/x86_64-linux-gnu/cmake/Boost-1.74.0/BoostConfig.cmake (found version "1.74.0") found components: system filesystem date_time program_options thread chrono \n'}
[55.101919] (-) TimerEvent: {}
[55.202747] (-) TimerEvent: {}
[55.273947] (arm_cpp_examples) StdoutLine: {'line': b'-- Found Boost: /usr/lib/x86_64-linux-gnu/cmake/Boost-1.74.0/BoostConfig.cmake (found version "1.74.0") found components: thread system filesystem regex date_time program_options \n'}
[55.302858] (-) TimerEvent: {}
[55.408214] (-) TimerEvent: {}
[55.413894] (arm_cpp_examples) StdoutLine: {'line': b'-- Found Boost: /usr/lib/x86_64-linux-gnu/cmake/Boost-1.74.0/BoostConfig.cmake (found version "1.74.0") found components: system filesystem date_time program_options thread \n'}
[55.508504] (-) TimerEvent: {}
[55.612941] (-) TimerEvent: {}
[55.713496] (-) TimerEvent: {}
[55.814085] (-) TimerEvent: {}
[55.914631] (-) TimerEvent: {}
[56.019014] (-) TimerEvent: {}
[56.069711] (arm_cpp_examples) StdoutLine: {'line': b'-- Configuring done\n'}
[56.119167] (-) TimerEvent: {}
[56.222457] (-) TimerEvent: {}
[56.323598] (-) TimerEvent: {}
[56.432356] (-) TimerEvent: {}
[56.533099] (-) TimerEvent: {}
[56.589347] (arm_cpp_examples) StdoutLine: {'line': b'-- Generating done\n'}
[56.611709] (arm_cpp_examples) StdoutLine: {'line': b'-- Build files have been written to: /home/ros/arm_ws/build/arm_cpp_examples\n'}
[56.633262] (-) TimerEvent: {}
[56.685886] (arm_cpp_examples) CommandEnded: {'returncode': 0}
[56.689114] (arm_cpp_examples) JobProgress: {'identifier': 'arm_cpp_examples', 'progress': 'build'}
[56.689288] (arm_cpp_examples) Command: {'cmd': ['/usr/bin/cmake', '--build', '/home/ros/arm_ws/build/arm_cpp_examples', '--', '-j2', '-l2'], 'cwd': '/home/ros/arm_ws/build/arm_cpp_examples', 'env': OrderedDict([('GJS_DEBUG_TOPICS', 'JS ERROR;JS LOG'), ('LESSOPEN', '| /usr/bin/lesspipe %s'), ('LANGUAGE', 'en_US:'), ('USER', 'ros'), ('LC_TIME', 'es_CO.UTF-8'), ('XDG_SESSION_TYPE', 'x11'), ('SHLVL', '1'), ('LD_LIBRARY_PATH', '/home/ros/arm_ws/install/arm_msgs/lib:/usr/lib/x86_64-linux-gnu/gazebo-11/plugins:/opt/ros/humble/opt/rviz_ogre_vendor/lib:/opt/ros/humble/lib/x86_64-linux-gnu:/opt/ros/humble/lib'), ('HOME', '/home/ros'), ('OLDPWD', '/home/ros'), ('DESKTOP_SESSION', 'ubuntu-xorg'), ('GIO_LAUNCHED_DESKTOP_FILE', '/usr/share/applications/terminator.desktop'), ('ROS_PYTHON_VERSION', '3'), ('GNOME_SHELL_SESSION_MODE', 'ubuntu'), ('GTK_MODULES', 'gail:atk-bridge'), ('LC_MONETARY', 'es_CO.UTF-8'), ('MANAGERPID', '979'), ('SYSTEMD_EXEC_PID', '1347'), ('DBUS_SESSION_BUS_ADDRESS', 'unix:path=/run/user/1000/bus'), ('COLORTERM', 'truecolor'), ('TERMINATOR_DBUS_NAME', 'net.tenshu.Terminator21a9d5db22c73a993ff0b42f64b396873'), ('GIO_LAUNCHED_DESKTOP_FILE_PID', '4526'), ('ROS_DISTRO', 'humble'), ('GTK_IM_MODULE', 'ibus'), ('LOGNAME', 'ros'), ('JOURNAL_STREAM', '8:20866'), ('_', '/usr/bin/colcon'), ('ROS_VERSION', '2'), ('XDG_SESSION_CLASS', 'user'), ('USERNAME', 'ros'), ('TERM', 'xterm-256color'), ('GNOME_DESKTOP_SESSION_ID', 'this-is-deprecated'), ('ROS_LOCALHOST_ONLY', '0'), ('WINDOWPATH', '2'), ('PATH', '/opt/ros/humble/bin:/home/ros/.local/bin:/usr/local/sbin:/usr/local/bin:/usr/sbin:/usr/bin:/sbin:/bin:/usr/games:/usr/local/games:/snap/bin:/snap/bin'), ('SESSION_MANAGER', 'local/ros-virtual-machine:@/tmp/.ICE-unix/1316,unix/ros-virtual-machine:/tmp/.ICE-unix/1316'), ('INVOCATION_ID', '00487b699f7d4c798b6f2c9b5207b5fc'), ('XDG_MENU_PREFIX', 'gnome-'), ('LC_ADDRESS', 'es_CO.UTF-8'), ('XDG_RUNTIME_DIR', '/run/user/1000'), ('DISPLAY', ':0'), ('TERMINATOR_DBUS_PATH', '/net/tenshu/Terminator2'), ('LANG', 'en_US.UTF-8'), ('XDG_CURRENT_DESKTOP', 'ubuntu:GNOME'), ('IBUS_DISABLE_SNOOPER', '1'), ('LC_TELEPHONE', 'es_CO.UTF-8'), ('XMODIFIERS', '@im=ibus'), ('XDG_SESSION_DESKTOP', 'ubuntu-xorg'), ('XAUTHORITY', '/run/user/1000/gdm/Xauthority'), ('LS_COLORS', 'rs=0:di=01;34:ln=01;36:mh=00:pi=40;33:so=01;35:do=01;35:bd=40;33;01:cd=40;33;01:or=40;31;01:mi=00:su=37;41:sg=30;43:ca=30;41:tw=30;42:ow=34;42:st=37;44:ex=01;32:*.tar=01;31:*.tgz=01;31:*.arc=01;31:*.arj=01;31:*.taz=01;31:*.lha=01;31:*.lz4=01;31:*.lzh=01;31:*.lzma=01;31:*.tlz=01;31:*.txz=01;31:*.tzo=01;31:*.t7z=01;31:*.zip=01;31:*.z=01;31:*.dz=01;31:*.gz=01;31:*.lrz=01;31:*.lz=01;31:*.lzo=01;31:*.xz=01;31:*.zst=01;31:*.tzst=01;31:*.bz2=01;31:*.bz=01;31:*.tbz=01;31:*.tbz2=01;31:*.tz=01;31:*.deb=01;31:*.rpm=01;31:*.jar=01;31:*.war=01;31:*.ear=01;31:*.sar=01;31:*.rar=01;31:*.alz=01;31:*.ace=01;31:*.zoo=01;31:*.cpio=01;31:*.7z=01;31:*.rz=01;31:*.cab=01;31:*.wim=01;31:*.swm=01;31:*.dwm=01;31:*.esd=01;31:*.jpg=01;35:*.jpeg=01;35:*.mjpg=01;35:*.mjpeg=01;35:*.gif=01;35:*.bmp=01;35:*.pbm=01;35:*.pgm=01;35:*.ppm=01;35:*.tga=01;35:*.xbm=01;35:*.xpm=01;35:*.tif=01;35:*.tiff=01;35:*.png=01;35:*.svg=01;35:*.svgz=01;35:*.mng=01;35:*.pcx=01;35:*.mov=01;35:*.mpg=01;35:*.mpeg=01;35:*.m2v=01;35:*.mkv=01;35:*.webm=01;35:*.webp=01;35:*.ogm=01;35:*.mp4=01;35:*.m4v=01;35:*.mp4v=01;35:*.vob=01;35:*.qt=01;35:*.nuv=01;35:*.wmv=01;35:*.asf=01;35:*.rm=01;35:*.rmvb=01;35:*.flc=01;35:*.avi=01;35:*.fli=01;35:*.flv=01;35:*.gl=01;35:*.dl=01;35:*.xcf=01;35:*.xwd=01;35:*.yuv=01;35:*.cgm=01;35:*.emf=01;35:*.ogv=01;35:*.ogx=01;35:*.aac=00;36:*.au=00;36:*.flac=00;36:*.m4a=00;36:*.mid=00;36:*.midi=00;36:*.mka=00;36:*.mp3=00;36:*.mpc=00;36:*.ogg=00;36:*.ra=00;36:*.wav=00;36:*.oga=00;36:*.opus=00;36:*.spx=00;36:*.xspf=00;36:'), ('SSH_AGENT_LAUNCHER', 'gnome-keyring'), ('SSH_AUTH_SOCK', '/run/user/1000/keyring/ssh'), ('AMENT_PREFIX_PATH', '/home/ros/arm_ws/install/arm_msgs:/opt/ros/humble'), ('SHELL', '/bin/bash'), ('LC_NAME', 'es_CO.UTF-8'), ('TERMINATOR_UUID', 'urn:uuid:1623e010-cd7e-4313-86eb-01e292c650ef'), ('QT_ACCESSIBILITY', '1'), ('GDMSESSION', 'ubuntu-xorg'), ('LESSCLOSE', '/usr/bin/lesspipe %s %s'), ('LC_MEASUREMENT', 'es_CO.UTF-8'), ('GPG_AGENT_INFO', '/run/user/1000/gnupg/S.gpg-agent:0:1'), ('GJS_DEBUG_OUTPUT', 'stderr'), ('LC_IDENTIFICATION', 'es_CO.UTF-8'), ('QT_IM_MODULE', 'ibus'), ('PWD', '/home/ros/arm_ws/build/arm_cpp_examples'), ('LC_ALL', 'en_US.UTF-8'), ('XDG_CONFIG_DIRS', '/etc/xdg/xdg-ubuntu-xorg:/etc/xdg'), ('XDG_DATA_DIRS', '/usr/share/ubuntu-xorg:/usr/share/gnome:/usr/local/share/:/usr/share/:/var/lib/snapd/desktop'), ('PYTHONPATH', '/home/ros/arm_ws/install/arm_msgs/local/lib/python3.10/dist-packages:/opt/ros/humble/lib/python3.10/site-packages:/opt/ros/humble/local/lib/python3.10/dist-packages'), ('LC_NUMERIC', 'es_CO.UTF-8'), ('LC_PAPER', 'es_CO.UTF-8'), ('COLCON', '1'), ('VTE_VERSION', '6800'), ('CMAKE_PREFIX_PATH', '/home/ros/arm_ws/install/arm_msgs:/opt/ros/humble')]), 'shell': False}
[56.735915] (-) TimerEvent: {}
[56.839196] (-) TimerEvent: {}
[56.944936] (-) TimerEvent: {}
[57.022269] (arm_cpp_examples) StdoutLine: {'line': b'[  4%] \x1b[32mBuilding CXX object CMakeFiles/simple_publisher.dir/src/simple_publisher.cpp.o\x1b[0m\n'}
[57.046615] (-) TimerEvent: {}
[57.156980] (-) TimerEvent: {}
[57.257936] (-) TimerEvent: {}
[57.362913] (-) TimerEvent: {}
[57.463423] (-) TimerEvent: {}
[57.571035] (-) TimerEvent: {}
[57.673446] (-) TimerEvent: {}
[57.778273] (-) TimerEvent: {}
[57.879265] (-) TimerEvent: {}
[57.980491] (-) TimerEvent: {}
[58.082364] (-) TimerEvent: {}
[58.187131] (-) TimerEvent: {}
[58.290102] (-) TimerEvent: {}
[58.392459] (-) TimerEvent: {}
[58.495308] (-) TimerEvent: {}
[58.595786] (-) TimerEvent: {}
[58.696278] (-) TimerEvent: {}
[58.796871] (-) TimerEvent: {}
[58.900754] (-) TimerEvent: {}
[59.002945] (-) TimerEvent: {}
[59.104092] (-) TimerEvent: {}
[59.209951] (-) TimerEvent: {}
[59.311345] (-) TimerEvent: {}
[59.414316] (-) TimerEvent: {}
[59.515605] (-) TimerEvent: {}
[59.616226] (-) TimerEvent: {}
[59.716965] (-) TimerEvent: {}
[59.819241] (-) TimerEvent: {}
[59.920224] (-) TimerEvent: {}
[60.022065] (-) TimerEvent: {}
[60.123390] (-) TimerEvent: {}
[60.225246] (-) TimerEvent: {}
[60.327308] (-) TimerEvent: {}
[60.428899] (-) TimerEvent: {}
[60.532347] (-) TimerEvent: {}
[60.633196] (-) TimerEvent: {}
[60.737406] (-) TimerEvent: {}
[60.838325] (-) TimerEvent: {}
[60.944428] (-) TimerEvent: {}
[61.045502] (-) TimerEvent: {}
[61.146738] (-) TimerEvent: {}
[61.247467] (-) TimerEvent: {}
[61.348915] (-) TimerEvent: {}
[61.449621] (-) TimerEvent: {}
[61.554122] (-) TimerEvent: {}
[61.655114] (-) TimerEvent: {}
[61.758942] (-) TimerEvent: {}
[61.860419] (-) TimerEvent: {}
[61.962884] (-) TimerEvent: {}
[62.063391] (-) TimerEvent: {}
[62.165332] (-) TimerEvent: {}
[62.267593] (-) TimerEvent: {}
[62.370930] (-) TimerEvent: {}
[62.472001] (-) TimerEvent: {}
[62.574926] (-) TimerEvent: {}
[62.678654] (-) TimerEvent: {}
[62.782329] (-) TimerEvent: {}
[62.804870] (arm_firmware) StdoutLine: {'line': b'[ 50%] \x1b[32m\x1b[1mLinking CXX executable simple_serial_receiver\x1b[0m\n'}
[62.886319] (-) TimerEvent: {}
[62.987062] (-) TimerEvent: {}
[63.093715] (-) TimerEvent: {}
[63.194983] (-) TimerEvent: {}
[63.297409] (-) TimerEvent: {}
[63.399405] (-) TimerEvent: {}
[63.502981] (-) TimerEvent: {}
[63.604733] (-) TimerEvent: {}
[63.706443] (-) TimerEvent: {}
[63.808321] (-) TimerEvent: {}
[63.915626] (-) TimerEvent: {}
[64.021560] (-) TimerEvent: {}
[64.123546] (-) TimerEvent: {}
[64.230219] (-) TimerEvent: {}
[64.331436] (-) TimerEvent: {}
[64.436305] (-) TimerEvent: {}
[64.544140] (-) TimerEvent: {}
[64.548182] (arm_firmware) StdoutLine: {'line': b'[ 50%] Built target simple_serial_receiver\n'}
[64.648976] (-) TimerEvent: {}
[64.753272] (-) TimerEvent: {}
[64.855873] (-) TimerEvent: {}
[64.865230] (arm_firmware) StdoutLine: {'line': b'[ 75%] \x1b[32mBuilding CXX object CMakeFiles/simple_serial_transmitter.dir/src/simple_serial_transmitter.cpp.o\x1b[0m\n'}
[64.957352] (-) TimerEvent: {}
[65.065027] (-) TimerEvent: {}
[65.165730] (-) TimerEvent: {}
[65.267482] (-) TimerEvent: {}
[65.372632] (-) TimerEvent: {}
[65.477086] (-) TimerEvent: {}
[65.579562] (-) TimerEvent: {}
[65.683416] (-) TimerEvent: {}
[65.785583] (-) TimerEvent: {}
[65.891124] (-) TimerEvent: {}
[65.996170] (-) TimerEvent: {}
[66.100183] (-) TimerEvent: {}
[66.205491] (-) TimerEvent: {}
[66.310493] (-) TimerEvent: {}
[66.418593] (-) TimerEvent: {}
[66.522516] (-) TimerEvent: {}
[66.626783] (-) TimerEvent: {}
[66.730545] (-) TimerEvent: {}
[66.837017] (-) TimerEvent: {}
[66.941918] (-) TimerEvent: {}
[67.043495] (-) TimerEvent: {}
[67.146153] (-) TimerEvent: {}
[67.247400] (-) TimerEvent: {}
[67.352790] (-) TimerEvent: {}
[67.457023] (-) TimerEvent: {}
[67.559926] (-) TimerEvent: {}
[67.666229] (-) TimerEvent: {}
[67.769447] (-) TimerEvent: {}
[67.874970] (-) TimerEvent: {}
[67.978011] (-) TimerEvent: {}
[68.084558] (-) TimerEvent: {}
[68.186745] (-) TimerEvent: {}
[68.288381] (-) TimerEvent: {}
[68.392772] (-) TimerEvent: {}
[68.493687] (-) TimerEvent: {}
[68.596905] (-) TimerEvent: {}
[68.697733] (-) TimerEvent: {}
[68.799898] (-) TimerEvent: {}
[68.902209] (-) TimerEvent: {}
[69.006104] (-) TimerEvent: {}
[69.108425] (-) TimerEvent: {}
[69.212938] (-) TimerEvent: {}
[69.314089] (-) TimerEvent: {}
[69.416621] (-) TimerEvent: {}
[69.518991] (-) TimerEvent: {}
[69.622326] (-) TimerEvent: {}
[69.725936] (-) TimerEvent: {}
[69.826913] (-) TimerEvent: {}
[69.928944] (-) TimerEvent: {}
[70.035936] (-) TimerEvent: {}
[70.136762] (-) TimerEvent: {}
[70.237762] (-) TimerEvent: {}
[70.339840] (-) TimerEvent: {}
[70.443875] (-) TimerEvent: {}
[70.546117] (-) TimerEvent: {}
[70.650027] (-) TimerEvent: {}
[70.750941] (-) TimerEvent: {}
[70.853338] (-) TimerEvent: {}
[70.958345] (-) TimerEvent: {}
[71.067325] (-) TimerEvent: {}
[71.171605] (-) TimerEvent: {}
[71.275575] (-) TimerEvent: {}
[71.376742] (-) TimerEvent: {}
[71.480328] (-) TimerEvent: {}
[71.587509] (-) TimerEvent: {}
[71.691319] (-) TimerEvent: {}
[71.792128] (-) TimerEvent: {}
[71.894370] (-) TimerEvent: {}
[71.995175] (-) TimerEvent: {}
[72.096940] (-) TimerEvent: {}
[72.197569] (-) TimerEvent: {}
[72.298900] (-) TimerEvent: {}
[72.399674] (-) TimerEvent: {}
[72.502099] (-) TimerEvent: {}
[72.603044] (-) TimerEvent: {}
[72.703838] (-) TimerEvent: {}
[72.806202] (-) TimerEvent: {}
[72.907232] (-) TimerEvent: {}
[73.008175] (-) TimerEvent: {}
[73.111130] (-) TimerEvent: {}
[73.212084] (-) TimerEvent: {}
[73.312991] (-) TimerEvent: {}
[73.415160] (-) TimerEvent: {}
[73.515910] (-) TimerEvent: {}
[73.618316] (-) TimerEvent: {}
[73.720153] (-) TimerEvent: {}
[73.822360] (-) TimerEvent: {}
[73.923282] (-) TimerEvent: {}
[74.025486] (-) TimerEvent: {}
[74.126247] (-) TimerEvent: {}
[74.229157] (-) TimerEvent: {}
[74.330171] (-) TimerEvent: {}
[74.431033] (-) TimerEvent: {}
[74.534190] (-) TimerEvent: {}
[74.635246] (-) TimerEvent: {}
[74.735930] (-) TimerEvent: {}
[74.836912] (-) TimerEvent: {}
[74.939930] (-) TimerEvent: {}
[75.041178] (-) TimerEvent: {}
[75.142020] (-) TimerEvent: {}
[75.242979] (-) TimerEvent: {}
[75.345099] (-) TimerEvent: {}
[75.445916] (-) TimerEvent: {}
[75.548133] (-) TimerEvent: {}
[75.649485] (-) TimerEvent: {}
[75.751298] (-) TimerEvent: {}
[75.854252] (-) TimerEvent: {}
[75.955528] (-) TimerEvent: {}
[76.056251] (-) TimerEvent: {}
[76.159287] (-) TimerEvent: {}
[76.260533] (-) TimerEvent: {}
[76.361690] (-) TimerEvent: {}
[76.464281] (-) TimerEvent: {}
[76.565343] (-) TimerEvent: {}
[76.668299] (-) TimerEvent: {}
[76.769593] (-) TimerEvent: {}
[76.870444] (-) TimerEvent: {}
[76.973319] (-) TimerEvent: {}
[77.074553] (-) TimerEvent: {}
[77.176208] (-) TimerEvent: {}
[77.279459] (-) TimerEvent: {}
[77.380452] (-) TimerEvent: {}
[77.481586] (-) TimerEvent: {}
[77.582699] (-) TimerEvent: {}
[77.685937] (-) TimerEvent: {}
[77.786860] (-) TimerEvent: {}
[77.887918] (-) TimerEvent: {}
[77.988680] (-) TimerEvent: {}
[78.091209] (-) TimerEvent: {}
[78.192335] (-) TimerEvent: {}
[78.294054] (-) TimerEvent: {}
[78.394895] (-) TimerEvent: {}
[78.497397] (-) TimerEvent: {}
[78.598130] (-) TimerEvent: {}
[78.698773] (-) TimerEvent: {}
[78.800300] (-) TimerEvent: {}
[78.902172] (-) TimerEvent: {}
[79.004135] (-) TimerEvent: {}
[79.104794] (-) TimerEvent: {}
[79.207120] (-) TimerEvent: {}
[79.308981] (-) TimerEvent: {}
[79.409643] (-) TimerEvent: {}
[79.511238] (-) TimerEvent: {}
[79.613977] (-) TimerEvent: {}
[79.714863] (-) TimerEvent: {}
[79.815587] (-) TimerEvent: {}
[79.916319] (-) TimerEvent: {}
[80.018449] (-) TimerEvent: {}
[80.119376] (-) TimerEvent: {}
[80.221163] (-) TimerEvent: {}
[80.321721] (-) TimerEvent: {}
[80.424231] (-) TimerEvent: {}
[80.525075] (-) TimerEvent: {}
[80.625025] (arm_cpp_examples) StdoutLine: {'line': b'[  9%] \x1b[32m\x1b[1mLinking CXX executable simple_publisher\x1b[0m\n'}
[80.625408] (-) TimerEvent: {}
[80.726095] (-) TimerEvent: {}
[80.830343] (-) TimerEvent: {}
[80.931396] (-) TimerEvent: {}
[81.035431] (-) TimerEvent: {}
[81.139930] (-) TimerEvent: {}
[81.240612] (-) TimerEvent: {}
[81.342935] (-) TimerEvent: {}
[81.444173] (-) TimerEvent: {}
[81.546461] (-) TimerEvent: {}
[81.647319] (-) TimerEvent: {}
[81.687957] (arm_cpp_examples) StdoutLine: {'line': b'[  9%] Built target simple_publisher\n'}
[81.747477] (-) TimerEvent: {}
[81.849301] (-) TimerEvent: {}
[81.859777] (arm_cpp_examples) StdoutLine: {'line': b'[ 13%] \x1b[32mBuilding CXX object CMakeFiles/simple_subscriber.dir/src/simple_subscriber.cpp.o\x1b[0m\n'}
[81.950927] (-) TimerEvent: {}
[82.053521] (-) TimerEvent: {}
[82.159936] (-) TimerEvent: {}
[82.262170] (-) TimerEvent: {}
[82.362612] (-) TimerEvent: {}
[82.467303] (-) TimerEvent: {}
[82.568008] (-) TimerEvent: {}
[82.671628] (-) TimerEvent: {}
[82.777452] (-) TimerEvent: {}
[82.880099] (-) TimerEvent: {}
[82.982974] (-) TimerEvent: {}
[83.085862] (-) TimerEvent: {}
[83.186624] (-) TimerEvent: {}
[83.289211] (-) TimerEvent: {}
[83.390919] (-) TimerEvent: {}
[83.496937] (-) TimerEvent: {}
[83.602059] (-) TimerEvent: {}
[83.706259] (-) TimerEvent: {}
[83.807931] (-) TimerEvent: {}
[83.910165] (-) TimerEvent: {}
[84.018995] (-) TimerEvent: {}
[84.123971] (-) TimerEvent: {}
[84.228943] (-) TimerEvent: {}
[84.329372] (-) TimerEvent: {}
[84.434152] (-) TimerEvent: {}
[84.535698] (-) TimerEvent: {}
[84.636664] (-) TimerEvent: {}
[84.739213] (-) TimerEvent: {}
[84.840166] (-) TimerEvent: {}
[84.940884] (-) TimerEvent: {}
[85.043395] (-) TimerEvent: {}
[85.144366] (-) TimerEvent: {}
[85.247255] (-) TimerEvent: {}
[85.348198] (-) TimerEvent: {}
[85.449155] (-) TimerEvent: {}
[85.551964] (-) TimerEvent: {}
[85.654907] (-) TimerEvent: {}
[85.755710] (-) TimerEvent: {}
[85.856901] (-) TimerEvent: {}
[85.957773] (-) TimerEvent: {}
[86.060329] (-) TimerEvent: {}
[86.161685] (-) TimerEvent: {}
[86.264223] (-) TimerEvent: {}
[86.365337] (-) TimerEvent: {}
[86.465941] (-) TimerEvent: {}
[86.568642] (-) TimerEvent: {}
[86.671890] (-) TimerEvent: {}
[86.778201] (-) TimerEvent: {}
[86.882985] (-) TimerEvent: {}
[86.984085] (-) TimerEvent: {}
[87.086457] (-) TimerEvent: {}
[87.187390] (-) TimerEvent: {}
[87.289919] (-) TimerEvent: {}
[87.390751] (-) TimerEvent: {}
[87.491910] (-) TimerEvent: {}
[87.592699] (-) TimerEvent: {}
[87.695674] (-) TimerEvent: {}
[87.796645] (-) TimerEvent: {}
[87.898920] (-) TimerEvent: {}
[87.999908] (-) TimerEvent: {}
[88.101165] (-) TimerEvent: {}
[88.204163] (-) TimerEvent: {}
[88.305169] (-) TimerEvent: {}
[88.406263] (-) TimerEvent: {}
[88.507145] (-) TimerEvent: {}
[88.609203] (-) TimerEvent: {}
[88.711585] (-) TimerEvent: {}
[88.812449] (-) TimerEvent: {}
[88.915303] (-) TimerEvent: {}
[89.016504] (-) TimerEvent: {}
[89.117346] (-) TimerEvent: {}
[89.220065] (-) TimerEvent: {}
[89.320943] (-) TimerEvent: {}
[89.423747] (-) TimerEvent: {}
[89.525648] (-) TimerEvent: {}
[89.628990] (-) TimerEvent: {}
[89.731927] (-) TimerEvent: {}
[89.832946] (-) TimerEvent: {}
[89.933902] (-) TimerEvent: {}
[90.034919] (-) TimerEvent: {}
[90.137680] (-) TimerEvent: {}
[90.238964] (-) TimerEvent: {}
[90.341966] (-) TimerEvent: {}
[90.444283] (-) TimerEvent: {}
[90.545566] (-) TimerEvent: {}
[90.646480] (-) TimerEvent: {}
[90.750333] (-) TimerEvent: {}
[90.851553] (-) TimerEvent: {}
[90.952982] (-) TimerEvent: {}
[91.056248] (-) TimerEvent: {}
[91.157232] (-) TimerEvent: {}
[91.259911] (-) TimerEvent: {}
[91.361198] (-) TimerEvent: {}
[91.463271] (-) TimerEvent: {}
[91.564040] (-) TimerEvent: {}
[91.664814] (-) TimerEvent: {}
[91.768269] (-) TimerEvent: {}
[91.869159] (-) TimerEvent: {}
[91.970052] (-) TimerEvent: {}
[92.070955] (-) TimerEvent: {}
[92.172932] (-) TimerEvent: {}
[92.276712] (-) TimerEvent: {}
[92.377936] (-) TimerEvent: {}
[92.479105] (-) TimerEvent: {}
[92.582244] (-) TimerEvent: {}
[92.685444] (-) TimerEvent: {}
[92.786499] (-) TimerEvent: {}
[92.891753] (-) TimerEvent: {}
[92.993318] (-) TimerEvent: {}
[93.095212] (-) TimerEvent: {}
[93.196443] (-) TimerEvent: {}
[93.299679] (-) TimerEvent: {}
[93.401060] (-) TimerEvent: {}
[93.501961] (-) TimerEvent: {}
[93.604414] (-) TimerEvent: {}
[93.705247] (-) TimerEvent: {}
[93.806022] (-) TimerEvent: {}
[93.908183] (-) TimerEvent: {}
[94.010163] (-) TimerEvent: {}
[94.110879] (-) TimerEvent: {}
[94.211907] (-) TimerEvent: {}
[94.315405] (-) TimerEvent: {}
[94.417568] (-) TimerEvent: {}
[94.521992] (-) TimerEvent: {}
[94.622697] (-) TimerEvent: {}
[94.725921] (-) TimerEvent: {}
[94.826929] (-) TimerEvent: {}
[94.927585] (-) TimerEvent: {}
[95.030138] (-) TimerEvent: {}
[95.131473] (-) TimerEvent: {}
[95.232201] (-) TimerEvent: {}
[95.334506] (-) TimerEvent: {}
[95.436393] (-) TimerEvent: {}
[95.537766] (-) TimerEvent: {}
[95.641911] (-) TimerEvent: {}
[95.742905] (-) TimerEvent: {}
[95.843889] (-) TimerEvent: {}
[95.944918] (-) TimerEvent: {}
[96.047542] (-) TimerEvent: {}
[96.148748] (-) TimerEvent: {}
[96.250708] (-) TimerEvent: {}
[96.353217] (-) TimerEvent: {}
[96.454225] (-) TimerEvent: {}
[96.557332] (-) TimerEvent: {}
[96.658898] (-) TimerEvent: {}
[96.759684] (-) TimerEvent: {}
[96.862946] (-) TimerEvent: {}
[96.963969] (-) TimerEvent: {}
[97.065373] (-) TimerEvent: {}
[97.166590] (-) TimerEvent: {}
[97.269935] (-) TimerEvent: {}
[97.371054] (-) TimerEvent: {}
[97.472032] (-) TimerEvent: {}
[97.572919] (-) TimerEvent: {}
[97.675150] (-) TimerEvent: {}
[97.776777] (-) TimerEvent: {}
[97.878933] (-) TimerEvent: {}
[97.981984] (-) TimerEvent: {}
[98.084404] (-) TimerEvent: {}
[98.186304] (-) TimerEvent: {}
[98.288924] (-) TimerEvent: {}
[98.391906] (-) TimerEvent: {}
[98.492764] (-) TimerEvent: {}
[98.593915] (-) TimerEvent: {}
[98.695534] (-) TimerEvent: {}
[98.798681] (-) TimerEvent: {}
[98.899633] (-) TimerEvent: {}
[99.003265] (-) TimerEvent: {}
[99.104417] (-) TimerEvent: {}
[99.205758] (-) TimerEvent: {}
[99.307020] (-) TimerEvent: {}
[99.409957] (-) TimerEvent: {}
[99.511274] (-) TimerEvent: {}
[99.613474] (-) TimerEvent: {}
[99.714349] (-) TimerEvent: {}
[99.817486] (-) TimerEvent: {}
[99.918771] (-) TimerEvent: {}
[100.019764] (-) TimerEvent: {}
[100.123537] (-) TimerEvent: {}
[100.227768] (-) TimerEvent: {}
[100.329671] (-) TimerEvent: {}
[100.432933] (-) TimerEvent: {}
[100.533995] (-) TimerEvent: {}
[100.635101] (-) TimerEvent: {}
[100.737358] (-) TimerEvent: {}
[100.839977] (-) TimerEvent: {}
[100.941207] (-) TimerEvent: {}
[101.042497] (-) TimerEvent: {}
[101.145901] (-) TimerEvent: {}
[101.246797] (-) TimerEvent: {}
[101.348057] (-) TimerEvent: {}
[101.449365] (-) TimerEvent: {}
[101.554277] (-) TimerEvent: {}
[101.655690] (-) TimerEvent: {}
[101.756774] (-) TimerEvent: {}
[101.857742] (-) TimerEvent: {}
[101.960119] (-) TimerEvent: {}
[102.060918] (-) TimerEvent: {}
[102.161625] (-) TimerEvent: {}
[102.262435] (-) TimerEvent: {}
[102.366145] (-) TimerEvent: {}
[102.467225] (-) TimerEvent: {}
[102.570374] (-) TimerEvent: {}
[102.671674] (-) TimerEvent: {}
[102.774935] (-) TimerEvent: {}
[102.876080] (-) TimerEvent: {}
[102.977221] (-) TimerEvent: {}
[103.078491] (-) TimerEvent: {}
[103.184499] (-) TimerEvent: {}
[103.203431] (arm_firmware) StdoutLine: {'line': b'[100%] \x1b[32m\x1b[1mLinking CXX executable simple_serial_transmitter\x1b[0m\n'}
[103.284665] (-) TimerEvent: {}
[103.386907] (-) TimerEvent: {}
[103.492057] (-) TimerEvent: {}
[103.593955] (-) TimerEvent: {}
[103.702000] (-) TimerEvent: {}
[103.803321] (-) TimerEvent: {}
[103.903978] (-) TimerEvent: {}
[104.005717] (-) TimerEvent: {}
[104.109987] (-) TimerEvent: {}
[104.211275] (-) TimerEvent: {}
[104.313175] (-) TimerEvent: {}
[104.417141] (-) TimerEvent: {}
[104.518158] (-) TimerEvent: {}
[104.619257] (-) TimerEvent: {}
[104.722186] (-) TimerEvent: {}
[104.827081] (-) TimerEvent: {}
[104.929135] (-) TimerEvent: {}
[105.032940] (-) TimerEvent: {}
[105.134084] (-) TimerEvent: {}
[105.236555] (-) TimerEvent: {}
[105.339974] (-) TimerEvent: {}
[105.435485] (arm_firmware) StdoutLine: {'line': b'[100%] Built target simple_serial_transmitter\n'}
[105.440231] (-) TimerEvent: {}
[105.542473] (-) TimerEvent: {}
[105.643581] (-) TimerEvent: {}
[105.745082] (-) TimerEvent: {}
[105.848455] (-) TimerEvent: {}
[105.949392] (-) TimerEvent: {}
[106.050229] (-) TimerEvent: {}
[106.152406] (-) TimerEvent: {}
[106.254176] (-) TimerEvent: {}
[106.354622] (-) TimerEvent: {}
[106.455166] (-) TimerEvent: {}
[106.557114] (-) TimerEvent: {}
[106.569032] (arm_firmware) StdoutLine: {'line': b'running egg_info\n'}
[106.572089] (arm_firmware) StdoutLine: {'line': b'creating arm_firmware.egg-info\n'}
[106.572981] (arm_firmware) StdoutLine: {'line': b'writing arm_firmware.egg-info/PKG-INFO\n'}
[106.573384] (arm_firmware) StdoutLine: {'line': b'writing dependency_links to arm_firmware.egg-info/dependency_links.txt\n'}
[106.574781] (arm_firmware) StdoutLine: {'line': b'writing top-level names to arm_firmware.egg-info/top_level.txt\n'}
[106.575224] (arm_firmware) StdoutLine: {'line': b"writing manifest file 'arm_firmware.egg-info/SOURCES.txt'\n"}
[106.584907] (arm_firmware) StdoutLine: {'line': b"reading manifest file 'arm_firmware.egg-info/SOURCES.txt'\n"}
[106.593564] (arm_firmware) StdoutLine: {'line': b"writing manifest file 'arm_firmware.egg-info/SOURCES.txt'\n"}
[106.657275] (-) TimerEvent: {}
[106.695989] (arm_firmware) StdoutLine: {'line': b'[100%] Built target ament_cmake_python_build_arm_firmware_egg\n'}
[106.737202] (arm_firmware) CommandEnded: {'returncode': 0}
[106.757985] (-) TimerEvent: {}
[106.858543] (-) TimerEvent: {}
[106.925058] (arm_firmware) JobProgress: {'identifier': 'arm_firmware', 'progress': 'install'}
[106.925214] (arm_firmware) Command: {'cmd': ['/usr/bin/cmake', '--install', '/home/ros/arm_ws/build/arm_firmware'], 'cwd': '/home/ros/arm_ws/build/arm_firmware', 'env': OrderedDict([('GJS_DEBUG_TOPICS', 'JS ERROR;JS LOG'), ('LESSOPEN', '| /usr/bin/lesspipe %s'), ('LANGUAGE', 'en_US:'), ('USER', 'ros'), ('LC_TIME', 'es_CO.UTF-8'), ('XDG_SESSION_TYPE', 'x11'), ('SHLVL', '1'), ('LD_LIBRARY_PATH', '/usr/lib/x86_64-linux-gnu/gazebo-11/plugins:/opt/ros/humble/opt/rviz_ogre_vendor/lib:/opt/ros/humble/lib/x86_64-linux-gnu:/opt/ros/humble/lib'), ('HOME', '/home/ros'), ('OLDPWD', '/home/ros'), ('DESKTOP_SESSION', 'ubuntu-xorg'), ('GIO_LAUNCHED_DESKTOP_FILE', '/usr/share/applications/terminator.desktop'), ('ROS_PYTHON_VERSION', '3'), ('GNOME_SHELL_SESSION_MODE', 'ubuntu'), ('GTK_MODULES', 'gail:atk-bridge'), ('LC_MONETARY', 'es_CO.UTF-8'), ('MANAGERPID', '979'), ('SYSTEMD_EXEC_PID', '1347'), ('DBUS_SESSION_BUS_ADDRESS', 'unix:path=/run/user/1000/bus'), ('COLORTERM', 'truecolor'), ('TERMINATOR_DBUS_NAME', 'net.tenshu.Terminator21a9d5db22c73a993ff0b42f64b396873'), ('GIO_LAUNCHED_DESKTOP_FILE_PID', '4526'), ('ROS_DISTRO', 'humble'), ('GTK_IM_MODULE', 'ibus'), ('LOGNAME', 'ros'), ('JOURNAL_STREAM', '8:20866'), ('_', '/usr/bin/colcon'), ('ROS_VERSION', '2'), ('XDG_SESSION_CLASS', 'user'), ('USERNAME', 'ros'), ('TERM', 'xterm-256color'), ('GNOME_DESKTOP_SESSION_ID', 'this-is-deprecated'), ('ROS_LOCALHOST_ONLY', '0'), ('WINDOWPATH', '2'), ('PATH', '/opt/ros/humble/bin:/home/ros/.local/bin:/usr/local/sbin:/usr/local/bin:/usr/sbin:/usr/bin:/sbin:/bin:/usr/games:/usr/local/games:/snap/bin:/snap/bin'), ('SESSION_MANAGER', 'local/ros-virtual-machine:@/tmp/.ICE-unix/1316,unix/ros-virtual-machine:/tmp/.ICE-unix/1316'), ('INVOCATION_ID', '00487b699f7d4c798b6f2c9b5207b5fc'), ('XDG_MENU_PREFIX', 'gnome-'), ('LC_ADDRESS', 'es_CO.UTF-8'), ('XDG_RUNTIME_DIR', '/run/user/1000'), ('DISPLAY', ':0'), ('TERMINATOR_DBUS_PATH', '/net/tenshu/Terminator2'), ('LANG', 'en_US.UTF-8'), ('XDG_CURRENT_DESKTOP', 'ubuntu:GNOME'), ('IBUS_DISABLE_SNOOPER', '1'), ('LC_TELEPHONE', 'es_CO.UTF-8'), ('XMODIFIERS', '@im=ibus'), ('XDG_SESSION_DESKTOP', 'ubuntu-xorg'), ('XAUTHORITY', '/run/user/1000/gdm/Xauthority'), ('LS_COLORS', 'rs=0:di=01;34:ln=01;36:mh=00:pi=40;33:so=01;35:do=01;35:bd=40;33;01:cd=40;33;01:or=40;31;01:mi=00:su=37;41:sg=30;43:ca=30;41:tw=30;42:ow=34;42:st=37;44:ex=01;32:*.tar=01;31:*.tgz=01;31:*.arc=01;31:*.arj=01;31:*.taz=01;31:*.lha=01;31:*.lz4=01;31:*.lzh=01;31:*.lzma=01;31:*.tlz=01;31:*.txz=01;31:*.tzo=01;31:*.t7z=01;31:*.zip=01;31:*.z=01;31:*.dz=01;31:*.gz=01;31:*.lrz=01;31:*.lz=01;31:*.lzo=01;31:*.xz=01;31:*.zst=01;31:*.tzst=01;31:*.bz2=01;31:*.bz=01;31:*.tbz=01;31:*.tbz2=01;31:*.tz=01;31:*.deb=01;31:*.rpm=01;31:*.jar=01;31:*.war=01;31:*.ear=01;31:*.sar=01;31:*.rar=01;31:*.alz=01;31:*.ace=01;31:*.zoo=01;31:*.cpio=01;31:*.7z=01;31:*.rz=01;31:*.cab=01;31:*.wim=01;31:*.swm=01;31:*.dwm=01;31:*.esd=01;31:*.jpg=01;35:*.jpeg=01;35:*.mjpg=01;35:*.mjpeg=01;35:*.gif=01;35:*.bmp=01;35:*.pbm=01;35:*.pgm=01;35:*.ppm=01;35:*.tga=01;35:*.xbm=01;35:*.xpm=01;35:*.tif=01;35:*.tiff=01;35:*.png=01;35:*.svg=01;35:*.svgz=01;35:*.mng=01;35:*.pcx=01;35:*.mov=01;35:*.mpg=01;35:*.mpeg=01;35:*.m2v=01;35:*.mkv=01;35:*.webm=01;35:*.webp=01;35:*.ogm=01;35:*.mp4=01;35:*.m4v=01;35:*.mp4v=01;35:*.vob=01;35:*.qt=01;35:*.nuv=01;35:*.wmv=01;35:*.asf=01;35:*.rm=01;35:*.rmvb=01;35:*.flc=01;35:*.avi=01;35:*.fli=01;35:*.flv=01;35:*.gl=01;35:*.dl=01;35:*.xcf=01;35:*.xwd=01;35:*.yuv=01;35:*.cgm=01;35:*.emf=01;35:*.ogv=01;35:*.ogx=01;35:*.aac=00;36:*.au=00;36:*.flac=00;36:*.m4a=00;36:*.mid=00;36:*.midi=00;36:*.mka=00;36:*.mp3=00;36:*.mpc=00;36:*.ogg=00;36:*.ra=00;36:*.wav=00;36:*.oga=00;36:*.opus=00;36:*.spx=00;36:*.xspf=00;36:'), ('SSH_AGENT_LAUNCHER', 'gnome-keyring'), ('SSH_AUTH_SOCK', '/run/user/1000/keyring/ssh'), ('AMENT_PREFIX_PATH', '/opt/ros/humble'), ('SHELL', '/bin/bash'), ('LC_NAME', 'es_CO.UTF-8'), ('TERMINATOR_UUID', 'urn:uuid:1623e010-cd7e-4313-86eb-01e292c650ef'), ('QT_ACCESSIBILITY', '1'), ('GDMSESSION', 'ubuntu-xorg'), ('LESSCLOSE', '/usr/bin/lesspipe %s %s'), ('LC_MEASUREMENT', 'es_CO.UTF-8'), ('GPG_AGENT_INFO', '/run/user/1000/gnupg/S.gpg-agent:0:1'), ('GJS_DEBUG_OUTPUT', 'stderr'), ('LC_IDENTIFICATION', 'es_CO.UTF-8'), ('QT_IM_MODULE', 'ibus'), ('PWD', '/home/ros/arm_ws/build/arm_firmware'), ('LC_ALL', 'en_US.UTF-8'), ('XDG_CONFIG_DIRS', '/etc/xdg/xdg-ubuntu-xorg:/etc/xdg'), ('XDG_DATA_DIRS', '/usr/share/ubuntu-xorg:/usr/share/gnome:/usr/local/share/:/usr/share/:/var/lib/snapd/desktop'), ('PYTHONPATH', '/opt/ros/humble/lib/python3.10/site-packages:/opt/ros/humble/local/lib/python3.10/dist-packages'), ('LC_NUMERIC', 'es_CO.UTF-8'), ('LC_PAPER', 'es_CO.UTF-8'), ('COLCON', '1'), ('VTE_VERSION', '6800'), ('CMAKE_PREFIX_PATH', '/opt/ros/humble')]), 'shell': False}
[106.958763] (arm_firmware) StdoutLine: {'line': b'-- Install configuration: ""\n'}
[106.959199] (-) TimerEvent: {}
[106.960250] (arm_firmware) StdoutLine: {'line': b'-- Installing: /home/ros/arm_ws/install/arm_firmware/share/arm_firmware/environment/pythonpath.sh\n'}
[106.962953] (arm_firmware) StdoutLine: {'line': b'-- Installing: /home/ros/arm_ws/install/arm_firmware/share/arm_firmware/environment/pythonpath.dsv\n'}
[106.965214] (arm_firmware) StdoutLine: {'line': b'-- Installing: /home/ros/arm_ws/install/arm_firmware/local/lib/python3.10/dist-packages/arm_firmware-0.0.0-py3.10.egg-info\n'}
[106.965753] (arm_firmware) StdoutLine: {'line': b'-- Installing: /home/ros/arm_ws/install/arm_firmware/local/lib/python3.10/dist-packages/arm_firmware-0.0.0-py3.10.egg-info/dependency_links.txt\n'}
[106.966644] (arm_firmware) StdoutLine: {'line': b'-- Installing: /home/ros/arm_ws/install/arm_firmware/local/lib/python3.10/dist-packages/arm_firmware-0.0.0-py3.10.egg-info/SOURCES.txt\n'}
[106.967564] (arm_firmware) StdoutLine: {'line': b'-- Installing: /home/ros/arm_ws/install/arm_firmware/local/lib/python3.10/dist-packages/arm_firmware-0.0.0-py3.10.egg-info/PKG-INFO\n'}
[106.968962] (arm_firmware) StdoutLine: {'line': b'-- Installing: /home/ros/arm_ws/install/arm_firmware/local/lib/python3.10/dist-packages/arm_firmware-0.0.0-py3.10.egg-info/top_level.txt\n'}
[106.969728] (arm_firmware) StdoutLine: {'line': b'-- Installing: /home/ros/arm_ws/install/arm_firmware/local/lib/python3.10/dist-packages/arm_firmware\n'}
[106.970898] (arm_firmware) StdoutLine: {'line': b'-- Installing: /home/ros/arm_ws/install/arm_firmware/local/lib/python3.10/dist-packages/arm_firmware/simple_serial_transmitter.py\n'}
[106.971719] (arm_firmware) StdoutLine: {'line': b'-- Installing: /home/ros/arm_ws/install/arm_firmware/local/lib/python3.10/dist-packages/arm_firmware/__init__.py\n'}
[106.972962] (arm_firmware) StdoutLine: {'line': b'-- Installing: /home/ros/arm_ws/install/arm_firmware/local/lib/python3.10/dist-packages/arm_firmware/simple_serial_receiver.py\n'}
[107.060083] (-) TimerEvent: {}
[107.145917] (arm_firmware) StdoutLine: {'line': b"Listing '/home/ros/arm_ws/install/arm_firmware/local/lib/python3.10/dist-packages/arm_firmware'...\n"}
[107.146219] (arm_firmware) StdoutLine: {'line': b"Compiling '/home/ros/arm_ws/install/arm_firmware/local/lib/python3.10/dist-packages/arm_firmware/__init__.py'...\n"}
[107.146338] (arm_firmware) StdoutLine: {'line': b"Compiling '/home/ros/arm_ws/install/arm_firmware/local/lib/python3.10/dist-packages/arm_firmware/simple_serial_receiver.py'...\n"}
[107.146442] (arm_firmware) StdoutLine: {'line': b"Compiling '/home/ros/arm_ws/install/arm_firmware/local/lib/python3.10/dist-packages/arm_firmware/simple_serial_transmitter.py'...\n"}
[107.162955] (-) TimerEvent: {}
[107.166158] (arm_firmware) StdoutLine: {'line': b'-- Installing: /home/ros/arm_ws/install/arm_firmware/lib/arm_firmware/simple_serial_receiver\n'}
[107.173368] (arm_firmware) StdoutLine: {'line': b'-- Set runtime path of "/home/ros/arm_ws/install/arm_firmware/lib/arm_firmware/simple_serial_receiver" to ""\n'}
[107.175906] (arm_firmware) StdoutLine: {'line': b'-- Installing: /home/ros/arm_ws/install/arm_firmware/lib/arm_firmware/simple_serial_transmitter\n'}
[107.185107] (arm_firmware) StdoutLine: {'line': b'-- Set runtime path of "/home/ros/arm_ws/install/arm_firmware/lib/arm_firmware/simple_serial_transmitter" to ""\n'}
[107.187473] (arm_firmware) StdoutLine: {'line': b'-- Installing: /home/ros/arm_ws/install/arm_firmware/lib/arm_firmware/simple_serial_transmitter.py\n'}
[107.188593] (arm_firmware) StdoutLine: {'line': b'-- Installing: /home/ros/arm_ws/install/arm_firmware/lib/arm_firmware/simple_serial_receiver.py\n'}
[107.193083] (arm_firmware) StdoutLine: {'line': b'-- Installing: /home/ros/arm_ws/install/arm_firmware/share/ament_index/resource_index/package_run_dependencies/arm_firmware\n'}
[107.196948] (arm_firmware) StdoutLine: {'line': b'-- Installing: /home/ros/arm_ws/install/arm_firmware/share/ament_index/resource_index/parent_prefix_path/arm_firmware\n'}
[107.201969] (arm_firmware) StdoutLine: {'line': b'-- Installing: /home/ros/arm_ws/install/arm_firmware/share/arm_firmware/environment/ament_prefix_path.sh\n'}
[107.207330] (arm_firmware) StdoutLine: {'line': b'-- Installing: /home/ros/arm_ws/install/arm_firmware/share/arm_firmware/environment/ament_prefix_path.dsv\n'}
[107.208321] (arm_firmware) StdoutLine: {'line': b'-- Installing: /home/ros/arm_ws/install/arm_firmware/share/arm_firmware/environment/path.sh\n'}
[107.214481] (arm_firmware) StdoutLine: {'line': b'-- Installing: /home/ros/arm_ws/install/arm_firmware/share/arm_firmware/environment/path.dsv\n'}
[107.217044] (arm_firmware) StdoutLine: {'line': b'-- Installing: /home/ros/arm_ws/install/arm_firmware/share/arm_firmware/local_setup.bash\n'}
[107.220689] (arm_firmware) StdoutLine: {'line': b'-- Installing: /home/ros/arm_ws/install/arm_firmware/share/arm_firmware/local_setup.sh\n'}
[107.221145] (arm_firmware) StdoutLine: {'line': b'-- Installing: /home/ros/arm_ws/install/arm_firmware/share/arm_firmware/local_setup.zsh\n'}
[107.221461] (arm_firmware) StdoutLine: {'line': b'-- Installing: /home/ros/arm_ws/install/arm_firmware/share/arm_firmware/local_setup.dsv\n'}
[107.227451] (arm_firmware) StdoutLine: {'line': b'-- Installing: /home/ros/arm_ws/install/arm_firmware/share/arm_firmware/package.dsv\n'}
[107.227948] (arm_firmware) StdoutLine: {'line': b'-- Installing: /home/ros/arm_ws/install/arm_firmware/share/ament_index/resource_index/packages/arm_firmware\n'}
[107.228237] (arm_firmware) StdoutLine: {'line': b'-- Installing: /home/ros/arm_ws/install/arm_firmware/share/arm_firmware/cmake/arm_firmwareConfig.cmake\n'}
[107.228434] (arm_firmware) StdoutLine: {'line': b'-- Installing: /home/ros/arm_ws/install/arm_firmware/share/arm_firmware/cmake/arm_firmwareConfig-version.cmake\n'}
[107.234315] (arm_firmware) StdoutLine: {'line': b'-- Installing: /home/ros/arm_ws/install/arm_firmware/share/arm_firmware/package.xml\n'}
[107.246102] (arm_firmware) CommandEnded: {'returncode': 0}
[107.264509] (-) TimerEvent: {}
[107.370325] (-) TimerEvent: {}
[107.474250] (-) TimerEvent: {}
[107.574925] (-) TimerEvent: {}
[107.679314] (-) TimerEvent: {}
[107.788021] (-) TimerEvent: {}
[107.795178] (arm_firmware) JobEnded: {'identifier': 'arm_firmware', 'rc': 0}
[107.801144] (arm_py_examples) JobStarted: {'identifier': 'arm_py_examples'}
[107.896279] (-) TimerEvent: {}
[108.001820] (-) TimerEvent: {}
[108.105044] (-) TimerEvent: {}
[108.209120] (-) TimerEvent: {}
[108.314522] (-) TimerEvent: {}
[108.415623] (-) TimerEvent: {}
[108.517867] (-) TimerEvent: {}
[108.620216] (-) TimerEvent: {}
[108.720907] (-) TimerEvent: {}
[108.821544] (-) TimerEvent: {}
[108.925419] (-) TimerEvent: {}
[109.026566] (-) TimerEvent: {}
[109.129282] (-) TimerEvent: {}
[109.230755] (-) TimerEvent: {}
[109.333976] (-) TimerEvent: {}
[109.435148] (-) TimerEvent: {}
[109.537332] (-) TimerEvent: {}
[109.639301] (-) TimerEvent: {}
[109.741508] (-) TimerEvent: {}
[109.844295] (-) TimerEvent: {}
[109.945409] (-) TimerEvent: {}
[110.046246] (-) TimerEvent: {}
[110.149306] (-) TimerEvent: {}
[110.250665] (-) TimerEvent: {}
[110.353906] (-) TimerEvent: {}
[110.457472] (-) TimerEvent: {}
[110.557966] (-) TimerEvent: {}
[110.658675] (-) TimerEvent: {}
[110.760246] (-) TimerEvent: {}
[110.869122] (-) TimerEvent: {}
[110.969773] (-) TimerEvent: {}
[111.070601] (-) TimerEvent: {}
[111.173088] (-) TimerEvent: {}
[111.275602] (-) TimerEvent: {}
[111.377942] (-) TimerEvent: {}
[111.479512] (-) TimerEvent: {}
[111.584264] (-) TimerEvent: {}
[111.686224] (-) TimerEvent: {}
[111.788138] (-) TimerEvent: {}
[111.892880] (-) TimerEvent: {}
[111.997788] (-) TimerEvent: {}
[112.098543] (-) TimerEvent: {}
[112.219980] (-) TimerEvent: {}
[112.324769] (-) TimerEvent: {}
[112.435277] (-) TimerEvent: {}
[112.536592] (-) TimerEvent: {}
[112.639936] (-) TimerEvent: {}
[112.744153] (-) TimerEvent: {}
[112.815422] (arm_py_examples) Command: {'cmd': ['/usr/bin/python3', '-W', 'ignore:setup.py install is deprecated', 'setup.py', 'egg_info', '--egg-base', '../../build/arm_py_examples', 'build', '--build-base', '/home/ros/arm_ws/build/arm_py_examples/build', 'install', '--record', '/home/ros/arm_ws/build/arm_py_examples/install.log', '--single-version-externally-managed', 'install_data'], 'cwd': '/home/ros/arm_ws/src/arm_py_examples', 'env': {'GJS_DEBUG_TOPICS': 'JS ERROR;JS LOG', 'LESSOPEN': '| /usr/bin/lesspipe %s', 'LANGUAGE': 'en_US:', 'USER': 'ros', 'LC_TIME': 'es_CO.UTF-8', 'XDG_SESSION_TYPE': 'x11', 'SHLVL': '1', 'LD_LIBRARY_PATH': '/home/ros/arm_ws/install/arm_msgs/lib:/usr/lib/x86_64-linux-gnu/gazebo-11/plugins:/opt/ros/humble/opt/rviz_ogre_vendor/lib:/opt/ros/humble/lib/x86_64-linux-gnu:/opt/ros/humble/lib', 'HOME': '/home/ros', 'OLDPWD': '/home/ros', 'DESKTOP_SESSION': 'ubuntu-xorg', 'GIO_LAUNCHED_DESKTOP_FILE': '/usr/share/applications/terminator.desktop', 'ROS_PYTHON_VERSION': '3', 'GNOME_SHELL_SESSION_MODE': 'ubuntu', 'GTK_MODULES': 'gail:atk-bridge', 'LC_MONETARY': 'es_CO.UTF-8', 'MANAGERPID': '979', 'SYSTEMD_EXEC_PID': '1347', 'DBUS_SESSION_BUS_ADDRESS': 'unix:path=/run/user/1000/bus', 'COLORTERM': 'truecolor', 'TERMINATOR_DBUS_NAME': 'net.tenshu.Terminator21a9d5db22c73a993ff0b42f64b396873', 'GIO_LAUNCHED_DESKTOP_FILE_PID': '4526', 'ROS_DISTRO': 'humble', 'GTK_IM_MODULE': 'ibus', 'LOGNAME': 'ros', 'JOURNAL_STREAM': '8:20866', '_': '/usr/bin/colcon', 'ROS_VERSION': '2', 'XDG_SESSION_CLASS': 'user', 'USERNAME': 'ros', 'TERM': 'xterm-256color', 'GNOME_DESKTOP_SESSION_ID': 'this-is-deprecated', 'ROS_LOCALHOST_ONLY': '0', 'WINDOWPATH': '2', 'PATH': '/opt/ros/humble/bin:/home/ros/.local/bin:/usr/local/sbin:/usr/local/bin:/usr/sbin:/usr/bin:/sbin:/bin:/usr/games:/usr/local/games:/snap/bin:/snap/bin', 'SESSION_MANAGER': 'local/ros-virtual-machine:@/tmp/.ICE-unix/1316,unix/ros-virtual-machine:/tmp/.ICE-unix/1316', 'INVOCATION_ID': '00487b699f7d4c798b6f2c9b5207b5fc', 'XDG_MENU_PREFIX': 'gnome-', 'LC_ADDRESS': 'es_CO.UTF-8', 'XDG_RUNTIME_DIR': '/run/user/1000', 'DISPLAY': ':0', 'TERMINATOR_DBUS_PATH': '/net/tenshu/Terminator2', 'LANG': 'en_US.UTF-8', 'XDG_CURRENT_DESKTOP': 'ubuntu:GNOME', 'IBUS_DISABLE_SNOOPER': '1', 'LC_TELEPHONE': 'es_CO.UTF-8', 'XMODIFIERS': '@im=ibus', 'XDG_SESSION_DESKTOP': 'ubuntu-xorg', 'XAUTHORITY': '/run/user/1000/gdm/Xauthority', 'LS_COLORS': 'rs=0:di=01;34:ln=01;36:mh=00:pi=40;33:so=01;35:do=01;35:bd=40;33;01:cd=40;33;01:or=40;31;01:mi=00:su=37;41:sg=30;43:ca=30;41:tw=30;42:ow=34;42:st=37;44:ex=01;32:*.tar=01;31:*.tgz=01;31:*.arc=01;31:*.arj=01;31:*.taz=01;31:*.lha=01;31:*.lz4=01;31:*.lzh=01;31:*.lzma=01;31:*.tlz=01;31:*.txz=01;31:*.tzo=01;31:*.t7z=01;31:*.zip=01;31:*.z=01;31:*.dz=01;31:*.gz=01;31:*.lrz=01;31:*.lz=01;31:*.lzo=01;31:*.xz=01;31:*.zst=01;31:*.tzst=01;31:*.bz2=01;31:*.bz=01;31:*.tbz=01;31:*.tbz2=01;31:*.tz=01;31:*.deb=01;31:*.rpm=01;31:*.jar=01;31:*.war=01;31:*.ear=01;31:*.sar=01;31:*.rar=01;31:*.alz=01;31:*.ace=01;31:*.zoo=01;31:*.cpio=01;31:*.7z=01;31:*.rz=01;31:*.cab=01;31:*.wim=01;31:*.swm=01;31:*.dwm=01;31:*.esd=01;31:*.jpg=01;35:*.jpeg=01;35:*.mjpg=01;35:*.mjpeg=01;35:*.gif=01;35:*.bmp=01;35:*.pbm=01;35:*.pgm=01;35:*.ppm=01;35:*.tga=01;35:*.xbm=01;35:*.xpm=01;35:*.tif=01;35:*.tiff=01;35:*.png=01;35:*.svg=01;35:*.svgz=01;35:*.mng=01;35:*.pcx=01;35:*.mov=01;35:*.mpg=01;35:*.mpeg=01;35:*.m2v=01;35:*.mkv=01;35:*.webm=01;35:*.webp=01;35:*.ogm=01;35:*.mp4=01;35:*.m4v=01;35:*.mp4v=01;35:*.vob=01;35:*.qt=01;35:*.nuv=01;35:*.wmv=01;35:*.asf=01;35:*.rm=01;35:*.rmvb=01;35:*.flc=01;35:*.avi=01;35:*.fli=01;35:*.flv=01;35:*.gl=01;35:*.dl=01;35:*.xcf=01;35:*.xwd=01;35:*.yuv=01;35:*.cgm=01;35:*.emf=01;35:*.ogv=01;35:*.ogx=01;35:*.aac=00;36:*.au=00;36:*.flac=00;36:*.m4a=00;36:*.mid=00;36:*.midi=00;36:*.mka=00;36:*.mp3=00;36:*.mpc=00;36:*.ogg=00;36:*.ra=00;36:*.wav=00;36:*.oga=00;36:*.opus=00;36:*.spx=00;36:*.xspf=00;36:', 'SSH_AGENT_LAUNCHER': 'gnome-keyring', 'SSH_AUTH_SOCK': '/run/user/1000/keyring/ssh', 'AMENT_PREFIX_PATH': '/home/ros/arm_ws/install/arm_msgs:/opt/ros/humble', 'SHELL': '/bin/bash', 'LC_NAME': 'es_CO.UTF-8', 'TERMINATOR_UUID': 'urn:uuid:1623e010-cd7e-4313-86eb-01e292c650ef', 'QT_ACCESSIBILITY': '1', 'GDMSESSION': 'ubuntu-xorg', 'LESSCLOSE': '/usr/bin/lesspipe %s %s', 'LC_MEASUREMENT': 'es_CO.UTF-8', 'GPG_AGENT_INFO': '/run/user/1000/gnupg/S.gpg-agent:0:1', 'GJS_DEBUG_OUTPUT': 'stderr', 'LC_IDENTIFICATION': 'es_CO.UTF-8', 'QT_IM_MODULE': 'ibus', 'PWD': '/home/ros/arm_ws/build/arm_py_examples', 'LC_ALL': 'en_US.UTF-8', 'XDG_CONFIG_DIRS': '/etc/xdg/xdg-ubuntu-xorg:/etc/xdg', 'XDG_DATA_DIRS': '/usr/share/ubuntu-xorg:/usr/share/gnome:/usr/local/share/:/usr/share/:/var/lib/snapd/desktop', 'PYTHONPATH': '/home/ros/arm_ws/build/arm_py_examples/prefix_override:/usr/lib/python3/dist-packages/colcon_core/task/python/colcon_distutils_commands:/home/ros/arm_ws/install/arm_py_examples/lib/python3.10/site-packages:/home/ros/arm_ws/install/arm_msgs/local/lib/python3.10/dist-packages:/opt/ros/humble/lib/python3.10/site-packages:/opt/ros/humble/local/lib/python3.10/dist-packages', 'LC_NUMERIC': 'es_CO.UTF-8', 'LC_PAPER': 'es_CO.UTF-8', 'COLCON': '1', 'VTE_VERSION': '6800', 'CMAKE_PREFIX_PATH': '/home/ros/arm_ws/install/arm_msgs'}, 'shell': False}
[112.847005] (-) TimerEvent: {}
[112.948485] (-) TimerEvent: {}
[113.049985] (-) TimerEvent: {}
[113.152330] (-) TimerEvent: {}
[113.255714] (-) TimerEvent: {}
[113.359938] (-) TimerEvent: {}
[113.464492] (-) TimerEvent: {}
[113.566008] (-) TimerEvent: {}
[113.671320] (-) TimerEvent: {}
[113.776396] (-) TimerEvent: {}
[113.878977] (-) TimerEvent: {}
[113.984961] (-) TimerEvent: {}
[114.085980] (-) TimerEvent: {}
[114.193031] (-) TimerEvent: {}
[114.294063] (-) TimerEvent: {}
[114.396931] (-) TimerEvent: {}
[114.499988] (-) TimerEvent: {}
[114.602159] (-) TimerEvent: {}
[114.702707] (-) TimerEvent: {}
[114.806643] (-) TimerEvent: {}
[114.907406] (-) TimerEvent: {}
[115.010286] (-) TimerEvent: {}
[115.113598] (-) TimerEvent: {}
[115.114541] (arm_py_examples) StdoutLine: {'line': b'running egg_info\n'}
[115.123904] (arm_py_examples) StdoutLine: {'line': b'creating ../../build/arm_py_examples/arm_py_examples.egg-info\n'}
[115.125256] (arm_py_examples) StdoutLine: {'line': b'writing ../../build/arm_py_examples/arm_py_examples.egg-info/PKG-INFO\n'}
[115.129302] (arm_py_examples) StdoutLine: {'line': b'writing dependency_links to ../../build/arm_py_examples/arm_py_examples.egg-info/dependency_links.txt\n'}
[115.133903] (arm_py_examples) StdoutLine: {'line': b'writing entry points to ../../build/arm_py_examples/arm_py_examples.egg-info/entry_points.txt\n'}
[115.134233] (arm_py_examples) StdoutLine: {'line': b'writing requirements to ../../build/arm_py_examples/arm_py_examples.egg-info/requires.txt\n'}
[115.134402] (arm_py_examples) StdoutLine: {'line': b'writing top-level names to ../../build/arm_py_examples/arm_py_examples.egg-info/top_level.txt\n'}
[115.134587] (arm_py_examples) StdoutLine: {'line': b"writing manifest file '../../build/arm_py_examples/arm_py_examples.egg-info/SOURCES.txt'\n"}
[115.145326] (arm_py_examples) StdoutLine: {'line': b"reading manifest file '../../build/arm_py_examples/arm_py_examples.egg-info/SOURCES.txt'\n"}
[115.153639] (arm_py_examples) StdoutLine: {'line': b"writing manifest file '../../build/arm_py_examples/arm_py_examples.egg-info/SOURCES.txt'\n"}
[115.154992] (arm_py_examples) StdoutLine: {'line': b'running build\n'}
[115.155507] (arm_py_examples) StdoutLine: {'line': b'running build_py\n'}
[115.155976] (arm_py_examples) StdoutLine: {'line': b'creating /home/ros/arm_ws/build/arm_py_examples/build\n'}
[115.164956] (arm_py_examples) StdoutLine: {'line': b'creating /home/ros/arm_ws/build/arm_py_examples/build/lib\n'}
[115.166652] (arm_py_examples) StdoutLine: {'line': b'creating /home/ros/arm_ws/build/arm_py_examples/build/lib/arm_py_examples\n'}
[115.167008] (arm_py_examples) StdoutLine: {'line': b'copying arm_py_examples/simple_publisher.py -> /home/ros/arm_ws/build/arm_py_examples/build/lib/arm_py_examples\n'}
[115.167305] (arm_py_examples) StdoutLine: {'line': b'copying arm_py_examples/simple_service_server.py -> /home/ros/arm_ws/build/arm_py_examples/build/lib/arm_py_examples\n'}
[115.167594] (arm_py_examples) StdoutLine: {'line': b'copying arm_py_examples/simple_action_server.py -> /home/ros/arm_ws/build/arm_py_examples/build/lib/arm_py_examples\n'}
[115.175967] (arm_py_examples) StdoutLine: {'line': b'copying arm_py_examples/simple_service_client.py -> /home/ros/arm_ws/build/arm_py_examples/build/lib/arm_py_examples\n'}
[115.176359] (arm_py_examples) StdoutLine: {'line': b'copying arm_py_examples/simple_action_client.py -> /home/ros/arm_ws/build/arm_py_examples/build/lib/arm_py_examples\n'}
[115.176656] (arm_py_examples) StdoutLine: {'line': b'copying arm_py_examples/__init__.py -> /home/ros/arm_ws/build/arm_py_examples/build/lib/arm_py_examples\n'}
[115.180462] (arm_py_examples) StdoutLine: {'line': b'copying arm_py_examples/simple_subscriber.py -> /home/ros/arm_ws/build/arm_py_examples/build/lib/arm_py_examples\n'}
[115.180629] (arm_py_examples) StdoutLine: {'line': b'copying arm_py_examples/simple_parameter.py -> /home/ros/arm_ws/build/arm_py_examples/build/lib/arm_py_examples\n'}
[115.184380] (arm_py_examples) StdoutLine: {'line': b'running install\n'}
[115.185753] (arm_py_examples) StdoutLine: {'line': b'running install_lib\n'}
[115.186086] (arm_py_examples) StdoutLine: {'line': b'creating /home/ros/arm_ws/install/arm_py_examples/lib/python3.10/site-packages/arm_py_examples\n'}
[115.186344] (arm_py_examples) StdoutLine: {'line': b'copying /home/ros/arm_ws/build/arm_py_examples/build/lib/arm_py_examples/simple_publisher.py -> /home/ros/arm_ws/install/arm_py_examples/lib/python3.10/site-packages/arm_py_examples\n'}
[115.186595] (arm_py_examples) StdoutLine: {'line': b'copying /home/ros/arm_ws/build/arm_py_examples/build/lib/arm_py_examples/simple_service_server.py -> /home/ros/arm_ws/install/arm_py_examples/lib/python3.10/site-packages/arm_py_examples\n'}
[115.192342] (arm_py_examples) StdoutLine: {'line': b'copying /home/ros/arm_ws/build/arm_py_examples/build/lib/arm_py_examples/simple_action_server.py -> /home/ros/arm_ws/install/arm_py_examples/lib/python3.10/site-packages/arm_py_examples\n'}
[115.192562] (arm_py_examples) StdoutLine: {'line': b'copying /home/ros/arm_ws/build/arm_py_examples/build/lib/arm_py_examples/simple_service_client.py -> /home/ros/arm_ws/install/arm_py_examples/lib/python3.10/site-packages/arm_py_examples\n'}
[115.192755] (arm_py_examples) StdoutLine: {'line': b'copying /home/ros/arm_ws/build/arm_py_examples/build/lib/arm_py_examples/simple_action_client.py -> /home/ros/arm_ws/install/arm_py_examples/lib/python3.10/site-packages/arm_py_examples\n'}
[115.194599] (arm_py_examples) StdoutLine: {'line': b'copying /home/ros/arm_ws/build/arm_py_examples/build/lib/arm_py_examples/__init__.py -> /home/ros/arm_ws/install/arm_py_examples/lib/python3.10/site-packages/arm_py_examples\n'}
[115.194988] (arm_py_examples) StdoutLine: {'line': b'copying /home/ros/arm_ws/build/arm_py_examples/build/lib/arm_py_examples/simple_subscriber.py -> /home/ros/arm_ws/install/arm_py_examples/lib/python3.10/site-packages/arm_py_examples\n'}
[115.195179] (arm_py_examples) StdoutLine: {'line': b'copying /home/ros/arm_ws/build/arm_py_examples/build/lib/arm_py_examples/simple_parameter.py -> /home/ros/arm_ws/install/arm_py_examples/lib/python3.10/site-packages/arm_py_examples\n'}
[115.195356] (arm_py_examples) StdoutLine: {'line': b'byte-compiling /home/ros/arm_ws/install/arm_py_examples/lib/python3.10/site-packages/arm_py_examples/simple_publisher.py to simple_publisher.cpython-310.pyc\n'}
[115.195529] (arm_py_examples) StdoutLine: {'line': b'byte-compiling /home/ros/arm_ws/install/arm_py_examples/lib/python3.10/site-packages/arm_py_examples/simple_service_server.py to simple_service_server.cpython-310.pyc\n'}
[115.195703] (arm_py_examples) StdoutLine: {'line': b'byte-compiling /home/ros/arm_ws/install/arm_py_examples/lib/python3.10/site-packages/arm_py_examples/simple_action_server.py to simple_action_server.cpython-310.pyc\n'}
[115.198060] (arm_py_examples) StdoutLine: {'line': b'byte-compiling /home/ros/arm_ws/install/arm_py_examples/lib/python3.10/site-packages/arm_py_examples/simple_service_client.py to simple_service_client.cpython-310.pyc\n'}
[115.198340] (arm_py_examples) StdoutLine: {'line': b'byte-compiling /home/ros/arm_ws/install/arm_py_examples/lib/python3.10/site-packages/arm_py_examples/simple_action_client.py to simple_action_client.cpython-310.pyc\n'}
[115.198525] (arm_py_examples) StdoutLine: {'line': b'byte-compiling /home/ros/arm_ws/install/arm_py_examples/lib/python3.10/site-packages/arm_py_examples/__init__.py to __init__.cpython-310.pyc\n'}
[115.198751] (arm_py_examples) StdoutLine: {'line': b'byte-compiling /home/ros/arm_ws/install/arm_py_examples/lib/python3.10/site-packages/arm_py_examples/simple_subscriber.py to simple_subscriber.cpython-310.pyc\n'}
[115.203185] (arm_py_examples) StdoutLine: {'line': b'byte-compiling /home/ros/arm_ws/install/arm_py_examples/lib/python3.10/site-packages/arm_py_examples/simple_parameter.py to simple_parameter.cpython-310.pyc\n'}
[115.203462] (arm_py_examples) StdoutLine: {'line': b'running install_data\n'}
[115.203640] (arm_py_examples) StdoutLine: {'line': b'creating /home/ros/arm_ws/install/arm_py_examples/share/ament_index\n'}
[115.203839] (arm_py_examples) StdoutLine: {'line': b'creating /home/ros/arm_ws/install/arm_py_examples/share/ament_index/resource_index\n'}
[115.204035] (arm_py_examples) StdoutLine: {'line': b'creating /home/ros/arm_ws/install/arm_py_examples/share/ament_index/resource_index/packages\n'}
[115.204201] (arm_py_examples) StdoutLine: {'line': b'copying resource/arm_py_examples -> /home/ros/arm_ws/install/arm_py_examples/share/ament_index/resource_index/packages\n'}
[115.204376] (arm_py_examples) StdoutLine: {'line': b'copying package.xml -> /home/ros/arm_ws/install/arm_py_examples/share/arm_py_examples\n'}
[115.204545] (arm_py_examples) StdoutLine: {'line': b'running install_egg_info\n'}
[115.204715] (arm_py_examples) StdoutLine: {'line': b'Copying ../../build/arm_py_examples/arm_py_examples.egg-info to /home/ros/arm_ws/install/arm_py_examples/lib/python3.10/site-packages/arm_py_examples-0.0.0-py3.10.egg-info\n'}
[115.209492] (arm_py_examples) StdoutLine: {'line': b'running install_scripts\n'}
[115.213731] (-) TimerEvent: {}
[115.288535] (arm_py_examples) StdoutLine: {'line': b'Installing simple_action_client script to /home/ros/arm_ws/install/arm_py_examples/lib/arm_py_examples\n'}
[115.293223] (arm_py_examples) StdoutLine: {'line': b'Installing simple_action_server script to /home/ros/arm_ws/install/arm_py_examples/lib/arm_py_examples\n'}
[115.293595] (arm_py_examples) StdoutLine: {'line': b'Installing simple_parameter script to /home/ros/arm_ws/install/arm_py_examples/lib/arm_py_examples\n'}
[115.295090] (arm_py_examples) StdoutLine: {'line': b'Installing simple_publisher script to /home/ros/arm_ws/install/arm_py_examples/lib/arm_py_examples\n'}
[115.299003] (arm_py_examples) StdoutLine: {'line': b'Installing simple_service_client script to /home/ros/arm_ws/install/arm_py_examples/lib/arm_py_examples\n'}
[115.299399] (arm_py_examples) StdoutLine: {'line': b'Installing simple_service_server script to /home/ros/arm_ws/install/arm_py_examples/lib/arm_py_examples\n'}
[115.299615] (arm_py_examples) StdoutLine: {'line': b'Installing simple_subscriber script to /home/ros/arm_ws/install/arm_py_examples/lib/arm_py_examples\n'}
[115.302880] (arm_py_examples) StdoutLine: {'line': b"writing list of installed files to '/home/ros/arm_ws/build/arm_py_examples/install.log'\n"}
[115.316435] (-) TimerEvent: {}
[115.419346] (-) TimerEvent: {}
[115.430077] (arm_py_examples) CommandEnded: {'returncode': 0}
[115.513103] (arm_py_examples) JobEnded: {'identifier': 'arm_py_examples', 'rc': 0}
[115.514418] (arm_remote) JobStarted: {'identifier': 'arm_remote'}
[115.520102] (-) TimerEvent: {}
[115.603215] (arm_remote) JobProgress: {'identifier': 'arm_remote', 'progress': 'cmake'}
[115.607251] (arm_remote) Command: {'cmd': ['/usr/bin/cmake', '/home/ros/arm_ws/src/arm_remote', '-DCMAKE_INSTALL_PREFIX=/home/ros/arm_ws/install/arm_remote'], 'cwd': '/home/ros/arm_ws/build/arm_remote', 'env': OrderedDict([('GJS_DEBUG_TOPICS', 'JS ERROR;JS LOG'), ('LESSOPEN', '| /usr/bin/lesspipe %s'), ('LANGUAGE', 'en_US:'), ('USER', 'ros'), ('LC_TIME', 'es_CO.UTF-8'), ('XDG_SESSION_TYPE', 'x11'), ('SHLVL', '1'), ('LD_LIBRARY_PATH', '/home/ros/arm_ws/install/arm_msgs/lib:/usr/lib/x86_64-linux-gnu/gazebo-11/plugins:/opt/ros/humble/opt/rviz_ogre_vendor/lib:/opt/ros/humble/lib/x86_64-linux-gnu:/opt/ros/humble/lib'), ('HOME', '/home/ros'), ('OLDPWD', '/home/ros'), ('DESKTOP_SESSION', 'ubuntu-xorg'), ('GIO_LAUNCHED_DESKTOP_FILE', '/usr/share/applications/terminator.desktop'), ('ROS_PYTHON_VERSION', '3'), ('GNOME_SHELL_SESSION_MODE', 'ubuntu'), ('GTK_MODULES', 'gail:atk-bridge'), ('LC_MONETARY', 'es_CO.UTF-8'), ('MANAGERPID', '979'), ('SYSTEMD_EXEC_PID', '1347'), ('DBUS_SESSION_BUS_ADDRESS', 'unix:path=/run/user/1000/bus'), ('COLORTERM', 'truecolor'), ('TERMINATOR_DBUS_NAME', 'net.tenshu.Terminator21a9d5db22c73a993ff0b42f64b396873'), ('GIO_LAUNCHED_DESKTOP_FILE_PID', '4526'), ('ROS_DISTRO', 'humble'), ('GTK_IM_MODULE', 'ibus'), ('LOGNAME', 'ros'), ('JOURNAL_STREAM', '8:20866'), ('_', '/usr/bin/colcon'), ('ROS_VERSION', '2'), ('XDG_SESSION_CLASS', 'user'), ('USERNAME', 'ros'), ('TERM', 'xterm-256color'), ('GNOME_DESKTOP_SESSION_ID', 'this-is-deprecated'), ('ROS_LOCALHOST_ONLY', '0'), ('WINDOWPATH', '2'), ('PATH', '/opt/ros/humble/bin:/home/ros/.local/bin:/usr/local/sbin:/usr/local/bin:/usr/sbin:/usr/bin:/sbin:/bin:/usr/games:/usr/local/games:/snap/bin:/snap/bin'), ('SESSION_MANAGER', 'local/ros-virtual-machine:@/tmp/.ICE-unix/1316,unix/ros-virtual-machine:/tmp/.ICE-unix/1316'), ('INVOCATION_ID', '00487b699f7d4c798b6f2c9b5207b5fc'), ('XDG_MENU_PREFIX', 'gnome-'), ('LC_ADDRESS', 'es_CO.UTF-8'), ('XDG_RUNTIME_DIR', '/run/user/1000'), ('DISPLAY', ':0'), ('TERMINATOR_DBUS_PATH', '/net/tenshu/Terminator2'), ('LANG', 'en_US.UTF-8'), ('XDG_CURRENT_DESKTOP', 'ubuntu:GNOME'), ('IBUS_DISABLE_SNOOPER', '1'), ('LC_TELEPHONE', 'es_CO.UTF-8'), ('XMODIFIERS', '@im=ibus'), ('XDG_SESSION_DESKTOP', 'ubuntu-xorg'), ('XAUTHORITY', '/run/user/1000/gdm/Xauthority'), ('LS_COLORS', 'rs=0:di=01;34:ln=01;36:mh=00:pi=40;33:so=01;35:do=01;35:bd=40;33;01:cd=40;33;01:or=40;31;01:mi=00:su=37;41:sg=30;43:ca=30;41:tw=30;42:ow=34;42:st=37;44:ex=01;32:*.tar=01;31:*.tgz=01;31:*.arc=01;31:*.arj=01;31:*.taz=01;31:*.lha=01;31:*.lz4=01;31:*.lzh=01;31:*.lzma=01;31:*.tlz=01;31:*.txz=01;31:*.tzo=01;31:*.t7z=01;31:*.zip=01;31:*.z=01;31:*.dz=01;31:*.gz=01;31:*.lrz=01;31:*.lz=01;31:*.lzo=01;31:*.xz=01;31:*.zst=01;31:*.tzst=01;31:*.bz2=01;31:*.bz=01;31:*.tbz=01;31:*.tbz2=01;31:*.tz=01;31:*.deb=01;31:*.rpm=01;31:*.jar=01;31:*.war=01;31:*.ear=01;31:*.sar=01;31:*.rar=01;31:*.alz=01;31:*.ace=01;31:*.zoo=01;31:*.cpio=01;31:*.7z=01;31:*.rz=01;31:*.cab=01;31:*.wim=01;31:*.swm=01;31:*.dwm=01;31:*.esd=01;31:*.jpg=01;35:*.jpeg=01;35:*.mjpg=01;35:*.mjpeg=01;35:*.gif=01;35:*.bmp=01;35:*.pbm=01;35:*.pgm=01;35:*.ppm=01;35:*.tga=01;35:*.xbm=01;35:*.xpm=01;35:*.tif=01;35:*.tiff=01;35:*.png=01;35:*.svg=01;35:*.svgz=01;35:*.mng=01;35:*.pcx=01;35:*.mov=01;35:*.mpg=01;35:*.mpeg=01;35:*.m2v=01;35:*.mkv=01;35:*.webm=01;35:*.webp=01;35:*.ogm=01;35:*.mp4=01;35:*.m4v=01;35:*.mp4v=01;35:*.vob=01;35:*.qt=01;35:*.nuv=01;35:*.wmv=01;35:*.asf=01;35:*.rm=01;35:*.rmvb=01;35:*.flc=01;35:*.avi=01;35:*.fli=01;35:*.flv=01;35:*.gl=01;35:*.dl=01;35:*.xcf=01;35:*.xwd=01;35:*.yuv=01;35:*.cgm=01;35:*.emf=01;35:*.ogv=01;35:*.ogx=01;35:*.aac=00;36:*.au=00;36:*.flac=00;36:*.m4a=00;36:*.mid=00;36:*.midi=00;36:*.mka=00;36:*.mp3=00;36:*.mpc=00;36:*.ogg=00;36:*.ra=00;36:*.wav=00;36:*.oga=00;36:*.opus=00;36:*.spx=00;36:*.xspf=00;36:'), ('SSH_AGENT_LAUNCHER', 'gnome-keyring'), ('SSH_AUTH_SOCK', '/run/user/1000/keyring/ssh'), ('AMENT_PREFIX_PATH', '/home/ros/arm_ws/install/arm_msgs:/opt/ros/humble'), ('SHELL', '/bin/bash'), ('LC_NAME', 'es_CO.UTF-8'), ('TERMINATOR_UUID', 'urn:uuid:1623e010-cd7e-4313-86eb-01e292c650ef'), ('QT_ACCESSIBILITY', '1'), ('GDMSESSION', 'ubuntu-xorg'), ('LESSCLOSE', '/usr/bin/lesspipe %s %s'), ('LC_MEASUREMENT', 'es_CO.UTF-8'), ('GPG_AGENT_INFO', '/run/user/1000/gnupg/S.gpg-agent:0:1'), ('GJS_DEBUG_OUTPUT', 'stderr'), ('LC_IDENTIFICATION', 'es_CO.UTF-8'), ('QT_IM_MODULE', 'ibus'), ('PWD', '/home/ros/arm_ws/build/arm_remote'), ('LC_ALL', 'en_US.UTF-8'), ('XDG_CONFIG_DIRS', '/etc/xdg/xdg-ubuntu-xorg:/etc/xdg'), ('XDG_DATA_DIRS', '/usr/share/ubuntu-xorg:/usr/share/gnome:/usr/local/share/:/usr/share/:/var/lib/snapd/desktop'), ('PYTHONPATH', '/home/ros/arm_ws/install/arm_msgs/local/lib/python3.10/dist-packages:/opt/ros/humble/lib/python3.10/site-packages:/opt/ros/humble/local/lib/python3.10/dist-packages'), ('LC_NUMERIC', 'es_CO.UTF-8'), ('LC_PAPER', 'es_CO.UTF-8'), ('COLCON', '1'), ('VTE_VERSION', '6800'), ('CMAKE_PREFIX_PATH', '/home/ros/arm_ws/install/arm_msgs:/opt/ros/humble')]), 'shell': False}
[115.622006] (-) TimerEvent: {}
[115.730985] (-) TimerEvent: {}
[115.833977] (-) TimerEvent: {}
[115.936905] (-) TimerEvent: {}
[115.985287] (arm_remote) StdoutLine: {'line': b'-- The C compiler identification is GNU 11.4.0\n'}
[116.038226] (-) TimerEvent: {}
[116.140534] (-) TimerEvent: {}
[116.243912] (-) TimerEvent: {}
[116.346410] (-) TimerEvent: {}
[116.452945] (-) TimerEvent: {}
[116.557234] (-) TimerEvent: {}
[116.564589] (arm_remote) StdoutLine: {'line': b'-- The CXX compiler identification is GNU 11.4.0\n'}
[116.636160] (arm_remote) StdoutLine: {'line': b'-- Detecting C compiler ABI info\n'}
[116.657654] (-) TimerEvent: {}
[116.760256] (-) TimerEvent: {}
[116.880972] (-) TimerEvent: {}
[116.981414] (-) TimerEvent: {}
[117.084132] (-) TimerEvent: {}
[117.147351] (arm_remote) StdoutLine: {'line': b'-- Detecting C compiler ABI info - done\n'}
[117.185941] (-) TimerEvent: {}
[117.216902] (arm_remote) StdoutLine: {'line': b'-- Check for working C compiler: /usr/bin/cc - skipped\n'}
[117.218999] (arm_remote) StdoutLine: {'line': b'-- Detecting C compile features\n'}
[117.223956] (arm_remote) StdoutLine: {'line': b'-- Detecting C compile features - done\n'}
[117.245845] (arm_remote) StdoutLine: {'line': b'-- Detecting CXX compiler ABI info\n'}
[117.288957] (-) TimerEvent: {}
[117.390437] (-) TimerEvent: {}
[117.495162] (-) TimerEvent: {}
[117.600486] (-) TimerEvent: {}
[117.702694] (-) TimerEvent: {}
[117.803979] (-) TimerEvent: {}
[117.814991] (arm_remote) StdoutLine: {'line': b'-- Detecting CXX compiler ABI info - done\n'}
[117.882791] (arm_remote) StdoutLine: {'line': b'-- Check for working CXX compiler: /usr/bin/c++ - skipped\n'}
[117.883289] (arm_remote) StdoutLine: {'line': b'-- Detecting CXX compile features\n'}
[117.883521] (arm_remote) StdoutLine: {'line': b'-- Detecting CXX compile features - done\n'}
[117.904049] (arm_remote) StdoutLine: {'line': b'-- Found ament_cmake: 1.3.10 (/opt/ros/humble/share/ament_cmake/cmake)\n'}
[117.905377] (-) TimerEvent: {}
[118.010386] (-) TimerEvent: {}
[118.112016] (-) TimerEvent: {}
[118.213188] (-) TimerEvent: {}
[118.315195] (-) TimerEvent: {}
[118.416919] (-) TimerEvent: {}
[118.518452] (-) TimerEvent: {}
[118.622954] (-) TimerEvent: {}
[118.682365] (arm_remote) StdoutLine: {'line': b'-- Found Python3: /usr/bin/python3 (found version "3.10.12") found components: Interpreter \n'}
[118.723754] (-) TimerEvent: {}
[118.829431] (-) TimerEvent: {}
[118.930571] (-) TimerEvent: {}
[119.031968] (-) TimerEvent: {}
[119.134184] (-) TimerEvent: {}
[119.161196] (arm_remote) StdoutLine: {'line': b'-- Found rclcpp: 16.0.10 (/opt/ros/humble/share/rclcpp/cmake)\n'}
[119.234321] (-) TimerEvent: {}
[119.340905] (-) TimerEvent: {}
[119.385553] (arm_remote) StdoutLine: {'line': b'-- Found rosidl_generator_c: 3.1.5 (/opt/ros/humble/share/rosidl_generator_c/cmake)\n'}
[119.406161] (arm_remote) StdoutLine: {'line': b'-- Found rosidl_adapter: 3.1.5 (/opt/ros/humble/share/rosidl_adapter/cmake)\n'}
[119.440917] (-) TimerEvent: {}
[119.441778] (arm_remote) StdoutLine: {'line': b'-- Found rosidl_generator_cpp: 3.1.5 (/opt/ros/humble/share/rosidl_generator_cpp/cmake)\n'}
[119.505350] (arm_remote) StdoutLine: {'line': b'-- Using all available rosidl_typesupport_c: rosidl_typesupport_fastrtps_c;rosidl_typesupport_introspection_c\n'}
[119.541073] (-) TimerEvent: {}
[119.644900] (-) TimerEvent: {}
[119.646649] (arm_remote) StdoutLine: {'line': b'-- Using all available rosidl_typesupport_cpp: rosidl_typesupport_fastrtps_cpp;rosidl_typesupport_introspection_cpp\n'}
[119.747036] (-) TimerEvent: {}
[119.851198] (-) TimerEvent: {}
[119.951877] (-) TimerEvent: {}
[120.004113] (arm_remote) StdoutLine: {'line': b'-- Found rmw_implementation_cmake: 6.1.2 (/opt/ros/humble/share/rmw_implementation_cmake/cmake)\n'}
[120.029222] (arm_remote) StdoutLine: {'line': b'-- Found rmw_fastrtps_cpp: 6.2.7 (/opt/ros/humble/share/rmw_fastrtps_cpp/cmake)\n'}
[120.053934] (-) TimerEvent: {}
[120.158776] (-) TimerEvent: {}
[120.261966] (-) TimerEvent: {}
[120.363510] (-) TimerEvent: {}
[120.464700] (-) TimerEvent: {}
[120.568713] (-) TimerEvent: {}
[120.624933] (arm_remote) StdoutLine: {'line': b'-- Found OpenSSL: /usr/lib/x86_64-linux-gnu/libcrypto.so (found version "3.0.2")  \n'}
[120.668866] (-) TimerEvent: {}
[120.752697] (arm_remote) StdoutLine: {'line': b'-- Found FastRTPS: /opt/ros/humble/include  \n'}
[120.769033] (-) TimerEvent: {}
[120.871383] (-) TimerEvent: {}
[120.974372] (-) TimerEvent: {}
[120.980702] (arm_remote) StdoutLine: {'line': b"-- Using RMW implementation 'rmw_fastrtps_cpp' as default\n"}
[121.035993] (arm_remote) StdoutLine: {'line': b'-- Looking for pthread.h\n'}
[121.076946] (-) TimerEvent: {}
[121.177964] (-) TimerEvent: {}
[121.281242] (-) TimerEvent: {}
[121.385542] (-) TimerEvent: {}
[121.488164] (-) TimerEvent: {}
[121.595944] (-) TimerEvent: {}
[121.696668] (arm_remote) StdoutLine: {'line': b'-- Looking for pthread.h - found\n'}
[121.697598] (-) TimerEvent: {}
[121.704278] (arm_remote) StdoutLine: {'line': b'-- Performing Test CMAKE_HAVE_LIBC_PTHREAD\n'}
[121.801322] (-) TimerEvent: {}
[121.907503] (-) TimerEvent: {}
[122.023155] (-) TimerEvent: {}
[122.133937] (-) TimerEvent: {}
[122.237141] (-) TimerEvent: {}
[122.342711] (-) TimerEvent: {}
[122.444136] (-) TimerEvent: {}
[122.550984] (-) TimerEvent: {}
[122.655784] (-) TimerEvent: {}
[122.684057] (arm_remote) StdoutLine: {'line': b'-- Performing Test CMAKE_HAVE_LIBC_PTHREAD - Success\n'}
[122.714861] (arm_remote) StdoutLine: {'line': b'-- Found Threads: TRUE  \n'}
[122.761274] (-) TimerEvent: {}
[122.864946] (-) TimerEvent: {}
[122.968297] (-) TimerEvent: {}
[123.074477] (-) TimerEvent: {}
[123.179404] (-) TimerEvent: {}
[123.283293] (-) TimerEvent: {}
[123.384929] (arm_remote) StdoutLine: {'line': b'-- Found rclcpp_action: 16.0.10 (/opt/ros/humble/share/rclcpp_action/cmake)\n'}
[123.385381] (-) TimerEvent: {}
[123.488009] (-) TimerEvent: {}
[123.593343] (-) TimerEvent: {}
[123.610881] (arm_remote) StdoutLine: {'line': b'-- Found rclcpp_components: 16.0.10 (/opt/ros/humble/share/rclcpp_components/cmake)\n'}
[123.697169] (-) TimerEvent: {}
[123.805574] (-) TimerEvent: {}
[123.910980] (-) TimerEvent: {}
[123.950978] (arm_remote) StdoutLine: {'line': b'-- Found arm_msgs: 0.0.0 (/home/ros/arm_ws/install/arm_msgs/share/arm_msgs/cmake)\n'}
[124.011177] (-) TimerEvent: {}
[124.110364] (arm_remote) StdoutLine: {'line': b'-- Found moveit_ros_planning_interface: 2.5.6 (/opt/ros/humble/share/moveit_ros_planning_interface/cmake)\n'}
[124.116016] (-) TimerEvent: {}
[124.216817] (-) TimerEvent: {}
[124.319025] (-) TimerEvent: {}
[124.399076] (arm_remote) StdoutLine: {'line': b'-- Found Boost: /usr/lib/x86_64-linux-gnu/cmake/Boost-1.74.0/BoostConfig.cmake (found version "1.74.0") found components: date_time filesystem program_options system thread \n'}
[124.421340] (-) TimerEvent: {}
[124.525213] (-) TimerEvent: {}
[124.630722] (-) TimerEvent: {}
[124.731253] (-) TimerEvent: {}
[124.838096] (-) TimerEvent: {}
[124.940331] (-) TimerEvent: {}
[125.044058] (-) TimerEvent: {}
[125.145972] (-) TimerEvent: {}
[125.246930] (-) TimerEvent: {}
[125.352330] (-) TimerEvent: {}
[125.456020] (-) TimerEvent: {}
[125.560479] (-) TimerEvent: {}
[125.665929] (-) TimerEvent: {}
[125.768207] (-) TimerEvent: {}
[125.870932] (-) TimerEvent: {}
[125.972962] (-) TimerEvent: {}
[126.027670] (arm_remote) StdoutLine: {'line': b'-- Found Boost: /usr/lib/x86_64-linux-gnu/cmake/Boost-1.74.0/BoostConfig.cmake (found version "1.74.0") found components: chrono date_time filesystem iostreams program_options regex serialization system thread \n'}
[126.074074] (-) TimerEvent: {}
[126.180927] (-) TimerEvent: {}
[126.281857] (-) TimerEvent: {}
[126.361962] (arm_remote) StdoutLine: {'line': b'-- Found parameter_traits: 0.3.9 (/opt/ros/humble/share/parameter_traits/cmake)\n'}
[126.381927] (-) TimerEvent: {}
[126.430175] (arm_remote) StdoutLine: {'line': b'-- Found Eigen3: TRUE (found version "3.4.0") \n'}
[126.450304] (arm_remote) StdoutLine: {'line': b'-- Found rclcpp_lifecycle: 16.0.10 (/opt/ros/humble/share/rclcpp_lifecycle/cmake)\n'}
[126.482091] (-) TimerEvent: {}
[126.585543] (-) TimerEvent: {}
[126.630470] (arm_remote) StdoutLine: {'line': b'-- Found Boost: /usr/lib/x86_64-linux-gnu/cmake/Boost-1.74.0/BoostConfig.cmake (found version "1.74.0") found components: filesystem \n'}
[126.685782] (-) TimerEvent: {}
[126.786666] (-) TimerEvent: {}
[126.899211] (-) TimerEvent: {}
[127.005101] (-) TimerEvent: {}
[127.110874] (-) TimerEvent: {}
[127.214511] (-) TimerEvent: {}
[127.320097] (-) TimerEvent: {}
[127.424949] (-) TimerEvent: {}
[127.491947] (arm_remote) StdoutLine: {'line': b'-- library: /usr/lib/x86_64-linux-gnu/libcurl.so\n'}
[127.526133] (-) TimerEvent: {}
[127.627276] (-) TimerEvent: {}
[127.730363] (-) TimerEvent: {}
[127.771450] (arm_remote) StdoutLine: {'line': b'-- Ensuring Eigen3 include directory is part of orocos-kdl CMake target\n'}
[127.835028] (-) TimerEvent: {}
[127.935990] (-) TimerEvent: {}
[127.951185] (arm_cpp_examples) StdoutLine: {'line': b'[ 18%] \x1b[32m\x1b[1mLinking CXX executable simple_subscriber\x1b[0m\n'}
[128.037182] (-) TimerEvent: {}
[128.141918] (-) TimerEvent: {}
[128.245826] (-) TimerEvent: {}
[128.348973] (-) TimerEvent: {}
[128.450234] (-) TimerEvent: {}
[128.558697] (-) TimerEvent: {}
[128.665960] (-) TimerEvent: {}
[128.737683] (arm_remote) StdoutLine: {'line': b'-- Found Boost: /usr/lib/x86_64-linux-gnu/cmake/Boost-1.74.0/BoostConfig.cmake (found version "1.74.0") found components: system filesystem date_time program_options thread chrono \n'}
[128.769770] (-) TimerEvent: {}
[128.884928] (-) TimerEvent: {}
[128.987572] (-) TimerEvent: {}
[129.072758] (arm_remote) StdoutLine: {'line': b'-- Found Boost: /usr/lib/x86_64-linux-gnu/cmake/Boost-1.74.0/BoostConfig.cmake (found version "1.74.0") found components: thread system filesystem regex date_time program_options \n'}
[129.088931] (-) TimerEvent: {}
[129.189518] (-) TimerEvent: {}
[129.199362] (arm_remote) StdoutLine: {'line': b'-- Found Boost: /usr/lib/x86_64-linux-gnu/cmake/Boost-1.74.0/BoostConfig.cmake (found version "1.74.0") found components: system filesystem date_time program_options thread \n'}
[129.291410] (-) TimerEvent: {}
[129.394120] (-) TimerEvent: {}
[129.409593] (arm_remote) StdoutLine: {'line': b'-- Found rclpy: 3.3.14 (/opt/ros/humble/share/rclpy/cmake)\n'}
[129.495944] (-) TimerEvent: {}
[129.597371] (-) TimerEvent: {}
[129.700921] (-) TimerEvent: {}
[129.803013] (-) TimerEvent: {}
[129.904205] (-) TimerEvent: {}
[130.009072] (-) TimerEvent: {}
[130.111760] (-) TimerEvent: {}
[130.217452] (-) TimerEvent: {}
[130.318559] (-) TimerEvent: {}
[130.428933] (-) TimerEvent: {}
[130.529573] (-) TimerEvent: {}
[130.636422] (-) TimerEvent: {}
[130.737461] (-) TimerEvent: {}
[130.848685] (-) TimerEvent: {}
[130.915922] (arm_remote) StdoutLine: {'line': b'-- Configuring done\n'}
[130.950976] (-) TimerEvent: {}
[131.052000] (-) TimerEvent: {}
[131.127287] (arm_remote) StdoutLine: {'line': b'-- Generating done\n'}
[131.138906] (arm_remote) StdoutLine: {'line': b'-- Build files have been written to: /home/ros/arm_ws/build/arm_remote\n'}
[131.152951] (-) TimerEvent: {}
[131.194740] (arm_remote) CommandEnded: {'returncode': 0}
[131.207050] (arm_remote) JobProgress: {'identifier': 'arm_remote', 'progress': 'build'}
[131.207382] (arm_remote) Command: {'cmd': ['/usr/bin/cmake', '--build', '/home/ros/arm_ws/build/arm_remote', '--', '-j2', '-l2'], 'cwd': '/home/ros/arm_ws/build/arm_remote', 'env': OrderedDict([('GJS_DEBUG_TOPICS', 'JS ERROR;JS LOG'), ('LESSOPEN', '| /usr/bin/lesspipe %s'), ('LANGUAGE', 'en_US:'), ('USER', 'ros'), ('LC_TIME', 'es_CO.UTF-8'), ('XDG_SESSION_TYPE', 'x11'), ('SHLVL', '1'), ('LD_LIBRARY_PATH', '/home/ros/arm_ws/install/arm_msgs/lib:/usr/lib/x86_64-linux-gnu/gazebo-11/plugins:/opt/ros/humble/opt/rviz_ogre_vendor/lib:/opt/ros/humble/lib/x86_64-linux-gnu:/opt/ros/humble/lib'), ('HOME', '/home/ros'), ('OLDPWD', '/home/ros'), ('DESKTOP_SESSION', 'ubuntu-xorg'), ('GIO_LAUNCHED_DESKTOP_FILE', '/usr/share/applications/terminator.desktop'), ('ROS_PYTHON_VERSION', '3'), ('GNOME_SHELL_SESSION_MODE', 'ubuntu'), ('GTK_MODULES', 'gail:atk-bridge'), ('LC_MONETARY', 'es_CO.UTF-8'), ('MANAGERPID', '979'), ('SYSTEMD_EXEC_PID', '1347'), ('DBUS_SESSION_BUS_ADDRESS', 'unix:path=/run/user/1000/bus'), ('COLORTERM', 'truecolor'), ('TERMINATOR_DBUS_NAME', 'net.tenshu.Terminator21a9d5db22c73a993ff0b42f64b396873'), ('GIO_LAUNCHED_DESKTOP_FILE_PID', '4526'), ('ROS_DISTRO', 'humble'), ('GTK_IM_MODULE', 'ibus'), ('LOGNAME', 'ros'), ('JOURNAL_STREAM', '8:20866'), ('_', '/usr/bin/colcon'), ('ROS_VERSION', '2'), ('XDG_SESSION_CLASS', 'user'), ('USERNAME', 'ros'), ('TERM', 'xterm-256color'), ('GNOME_DESKTOP_SESSION_ID', 'this-is-deprecated'), ('ROS_LOCALHOST_ONLY', '0'), ('WINDOWPATH', '2'), ('PATH', '/opt/ros/humble/bin:/home/ros/.local/bin:/usr/local/sbin:/usr/local/bin:/usr/sbin:/usr/bin:/sbin:/bin:/usr/games:/usr/local/games:/snap/bin:/snap/bin'), ('SESSION_MANAGER', 'local/ros-virtual-machine:@/tmp/.ICE-unix/1316,unix/ros-virtual-machine:/tmp/.ICE-unix/1316'), ('INVOCATION_ID', '00487b699f7d4c798b6f2c9b5207b5fc'), ('XDG_MENU_PREFIX', 'gnome-'), ('LC_ADDRESS', 'es_CO.UTF-8'), ('XDG_RUNTIME_DIR', '/run/user/1000'), ('DISPLAY', ':0'), ('TERMINATOR_DBUS_PATH', '/net/tenshu/Terminator2'), ('LANG', 'en_US.UTF-8'), ('XDG_CURRENT_DESKTOP', 'ubuntu:GNOME'), ('IBUS_DISABLE_SNOOPER', '1'), ('LC_TELEPHONE', 'es_CO.UTF-8'), ('XMODIFIERS', '@im=ibus'), ('XDG_SESSION_DESKTOP', 'ubuntu-xorg'), ('XAUTHORITY', '/run/user/1000/gdm/Xauthority'), ('LS_COLORS', 'rs=0:di=01;34:ln=01;36:mh=00:pi=40;33:so=01;35:do=01;35:bd=40;33;01:cd=40;33;01:or=40;31;01:mi=00:su=37;41:sg=30;43:ca=30;41:tw=30;42:ow=34;42:st=37;44:ex=01;32:*.tar=01;31:*.tgz=01;31:*.arc=01;31:*.arj=01;31:*.taz=01;31:*.lha=01;31:*.lz4=01;31:*.lzh=01;31:*.lzma=01;31:*.tlz=01;31:*.txz=01;31:*.tzo=01;31:*.t7z=01;31:*.zip=01;31:*.z=01;31:*.dz=01;31:*.gz=01;31:*.lrz=01;31:*.lz=01;31:*.lzo=01;31:*.xz=01;31:*.zst=01;31:*.tzst=01;31:*.bz2=01;31:*.bz=01;31:*.tbz=01;31:*.tbz2=01;31:*.tz=01;31:*.deb=01;31:*.rpm=01;31:*.jar=01;31:*.war=01;31:*.ear=01;31:*.sar=01;31:*.rar=01;31:*.alz=01;31:*.ace=01;31:*.zoo=01;31:*.cpio=01;31:*.7z=01;31:*.rz=01;31:*.cab=01;31:*.wim=01;31:*.swm=01;31:*.dwm=01;31:*.esd=01;31:*.jpg=01;35:*.jpeg=01;35:*.mjpg=01;35:*.mjpeg=01;35:*.gif=01;35:*.bmp=01;35:*.pbm=01;35:*.pgm=01;35:*.ppm=01;35:*.tga=01;35:*.xbm=01;35:*.xpm=01;35:*.tif=01;35:*.tiff=01;35:*.png=01;35:*.svg=01;35:*.svgz=01;35:*.mng=01;35:*.pcx=01;35:*.mov=01;35:*.mpg=01;35:*.mpeg=01;35:*.m2v=01;35:*.mkv=01;35:*.webm=01;35:*.webp=01;35:*.ogm=01;35:*.mp4=01;35:*.m4v=01;35:*.mp4v=01;35:*.vob=01;35:*.qt=01;35:*.nuv=01;35:*.wmv=01;35:*.asf=01;35:*.rm=01;35:*.rmvb=01;35:*.flc=01;35:*.avi=01;35:*.fli=01;35:*.flv=01;35:*.gl=01;35:*.dl=01;35:*.xcf=01;35:*.xwd=01;35:*.yuv=01;35:*.cgm=01;35:*.emf=01;35:*.ogv=01;35:*.ogx=01;35:*.aac=00;36:*.au=00;36:*.flac=00;36:*.m4a=00;36:*.mid=00;36:*.midi=00;36:*.mka=00;36:*.mp3=00;36:*.mpc=00;36:*.ogg=00;36:*.ra=00;36:*.wav=00;36:*.oga=00;36:*.opus=00;36:*.spx=00;36:*.xspf=00;36:'), ('SSH_AGENT_LAUNCHER', 'gnome-keyring'), ('SSH_AUTH_SOCK', '/run/user/1000/keyring/ssh'), ('AMENT_PREFIX_PATH', '/home/ros/arm_ws/install/arm_msgs:/opt/ros/humble'), ('SHELL', '/bin/bash'), ('LC_NAME', 'es_CO.UTF-8'), ('TERMINATOR_UUID', 'urn:uuid:1623e010-cd7e-4313-86eb-01e292c650ef'), ('QT_ACCESSIBILITY', '1'), ('GDMSESSION', 'ubuntu-xorg'), ('LESSCLOSE', '/usr/bin/lesspipe %s %s'), ('LC_MEASUREMENT', 'es_CO.UTF-8'), ('GPG_AGENT_INFO', '/run/user/1000/gnupg/S.gpg-agent:0:1'), ('GJS_DEBUG_OUTPUT', 'stderr'), ('LC_IDENTIFICATION', 'es_CO.UTF-8'), ('QT_IM_MODULE', 'ibus'), ('PWD', '/home/ros/arm_ws/build/arm_remote'), ('LC_ALL', 'en_US.UTF-8'), ('XDG_CONFIG_DIRS', '/etc/xdg/xdg-ubuntu-xorg:/etc/xdg'), ('XDG_DATA_DIRS', '/usr/share/ubuntu-xorg:/usr/share/gnome:/usr/local/share/:/usr/share/:/var/lib/snapd/desktop'), ('PYTHONPATH', '/home/ros/arm_ws/install/arm_msgs/local/lib/python3.10/dist-packages:/opt/ros/humble/lib/python3.10/site-packages:/opt/ros/humble/local/lib/python3.10/dist-packages'), ('LC_NUMERIC', 'es_CO.UTF-8'), ('LC_PAPER', 'es_CO.UTF-8'), ('COLCON', '1'), ('VTE_VERSION', '6800'), ('CMAKE_PREFIX_PATH', '/home/ros/arm_ws/install/arm_msgs:/opt/ros/humble')]), 'shell': False}
[131.253915] (-) TimerEvent: {}
[131.267875] (arm_cpp_examples) StdoutLine: {'line': b'[ 18%] Built target simple_subscriber\n'}
[131.356662] (-) TimerEvent: {}
[131.457561] (-) TimerEvent: {}
[131.534855] (arm_cpp_examples) StdoutLine: {'line': b'[ 22%] \x1b[32mBuilding CXX object CMakeFiles/simple_parameter.dir/src/simple_parameter.cpp.o\x1b[0m\n'}
[131.557955] (-) TimerEvent: {}
[131.660123] (-) TimerEvent: {}
[131.700411] (arm_remote) StdoutLine: {'line': b'[ 25%] \x1b[32mBuilding CXX object CMakeFiles/task_server.dir/src/task_server.cpp.o\x1b[0m\n'}
[131.760925] (-) TimerEvent: {}
[131.866214] (-) TimerEvent: {}
[131.968213] (-) TimerEvent: {}
[132.070232] (-) TimerEvent: {}
[132.172854] (-) TimerEvent: {}
[132.279933] (-) TimerEvent: {}
[132.383016] (-) TimerEvent: {}
[132.484026] (-) TimerEvent: {}
[132.587149] (-) TimerEvent: {}
[132.693005] (-) TimerEvent: {}
[132.796215] (-) TimerEvent: {}
[132.899354] (-) TimerEvent: {}
[133.001554] (-) TimerEvent: {}
[133.106752] (-) TimerEvent: {}
[133.213930] (-) TimerEvent: {}
[133.314523] (-) TimerEvent: {}
[133.417444] (-) TimerEvent: {}
[133.525921] (-) TimerEvent: {}
[133.627311] (-) TimerEvent: {}
[133.733907] (-) TimerEvent: {}
[133.837456] (-) TimerEvent: {}
[133.939429] (-) TimerEvent: {}
[134.043935] (-) TimerEvent: {}
[134.148893] (-) TimerEvent: {}
[134.250979] (-) TimerEvent: {}
[134.352598] (-) TimerEvent: {}
[134.457999] (-) TimerEvent: {}
[134.559400] (-) TimerEvent: {}
[134.666919] (-) TimerEvent: {}
[134.767976] (-) TimerEvent: {}
[134.871949] (-) TimerEvent: {}
[134.974320] (-) TimerEvent: {}
[135.079016] (-) TimerEvent: {}
[135.184039] (-) TimerEvent: {}
[135.285117] (-) TimerEvent: {}
[135.391609] (-) TimerEvent: {}
[135.493381] (-) TimerEvent: {}
[135.597399] (-) TimerEvent: {}
[135.701991] (-) TimerEvent: {}
[135.806097] (-) TimerEvent: {}
[135.907098] (-) TimerEvent: {}
[136.010178] (-) TimerEvent: {}
[136.110933] (-) TimerEvent: {}
[136.217905] (-) TimerEvent: {}
[136.320437] (-) TimerEvent: {}
[136.423306] (-) TimerEvent: {}
[136.525104] (-) TimerEvent: {}
[136.633956] (-) TimerEvent: {}
[136.734703] (-) TimerEvent: {}
[136.836909] (-) TimerEvent: {}
[136.939965] (-) TimerEvent: {}
[137.047594] (-) TimerEvent: {}
[137.149621] (-) TimerEvent: {}
[137.254433] (-) TimerEvent: {}
[137.356897] (-) TimerEvent: {}
[137.457496] (-) TimerEvent: {}
[137.558190] (-) TimerEvent: {}
[137.659125] (-) TimerEvent: {}
[137.761248] (-) TimerEvent: {}
[137.861931] (-) TimerEvent: {}
[137.963936] (-) TimerEvent: {}
[138.064545] (-) TimerEvent: {}
[138.166730] (-) TimerEvent: {}
[138.268405] (-) TimerEvent: {}
[138.373056] (-) TimerEvent: {}
[138.474765] (-) TimerEvent: {}
[138.575620] (-) TimerEvent: {}
[138.676570] (-) TimerEvent: {}
[138.778379] (-) TimerEvent: {}
[138.880445] (-) TimerEvent: {}
[138.981154] (-) TimerEvent: {}
[139.083143] (-) TimerEvent: {}
[139.185480] (-) TimerEvent: {}
[139.289931] (-) TimerEvent: {}
[139.396923] (-) TimerEvent: {}
[139.497685] (-) TimerEvent: {}
[139.600221] (-) TimerEvent: {}
[139.701891] (-) TimerEvent: {}
[139.804392] (-) TimerEvent: {}
[139.905920] (-) TimerEvent: {}
[140.008415] (-) TimerEvent: {}
[140.109190] (-) TimerEvent: {}
[140.210215] (-) TimerEvent: {}
[140.312406] (-) TimerEvent: {}
[140.413290] (-) TimerEvent: {}
[140.516173] (-) TimerEvent: {}
[140.616912] (-) TimerEvent: {}
[140.717987] (-) TimerEvent: {}
[140.818958] (-) TimerEvent: {}
[140.922559] (-) TimerEvent: {}
[141.023495] (-) TimerEvent: {}
[141.124451] (-) TimerEvent: {}
[141.225523] (-) TimerEvent: {}
[141.328273] (-) TimerEvent: {}
[141.429217] (-) TimerEvent: {}
[141.532902] (-) TimerEvent: {}
[141.633794] (-) TimerEvent: {}
[141.735048] (-) TimerEvent: {}
[141.836116] (-) TimerEvent: {}
[141.936946] (-) TimerEvent: {}
[142.040334] (-) TimerEvent: {}
[142.141616] (-) TimerEvent: {}
[142.242892] (-) TimerEvent: {}
[142.345331] (-) TimerEvent: {}
[142.446543] (-) TimerEvent: {}
[142.549568] (-) TimerEvent: {}
[142.651141] (-) TimerEvent: {}
[142.754291] (-) TimerEvent: {}
[142.855166] (-) TimerEvent: {}
[142.956144] (-) TimerEvent: {}
[143.059439] (-) TimerEvent: {}
[143.160646] (-) TimerEvent: {}
[143.261535] (-) TimerEvent: {}
[143.362703] (-) TimerEvent: {}
[143.464721] (-) TimerEvent: {}
[143.567410] (-) TimerEvent: {}
[143.669249] (-) TimerEvent: {}
[143.771549] (-) TimerEvent: {}
[143.872550] (-) TimerEvent: {}
[143.975209] (-) TimerEvent: {}
[144.076438] (-) TimerEvent: {}
[144.177587] (-) TimerEvent: {}
[144.280373] (-) TimerEvent: {}
[144.381637] (-) TimerEvent: {}
[144.482514] (-) TimerEvent: {}
[144.585919] (-) TimerEvent: {}
[144.687159] (-) TimerEvent: {}
[144.789353] (-) TimerEvent: {}
[144.891264] (-) TimerEvent: {}
[144.994105] (-) TimerEvent: {}
[145.095107] (-) TimerEvent: {}
[145.196105] (-) TimerEvent: {}
[145.296929] (-) TimerEvent: {}
[145.400390] (-) TimerEvent: {}
[145.501559] (-) TimerEvent: {}
[145.602855] (-) TimerEvent: {}
[145.703680] (-) TimerEvent: {}
[145.758229] (arm_cpp_examples) StdoutLine: {'line': b'[ 27%] \x1b[32m\x1b[1mLinking CXX executable simple_parameter\x1b[0m\n'}
[145.804072] (-) TimerEvent: {}
[145.906346] (-) TimerEvent: {}
[146.007482] (-) TimerEvent: {}
[146.111949] (-) TimerEvent: {}
[146.218078] (-) TimerEvent: {}
[146.319088] (-) TimerEvent: {}
[146.355296] (arm_cpp_examples) StdoutLine: {'line': b'[ 27%] Built target simple_parameter\n'}
[146.420846] (-) TimerEvent: {}
[146.515423] (arm_cpp_examples) StdoutLine: {'line': b'[ 31%] \x1b[32mBuilding CXX object CMakeFiles/simple_service_server.dir/src/simple_service_server.cpp.o\x1b[0m\n'}
[146.520906] (-) TimerEvent: {}
[146.624425] (-) TimerEvent: {}
[146.727713] (-) TimerEvent: {}
[146.832981] (-) TimerEvent: {}
[146.935760] (-) TimerEvent: {}
[147.038926] (-) TimerEvent: {}
[147.143201] (-) TimerEvent: {}
[147.244395] (-) TimerEvent: {}
[147.347904] (-) TimerEvent: {}
[147.449317] (-) TimerEvent: {}
[147.550230] (-) TimerEvent: {}
[147.653284] (-) TimerEvent: {}
[147.756591] (-) TimerEvent: {}
[147.859946] (-) TimerEvent: {}
[147.961013] (-) TimerEvent: {}
[148.062107] (-) TimerEvent: {}
[148.162528] (-) TimerEvent: {}
[148.265155] (-) TimerEvent: {}
[148.365932] (-) TimerEvent: {}
[148.467957] (-) TimerEvent: {}
[148.571409] (-) TimerEvent: {}
[148.672699] (-) TimerEvent: {}
[148.773867] (-) TimerEvent: {}
[148.875578] (-) TimerEvent: {}
[148.978690] (-) TimerEvent: {}
[149.079785] (-) TimerEvent: {}
[149.180989] (-) TimerEvent: {}
[149.283277] (-) TimerEvent: {}
[149.387084] (-) TimerEvent: {}
[149.488183] (-) TimerEvent: {}
[149.589163] (-) TimerEvent: {}
[149.690089] (-) TimerEvent: {}
[149.790954] (-) TimerEvent: {}
[149.893229] (-) TimerEvent: {}
[149.994422] (-) TimerEvent: {}
[150.097292] (-) TimerEvent: {}
[150.198312] (-) TimerEvent: {}
[150.300218] (-) TimerEvent: {}
[150.403124] (-) TimerEvent: {}
[150.504223] (-) TimerEvent: {}
[150.606402] (-) TimerEvent: {}
[150.709357] (-) TimerEvent: {}
[150.810562] (-) TimerEvent: {}
[150.911251] (-) TimerEvent: {}
[151.014472] (-) TimerEvent: {}
[151.115723] (-) TimerEvent: {}
[151.217323] (-) TimerEvent: {}
[151.320334] (-) TimerEvent: {}
[151.421484] (-) TimerEvent: {}
[151.522782] (-) TimerEvent: {}
[151.625738] (-) TimerEvent: {}
[151.726976] (-) TimerEvent: {}
[151.828923] (-) TimerEvent: {}
[151.929501] (-) TimerEvent: {}
[152.030409] (-) TimerEvent: {}
[152.132645] (-) TimerEvent: {}
[152.233601] (-) TimerEvent: {}
[152.336482] (-) TimerEvent: {}
[152.437253] (-) TimerEvent: {}
[152.538064] (-) TimerEvent: {}
[152.638673] (-) TimerEvent: {}
[152.741736] (-) TimerEvent: {}
[152.843079] (-) TimerEvent: {}
[152.943916] (-) TimerEvent: {}
[153.046533] (-) TimerEvent: {}
[153.147416] (-) TimerEvent: {}
[153.248164] (-) TimerEvent: {}
[153.350344] (-) TimerEvent: {}
[153.451696] (-) TimerEvent: {}
[153.554598] (-) TimerEvent: {}
[153.655880] (-) TimerEvent: {}
[153.756726] (-) TimerEvent: {}
[153.857543] (-) TimerEvent: {}
[153.953883] (arm_remote) StderrLine: {'line': b'\x1b[01m\x1b[K/home/ros/arm_ws/src/arm_remote/src/task_server.cpp:28:43:\x1b[m\x1b[K \x1b[01;31m\x1b[Kerror: \x1b[m\x1b[K\xe2\x80\x98\x1b[01m\x1b[KarmTask\x1b[m\x1b[K\xe2\x80\x99 is not a member of \xe2\x80\x98\x1b[01m\x1b[Karm_msgs::action\x1b[m\x1b[K\xe2\x80\x99; did you mean \xe2\x80\x98\x1b[01m\x1b[KArmTask\x1b[m\x1b[K\xe2\x80\x99?\n'}
[153.956243] (arm_remote) StderrLine: {'line': b'   28 |   rclcpp_action::Server<arm_msgs::action::\x1b[01;31m\x1b[KarmTask\x1b[m\x1b[K>::SharedPtr action_server_;\n'}
[153.956434] (arm_remote) StderrLine: {'line': b'      |                                           \x1b[01;31m\x1b[K^~~~~~~\x1b[m\x1b[K\n'}
[153.956730] (arm_remote) StderrLine: {'line': b'      |                                           \x1b[32m\x1b[KArmTask\x1b[m\x1b[K\n'}
[153.959165] (-) TimerEvent: {}
[153.961989] (arm_remote) StderrLine: {'line': b'\x1b[01m\x1b[K/home/ros/arm_ws/src/arm_remote/src/task_server.cpp:28:50:\x1b[m\x1b[K \x1b[01;31m\x1b[Kerror: \x1b[m\x1b[Ktemplate argument 1 is invalid\n'}
[153.963714] (arm_remote) StderrLine: {'line': b'   28 |   rclcpp_action::Server<arm_msgs::action::armTask\x1b[01;31m\x1b[K>\x1b[m\x1b[K::SharedPtr action_server_;\n'}
[153.964579] (arm_remote) StderrLine: {'line': b'      |                                                  \x1b[01;31m\x1b[K^\x1b[m\x1b[K\n'}
[153.965141] (arm_remote) StderrLine: {'line': b'\x1b[01m\x1b[K/home/ros/arm_ws/src/arm_remote/src/task_server.cpp:28:53:\x1b[m\x1b[K \x1b[01;31m\x1b[Kerror: \x1b[m\x1b[Kexpected \xe2\x80\x98\x1b[01m\x1b[K;\x1b[m\x1b[K\xe2\x80\x99 at end of member declaration\n'}
[153.965347] (arm_remote) StderrLine: {'line': b'   28 |   rclcpp_action::Server<arm_msgs::action::armTask>::\x1b[01;31m\x1b[KSharedPtr\x1b[m\x1b[K action_server_;\n'}
[153.965520] (arm_remote) StderrLine: {'line': b'      |                                                     \x1b[01;31m\x1b[K^~~~~~~~~\x1b[m\x1b[K\n'}
[153.965632] (arm_remote) StderrLine: {'line': b'      |                                                              \x1b[32m\x1b[K;\x1b[m\x1b[K\n'}
[153.972094] (arm_remote) StderrLine: {'line': b'\x1b[01m\x1b[K/home/ros/arm_ws/src/arm_remote/src/task_server.cpp:28:63:\x1b[m\x1b[K \x1b[01;31m\x1b[Kerror: \x1b[m\x1b[K\xe2\x80\x98\x1b[01m\x1b[Kaction_server_\x1b[m\x1b[K\xe2\x80\x99 does not name a type; did you mean \xe2\x80\x98\x1b[01m\x1b[Krcl_action_server_t\x1b[m\x1b[K\xe2\x80\x99?\n'}
[153.973497] (arm_remote) StderrLine: {'line': b'   28 |   rclcpp_action::Server<arm_msgs::action::armTask>::SharedPtr \x1b[01;31m\x1b[Kaction_server_\x1b[m\x1b[K;\n'}
[153.973724] (arm_remote) StderrLine: {'line': b'      |                                                               \x1b[01;31m\x1b[K^~~~~~~~~~~~~~\x1b[m\x1b[K\n'}
[153.977629] (arm_remote) StderrLine: {'line': b'      |                                                               \x1b[32m\x1b[Krcl_action_server_t\x1b[m\x1b[K\n'}
[153.977935] (arm_remote) StderrLine: {'line': b'\x1b[01m\x1b[K/home/ros/arm_ws/src/arm_remote/src/task_server.cpp:32:54:\x1b[m\x1b[K \x1b[01;31m\x1b[Kerror: \x1b[m\x1b[KISO C++ forbids declaration of \xe2\x80\x98\x1b[01m\x1b[Ktype name\x1b[m\x1b[K\xe2\x80\x99 with no type [\x1b[01;31m\x1b[K\x1b]8;;https://gcc.gnu.org/onlinedocs/gcc/Warning-Options.html#index-fpermissive\x07-fpermissive\x1b]8;;\x07\x1b[m\x1b[K]\n'}
[153.978154] (arm_remote) StderrLine: {'line': b'   32 |       std::shared_ptr<const arm_msgs::action::armTask\x1b[01;31m\x1b[K::\x1b[m\x1b[KGoal> goal)\n'}
[153.978337] (arm_remote) StderrLine: {'line': b'      |                                                      \x1b[01;31m\x1b[K^~\x1b[m\x1b[K\n'}
[153.978514] (arm_remote) StderrLine: {'line': b'\x1b[01m\x1b[K/home/ros/arm_ws/src/arm_remote/src/task_server.cpp:32:60:\x1b[m\x1b[K \x1b[01;31m\x1b[Kerror: \x1b[m\x1b[Ktemplate argument 1 is invalid\n'}
[153.978688] (arm_remote) StderrLine: {'line': b'   32 |       std::shared_ptr<const arm_msgs::action::armTask::Goal\x1b[01;31m\x1b[K>\x1b[m\x1b[K goal)\n'}
[153.983141] (arm_remote) StderrLine: {'line': b'      |                                                            \x1b[01;31m\x1b[K^\x1b[m\x1b[K\n'}
[153.983576] (arm_remote) StderrLine: {'line': b'\x1b[01m\x1b[K/home/ros/arm_ws/src/arm_remote/src/task_server.cpp:32:54:\x1b[m\x1b[K \x1b[01;31m\x1b[Kerror: \x1b[m\x1b[KISO C++ forbids declaration of \xe2\x80\x98\x1b[01m\x1b[Ktype name\x1b[m\x1b[K\xe2\x80\x99 with no type [\x1b[01;31m\x1b[K\x1b]8;;https://gcc.gnu.org/onlinedocs/gcc/Warning-Options.html#index-fpermissive\x07-fpermissive\x1b]8;;\x07\x1b[m\x1b[K]\n'}
[153.986044] (arm_remote) StderrLine: {'line': b'   32 |       std::shared_ptr<const arm_msgs::action::armTask\x1b[01;31m\x1b[K::\x1b[m\x1b[KGoal> goal)\n'}
[153.989095] (arm_remote) StderrLine: {'line': b'      |                                                      \x1b[01;31m\x1b[K^~\x1b[m\x1b[K\n'}
[153.989370] (arm_remote) StderrLine: {'line': b'\x1b[01m\x1b[K/home/ros/arm_ws/src/arm_remote/src/task_server.cpp:32:60:\x1b[m\x1b[K \x1b[01;31m\x1b[Kerror: \x1b[m\x1b[Ktemplate argument 1 is invalid\n'}
[153.989581] (arm_remote) StderrLine: {'line': b'   32 |       std::shared_ptr<const arm_msgs::action::armTask::Goal\x1b[01;31m\x1b[K>\x1b[m\x1b[K goal)\n'}
[153.989777] (arm_remote) StderrLine: {'line': b'      |                                                            \x1b[01;31m\x1b[K^\x1b[m\x1b[K\n'}
[153.990120] (arm_remote) StderrLine: {'line': b'\x1b[01m\x1b[K/home/ros/arm_ws/src/arm_remote/src/task_server.cpp:32:54:\x1b[m\x1b[K \x1b[01;31m\x1b[Kerror: \x1b[m\x1b[KISO C++ forbids declaration of \xe2\x80\x98\x1b[01m\x1b[Ktype name\x1b[m\x1b[K\xe2\x80\x99 with no type [\x1b[01;31m\x1b[K\x1b]8;;https://gcc.gnu.org/onlinedocs/gcc/Warning-Options.html#index-fpermissive\x07-fpermissive\x1b]8;;\x07\x1b[m\x1b[K]\n'}
[153.990388] (arm_remote) StderrLine: {'line': b'   32 |       std::shared_ptr<const arm_msgs::action::armTask\x1b[01;31m\x1b[K::\x1b[m\x1b[KGoal> goal)\n'}
[153.990588] (arm_remote) StderrLine: {'line': b'      |                                                      \x1b[01;31m\x1b[K^~\x1b[m\x1b[K\n'}
[153.998195] (arm_remote) StderrLine: {'line': b'\x1b[01m\x1b[K/home/ros/arm_ws/src/arm_remote/src/task_server.cpp:32:60:\x1b[m\x1b[K \x1b[01;31m\x1b[Kerror: \x1b[m\x1b[Ktemplate argument 1 is invalid\n'}
[153.998545] (arm_remote) StderrLine: {'line': b'   32 |       std::shared_ptr<const arm_msgs::action::armTask::Goal\x1b[01;31m\x1b[K>\x1b[m\x1b[K goal)\n'}
[153.998794] (arm_remote) StderrLine: {'line': b'      |                                                            \x1b[01;31m\x1b[K^\x1b[m\x1b[K\n'}
[154.008019] (arm_remote) StderrLine: {'line': b'\x1b[01m\x1b[K/home/ros/arm_ws/src/arm_remote/src/task_server.cpp:32:7:\x1b[m\x1b[K \x1b[01;31m\x1b[Kerror: \x1b[m\x1b[Kinvalid template-id\n'}
[154.012388] (arm_remote) StderrLine: {'line': b'   32 |       \x1b[01;31m\x1b[Kstd\x1b[m\x1b[K::shared_ptr<const arm_msgs::action::armTask::Goal> goal)\n'}
[154.014426] (arm_remote) StderrLine: {'line': b'      |       \x1b[01;31m\x1b[K^~~\x1b[m\x1b[K\n'}
[154.016005] (arm_remote) StderrLine: {'line': b'\x1b[01m\x1b[K/home/ros/arm_ws/src/arm_remote/src/task_server.cpp:32:54:\x1b[m\x1b[K \x1b[01;31m\x1b[Kerror: \x1b[m\x1b[KISO C++ forbids declaration of \xe2\x80\x98\x1b[01m\x1b[Ktype name\x1b[m\x1b[K\xe2\x80\x99 with no type [\x1b[01;31m\x1b[K\x1b]8;;https://gcc.gnu.org/onlinedocs/gcc/Warning-Options.html#index-fpermissive\x07-fpermissive\x1b]8;;\x07\x1b[m\x1b[K]\n'}
[154.020249] (arm_remote) StderrLine: {'line': b'   32 |       std::shared_ptr<const arm_msgs::action::armTask\x1b[01;31m\x1b[K::\x1b[m\x1b[KGoal> goal)\n'}
[154.025239] (arm_remote) StderrLine: {'line': b'      |                                                      \x1b[01;31m\x1b[K^~\x1b[m\x1b[K\n'}
[154.025466] (arm_remote) StderrLine: {'line': b'\x1b[01m\x1b[K/home/ros/arm_ws/src/arm_remote/src/task_server.cpp:32:23:\x1b[m\x1b[K \x1b[01;31m\x1b[Kerror: \x1b[m\x1b[Kexpected primary-expression before \xe2\x80\x98\x1b[01m\x1b[Kconst\x1b[m\x1b[K\xe2\x80\x99\n'}
[154.028385] (arm_remote) StderrLine: {'line': b'   32 |       std::shared_ptr<\x1b[01;31m\x1b[Kconst\x1b[m\x1b[K arm_msgs::action::armTask::Goal> goal)\n'}
[154.030700] (arm_remote) StderrLine: {'line': b'      |                       \x1b[01;31m\x1b[K^~~~~\x1b[m\x1b[K\n'}
[154.031081] (arm_remote) StderrLine: {'line': b'\x1b[01m\x1b[K/home/ros/arm_ws/src/arm_remote/src/task_server.cpp:32:23:\x1b[m\x1b[K \x1b[01;31m\x1b[Kerror: \x1b[m\x1b[Kexpected \xe2\x80\x98\x1b[01m\x1b[K>\x1b[m\x1b[K\xe2\x80\x99 before \xe2\x80\x98\x1b[01m\x1b[Kconst\x1b[m\x1b[K\xe2\x80\x99\n'}
[154.031375] (arm_remote) StderrLine: {'line': b'\x1b[01m\x1b[K/home/ros/arm_ws/src/arm_remote/src/task_server.cpp:32:7:\x1b[m\x1b[K \x1b[01;31m\x1b[Kerror: \x1b[m\x1b[Kclass template placeholder \xe2\x80\x98\x1b[01m\x1b[Kstd::shared_ptr\x1b[m\x1b[K\xe2\x80\x99 not permitted in this context\n'}
[154.035611] (arm_remote) StderrLine: {'line': b'   32 |       \x1b[01;31m\x1b[Kstd\x1b[m\x1b[K::shared_ptr<const arm_msgs::action::armTask::Goal> goal)\n'}
[154.036208] (arm_remote) StderrLine: {'line': b'      |       \x1b[01;31m\x1b[K^~~\x1b[m\x1b[K\n'}
[154.036463] (arm_remote) StderrLine: {'line': b'\x1b[01m\x1b[K/home/ros/arm_ws/src/arm_remote/src/task_server.cpp:40:79:\x1b[m\x1b[K \x1b[01;31m\x1b[Kerror: \x1b[m\x1b[K\xe2\x80\x98\x1b[01m\x1b[KarmTask\x1b[m\x1b[K\xe2\x80\x99 is not a member of \xe2\x80\x98\x1b[01m\x1b[Karm_msgs::action\x1b[m\x1b[K\xe2\x80\x99; did you mean \xe2\x80\x98\x1b[01m\x1b[KArmTask\x1b[m\x1b[K\xe2\x80\x99?\n'}
[154.036776] (arm_remote) StderrLine: {'line': b'   40 |       const std::shared_ptr<rclcpp_action::ServerGoalHandle<arm_msgs::action::\x1b[01;31m\x1b[KarmTask\x1b[m\x1b[K>> goal_handle)\n'}
[154.037207] (arm_remote) StderrLine: {'line': b'      |                                                                               \x1b[01;31m\x1b[K^~~~~~~\x1b[m\x1b[K\n'}
[154.037454] (arm_remote) StderrLine: {'line': b'      |                                                                               \x1b[32m\x1b[KArmTask\x1b[m\x1b[K\n'}
[154.037671] (arm_remote) StderrLine: {'line': b'\x1b[01m\x1b[K/home/ros/arm_ws/src/arm_remote/src/task_server.cpp:40:79:\x1b[m\x1b[K \x1b[01;31m\x1b[Kerror: \x1b[m\x1b[Ktemplate argument 1 is invalid\n'}
[154.044140] (arm_remote) StderrLine: {'line': b'\x1b[01m\x1b[K/home/ros/arm_ws/src/arm_remote/src/task_server.cpp:40:86:\x1b[m\x1b[K \x1b[01;31m\x1b[Kerror: \x1b[m\x1b[Ktemplate argument 1 is invalid\n'}
[154.046206] (arm_remote) StderrLine: {'line': b'   40 |       const std::shared_ptr<rclcpp_action::ServerGoalHandle<arm_msgs::action::armTask\x1b[01;31m\x1b[K>>\x1b[m\x1b[K goal_handle)\n'}
[154.048366] (arm_remote) StderrLine: {'line': b'      |                                                                                      \x1b[01;31m\x1b[K^~\x1b[m\x1b[K\n'}
[154.051080] (arm_remote) StderrLine: {'line': b'\x1b[01m\x1b[K/home/ros/arm_ws/src/arm_remote/src/task_server.cpp:52:79:\x1b[m\x1b[K \x1b[01;31m\x1b[Kerror: \x1b[m\x1b[K\xe2\x80\x98\x1b[01m\x1b[KarmTask\x1b[m\x1b[K\xe2\x80\x99 is not a member of \xe2\x80\x98\x1b[01m\x1b[Karm_msgs::action\x1b[m\x1b[K\xe2\x80\x99; did you mean \xe2\x80\x98\x1b[01m\x1b[KArmTask\x1b[m\x1b[K\xe2\x80\x99?\n'}
[154.054024] (arm_remote) StderrLine: {'line': b'   52 |       const std::shared_ptr<rclcpp_action::ServerGoalHandle<arm_msgs::action::\x1b[01;31m\x1b[KarmTask\x1b[m\x1b[K>> goal_handle)\n'}
[154.055692] (arm_remote) StderrLine: {'line': b'      |                                                                               \x1b[01;31m\x1b[K^~~~~~~\x1b[m\x1b[K\n'}
[154.057484] (arm_remote) StderrLine: {'line': b'      |                                                                               \x1b[32m\x1b[KArmTask\x1b[m\x1b[K\n'}
[154.060151] (-) TimerEvent: {}
[154.061595] (arm_remote) StderrLine: {'line': b'\x1b[01m\x1b[K/home/ros/arm_ws/src/arm_remote/src/task_server.cpp:52:79:\x1b[m\x1b[K \x1b[01;31m\x1b[Kerror: \x1b[m\x1b[Ktemplate argument 1 is invalid\n'}
[154.062312] (arm_remote) StderrLine: {'line': b'\x1b[01m\x1b[K/home/ros/arm_ws/src/arm_remote/src/task_server.cpp:52:86:\x1b[m\x1b[K \x1b[01;31m\x1b[Kerror: \x1b[m\x1b[Ktemplate argument 1 is invalid\n'}
[154.062660] (arm_remote) StderrLine: {'line': b'   52 |       const std::shared_ptr<rclcpp_action::ServerGoalHandle<arm_msgs::action::armTask\x1b[01;31m\x1b[K>>\x1b[m\x1b[K goal_handle)\n'}
[154.067407] (arm_remote) StderrLine: {'line': b'      |                                                                                      \x1b[01;31m\x1b[K^~\x1b[m\x1b[K\n'}
[154.069993] (arm_remote) StderrLine: {'line': b'\x1b[01m\x1b[K/home/ros/arm_ws/src/arm_remote/src/task_server.cpp:58:88:\x1b[m\x1b[K \x1b[01;31m\x1b[Kerror: \x1b[m\x1b[K\xe2\x80\x98\x1b[01m\x1b[KarmTask\x1b[m\x1b[K\xe2\x80\x99 is not a member of \xe2\x80\x98\x1b[01m\x1b[Karm_msgs::action\x1b[m\x1b[K\xe2\x80\x99; did you mean \xe2\x80\x98\x1b[01m\x1b[KArmTask\x1b[m\x1b[K\xe2\x80\x99?\n'}
[154.073077] (arm_remote) StderrLine: {'line': b'   58 |   void execute(const std::shared_ptr<rclcpp_action::ServerGoalHandle<arm_msgs::action::\x1b[01;31m\x1b[KarmTask\x1b[m\x1b[K>> goal_handle)\n'}
[154.073578] (arm_remote) StderrLine: {'line': b'      |                                                                                        \x1b[01;31m\x1b[K^~~~~~~\x1b[m\x1b[K\n'}
[154.073760] (arm_remote) StderrLine: {'line': b'      |                                                                                        \x1b[32m\x1b[KArmTask\x1b[m\x1b[K\n'}
[154.074080] (arm_remote) StderrLine: {'line': b'\x1b[01m\x1b[K/home/ros/arm_ws/src/arm_remote/src/task_server.cpp:58:88:\x1b[m\x1b[K \x1b[01;31m\x1b[Kerror: \x1b[m\x1b[Ktemplate argument 1 is invalid\n'}
[154.074425] (arm_remote) StderrLine: {'line': b'\x1b[01m\x1b[K/home/ros/arm_ws/src/arm_remote/src/task_server.cpp:58:95:\x1b[m\x1b[K \x1b[01;31m\x1b[Kerror: \x1b[m\x1b[Ktemplate argument 1 is invalid\n'}
[154.081087] (arm_remote) StderrLine: {'line': b'   58 |   void execute(const std::shared_ptr<rclcpp_action::ServerGoalHandle<arm_msgs::action::armTask\x1b[01;31m\x1b[K>>\x1b[m\x1b[K goal_handle)\n'}
[154.081623] (arm_remote) StderrLine: {'line': b'      |                                                                                               \x1b[01;31m\x1b[K^~\x1b[m\x1b[K\n'}
[154.097038] (arm_remote) StderrLine: {'line': b'\x1b[01m\x1b[K/home/ros/arm_ws/src/arm_remote/src/task_server.cpp:\x1b[m\x1b[K In constructor \xe2\x80\x98\x1b[01m\x1b[Karm_remote::TaskServer::TaskServer(const rclcpp::NodeOptions&)\x1b[m\x1b[K\xe2\x80\x99:\n'}
[154.099092] (arm_remote) StderrLine: {'line': b'\x1b[01m\x1b[K/home/ros/arm_ws/src/arm_remote/src/task_server.cpp:21:5:\x1b[m\x1b[K \x1b[01;31m\x1b[Kerror: \x1b[m\x1b[K\xe2\x80\x98\x1b[01m\x1b[Kaction_server_\x1b[m\x1b[K\xe2\x80\x99 was not declared in this scope; did you mean \xe2\x80\x98\x1b[01m\x1b[Krcl_action_server_t\x1b[m\x1b[K\xe2\x80\x99?\n'}
[154.099559] (arm_remote) StderrLine: {'line': b'   21 |     \x1b[01;31m\x1b[Kaction_server_\x1b[m\x1b[K = rclcpp_action::create_server<arm_msgs::action::armTask>(\n'}
[154.099780] (arm_remote) StderrLine: {'line': b'      |     \x1b[01;31m\x1b[K^~~~~~~~~~~~~~\x1b[m\x1b[K\n'}
[154.100040] (arm_remote) StderrLine: {'line': b'      |     \x1b[32m\x1b[Krcl_action_server_t\x1b[m\x1b[K\n'}
[154.100229] (arm_remote) StderrLine: {'line': b'\x1b[01m\x1b[K/home/ros/arm_ws/src/arm_remote/src/task_server.cpp:21:69:\x1b[m\x1b[K \x1b[01;31m\x1b[Kerror: \x1b[m\x1b[K\xe2\x80\x98\x1b[01m\x1b[KarmTask\x1b[m\x1b[K\xe2\x80\x99 is not a member of \xe2\x80\x98\x1b[01m\x1b[Karm_msgs::action\x1b[m\x1b[K\xe2\x80\x99; did you mean \xe2\x80\x98\x1b[01m\x1b[KArmTask\x1b[m\x1b[K\xe2\x80\x99?\n'}
[154.100424] (arm_remote) StderrLine: {'line': b'   21 |     action_server_ = rclcpp_action::create_server<arm_msgs::action::\x1b[01;31m\x1b[KarmTask\x1b[m\x1b[K>(\n'}
[154.100707] (arm_remote) StderrLine: {'line': b'      |                                                                     \x1b[01;31m\x1b[K^~~~~~~\x1b[m\x1b[K\n'}
[154.108776] (arm_remote) StderrLine: {'line': b'      |                                                                     \x1b[32m\x1b[KArmTask\x1b[m\x1b[K\n'}
[154.160947] (-) TimerEvent: {}
[154.170426] (arm_remote) StderrLine: {'line': b'\x1b[01m\x1b[K/home/ros/arm_ws/src/arm_remote/src/task_server.cpp:21:77:\x1b[m\x1b[K \x1b[01;31m\x1b[Kerror: \x1b[m\x1b[Kno matching function for call to \xe2\x80\x98\x1b[01m\x1b[Kcreate_server<<expression error> >(arm_remote::TaskServer*, const char [12], std::_Bind_helper<false, rclcpp_action::GoalResponse (arm_remote::TaskServer::*)(...), arm_remote::TaskServer*, const std::_Placeholder<1>&, const std::_Placeholder<2>&>::type, std::_Bind_helper<false, rclcpp_action::CancelResponse (arm_remote::TaskServer::*)(int), arm_remote::TaskServer*, const std::_Placeholder<1>&>::type, std::_Bind_helper<false, void (arm_remote::TaskServer::*)(int), arm_remote::TaskServer*, const std::_Placeholder<1>&>::type)\x1b[m\x1b[K\xe2\x80\x99\n'}
[154.171048] (arm_remote) StderrLine: {'line': b'   21 |     action_server_ = \x1b[01;31m\x1b[Krclcpp_action::create_server<arm_msgs::action::armTask>(\x1b[m\x1b[K\n'}
[154.171358] (arm_remote) StderrLine: {'line': b'      |                      \x1b[01;31m\x1b[K~~~~~~~~~~~~~~~~~~~~~~~~~~~~~~~~~~~~~~~~~~~~~~~~~~~~~~~^\x1b[m\x1b[K\n'}
[154.171585] (arm_remote) StderrLine: {'line': b'   22 | \x1b[01;31m\x1b[K        this, "task_server", std::bind(&TaskServer::goalCallback, this, _1, _2),\x1b[m\x1b[K\n'}
[154.171799] (arm_remote) StderrLine: {'line': b'      |         \x1b[01;31m\x1b[K~~~~~~~~~~~~~~~~~~~~~~~~~~~~~~~~~~~~~~~~~~~~~~~~~~~~~~~~~~~~~~~~~~~~~~~~\x1b[m\x1b[K\n'}
[154.178774] (arm_remote) StderrLine: {'line': b'   23 | \x1b[01;31m\x1b[K        std::bind(&TaskServer::cancelCallback, this, _1),\x1b[m\x1b[K\n'}
[154.179352] (arm_remote) StderrLine: {'line': b'      |         \x1b[01;31m\x1b[K~~~~~~~~~~~~~~~~~~~~~~~~~~~~~~~~~~~~~~~~~~~~~~~~~\x1b[m\x1b[K                    \n'}
[154.179674] (arm_remote) StderrLine: {'line': b'   24 | \x1b[01;31m\x1b[K        std::bind(&TaskServer::acceptedCallback, this, _1))\x1b[m\x1b[K;\n'}
[154.179975] (arm_remote) StderrLine: {'line': b'      |         \x1b[01;31m\x1b[K~~~~~~~~~~~~~~~~~~~~~~~~~~~~~~~~~~~~~~~~~~~~~~~~~~~\x1b[m\x1b[K                  \n'}
[154.180208] (arm_remote) StderrLine: {'line': b'In file included from \x1b[01m\x1b[K/opt/ros/humble/include/rclcpp_action/rclcpp_action/rclcpp_action.hpp:39\x1b[m\x1b[K,\n'}
[154.180412] (arm_remote) StderrLine: {'line': b'                 from \x1b[01m\x1b[K/home/ros/arm_ws/src/arm_remote/src/task_server.cpp:2\x1b[m\x1b[K:\n'}
[154.180612] (arm_remote) StderrLine: {'line': b'\x1b[01m\x1b[K/opt/ros/humble/include/rclcpp_action/rclcpp_action/create_server.hpp:58:1:\x1b[m\x1b[K \x1b[01;36m\x1b[Knote: \x1b[m\x1b[Kcandidate: \xe2\x80\x98\x1b[01m\x1b[Ktemplate<class ActionT> typename rclcpp_action::Server<ActionT>::SharedPtr rclcpp_action::create_server(rclcpp::node_interfaces::NodeBaseInterface::SharedPtr, rclcpp::node_interfaces::NodeClockInterface::SharedPtr, rclcpp::node_interfaces::NodeLoggingInterface::SharedPtr, rclcpp::node_interfaces::NodeWaitablesInterface::SharedPtr, const string&, typename rclcpp_action::Server<ActionT>::GoalCallback, typename rclcpp_action::Server<ActionT>::CancelCallback, typename rclcpp_action::Server<ActionT>::AcceptedCallback, const rcl_action_server_options_t&, rclcpp::CallbackGroup::SharedPtr)\x1b[m\x1b[K\xe2\x80\x99\n'}
[154.191450] (arm_remote) StderrLine: {'line': b'   58 | \x1b[01;36m\x1b[Kcreate_server\x1b[m\x1b[K(\n'}
[154.195466] (arm_remote) StderrLine: {'line': b'      | \x1b[01;36m\x1b[K^~~~~~~~~~~~~\x1b[m\x1b[K\n'}
[154.197129] (arm_remote) StderrLine: {'line': b'\x1b[01m\x1b[K/opt/ros/humble/include/rclcpp_action/rclcpp_action/create_server.hpp:58:1:\x1b[m\x1b[K \x1b[01;36m\x1b[Knote: \x1b[m\x1b[K  template argument deduction/substitution failed:\n'}
[154.197781] (arm_remote) StderrLine: {'line': b'\x1b[01m\x1b[K/home/ros/arm_ws/src/arm_remote/src/task_server.cpp:21:77:\x1b[m\x1b[K \x1b[01;31m\x1b[Kerror: \x1b[m\x1b[Ktemplate argument 1 is invalid\n'}
[154.203904] (arm_remote) StderrLine: {'line': b'   21 |     action_server_ = \x1b[01;31m\x1b[Krclcpp_action::create_server<arm_msgs::action::armTask>(\x1b[m\x1b[K\n'}
[154.205145] (arm_remote) StderrLine: {'line': b'      |                      \x1b[01;31m\x1b[K~~~~~~~~~~~~~~~~~~~~~~~~~~~~~~~~~~~~~~~~~~~~~~~~~~~~~~~^\x1b[m\x1b[K\n'}
[154.205351] (arm_remote) StderrLine: {'line': b'   22 | \x1b[01;31m\x1b[K        this, "task_server", std::bind(&TaskServer::goalCallback, this, _1, _2),\x1b[m\x1b[K\n'}
[154.205481] (arm_remote) StderrLine: {'line': b'      |         \x1b[01;31m\x1b[K~~~~~~~~~~~~~~~~~~~~~~~~~~~~~~~~~~~~~~~~~~~~~~~~~~~~~~~~~~~~~~~~~~~~~~~~\x1b[m\x1b[K\n'}
[154.205614] (arm_remote) StderrLine: {'line': b'   23 | \x1b[01;31m\x1b[K        std::bind(&TaskServer::cancelCallback, this, _1),\x1b[m\x1b[K\n'}
[154.210342] (arm_remote) StderrLine: {'line': b'      |         \x1b[01;31m\x1b[K~~~~~~~~~~~~~~~~~~~~~~~~~~~~~~~~~~~~~~~~~~~~~~~~~\x1b[m\x1b[K                    \n'}
[154.211263] (arm_remote) StderrLine: {'line': b'   24 | \x1b[01;31m\x1b[K        std::bind(&TaskServer::acceptedCallback, this, _1))\x1b[m\x1b[K;\n'}
[154.211683] (arm_remote) StderrLine: {'line': b'      |         \x1b[01;31m\x1b[K~~~~~~~~~~~~~~~~~~~~~~~~~~~~~~~~~~~~~~~~~~~~~~~~~~~\x1b[m\x1b[K                  \n'}
[154.218698] (arm_remote) StderrLine: {'line': b'In file included from \x1b[01m\x1b[K/opt/ros/humble/include/rclcpp_action/rclcpp_action/rclcpp_action.hpp:39\x1b[m\x1b[K,\n'}
[154.220587] (arm_remote) StderrLine: {'line': b'                 from \x1b[01m\x1b[K/home/ros/arm_ws/src/arm_remote/src/task_server.cpp:2\x1b[m\x1b[K:\n'}
[154.221148] (arm_remote) StderrLine: {'line': b'\x1b[01m\x1b[K/opt/ros/humble/include/rclcpp_action/rclcpp_action/create_server.hpp:132:1:\x1b[m\x1b[K \x1b[01;36m\x1b[Knote: \x1b[m\x1b[Kcandidate: \xe2\x80\x98\x1b[01m\x1b[Ktemplate<class ActionT, class NodeT> typename rclcpp_action::Server<ActionT>::SharedPtr rclcpp_action::create_server(NodeT, const string&, typename rclcpp_action::Server<ActionT>::GoalCallback, typename rclcpp_action::Server<ActionT>::CancelCallback, typename rclcpp_action::Server<ActionT>::AcceptedCallback, const rcl_action_server_options_t&, rclcpp::CallbackGroup::SharedPtr)\x1b[m\x1b[K\xe2\x80\x99\n'}
[154.221420] (arm_remote) StderrLine: {'line': b'  132 | \x1b[01;36m\x1b[Kcreate_server\x1b[m\x1b[K(\n'}
[154.221561] (arm_remote) StderrLine: {'line': b'      | \x1b[01;36m\x1b[K^~~~~~~~~~~~~\x1b[m\x1b[K\n'}
[154.221705] (arm_remote) StderrLine: {'line': b'\x1b[01m\x1b[K/opt/ros/humble/include/rclcpp_action/rclcpp_action/create_server.hpp:132:1:\x1b[m\x1b[K \x1b[01;36m\x1b[Knote: \x1b[m\x1b[K  template argument deduction/substitution failed:\n'}
[154.224953] (arm_remote) StderrLine: {'line': b'\x1b[01m\x1b[K/home/ros/arm_ws/src/arm_remote/src/task_server.cpp:21:77:\x1b[m\x1b[K \x1b[01;31m\x1b[Kerror: \x1b[m\x1b[Ktemplate argument 1 is invalid\n'}
[154.228375] (arm_remote) StderrLine: {'line': b'   21 |     action_server_ = \x1b[01;31m\x1b[Krclcpp_action::create_server<arm_msgs::action::armTask>(\x1b[m\x1b[K\n'}
[154.228634] (arm_remote) StderrLine: {'line': b'      |                      \x1b[01;31m\x1b[K~~~~~~~~~~~~~~~~~~~~~~~~~~~~~~~~~~~~~~~~~~~~~~~~~~~~~~~^\x1b[m\x1b[K\n'}
[154.231001] (arm_remote) StderrLine: {'line': b'   22 | \x1b[01;31m\x1b[K        this, "task_server", std::bind(&TaskServer::goalCallback, this, _1, _2),\x1b[m\x1b[K\n'}
[154.231330] (arm_remote) StderrLine: {'line': b'      |         \x1b[01;31m\x1b[K~~~~~~~~~~~~~~~~~~~~~~~~~~~~~~~~~~~~~~~~~~~~~~~~~~~~~~~~~~~~~~~~~~~~~~~~\x1b[m\x1b[K\n'}
[154.231454] (arm_remote) StderrLine: {'line': b'   23 | \x1b[01;31m\x1b[K        std::bind(&TaskServer::cancelCallback, this, _1),\x1b[m\x1b[K\n'}
[154.231556] (arm_remote) StderrLine: {'line': b'      |         \x1b[01;31m\x1b[K~~~~~~~~~~~~~~~~~~~~~~~~~~~~~~~~~~~~~~~~~~~~~~~~~\x1b[m\x1b[K                    \n'}
[154.231654] (arm_remote) StderrLine: {'line': b'   24 | \x1b[01;31m\x1b[K        std::bind(&TaskServer::acceptedCallback, this, _1))\x1b[m\x1b[K;\n'}
[154.231775] (arm_remote) StderrLine: {'line': b'      |         \x1b[01;31m\x1b[K~~~~~~~~~~~~~~~~~~~~~~~~~~~~~~~~~~~~~~~~~~~~~~~~~~~\x1b[m\x1b[K                  \n'}
[154.231912] (arm_remote) StderrLine: {'line': b'In file included from \x1b[01m\x1b[K/opt/ros/humble/include/rclcpp/rclcpp/logging.hpp:24\x1b[m\x1b[K,\n'}
[154.232012] (arm_remote) StderrLine: {'line': b'                 from \x1b[01m\x1b[K/opt/ros/humble/include/rclcpp/rclcpp/client.hpp:40\x1b[m\x1b[K,\n'}
[154.232106] (arm_remote) StderrLine: {'line': b'                 from \x1b[01m\x1b[K/opt/ros/humble/include/rclcpp/rclcpp/callback_group.hpp:24\x1b[m\x1b[K,\n'}
[154.232275] (arm_remote) StderrLine: {'line': b'                 from \x1b[01m\x1b[K/opt/ros/humble/include/rclcpp/rclcpp/any_executable.hpp:20\x1b[m\x1b[K,\n'}
[154.232444] (arm_remote) StderrLine: {'line': b'                 from \x1b[01m\x1b[K/opt/ros/humble/include/rclcpp/rclcpp/memory_strategy.hpp:25\x1b[m\x1b[K,\n'}
[154.232693] (arm_remote) StderrLine: {'line': b'                 from \x1b[01m\x1b[K/opt/ros/humble/include/rclcpp/rclcpp/memory_strategies.hpp:18\x1b[m\x1b[K,\n'}
[154.239171] (arm_remote) StderrLine: {'line': b'                 from \x1b[01m\x1b[K/opt/ros/humble/include/rclcpp/rclcpp/executor_options.hpp:20\x1b[m\x1b[K,\n'}
[154.239450] (arm_remote) StderrLine: {'line': b'                 from \x1b[01m\x1b[K/opt/ros/humble/include/rclcpp/rclcpp/executor.hpp:37\x1b[m\x1b[K,\n'}
[154.239664] (arm_remote) StderrLine: {'line': b'                 from \x1b[01m\x1b[K/opt/ros/humble/include/rclcpp/rclcpp/executors/multi_threaded_executor.hpp:25\x1b[m\x1b[K,\n'}
[154.239931] (arm_remote) StderrLine: {'line': b'                 from \x1b[01m\x1b[K/opt/ros/humble/include/rclcpp/rclcpp/executors.hpp:21\x1b[m\x1b[K,\n'}
[154.240176] (arm_remote) StderrLine: {'line': b'                 from \x1b[01m\x1b[K/opt/ros/humble/include/rclcpp/rclcpp/rclcpp.hpp:155\x1b[m\x1b[K,\n'}
[154.240379] (arm_remote) StderrLine: {'line': b'                 from \x1b[01m\x1b[K/home/ros/arm_ws/src/arm_remote/src/task_server.cpp:1\x1b[m\x1b[K:\n'}
[154.240592] (arm_remote) StderrLine: {'line': b'\x1b[01m\x1b[K/home/ros/arm_ws/src/arm_remote/src/task_server.cpp:\x1b[m\x1b[K In member function \xe2\x80\x98\x1b[01m\x1b[Krclcpp_action::GoalResponse arm_remote::TaskServer::goalCallback(...)\x1b[m\x1b[K\xe2\x80\x99:\n'}
[154.246924] (arm_remote) StderrLine: {'line': b'\x1b[01m\x1b[K/home/ros/arm_ws/src/arm_remote/src/task_server.cpp:34:67:\x1b[m\x1b[K \x1b[01;31m\x1b[Kerror: \x1b[m\x1b[K\xe2\x80\x98\x1b[01m\x1b[Kgoal\x1b[m\x1b[K\xe2\x80\x99 was not declared in this scope\n'}
[154.247399] (arm_remote) StderrLine: {'line': b'   34 |     RCLCPP_INFO(get_logger(), "Received goal request with id %d", \x1b[01;31m\x1b[Kgoal\x1b[m\x1b[K->task_number);\n'}
[154.247618] (arm_remote) StderrLine: {'line': b'      |                                                                   \x1b[01;31m\x1b[K^~~~\x1b[m\x1b[K\n'}
[154.247878] (arm_remote) StderrLine: {'line': b'\x1b[01m\x1b[K/home/ros/arm_ws/src/arm_remote/src/task_server.cpp:\x1b[m\x1b[K In member function \xe2\x80\x98\x1b[01m\x1b[Kvoid arm_remote::TaskServer::execute(int)\x1b[m\x1b[K\xe2\x80\x99:\n'}
[154.248109] (arm_remote) StderrLine: {'line': b'\x1b[01m\x1b[K/home/ros/arm_ws/src/arm_remote/src/task_server.cpp:61:54:\x1b[m\x1b[K \x1b[01;31m\x1b[Kerror: \x1b[m\x1b[K\xe2\x80\x98\x1b[01m\x1b[KarmTask\x1b[m\x1b[K\xe2\x80\x99 is not a member of \xe2\x80\x98\x1b[01m\x1b[Karm_msgs::action\x1b[m\x1b[K\xe2\x80\x99; did you mean \xe2\x80\x98\x1b[01m\x1b[KArmTask\x1b[m\x1b[K\xe2\x80\x99?\n'}
[154.248347] (arm_remote) StderrLine: {'line': b'   61 |     auto result = std::make_shared<arm_msgs::action::\x1b[01;31m\x1b[KarmTask\x1b[m\x1b[K::Result>();\n'}
[154.248556] (arm_remote) StderrLine: {'line': b'      |                                                      \x1b[01;31m\x1b[K^~~~~~~\x1b[m\x1b[K\n'}
[154.248764] (arm_remote) StderrLine: {'line': b'      |                                                      \x1b[32m\x1b[KArmTask\x1b[m\x1b[K\n'}
[154.253294] (arm_remote) StderrLine: {'line': b'\x1b[01m\x1b[K/home/ros/arm_ws/src/arm_remote/src/task_server.cpp:61:24:\x1b[m\x1b[K \x1b[01;31m\x1b[Kerror: \x1b[m\x1b[Kparse error in template argument list\n'}
[154.253575] (arm_remote) StderrLine: {'line': b'   61 |     auto result = std::\x1b[01;31m\x1b[Kmake_shared<arm_msgs::action::armTask::Result>\x1b[m\x1b[K();\n'}
[154.253792] (arm_remote) StderrLine: {'line': b'      |                        \x1b[01;31m\x1b[K^~~~~~~~~~~~~~~~~~~~~~~~~~~~~~~~~~~~~~~~~~~~~~\x1b[m\x1b[K\n'}
[154.254024] (arm_remote) StderrLine: {'line': b'\x1b[01m\x1b[K/home/ros/arm_ws/src/arm_remote/src/task_server.cpp:61:70:\x1b[m\x1b[K \x1b[01;31m\x1b[Kerror: \x1b[m\x1b[Kno matching function for call to \xe2\x80\x98\x1b[01m\x1b[Kmake_shared<<expression error> >()\x1b[m\x1b[K\xe2\x80\x99\n'}
[154.254194] (arm_remote) StderrLine: {'line': b'   61 |     auto result = \x1b[01;31m\x1b[Kstd::make_shared<arm_msgs::action::armTask::Result>()\x1b[m\x1b[K;\n'}
[154.254383] (arm_remote) StderrLine: {'line': b'      |                   \x1b[01;31m\x1b[K~~~~~~~~~~~~~~~~~~~~~~~~~~~~~~~~~~~~~~~~~~~~~~~~~~~^~\x1b[m\x1b[K\n'}
[154.254553] (arm_remote) StderrLine: {'line': b'In file included from \x1b[01m\x1b[K/usr/include/c++/11/memory:77\x1b[m\x1b[K,\n'}
[154.254709] (arm_remote) StderrLine: {'line': b'                 from \x1b[01m\x1b[K/opt/ros/humble/include/rclcpp/rclcpp/rclcpp.hpp:153\x1b[m\x1b[K,\n'}
[154.261082] (-) TimerEvent: {}
[154.263964] (arm_remote) StderrLine: {'line': b'                 from \x1b[01m\x1b[K/home/ros/arm_ws/src/arm_remote/src/task_server.cpp:1\x1b[m\x1b[K:\n'}
[154.264311] (arm_remote) StderrLine: {'line': b'\x1b[01m\x1b[K/usr/include/c++/11/bits/shared_ptr.h:875:5:\x1b[m\x1b[K \x1b[01;36m\x1b[Knote: \x1b[m\x1b[Kcandidate: \xe2\x80\x98\x1b[01m\x1b[Ktemplate<class _Tp, class ... _Args> std::shared_ptr<_Tp> std::make_shared(_Args&& ...)\x1b[m\x1b[K\xe2\x80\x99\n'}
[154.264566] (arm_remote) StderrLine: {'line': b'  875 |     \x1b[01;36m\x1b[Kmake_shared\x1b[m\x1b[K(_Args&&... __args)\n'}
[154.264785] (arm_remote) StderrLine: {'line': b'      |     \x1b[01;36m\x1b[K^~~~~~~~~~~\x1b[m\x1b[K\n'}
[154.267214] (arm_remote) StderrLine: {'line': b'\x1b[01m\x1b[K/usr/include/c++/11/bits/shared_ptr.h:875:5:\x1b[m\x1b[K \x1b[01;36m\x1b[Knote: \x1b[m\x1b[K  template argument deduction/substitution failed:\n'}
[154.267533] (arm_remote) StderrLine: {'line': b'\x1b[01m\x1b[K/home/ros/arm_ws/src/arm_remote/src/task_server.cpp:61:70:\x1b[m\x1b[K \x1b[01;31m\x1b[Kerror: \x1b[m\x1b[Ktemplate argument 1 is invalid\n'}
[154.267750] (arm_remote) StderrLine: {'line': b'   61 |     auto result = \x1b[01;31m\x1b[Kstd::make_shared<arm_msgs::action::armTask::Result>()\x1b[m\x1b[K;\n'}
[154.268013] (arm_remote) StderrLine: {'line': b'      |                   \x1b[01;31m\x1b[K~~~~~~~~~~~~~~~~~~~~~~~~~~~~~~~~~~~~~~~~~~~~~~~~~~~^~\x1b[m\x1b[K\n'}
[154.268188] (arm_remote) StderrLine: {'line': b'\x1b[01m\x1b[K/home/ros/arm_ws/src/arm_remote/src/task_server.cpp:70:20:\x1b[m\x1b[K \x1b[01;31m\x1b[Kerror: \x1b[m\x1b[Kbase operand of \xe2\x80\x98\x1b[01m\x1b[K->\x1b[m\x1b[K\xe2\x80\x99 is not a pointer\n'}
[154.268352] (arm_remote) StderrLine: {'line': b'   70 |     if (goal_handle\x1b[01;31m\x1b[K->\x1b[m\x1b[Kget_goal()->task_number == 0)\n'}
[154.268554] (arm_remote) StderrLine: {'line': b'      |                    \x1b[01;31m\x1b[K^~\x1b[m\x1b[K\n'}
[154.268715] (arm_remote) StderrLine: {'line': b'\x1b[01m\x1b[K/home/ros/arm_ws/src/arm_remote/src/task_server.cpp:75:25:\x1b[m\x1b[K \x1b[01;31m\x1b[Kerror: \x1b[m\x1b[Kbase operand of \xe2\x80\x98\x1b[01m\x1b[K->\x1b[m\x1b[K\xe2\x80\x99 is not a pointer\n'}
[154.275136] (arm_remote) StderrLine: {'line': b'   75 |     else if (goal_handle\x1b[01;31m\x1b[K->\x1b[m\x1b[Kget_goal()->task_number == 1)\n'}
[154.275432] (arm_remote) StderrLine: {'line': b'      |                         \x1b[01;31m\x1b[K^~\x1b[m\x1b[K\n'}
[154.275652] (arm_remote) StderrLine: {'line': b'\x1b[01m\x1b[K/home/ros/arm_ws/src/arm_remote/src/task_server.cpp:80:25:\x1b[m\x1b[K \x1b[01;31m\x1b[Kerror: \x1b[m\x1b[Kbase operand of \xe2\x80\x98\x1b[01m\x1b[K->\x1b[m\x1b[K\xe2\x80\x99 is not a pointer\n'}
[154.275965] (arm_remote) StderrLine: {'line': b'   80 |     else if (goal_handle\x1b[01;31m\x1b[K->\x1b[m\x1b[Kget_goal()->task_number == 2)\n'}
[154.276170] (arm_remote) StderrLine: {'line': b'      |                         \x1b[01;31m\x1b[K^~\x1b[m\x1b[K\n'}
[154.276335] (arm_remote) StderrLine: {'line': b'\x1b[01m\x1b[K/home/ros/arm_ws/src/arm_remote/src/task_server.cpp:118:16:\x1b[m\x1b[K \x1b[01;31m\x1b[Kerror: \x1b[m\x1b[Kbase operand of \xe2\x80\x98\x1b[01m\x1b[K->\x1b[m\x1b[K\xe2\x80\x99 is not a pointer\n'}
[154.276590] (arm_remote) StderrLine: {'line': b'  118 |     goal_handle\x1b[01;31m\x1b[K->\x1b[m\x1b[Ksucceed(result);\n'}
[154.276754] (arm_remote) StderrLine: {'line': b'      |                \x1b[01;31m\x1b[K^~\x1b[m\x1b[K\n'}
[154.361893] (-) TimerEvent: {}
[154.464926] (-) TimerEvent: {}
[154.566124] (-) TimerEvent: {}
[154.667192] (-) TimerEvent: {}
[154.768272] (-) TimerEvent: {}
[154.870592] (-) TimerEvent: {}
[154.974322] (-) TimerEvent: {}
[155.075611] (-) TimerEvent: {}
[155.177095] (-) TimerEvent: {}
[155.278210] (-) TimerEvent: {}
[155.379018] (-) TimerEvent: {}
[155.481414] (-) TimerEvent: {}
[155.582500] (-) TimerEvent: {}
[155.683728] (-) TimerEvent: {}
[155.786670] (-) TimerEvent: {}
[155.887515] (-) TimerEvent: {}
[155.988358] (-) TimerEvent: {}
[156.091221] (-) TimerEvent: {}
[156.192080] (-) TimerEvent: {}
[156.294924] (-) TimerEvent: {}
[156.396113] (-) TimerEvent: {}
[156.496842] (-) TimerEvent: {}
[156.597511] (-) TimerEvent: {}
[156.699548] (-) TimerEvent: {}
[156.802122] (-) TimerEvent: {}
[156.902907] (-) TimerEvent: {}
[157.003508] (-) TimerEvent: {}
[157.104201] (-) TimerEvent: {}
[157.206387] (-) TimerEvent: {}
[157.307576] (-) TimerEvent: {}
[157.410401] (-) TimerEvent: {}
[157.511485] (-) TimerEvent: {}
[157.613521] (-) TimerEvent: {}
[157.716708] (-) TimerEvent: {}
[157.817678] (-) TimerEvent: {}
[157.918508] (-) TimerEvent: {}
[158.021238] (-) TimerEvent: {}
[158.122277] (-) TimerEvent: {}
[158.223274] (-) TimerEvent: {}
[158.325209] (-) TimerEvent: {}
[158.427194] (-) TimerEvent: {}
[158.527942] (-) TimerEvent: {}
[158.630195] (-) TimerEvent: {}
[158.731041] (-) TimerEvent: {}
[158.833299] (-) TimerEvent: {}
[158.934065] (-) TimerEvent: {}
[159.035385] (-) TimerEvent: {}
[159.137531] (-) TimerEvent: {}
[159.155392] (arm_cpp_examples) StdoutLine: {'line': b'[ 36%] \x1b[32m\x1b[1mLinking CXX executable simple_service_server\x1b[0m\n'}
[159.237677] (-) TimerEvent: {}
[159.340424] (-) TimerEvent: {}
[159.441489] (-) TimerEvent: {}
[159.542901] (-) TimerEvent: {}
[159.644921] (-) TimerEvent: {}
[159.745779] (-) TimerEvent: {}
[159.803848] (arm_cpp_examples) StdoutLine: {'line': b'[ 36%] Built target simple_service_server\n'}
[159.852284] (-) TimerEvent: {}
[159.912406] (arm_cpp_examples) StdoutLine: {'line': b'[ 40%] \x1b[32mBuilding CXX object CMakeFiles/simple_service_client.dir/src/simple_service_client.cpp.o\x1b[0m\n'}
[159.952634] (-) TimerEvent: {}
[160.056211] (-) TimerEvent: {}
[160.158669] (-) TimerEvent: {}
[160.260189] (-) TimerEvent: {}
[160.362232] (-) TimerEvent: {}
[160.463089] (-) TimerEvent: {}
[160.565941] (-) TimerEvent: {}
[160.667184] (-) TimerEvent: {}
[160.769936] (-) TimerEvent: {}
[160.873567] (-) TimerEvent: {}
[160.976938] (-) TimerEvent: {}
[161.078123] (-) TimerEvent: {}
[161.182133] (-) TimerEvent: {}
[161.284743] (-) TimerEvent: {}
[161.390687] (-) TimerEvent: {}
[161.494361] (-) TimerEvent: {}
[161.596002] (-) TimerEvent: {}
[161.699083] (-) TimerEvent: {}
[161.800372] (-) TimerEvent: {}
[161.902167] (-) TimerEvent: {}
[162.003573] (-) TimerEvent: {}
[162.106939] (-) TimerEvent: {}
[162.209658] (-) TimerEvent: {}
[162.310475] (-) TimerEvent: {}
[162.412280] (-) TimerEvent: {}
[162.514320] (-) TimerEvent: {}
[162.618108] (-) TimerEvent: {}
[162.719148] (-) TimerEvent: {}
[162.820129] (-) TimerEvent: {}
[162.923296] (-) TimerEvent: {}
[163.024479] (-) TimerEvent: {}
[163.125349] (-) TimerEvent: {}
[163.227344] (-) TimerEvent: {}
[163.331946] (-) TimerEvent: {}
[163.433200] (-) TimerEvent: {}
[163.534060] (-) TimerEvent: {}
[163.635151] (-) TimerEvent: {}
[163.736041] (-) TimerEvent: {}
[163.838699] (-) TimerEvent: {}
[163.939606] (-) TimerEvent: {}
[164.043159] (-) TimerEvent: {}
[164.144191] (-) TimerEvent: {}
[164.245198] (-) TimerEvent: {}
[164.346319] (-) TimerEvent: {}
[164.352463] (arm_remote) StderrLine: {'line': b'gmake[2]: *** [CMakeFiles/task_server.dir/build.make:76: CMakeFiles/task_server.dir/src/task_server.cpp.o] Error 1\n'}
[164.353293] (arm_remote) StderrLine: {'line': b'gmake[1]: *** [CMakeFiles/Makefile2:142: CMakeFiles/task_server.dir/all] Error 2\n'}
[164.354443] (arm_remote) StderrLine: {'line': b'gmake: *** [Makefile:146: all] Error 2\n'}
[164.359341] (arm_remote) CommandEnded: {'returncode': 2}
[164.446486] (-) TimerEvent: {}
[164.548962] (-) TimerEvent: {}
[164.649772] (-) TimerEvent: {}
[164.754697] (-) TimerEvent: {}
[164.762335] (arm_remote) JobEnded: {'identifier': 'arm_remote', 'rc': 2}
[164.856635] (-) TimerEvent: {}
[164.961381] (-) TimerEvent: {}
[165.063375] (-) TimerEvent: {}
[165.165917] (-) TimerEvent: {}
[165.267947] (-) TimerEvent: {}
[165.369012] (-) TimerEvent: {}
[165.471318] (-) TimerEvent: {}
[165.572441] (-) TimerEvent: {}
[165.674907] (-) TimerEvent: {}
[165.775583] (-) TimerEvent: {}
[165.877023] (-) TimerEvent: {}
[165.978327] (-) TimerEvent: {}
[166.080086] (-) TimerEvent: {}
[166.182132] (-) TimerEvent: {}
[166.284583] (-) TimerEvent: {}
[166.387879] (-) TimerEvent: {}
[166.490430] (-) TimerEvent: {}
[166.591389] (-) TimerEvent: {}
[166.693357] (-) TimerEvent: {}
[166.794585] (-) TimerEvent: {}
[166.895767] (-) TimerEvent: {}
[166.998009] (-) TimerEvent: {}
[167.098681] (-) TimerEvent: {}
[167.199333] (-) TimerEvent: {}
[167.300351] (-) TimerEvent: {}
[167.402564] (-) TimerEvent: {}
[167.504910] (-) TimerEvent: {}
[167.607076] (-) TimerEvent: {}
[167.707777] (-) TimerEvent: {}
[167.810684] (-) TimerEvent: {}
[167.911420] (-) TimerEvent: {}
[168.011942] (-) TimerEvent: {}
[168.112999] (-) TimerEvent: {}
[168.213971] (-) TimerEvent: {}
[168.314978] (-) TimerEvent: {}
[168.415639] (-) TimerEvent: {}
[168.516965] (-) TimerEvent: {}
[168.619366] (-) TimerEvent: {}
[168.721984] (-) TimerEvent: {}
[168.824366] (-) TimerEvent: {}
[168.925466] (-) TimerEvent: {}
[169.026930] (-) TimerEvent: {}
[169.127513] (-) TimerEvent: {}
[169.228935] (-) TimerEvent: {}
[169.330246] (-) TimerEvent: {}
[169.432590] (-) TimerEvent: {}
[169.533275] (-) TimerEvent: {}
[169.634401] (-) TimerEvent: {}
[169.736186] (-) TimerEvent: {}
[169.838065] (-) TimerEvent: {}
[169.939646] (-) TimerEvent: {}
[170.040479] (-) TimerEvent: {}
[170.141799] (-) TimerEvent: {}
[170.243412] (-) TimerEvent: {}
[170.344040] (-) TimerEvent: {}
[170.445003] (-) TimerEvent: {}
[170.545558] (-) TimerEvent: {}
[170.646271] (-) TimerEvent: {}
[170.746876] (-) TimerEvent: {}
[170.847964] (-) TimerEvent: {}
[170.948563] (-) TimerEvent: {}
[171.049253] (-) TimerEvent: {}
[171.149965] (-) TimerEvent: {}
[171.250595] (-) TimerEvent: {}
[171.351374] (-) TimerEvent: {}
[171.451994] (-) TimerEvent: {}
[171.552690] (-) TimerEvent: {}
[171.653421] (-) TimerEvent: {}
[171.755041] (-) TimerEvent: {}
[171.856415] (-) TimerEvent: {}
[171.957398] (-) TimerEvent: {}
[172.058191] (-) TimerEvent: {}
[172.158775] (-) TimerEvent: {}
[172.259473] (-) TimerEvent: {}
[172.360726] (-) TimerEvent: {}
[172.461399] (-) TimerEvent: {}
[172.562021] (-) TimerEvent: {}
[172.662675] (-) TimerEvent: {}
[172.706335] (arm_cpp_examples) StdoutLine: {'line': b'[ 45%] \x1b[32m\x1b[1mLinking CXX executable simple_service_client\x1b[0m\n'}
[172.763180] (-) TimerEvent: {}
[172.867106] (-) TimerEvent: {}
[172.967894] (-) TimerEvent: {}
[173.072169] (-) TimerEvent: {}
[173.174388] (-) TimerEvent: {}
[173.275635] (-) TimerEvent: {}
[173.305036] (arm_cpp_examples) StdoutLine: {'line': b'[ 45%] Built target simple_service_client\n'}
[173.375963] (-) TimerEvent: {}
[173.406930] (arm_cpp_examples) StdoutLine: {'line': b'[ 50%] \x1b[32mBuilding CXX object CMakeFiles/simple_action_server.dir/src/simple_action_server.cpp.o\x1b[0m\n'}
[173.476989] (-) TimerEvent: {}
[173.577918] (-) TimerEvent: {}
[173.680597] (-) TimerEvent: {}
[173.786608] (-) TimerEvent: {}
[173.887292] (-) TimerEvent: {}
[173.988382] (-) TimerEvent: {}
[174.090027] (-) TimerEvent: {}
[174.192436] (-) TimerEvent: {}
[174.293998] (-) TimerEvent: {}
[174.396227] (-) TimerEvent: {}
[174.497954] (-) TimerEvent: {}
[174.599225] (-) TimerEvent: {}
[174.702956] (-) TimerEvent: {}
[174.806129] (-) TimerEvent: {}
[174.910055] (-) TimerEvent: {}
[175.012342] (-) TimerEvent: {}
[175.114964] (-) TimerEvent: {}
[175.216477] (-) TimerEvent: {}
[175.317218] (-) TimerEvent: {}
[175.418528] (-) TimerEvent: {}
[175.519555] (-) TimerEvent: {}
[175.620572] (-) TimerEvent: {}
[175.721355] (-) TimerEvent: {}
[175.821991] (-) TimerEvent: {}
[175.923197] (-) TimerEvent: {}
[176.024327] (-) TimerEvent: {}
[176.125923] (-) TimerEvent: {}
[176.226566] (-) TimerEvent: {}
[176.327278] (-) TimerEvent: {}
[176.427971] (-) TimerEvent: {}
[176.528704] (-) TimerEvent: {}
[176.629381] (-) TimerEvent: {}
[176.730034] (-) TimerEvent: {}
[176.831792] (-) TimerEvent: {}
[176.932714] (-) TimerEvent: {}
[177.033396] (-) TimerEvent: {}
[177.134057] (-) TimerEvent: {}
[177.234812] (-) TimerEvent: {}
[177.335961] (-) TimerEvent: {}
[177.436588] (-) TimerEvent: {}
[177.537238] (-) TimerEvent: {}
[177.638058] (-) TimerEvent: {}
[177.738832] (-) TimerEvent: {}
[177.839484] (-) TimerEvent: {}
[177.940118] (-) TimerEvent: {}
[178.040656] (-) TimerEvent: {}
[178.141416] (-) TimerEvent: {}
[178.242200] (-) TimerEvent: {}
[178.343395] (-) TimerEvent: {}
[178.444472] (-) TimerEvent: {}
[178.545213] (-) TimerEvent: {}
[178.645935] (-) TimerEvent: {}
[178.747337] (-) TimerEvent: {}
[178.847926] (-) TimerEvent: {}
[178.948583] (-) TimerEvent: {}
[179.049547] (-) TimerEvent: {}
[179.150215] (-) TimerEvent: {}
[179.251436] (-) TimerEvent: {}
[179.353025] (-) TimerEvent: {}
[179.453607] (-) TimerEvent: {}
[179.554197] (-) TimerEvent: {}
[179.654894] (-) TimerEvent: {}
[179.755556] (-) TimerEvent: {}
[179.857976] (-) TimerEvent: {}
[179.959659] (-) TimerEvent: {}
[180.060969] (-) TimerEvent: {}
[180.162079] (-) TimerEvent: {}
[180.262621] (-) TimerEvent: {}
[180.363454] (-) TimerEvent: {}
[180.464143] (-) TimerEvent: {}
[180.566924] (-) TimerEvent: {}
[180.667441] (-) TimerEvent: {}
[180.768406] (-) TimerEvent: {}
[180.871939] (-) TimerEvent: {}
[180.972499] (-) TimerEvent: {}
[181.075172] (-) TimerEvent: {}
[181.175736] (-) TimerEvent: {}
[181.277870] (-) TimerEvent: {}
[181.379027] (-) TimerEvent: {}
[181.479724] (-) TimerEvent: {}
[181.580389] (-) TimerEvent: {}
[181.681028] (-) TimerEvent: {}
[181.781686] (-) TimerEvent: {}
[181.882655] (-) TimerEvent: {}
[181.984152] (-) TimerEvent: {}
[182.085974] (-) TimerEvent: {}
[182.187533] (-) TimerEvent: {}
[182.288982] (-) TimerEvent: {}
[182.389637] (-) TimerEvent: {}
[182.490505] (-) TimerEvent: {}
[182.591245] (-) TimerEvent: {}
[182.691936] (-) TimerEvent: {}
[182.792509] (-) TimerEvent: {}
[182.893963] (-) TimerEvent: {}
[182.994547] (-) TimerEvent: {}
[183.095774] (-) TimerEvent: {}
[183.196676] (-) TimerEvent: {}
[183.297635] (-) TimerEvent: {}
[183.398678] (-) TimerEvent: {}
[183.499480] (-) TimerEvent: {}
[183.600223] (-) TimerEvent: {}
[183.700944] (-) TimerEvent: {}
[183.801627] (-) TimerEvent: {}
[183.902233] (-) TimerEvent: {}
[184.002985] (-) TimerEvent: {}
[184.103577] (-) TimerEvent: {}
[184.204223] (-) TimerEvent: {}
[184.305213] (-) TimerEvent: {}
[184.405943] (-) TimerEvent: {}
[184.507131] (-) TimerEvent: {}
[184.608401] (-) TimerEvent: {}
[184.709016] (-) TimerEvent: {}
[184.810264] (-) TimerEvent: {}
[184.911008] (-) TimerEvent: {}
[185.012312] (-) TimerEvent: {}
[185.113014] (-) TimerEvent: {}
[185.214343] (-) TimerEvent: {}
[185.315520] (-) TimerEvent: {}
[185.416305] (-) TimerEvent: {}
[185.517196] (-) TimerEvent: {}
[185.617921] (-) TimerEvent: {}
[185.718535] (-) TimerEvent: {}
[185.819312] (-) TimerEvent: {}
[185.920308] (-) TimerEvent: {}
[186.021049] (-) TimerEvent: {}
[186.122632] (-) TimerEvent: {}
[186.223646] (-) TimerEvent: {}
[186.324518] (-) TimerEvent: {}
[186.426045] (-) TimerEvent: {}
[186.527392] (-) TimerEvent: {}
[186.628021] (-) TimerEvent: {}
[186.730019] (-) TimerEvent: {}
[186.830953] (-) TimerEvent: {}
[186.931734] (-) TimerEvent: {}
[187.024199] (arm_cpp_examples) StdoutLine: {'line': b'[ 54%] \x1b[32m\x1b[1mLinking CXX shared library libsimple_action_server.so\x1b[0m\n'}
[187.032013] (-) TimerEvent: {}
[187.133267] (-) TimerEvent: {}
[187.234145] (-) TimerEvent: {}
[187.336028] (-) TimerEvent: {}
[187.438525] (-) TimerEvent: {}
[187.539932] (-) TimerEvent: {}
[187.641718] (-) TimerEvent: {}
[187.646337] (arm_cpp_examples) StdoutLine: {'line': b'[ 54%] Built target simple_action_server\n'}
[187.737206] (arm_cpp_examples) StdoutLine: {'line': b'[ 59%] \x1b[32mBuilding CXX object CMakeFiles/simple_action_server_node.dir/rclcpp_components/node_main_simple_action_server_node.cpp.o\x1b[0m\n'}
[187.742951] (-) TimerEvent: {}
[187.843526] (-) TimerEvent: {}
[187.944770] (-) TimerEvent: {}
[188.047935] (-) TimerEvent: {}
[188.149346] (-) TimerEvent: {}
[188.251940] (-) TimerEvent: {}
[188.357481] (-) TimerEvent: {}
[188.458548] (-) TimerEvent: {}
[188.559710] (-) TimerEvent: {}
[188.661264] (-) TimerEvent: {}
[188.764307] (-) TimerEvent: {}
[188.866217] (-) TimerEvent: {}
[188.968143] (-) TimerEvent: {}
[189.069137] (-) TimerEvent: {}
[189.171463] (-) TimerEvent: {}
[189.273936] (-) TimerEvent: {}
[189.374790] (-) TimerEvent: {}
[189.475604] (-) TimerEvent: {}
[189.576387] (-) TimerEvent: {}
[189.678491] (-) TimerEvent: {}
[189.779570] (-) TimerEvent: {}
[189.882189] (-) TimerEvent: {}
[189.982686] (-) TimerEvent: {}
[190.084588] (-) TimerEvent: {}
[190.190472] (-) TimerEvent: {}
[190.291163] (-) TimerEvent: {}
[190.394684] (-) TimerEvent: {}
[190.495328] (-) TimerEvent: {}
[190.597497] (-) TimerEvent: {}
[190.698630] (-) TimerEvent: {}
[190.799912] (-) TimerEvent: {}
[190.900594] (-) TimerEvent: {}
[191.001234] (-) TimerEvent: {}
[191.101963] (-) TimerEvent: {}
[191.202619] (-) TimerEvent: {}
[191.303424] (-) TimerEvent: {}
[191.404173] (-) TimerEvent: {}
[191.505346] (-) TimerEvent: {}
[191.606541] (-) TimerEvent: {}
[191.708546] (-) TimerEvent: {}
[191.809234] (-) TimerEvent: {}
[191.909924] (-) TimerEvent: {}
[192.013962] (-) TimerEvent: {}
[192.114440] (-) TimerEvent: {}
[192.215422] (-) TimerEvent: {}
[192.318144] (-) TimerEvent: {}
[192.419894] (-) TimerEvent: {}
[192.522601] (-) TimerEvent: {}
[192.623291] (-) TimerEvent: {}
[192.724392] (-) TimerEvent: {}
[192.825044] (-) TimerEvent: {}
[192.926062] (-) TimerEvent: {}
[193.027206] (-) TimerEvent: {}
[193.129922] (-) TimerEvent: {}
[193.230715] (-) TimerEvent: {}
[193.333413] (-) TimerEvent: {}
[193.436089] (-) TimerEvent: {}
[193.536607] (-) TimerEvent: {}
[193.638357] (-) TimerEvent: {}
[193.740175] (-) TimerEvent: {}
[193.841879] (-) TimerEvent: {}
[193.944750] (-) TimerEvent: {}
[194.045477] (-) TimerEvent: {}
[194.146647] (-) TimerEvent: {}
[194.247260] (-) TimerEvent: {}
[194.348695] (-) TimerEvent: {}
[194.452419] (-) TimerEvent: {}
[194.553614] (-) TimerEvent: {}
[194.656947] (-) TimerEvent: {}
[194.758029] (-) TimerEvent: {}
[194.859754] (-) TimerEvent: {}
[194.960459] (-) TimerEvent: {}
[195.063457] (-) TimerEvent: {}
[195.164607] (-) TimerEvent: {}
[195.267109] (-) TimerEvent: {}
[195.368223] (-) TimerEvent: {}
[195.469797] (-) TimerEvent: {}
[195.571003] (-) TimerEvent: {}
[195.672499] (-) TimerEvent: {}
[195.773537] (-) TimerEvent: {}
[195.874717] (-) TimerEvent: {}
[195.976010] (-) TimerEvent: {}
[196.076954] (-) TimerEvent: {}
[196.181516] (-) TimerEvent: {}
[196.282199] (-) TimerEvent: {}
[196.383733] (-) TimerEvent: {}
[196.485170] (-) TimerEvent: {}
[196.586356] (-) TimerEvent: {}
[196.686936] (-) TimerEvent: {}
[196.787927] (-) TimerEvent: {}
[196.890219] (-) TimerEvent: {}
[196.890947] (arm_cpp_examples) StdoutLine: {'line': b'[ 63%] \x1b[32m\x1b[1mLinking CXX executable simple_action_server_node\x1b[0m\n'}
[196.991305] (-) TimerEvent: {}
[197.092620] (-) TimerEvent: {}
[197.193706] (-) TimerEvent: {}
[197.295051] (-) TimerEvent: {}
[197.335138] (arm_cpp_examples) StdoutLine: {'line': b'[ 63%] Built target simple_action_server_node\n'}
[197.396710] (-) TimerEvent: {}
[197.426481] (arm_cpp_examples) StdoutLine: {'line': b'[ 68%] \x1b[32mBuilding CXX object CMakeFiles/simple_action_client.dir/src/simple_action_client.cpp.o\x1b[0m\n'}
[197.497014] (-) TimerEvent: {}
[197.600945] (-) TimerEvent: {}
[197.703300] (-) TimerEvent: {}
[197.806009] (-) TimerEvent: {}
[197.908117] (-) TimerEvent: {}
[198.009587] (-) TimerEvent: {}
[198.112113] (-) TimerEvent: {}
[198.213957] (-) TimerEvent: {}
[198.314989] (-) TimerEvent: {}
[198.415798] (-) TimerEvent: {}
[198.517510] (-) TimerEvent: {}
[198.620126] (-) TimerEvent: {}
[198.720996] (-) TimerEvent: {}
[198.821987] (-) TimerEvent: {}
[198.922574] (-) TimerEvent: {}
[199.023850] (-) TimerEvent: {}
[199.124720] (-) TimerEvent: {}
[199.225384] (-) TimerEvent: {}
[199.325995] (-) TimerEvent: {}
[199.427943] (-) TimerEvent: {}
[199.529073] (-) TimerEvent: {}
[199.631563] (-) TimerEvent: {}
[199.732976] (-) TimerEvent: {}
[199.835019] (-) TimerEvent: {}
[199.936884] (-) TimerEvent: {}
[200.039209] (-) TimerEvent: {}
[200.141316] (-) TimerEvent: {}
[200.243644] (-) TimerEvent: {}
[200.346063] (-) TimerEvent: {}
[200.446706] (-) TimerEvent: {}
[200.549221] (-) TimerEvent: {}
[200.650539] (-) TimerEvent: {}
[200.752347] (-) TimerEvent: {}
[200.855386] (-) TimerEvent: {}
[200.958207] (-) TimerEvent: {}
[201.059371] (-) TimerEvent: {}
[201.160759] (-) TimerEvent: {}
[201.262960] (-) TimerEvent: {}
[201.364194] (-) TimerEvent: {}
[201.465993] (-) TimerEvent: {}
[201.566592] (-) TimerEvent: {}
[201.667266] (-) TimerEvent: {}
[201.767941] (-) TimerEvent: {}
[201.868572] (-) TimerEvent: {}
[201.969222] (-) TimerEvent: {}
[202.070993] (-) TimerEvent: {}
[202.172476] (-) TimerEvent: {}
[202.273144] (-) TimerEvent: {}
[202.374324] (-) TimerEvent: {}
[202.476658] (-) TimerEvent: {}
[202.577965] (-) TimerEvent: {}
[202.678751] (-) TimerEvent: {}
[202.779462] (-) TimerEvent: {}
[202.880138] (-) TimerEvent: {}
[202.980997] (-) TimerEvent: {}
[203.082672] (-) TimerEvent: {}
[203.183297] (-) TimerEvent: {}
[203.283949] (-) TimerEvent: {}
[203.384571] (-) TimerEvent: {}
[203.485161] (-) TimerEvent: {}
[203.585774] (-) TimerEvent: {}
[203.686348] (-) TimerEvent: {}
[203.786938] (-) TimerEvent: {}
[203.888128] (-) TimerEvent: {}
[203.988745] (-) TimerEvent: {}
[204.089305] (-) TimerEvent: {}
[204.189915] (-) TimerEvent: {}
[204.290531] (-) TimerEvent: {}
[204.391200] (-) TimerEvent: {}
[204.492563] (-) TimerEvent: {}
[204.594926] (-) TimerEvent: {}
[204.695869] (-) TimerEvent: {}
[204.796526] (-) TimerEvent: {}
[204.897507] (-) TimerEvent: {}
[205.000142] (-) TimerEvent: {}
[205.101017] (-) TimerEvent: {}
[205.201439] (-) TimerEvent: {}
[205.303243] (-) TimerEvent: {}
[205.404308] (-) TimerEvent: {}
[205.504711] (-) TimerEvent: {}
[205.606898] (-) TimerEvent: {}
[205.707617] (-) TimerEvent: {}
[205.808985] (-) TimerEvent: {}
[205.910204] (-) TimerEvent: {}
[206.010785] (-) TimerEvent: {}
[206.112010] (-) TimerEvent: {}
[206.212610] (-) TimerEvent: {}
[206.313153] (-) TimerEvent: {}
[206.413743] (-) TimerEvent: {}
[206.514424] (-) TimerEvent: {}
[206.614964] (-) TimerEvent: {}
[206.715575] (-) TimerEvent: {}
[206.816310] (-) TimerEvent: {}
[206.917971] (-) TimerEvent: {}
[207.018578] (-) TimerEvent: {}
[207.119245] (-) TimerEvent: {}
[207.220713] (-) TimerEvent: {}
[207.321707] (-) TimerEvent: {}
[207.422617] (-) TimerEvent: {}
[207.523273] (-) TimerEvent: {}
[207.623960] (-) TimerEvent: {}
[207.724508] (-) TimerEvent: {}
[207.825133] (-) TimerEvent: {}
[207.926439] (-) TimerEvent: {}
[208.027010] (-) TimerEvent: {}
[208.127924] (-) TimerEvent: {}
[208.228451] (-) TimerEvent: {}
[208.329022] (-) TimerEvent: {}
[208.429589] (-) TimerEvent: {}
[208.530448] (-) TimerEvent: {}
[208.631020] (-) TimerEvent: {}
[208.733282] (-) TimerEvent: {}
[208.835436] (-) TimerEvent: {}
[208.936796] (-) TimerEvent: {}
[208.998224] (arm_cpp_examples) StdoutLine: {'line': b'[ 72%] \x1b[32m\x1b[1mLinking CXX shared library libsimple_action_client.so\x1b[0m\n'}
[209.037082] (-) TimerEvent: {}
[209.139621] (-) TimerEvent: {}
[209.244500] (-) TimerEvent: {}
[209.345094] (-) TimerEvent: {}
[209.446310] (-) TimerEvent: {}
[209.547342] (-) TimerEvent: {}
[209.648750] (-) TimerEvent: {}
[209.662606] (arm_cpp_examples) StdoutLine: {'line': b'[ 72%] Built target simple_action_client\n'}
[209.749038] (-) TimerEvent: {}
[209.765026] (arm_cpp_examples) StdoutLine: {'line': b'[ 77%] \x1b[32mBuilding CXX object CMakeFiles/simple_action_client_node.dir/rclcpp_components/node_main_simple_action_client_node.cpp.o\x1b[0m\n'}
[209.849902] (-) TimerEvent: {}
[209.951394] (-) TimerEvent: {}
[210.053048] (-) TimerEvent: {}
[210.155904] (-) TimerEvent: {}
[210.256421] (-) TimerEvent: {}
[210.357401] (-) TimerEvent: {}
[210.460794] (-) TimerEvent: {}
[210.563146] (-) TimerEvent: {}
[210.664092] (-) TimerEvent: {}
[210.764702] (-) TimerEvent: {}
[210.866173] (-) TimerEvent: {}
[210.969042] (-) TimerEvent: {}
[211.070400] (-) TimerEvent: {}
[211.172300] (-) TimerEvent: {}
[211.273547] (-) TimerEvent: {}
[211.375861] (-) TimerEvent: {}
[211.476449] (-) TimerEvent: {}
[211.577569] (-) TimerEvent: {}
[211.678239] (-) TimerEvent: {}
[211.781028] (-) TimerEvent: {}
[211.883394] (-) TimerEvent: {}
[211.984476] (-) TimerEvent: {}
[212.091626] (-) TimerEvent: {}
[212.196972] (-) TimerEvent: {}
[212.298769] (-) TimerEvent: {}
[212.399317] (-) TimerEvent: {}
[212.500301] (-) TimerEvent: {}
[212.601114] (-) TimerEvent: {}
[212.703634] (-) TimerEvent: {}
[212.804378] (-) TimerEvent: {}
[212.905328] (-) TimerEvent: {}
[213.008634] (-) TimerEvent: {}
[213.110745] (-) TimerEvent: {}
[213.214072] (-) TimerEvent: {}
[213.317494] (-) TimerEvent: {}
[213.418937] (-) TimerEvent: {}
[213.519512] (-) TimerEvent: {}
[213.624235] (-) TimerEvent: {}
[213.726148] (-) TimerEvent: {}
[213.828130] (-) TimerEvent: {}
[213.930913] (-) TimerEvent: {}
[214.034273] (-) TimerEvent: {}
[214.136051] (-) TimerEvent: {}
[214.238955] (-) TimerEvent: {}
[214.341116] (-) TimerEvent: {}
[214.441917] (-) TimerEvent: {}
[214.542504] (-) TimerEvent: {}
[214.644393] (-) TimerEvent: {}
[214.746028] (-) TimerEvent: {}
[214.847665] (-) TimerEvent: {}
[214.948913] (-) TimerEvent: {}
[215.050064] (-) TimerEvent: {}
[215.151216] (-) TimerEvent: {}
[215.252612] (-) TimerEvent: {}
[215.356131] (-) TimerEvent: {}
[215.456791] (-) TimerEvent: {}
[215.558541] (-) TimerEvent: {}
[215.659730] (-) TimerEvent: {}
[215.760945] (-) TimerEvent: {}
[215.864358] (-) TimerEvent: {}
[215.965524] (-) TimerEvent: {}
[216.068942] (-) TimerEvent: {}
[216.170109] (-) TimerEvent: {}
[216.271069] (-) TimerEvent: {}
[216.371914] (-) TimerEvent: {}
[216.472486] (-) TimerEvent: {}
[216.573694] (-) TimerEvent: {}
[216.674339] (-) TimerEvent: {}
[216.775155] (-) TimerEvent: {}
[216.875911] (-) TimerEvent: {}
[216.977141] (-) TimerEvent: {}
[217.077607] (-) TimerEvent: {}
[217.178167] (-) TimerEvent: {}
[217.279291] (-) TimerEvent: {}
[217.380513] (-) TimerEvent: {}
[217.483539] (-) TimerEvent: {}
[217.585316] (-) TimerEvent: {}
[217.688134] (-) TimerEvent: {}
[217.789081] (-) TimerEvent: {}
[217.890126] (-) TimerEvent: {}
[217.991048] (-) TimerEvent: {}
[218.092242] (-) TimerEvent: {}
[218.194522] (-) TimerEvent: {}
[218.295953] (-) TimerEvent: {}
[218.396549] (-) TimerEvent: {}
[218.497412] (-) TimerEvent: {}
[218.597944] (-) TimerEvent: {}
[218.698650] (-) TimerEvent: {}
[218.799298] (-) TimerEvent: {}
[218.899971] (-) TimerEvent: {}
[219.001256] (-) TimerEvent: {}
[219.102765] (-) TimerEvent: {}
[219.203326] (-) TimerEvent: {}
[219.304252] (-) TimerEvent: {}
[219.406900] (-) TimerEvent: {}
[219.507428] (-) TimerEvent: {}
[219.587002] (arm_cpp_examples) StdoutLine: {'line': b'[ 81%] \x1b[32m\x1b[1mLinking CXX executable simple_action_client_node\x1b[0m\n'}
[219.607647] (-) TimerEvent: {}
[219.708999] (-) TimerEvent: {}
[219.809900] (-) TimerEvent: {}
[219.911311] (-) TimerEvent: {}
[219.972778] (arm_cpp_examples) StdoutLine: {'line': b'[ 81%] Built target simple_action_client_node\n'}
[220.018864] (-) TimerEvent: {}
[220.120737] (-) TimerEvent: {}
[220.121918] (arm_cpp_examples) StdoutLine: {'line': b'[ 86%] \x1b[32mBuilding CXX object CMakeFiles/simple_moveit_interface.dir/src/simple_moveit_interface.cpp.o\x1b[0m\n'}
[220.222259] (-) TimerEvent: {}
[220.323995] (-) TimerEvent: {}
[220.425864] (-) TimerEvent: {}
[220.529434] (-) TimerEvent: {}
[220.631869] (-) TimerEvent: {}
[220.735245] (-) TimerEvent: {}
[220.840313] (-) TimerEvent: {}
[220.943134] (-) TimerEvent: {}
[221.045057] (-) TimerEvent: {}
[221.146119] (-) TimerEvent: {}
[221.248980] (-) TimerEvent: {}
[221.350291] (-) TimerEvent: {}
[221.452698] (-) TimerEvent: {}
[221.554564] (-) TimerEvent: {}
[221.656515] (-) TimerEvent: {}
[221.759926] (-) TimerEvent: {}
[221.860513] (-) TimerEvent: {}
[221.961388] (-) TimerEvent: {}
[222.061979] (-) TimerEvent: {}
[222.164970] (-) TimerEvent: {}
[222.266666] (-) TimerEvent: {}
[222.369292] (-) TimerEvent: {}
[222.470072] (-) TimerEvent: {}
[222.571019] (-) TimerEvent: {}
[222.671888] (-) TimerEvent: {}
[222.772487] (-) TimerEvent: {}
[222.873015] (-) TimerEvent: {}
[222.974277] (-) TimerEvent: {}
[223.074971] (-) TimerEvent: {}
[223.175941] (-) TimerEvent: {}
[223.277893] (-) TimerEvent: {}
[223.378315] (-) TimerEvent: {}
[223.482963] (-) TimerEvent: {}
[223.590976] (-) TimerEvent: {}
[223.693661] (-) TimerEvent: {}
[223.797442] (-) TimerEvent: {}
[223.899552] (-) TimerEvent: {}
[224.000251] (-) TimerEvent: {}
[224.102220] (-) TimerEvent: {}
[224.204931] (-) TimerEvent: {}
[224.306571] (-) TimerEvent: {}
[224.407638] (-) TimerEvent: {}
[224.508465] (-) TimerEvent: {}
[224.609170] (-) TimerEvent: {}
[224.710226] (-) TimerEvent: {}
[224.812903] (-) TimerEvent: {}
[224.913919] (-) TimerEvent: {}
[225.015951] (-) TimerEvent: {}
[225.116476] (-) TimerEvent: {}
[225.218152] (-) TimerEvent: {}
[225.321072] (-) TimerEvent: {}
[225.421875] (-) TimerEvent: {}
[225.525047] (-) TimerEvent: {}
[225.626530] (-) TimerEvent: {}
[225.728438] (-) TimerEvent: {}
[225.831342] (-) TimerEvent: {}
[225.932328] (-) TimerEvent: {}
[226.033572] (-) TimerEvent: {}
[226.137953] (-) TimerEvent: {}
[226.238911] (-) TimerEvent: {}
[226.339964] (-) TimerEvent: {}
[226.443238] (-) TimerEvent: {}
[226.544646] (-) TimerEvent: {}
[226.647132] (-) TimerEvent: {}
[226.748353] (-) TimerEvent: {}
[226.850985] (-) TimerEvent: {}
[226.951613] (-) TimerEvent: {}
[227.053669] (-) TimerEvent: {}
[227.154883] (-) TimerEvent: {}
[227.255517] (-) TimerEvent: {}
[227.356231] (-) TimerEvent: {}
[227.456912] (-) TimerEvent: {}
[227.557487] (-) TimerEvent: {}
[227.658643] (-) TimerEvent: {}
[227.759310] (-) TimerEvent: {}
[227.860469] (-) TimerEvent: {}
[227.961070] (-) TimerEvent: {}
[228.062142] (-) TimerEvent: {}
[228.163265] (-) TimerEvent: {}
[228.264461] (-) TimerEvent: {}
[228.365276] (-) TimerEvent: {}
[228.467069] (-) TimerEvent: {}
[228.569503] (-) TimerEvent: {}
[228.671585] (-) TimerEvent: {}
[228.772479] (-) TimerEvent: {}
[228.873137] (-) TimerEvent: {}
[228.974245] (-) TimerEvent: {}
[229.075647] (-) TimerEvent: {}
[229.176304] (-) TimerEvent: {}
[229.277439] (-) TimerEvent: {}
[229.378571] (-) TimerEvent: {}
[229.479374] (-) TimerEvent: {}
[229.580363] (-) TimerEvent: {}
[229.681041] (-) TimerEvent: {}
[229.782337] (-) TimerEvent: {}
[229.886184] (-) TimerEvent: {}
[229.990439] (-) TimerEvent: {}
[230.091284] (-) TimerEvent: {}
[230.192441] (-) TimerEvent: {}
[230.293735] (-) TimerEvent: {}
[230.394990] (-) TimerEvent: {}
[230.496166] (-) TimerEvent: {}
[230.596910] (-) TimerEvent: {}
[230.699119] (-) TimerEvent: {}
[230.800239] (-) TimerEvent: {}
[230.900883] (-) TimerEvent: {}
[231.001939] (-) TimerEvent: {}
[231.102519] (-) TimerEvent: {}
[231.203199] (-) TimerEvent: {}
[231.303907] (-) TimerEvent: {}
[231.404482] (-) TimerEvent: {}
[231.505746] (-) TimerEvent: {}
[231.606767] (-) TimerEvent: {}
[231.710898] (-) TimerEvent: {}
[231.811890] (-) TimerEvent: {}
[231.915110] (-) TimerEvent: {}
[232.016942] (-) TimerEvent: {}
[232.117475] (-) TimerEvent: {}
[232.218556] (-) TimerEvent: {}
[232.319796] (-) TimerEvent: {}
[232.420991] (-) TimerEvent: {}
[232.524955] (-) TimerEvent: {}
[232.628639] (-) TimerEvent: {}
[232.730136] (-) TimerEvent: {}
[232.830773] (-) TimerEvent: {}
[232.931652] (-) TimerEvent: {}
[233.033551] (-) TimerEvent: {}
[233.134923] (-) TimerEvent: {}
[233.235931] (-) TimerEvent: {}
[233.337080] (-) TimerEvent: {}
[233.438826] (-) TimerEvent: {}
[233.540121] (-) TimerEvent: {}
[233.641259] (-) TimerEvent: {}
[233.742381] (-) TimerEvent: {}
[233.842967] (-) TimerEvent: {}
[233.944666] (-) TimerEvent: {}
[234.045269] (-) TimerEvent: {}
[234.146008] (-) TimerEvent: {}
[234.247059] (-) TimerEvent: {}
[234.348999] (-) TimerEvent: {}
[234.450195] (-) TimerEvent: {}
[234.551761] (-) TimerEvent: {}
[234.652647] (-) TimerEvent: {}
[234.755008] (-) TimerEvent: {}
[234.857441] (-) TimerEvent: {}
[234.958610] (-) TimerEvent: {}
[235.060517] (-) TimerEvent: {}
[235.161472] (-) TimerEvent: {}
[235.262363] (-) TimerEvent: {}
[235.362983] (-) TimerEvent: {}
[235.463571] (-) TimerEvent: {}
[235.564697] (-) TimerEvent: {}
[235.665980] (-) TimerEvent: {}
[235.767897] (-) TimerEvent: {}
[235.869255] (-) TimerEvent: {}
[235.970691] (-) TimerEvent: {}
[236.072709] (-) TimerEvent: {}
[236.173393] (-) TimerEvent: {}
[236.273993] (-) TimerEvent: {}
[236.376308] (-) TimerEvent: {}
[236.477657] (-) TimerEvent: {}
[236.578414] (-) TimerEvent: {}
[236.679439] (-) TimerEvent: {}
[236.781525] (-) TimerEvent: {}
[236.881938] (-) TimerEvent: {}
[236.982492] (-) TimerEvent: {}
[237.083576] (-) TimerEvent: {}
[237.184128] (-) TimerEvent: {}
[237.285142] (-) TimerEvent: {}
[237.385966] (-) TimerEvent: {}
[237.486808] (-) TimerEvent: {}
[237.587375] (-) TimerEvent: {}
[237.687964] (-) TimerEvent: {}
[237.789165] (-) TimerEvent: {}
[237.890327] (-) TimerEvent: {}
[237.991209] (-) TimerEvent: {}
[238.091894] (-) TimerEvent: {}
[238.192443] (-) TimerEvent: {}
[238.293017] (-) TimerEvent: {}
[238.394295] (-) TimerEvent: {}
[238.500849] (-) TimerEvent: {}
[238.601478] (-) TimerEvent: {}
[238.702552] (-) TimerEvent: {}
[238.805417] (-) TimerEvent: {}
[238.906404] (-) TimerEvent: {}
[239.008251] (-) TimerEvent: {}
[239.110016] (-) TimerEvent: {}
[239.210958] (-) TimerEvent: {}
[239.311901] (-) TimerEvent: {}
[239.413003] (-) TimerEvent: {}
[239.514140] (-) TimerEvent: {}
[239.615439] (-) TimerEvent: {}
[239.717756] (-) TimerEvent: {}
[239.820949] (-) TimerEvent: {}
[239.921604] (-) TimerEvent: {}
[240.023247] (-) TimerEvent: {}
[240.124431] (-) TimerEvent: {}
[240.225027] (-) TimerEvent: {}
[240.326136] (-) TimerEvent: {}
[240.427224] (-) TimerEvent: {}
[240.528502] (-) TimerEvent: {}
[240.629473] (-) TimerEvent: {}
[240.730153] (-) TimerEvent: {}
[240.830767] (-) TimerEvent: {}
[240.931438] (-) TimerEvent: {}
[241.033950] (-) TimerEvent: {}
[241.135203] (-) TimerEvent: {}
[241.236045] (-) TimerEvent: {}
[241.336700] (-) TimerEvent: {}
[241.438183] (-) TimerEvent: {}
[241.539747] (-) TimerEvent: {}
[241.640677] (-) TimerEvent: {}
[241.667356] (arm_cpp_examples) StdoutLine: {'line': b'[ 90%] \x1b[32m\x1b[1mLinking CXX executable simple_moveit_interface\x1b[0m\n'}
[241.741067] (-) TimerEvent: {}
[241.842080] (-) TimerEvent: {}
[241.943438] (-) TimerEvent: {}
[242.044971] (-) TimerEvent: {}
[242.146965] (-) TimerEvent: {}
[242.247542] (-) TimerEvent: {}
[242.351162] (-) TimerEvent: {}
[242.452356] (-) TimerEvent: {}
[242.553529] (-) TimerEvent: {}
[242.655023] (-) TimerEvent: {}
[242.676994] (arm_cpp_examples) StdoutLine: {'line': b'[ 90%] Built target simple_moveit_interface\n'}
[242.756028] (-) TimerEvent: {}
[242.758029] (arm_cpp_examples) StdoutLine: {'line': b'[ 95%] \x1b[32mBuilding CXX object CMakeFiles/simple_lifecycle_node.dir/src/simple_lifecycle_node.cpp.o\x1b[0m\n'}
[242.857595] (-) TimerEvent: {}
[242.958429] (-) TimerEvent: {}
[243.060380] (-) TimerEvent: {}
[243.161342] (-) TimerEvent: {}
[243.263449] (-) TimerEvent: {}
[243.364706] (-) TimerEvent: {}
[243.465940] (-) TimerEvent: {}
[243.566880] (-) TimerEvent: {}
[243.667793] (-) TimerEvent: {}
[243.768710] (-) TimerEvent: {}
[243.869641] (-) TimerEvent: {}
[243.970222] (-) TimerEvent: {}
[244.070943] (-) TimerEvent: {}
[244.171577] (-) TimerEvent: {}
[244.272265] (-) TimerEvent: {}
[244.372763] (-) TimerEvent: {}
[244.473353] (-) TimerEvent: {}
[244.573818] (-) TimerEvent: {}
[244.676682] (-) TimerEvent: {}
[244.777779] (-) TimerEvent: {}
[244.878946] (-) TimerEvent: {}
[244.980095] (-) TimerEvent: {}
[245.080726] (-) TimerEvent: {}
[245.181240] (-) TimerEvent: {}
[245.281744] (-) TimerEvent: {}
[245.382373] (-) TimerEvent: {}
[245.483694] (-) TimerEvent: {}
[245.586927] (-) TimerEvent: {}
[245.687511] (-) TimerEvent: {}
[245.789420] (-) TimerEvent: {}
[245.890606] (-) TimerEvent: {}
[245.991206] (-) TimerEvent: {}
[246.091790] (-) TimerEvent: {}
[246.192541] (-) TimerEvent: {}
[246.293294] (-) TimerEvent: {}
[246.393968] (-) TimerEvent: {}
[246.494589] (-) TimerEvent: {}
[246.595258] (-) TimerEvent: {}
[246.695809] (-) TimerEvent: {}
[246.796355] (-) TimerEvent: {}
[246.897005] (-) TimerEvent: {}
[246.997710] (-) TimerEvent: {}
[247.098734] (-) TimerEvent: {}
[247.199441] (-) TimerEvent: {}
[247.299952] (-) TimerEvent: {}
[247.400581] (-) TimerEvent: {}
[247.501135] (-) TimerEvent: {}
[247.601742] (-) TimerEvent: {}
[247.702378] (-) TimerEvent: {}
[247.803606] (-) TimerEvent: {}
[247.905639] (-) TimerEvent: {}
[248.007033] (-) TimerEvent: {}
[248.107883] (-) TimerEvent: {}
[248.208923] (-) TimerEvent: {}
[248.310158] (-) TimerEvent: {}
[248.410699] (-) TimerEvent: {}
[248.511925] (-) TimerEvent: {}
[248.613895] (-) TimerEvent: {}
[248.714548] (-) TimerEvent: {}
[248.816969] (-) TimerEvent: {}
[248.917928] (-) TimerEvent: {}
[249.019868] (-) TimerEvent: {}
[249.120642] (-) TimerEvent: {}
[249.221355] (-) TimerEvent: {}
[249.321947] (-) TimerEvent: {}
[249.422531] (-) TimerEvent: {}
[249.523416] (-) TimerEvent: {}
[249.624041] (-) TimerEvent: {}
[249.725648] (-) TimerEvent: {}
[249.829944] (-) TimerEvent: {}
[249.931674] (-) TimerEvent: {}
[250.034281] (-) TimerEvent: {}
[250.135090] (-) TimerEvent: {}
[250.236511] (-) TimerEvent: {}
[250.337480] (-) TimerEvent: {}
[250.438703] (-) TimerEvent: {}
[250.540932] (-) TimerEvent: {}
[250.642996] (-) TimerEvent: {}
[250.743452] (-) TimerEvent: {}
[250.846650] (-) TimerEvent: {}
[250.948499] (-) TimerEvent: {}
[251.050930] (-) TimerEvent: {}
[251.152290] (-) TimerEvent: {}
[251.253913] (-) TimerEvent: {}
[251.354534] (-) TimerEvent: {}
[251.458321] (-) TimerEvent: {}
[251.558964] (-) TimerEvent: {}
[251.660408] (-) TimerEvent: {}
[251.761698] (-) TimerEvent: {}
[251.862543] (-) TimerEvent: {}
[251.963315] (-) TimerEvent: {}
[252.063984] (-) TimerEvent: {}
[252.165875] (-) TimerEvent: {}
[252.267615] (-) TimerEvent: {}
[252.369608] (-) TimerEvent: {}
[252.470580] (-) TimerEvent: {}
[252.571181] (-) TimerEvent: {}
[252.672525] (-) TimerEvent: {}
[252.773906] (-) TimerEvent: {}
[252.874948] (-) TimerEvent: {}
[252.975551] (-) TimerEvent: {}
[253.077045] (-) TimerEvent: {}
[253.177950] (-) TimerEvent: {}
[253.278590] (-) TimerEvent: {}
[253.379297] (-) TimerEvent: {}
[253.480943] (-) TimerEvent: {}
[253.581535] (-) TimerEvent: {}
[253.683027] (-) TimerEvent: {}
[253.783661] (-) TimerEvent: {}
[253.884905] (-) TimerEvent: {}
[253.986017] (-) TimerEvent: {}
[254.087231] (-) TimerEvent: {}
[254.188440] (-) TimerEvent: {}
[254.289418] (-) TimerEvent: {}
[254.390337] (-) TimerEvent: {}
[254.491484] (-) TimerEvent: {}
[254.592573] (-) TimerEvent: {}
[254.694121] (-) TimerEvent: {}
[254.794645] (-) TimerEvent: {}
[254.895217] (-) TimerEvent: {}
[254.995954] (-) TimerEvent: {}
[255.096454] (-) TimerEvent: {}
[255.197928] (-) TimerEvent: {}
[255.300291] (-) TimerEvent: {}
[255.402620] (-) TimerEvent: {}
[255.504724] (-) TimerEvent: {}
[255.611374] (-) TimerEvent: {}
[255.711976] (-) TimerEvent: {}
[255.812937] (-) TimerEvent: {}
[255.914289] (-) TimerEvent: {}
[256.015230] (-) TimerEvent: {}
[256.121642] (-) TimerEvent: {}
[256.222276] (-) TimerEvent: {}
[256.324659] (-) TimerEvent: {}
[256.426778] (-) TimerEvent: {}
[256.528787] (-) TimerEvent: {}
[256.629763] (-) TimerEvent: {}
[256.731021] (-) TimerEvent: {}
[256.833181] (-) TimerEvent: {}
[256.934126] (-) TimerEvent: {}
[257.035115] (-) TimerEvent: {}
[257.136277] (-) TimerEvent: {}
[257.238357] (-) TimerEvent: {}
[257.339005] (-) TimerEvent: {}
[257.440264] (-) TimerEvent: {}
[257.541295] (-) TimerEvent: {}
[257.642424] (-) TimerEvent: {}
[257.742921] (-) TimerEvent: {}
[257.843888] (-) TimerEvent: {}
[257.944575] (-) TimerEvent: {}
[258.045234] (-) TimerEvent: {}
[258.145897] (-) TimerEvent: {}
[258.247521] (-) TimerEvent: {}
[258.348386] (-) TimerEvent: {}
[258.449023] (-) TimerEvent: {}
[258.549605] (-) TimerEvent: {}
[258.650244] (-) TimerEvent: {}
[258.750787] (-) TimerEvent: {}
[258.851708] (-) TimerEvent: {}
[258.952332] (-) TimerEvent: {}
[259.053463] (-) TimerEvent: {}
[259.154493] (-) TimerEvent: {}
[259.255197] (-) TimerEvent: {}
[259.355778] (-) TimerEvent: {}
[259.456623] (-) TimerEvent: {}
[259.557309] (-) TimerEvent: {}
[259.657958] (-) TimerEvent: {}
[259.758601] (-) TimerEvent: {}
[259.859266] (-) TimerEvent: {}
[259.960448] (-) TimerEvent: {}
[260.061609] (-) TimerEvent: {}
[260.162343] (-) TimerEvent: {}
[260.262983] (-) TimerEvent: {}
[260.363834] (-) TimerEvent: {}
[260.464527] (-) TimerEvent: {}
[260.565044] (-) TimerEvent: {}
[260.665646] (-) TimerEvent: {}
[260.768443] (-) TimerEvent: {}
[260.869335] (-) TimerEvent: {}
[260.970648] (-) TimerEvent: {}
[261.072127] (-) TimerEvent: {}
[261.177206] (-) TimerEvent: {}
[261.277848] (-) TimerEvent: {}
[261.378795] (-) TimerEvent: {}
[261.479962] (-) TimerEvent: {}
[261.581391] (-) TimerEvent: {}
[261.682618] (-) TimerEvent: {}
[261.783758] (-) TimerEvent: {}
[261.884325] (-) TimerEvent: {}
[261.985936] (-) TimerEvent: {}
[262.086767] (-) TimerEvent: {}
[262.190488] (-) TimerEvent: {}
[262.291251] (-) TimerEvent: {}
[262.392004] (-) TimerEvent: {}
[262.492650] (-) TimerEvent: {}
[262.593427] (-) TimerEvent: {}
[262.696041] (-) TimerEvent: {}
[262.796787] (-) TimerEvent: {}
[262.899314] (-) TimerEvent: {}
[263.000230] (-) TimerEvent: {}
[263.101010] (-) TimerEvent: {}
[263.203093] (-) TimerEvent: {}
[263.305176] (-) TimerEvent: {}
[263.405812] (-) TimerEvent: {}
[263.507697] (-) TimerEvent: {}
[263.608739] (-) TimerEvent: {}
[263.709917] (-) TimerEvent: {}
[263.811083] (-) TimerEvent: {}
[263.912204] (-) TimerEvent: {}
[264.014291] (-) TimerEvent: {}
[264.115410] (-) TimerEvent: {}
[264.217989] (-) TimerEvent: {}
[264.320361] (-) TimerEvent: {}
[264.422642] (-) TimerEvent: {}
[264.524927] (-) TimerEvent: {}
[264.625452] (-) TimerEvent: {}
[264.727281] (-) TimerEvent: {}
[264.830059] (-) TimerEvent: {}
[264.930714] (-) TimerEvent: {}
[265.033041] (-) TimerEvent: {}
[265.133785] (-) TimerEvent: {}
[265.236255] (-) TimerEvent: {}
[265.337802] (-) TimerEvent: {}
[265.439358] (-) TimerEvent: {}
[265.540780] (-) TimerEvent: {}
[265.587080] (arm_cpp_examples) StdoutLine: {'line': b'[100%] \x1b[32m\x1b[1mLinking CXX executable simple_lifecycle_node\x1b[0m\n'}
[265.641025] (-) TimerEvent: {}
[265.742301] (-) TimerEvent: {}
[265.843911] (-) TimerEvent: {}
[265.946324] (-) TimerEvent: {}
[266.047305] (-) TimerEvent: {}
[266.148322] (-) TimerEvent: {}
[266.249528] (-) TimerEvent: {}
[266.350669] (-) TimerEvent: {}
[266.451929] (-) TimerEvent: {}
[266.554177] (-) TimerEvent: {}
[266.558532] (arm_cpp_examples) StdoutLine: {'line': b'[100%] Built target simple_lifecycle_node\n'}
[266.602536] (arm_cpp_examples) JobEnded: {'identifier': 'arm_cpp_examples', 'rc': 'SIGINT'}
[266.616631] (arm_utils) JobSkipped: {'identifier': 'arm_utils'}
[266.616746] (-) EventReactorShutdown: {}
