[0.000000] (-) TimerEvent: {}
[0.003158] (arm_bringup) JobQueued: {'identifier': 'arm_bringup', 'dependencies': OrderedDict()}
[0.003435] (arm_controller) JobQueued: {'identifier': 'arm_controller', 'dependencies': OrderedDict()}
[0.003645] (arm_description) JobQueued: {'identifier': 'arm_description', 'dependencies': OrderedDict()}
[0.003776] (arm_firmware) JobQueued: {'identifier': 'arm_firmware', 'dependencies': OrderedDict()}
[0.003885] (arm_moveit) JobQueued: {'identifier': 'arm_moveit', 'dependencies': OrderedDict()}
[0.003994] (arm_msgs) JobQueued: {'identifier': 'arm_msgs', 'dependencies': OrderedDict()}
[0.004228] (arm_cpp_examples) JobQueued: {'identifier': 'arm_cpp_examples', 'dependencies': OrderedDict([('arm_msgs', '/home/ros/arm_ws/install/arm_msgs')])}
[0.004382] (arm_py_examples) JobQueued: {'identifier': 'arm_py_examples', 'dependencies': OrderedDict([('arm_msgs', '/home/ros/arm_ws/install/arm_msgs')])}
[0.004600] (arm_remote) JobQueued: {'identifier': 'arm_remote', 'dependencies': OrderedDict([('arm_msgs', '/home/ros/arm_ws/install/arm_msgs')])}
[0.004860] (arm_utils) JobQueued: {'identifier': 'arm_utils', 'dependencies': OrderedDict([('arm_msgs', '/home/ros/arm_ws/install/arm_msgs')])}
[0.005024] (arm_msgs) JobStarted: {'identifier': 'arm_msgs'}
[0.029787] (arm_bringup) JobStarted: {'identifier': 'arm_bringup'}
[0.060066] (arm_msgs) JobProgress: {'identifier': 'arm_msgs', 'progress': 'cmake'}
[0.060996] (arm_msgs) JobProgress: {'identifier': 'arm_msgs', 'progress': 'build'}
[0.064861] (arm_msgs) Command: {'cmd': ['/usr/bin/cmake', '--build', '/home/ros/arm_ws/build/arm_msgs', '--', '-j2', '-l2'], 'cwd': '/home/ros/arm_ws/build/arm_msgs', 'env': OrderedDict([('GJS_DEBUG_TOPICS', 'JS ERROR;JS LOG'), ('LESSOPEN', '| /usr/bin/lesspipe %s'), ('LANGUAGE', 'en_US:'), ('USER', 'ros'), ('LC_TIME', 'es_CO.UTF-8'), ('XDG_SESSION_TYPE', 'x11'), ('SHLVL', '1'), ('LD_LIBRARY_PATH', '/usr/lib/x86_64-linux-gnu/gazebo-11/plugins:/opt/ros/humble/opt/rviz_ogre_vendor/lib:/opt/ros/humble/lib/x86_64-linux-gnu:/opt/ros/humble/lib'), ('HOME', '/home/ros'), ('OLDPWD', '/home/ros'), ('DESKTOP_SESSION', 'ubuntu-xorg'), ('GIO_LAUNCHED_DESKTOP_FILE', '/usr/share/applications/terminator.desktop'), ('ROS_PYTHON_VERSION', '3'), ('GNOME_SHELL_SESSION_MODE', 'ubuntu'), ('GTK_MODULES', 'gail:atk-bridge'), ('LC_MONETARY', 'es_CO.UTF-8'), ('MANAGERPID', '979'), ('SYSTEMD_EXEC_PID', '1347'), ('DBUS_SESSION_BUS_ADDRESS', 'unix:path=/run/user/1000/bus'), ('COLORTERM', 'truecolor'), ('TERMINATOR_DBUS_NAME', 'net.tenshu.Terminator21a9d5db22c73a993ff0b42f64b396873'), ('GIO_LAUNCHED_DESKTOP_FILE_PID', '4526'), ('ROS_DISTRO', 'humble'), ('GTK_IM_MODULE', 'ibus'), ('LOGNAME', 'ros'), ('JOURNAL_STREAM', '8:20866'), ('_', '/usr/bin/colcon'), ('ROS_VERSION', '2'), ('XDG_SESSION_CLASS', 'user'), ('USERNAME', 'ros'), ('TERM', 'xterm-256color'), ('GNOME_DESKTOP_SESSION_ID', 'this-is-deprecated'), ('ROS_LOCALHOST_ONLY', '0'), ('WINDOWPATH', '2'), ('PATH', '/opt/ros/humble/bin:/home/ros/.local/bin:/usr/local/sbin:/usr/local/bin:/usr/sbin:/usr/bin:/sbin:/bin:/usr/games:/usr/local/games:/snap/bin:/snap/bin'), ('SESSION_MANAGER', 'local/ros-virtual-machine:@/tmp/.ICE-unix/1316,unix/ros-virtual-machine:/tmp/.ICE-unix/1316'), ('INVOCATION_ID', '00487b699f7d4c798b6f2c9b5207b5fc'), ('XDG_MENU_PREFIX', 'gnome-'), ('LC_ADDRESS', 'es_CO.UTF-8'), ('XDG_RUNTIME_DIR', '/run/user/1000'), ('DISPLAY', ':0'), ('TERMINATOR_DBUS_PATH', '/net/tenshu/Terminator2'), ('LANG', 'en_US.UTF-8'), ('XDG_CURRENT_DESKTOP', 'ubuntu:GNOME'), ('IBUS_DISABLE_SNOOPER', '1'), ('LC_TELEPHONE', 'es_CO.UTF-8'), ('XMODIFIERS', '@im=ibus'), ('XDG_SESSION_DESKTOP', 'ubuntu-xorg'), ('XAUTHORITY', '/run/user/1000/gdm/Xauthority'), ('LS_COLORS', 'rs=0:di=01;34:ln=01;36:mh=00:pi=40;33:so=01;35:do=01;35:bd=40;33;01:cd=40;33;01:or=40;31;01:mi=00:su=37;41:sg=30;43:ca=30;41:tw=30;42:ow=34;42:st=37;44:ex=01;32:*.tar=01;31:*.tgz=01;31:*.arc=01;31:*.arj=01;31:*.taz=01;31:*.lha=01;31:*.lz4=01;31:*.lzh=01;31:*.lzma=01;31:*.tlz=01;31:*.txz=01;31:*.tzo=01;31:*.t7z=01;31:*.zip=01;31:*.z=01;31:*.dz=01;31:*.gz=01;31:*.lrz=01;31:*.lz=01;31:*.lzo=01;31:*.xz=01;31:*.zst=01;31:*.tzst=01;31:*.bz2=01;31:*.bz=01;31:*.tbz=01;31:*.tbz2=01;31:*.tz=01;31:*.deb=01;31:*.rpm=01;31:*.jar=01;31:*.war=01;31:*.ear=01;31:*.sar=01;31:*.rar=01;31:*.alz=01;31:*.ace=01;31:*.zoo=01;31:*.cpio=01;31:*.7z=01;31:*.rz=01;31:*.cab=01;31:*.wim=01;31:*.swm=01;31:*.dwm=01;31:*.esd=01;31:*.jpg=01;35:*.jpeg=01;35:*.mjpg=01;35:*.mjpeg=01;35:*.gif=01;35:*.bmp=01;35:*.pbm=01;35:*.pgm=01;35:*.ppm=01;35:*.tga=01;35:*.xbm=01;35:*.xpm=01;35:*.tif=01;35:*.tiff=01;35:*.png=01;35:*.svg=01;35:*.svgz=01;35:*.mng=01;35:*.pcx=01;35:*.mov=01;35:*.mpg=01;35:*.mpeg=01;35:*.m2v=01;35:*.mkv=01;35:*.webm=01;35:*.webp=01;35:*.ogm=01;35:*.mp4=01;35:*.m4v=01;35:*.mp4v=01;35:*.vob=01;35:*.qt=01;35:*.nuv=01;35:*.wmv=01;35:*.asf=01;35:*.rm=01;35:*.rmvb=01;35:*.flc=01;35:*.avi=01;35:*.fli=01;35:*.flv=01;35:*.gl=01;35:*.dl=01;35:*.xcf=01;35:*.xwd=01;35:*.yuv=01;35:*.cgm=01;35:*.emf=01;35:*.ogv=01;35:*.ogx=01;35:*.aac=00;36:*.au=00;36:*.flac=00;36:*.m4a=00;36:*.mid=00;36:*.midi=00;36:*.mka=00;36:*.mp3=00;36:*.mpc=00;36:*.ogg=00;36:*.ra=00;36:*.wav=00;36:*.oga=00;36:*.opus=00;36:*.spx=00;36:*.xspf=00;36:'), ('SSH_AGENT_LAUNCHER', 'gnome-keyring'), ('SSH_AUTH_SOCK', '/run/user/1000/keyring/ssh'), ('AMENT_PREFIX_PATH', '/opt/ros/humble'), ('SHELL', '/bin/bash'), ('LC_NAME', 'es_CO.UTF-8'), ('TERMINATOR_UUID', 'urn:uuid:1623e010-cd7e-4313-86eb-01e292c650ef'), ('QT_ACCESSIBILITY', '1'), ('GDMSESSION', 'ubuntu-xorg'), ('LESSCLOSE', '/usr/bin/lesspipe %s %s'), ('LC_MEASUREMENT', 'es_CO.UTF-8'), ('GPG_AGENT_INFO', '/run/user/1000/gnupg/S.gpg-agent:0:1'), ('GJS_DEBUG_OUTPUT', 'stderr'), ('LC_IDENTIFICATION', 'es_CO.UTF-8'), ('QT_IM_MODULE', 'ibus'), ('PWD', '/home/ros/arm_ws/build/arm_msgs'), ('LC_ALL', 'en_US.UTF-8'), ('XDG_CONFIG_DIRS', '/etc/xdg/xdg-ubuntu-xorg:/etc/xdg'), ('XDG_DATA_DIRS', '/usr/share/ubuntu-xorg:/usr/share/gnome:/usr/local/share/:/usr/share/:/var/lib/snapd/desktop'), ('PYTHONPATH', '/opt/ros/humble/lib/python3.10/site-packages:/opt/ros/humble/local/lib/python3.10/dist-packages'), ('LC_NUMERIC', 'es_CO.UTF-8'), ('LC_PAPER', 'es_CO.UTF-8'), ('COLCON', '1'), ('VTE_VERSION', '6800'), ('CMAKE_PREFIX_PATH', '/opt/ros/humble')]), 'shell': False}
[0.097409] (-) TimerEvent: {}
[0.098302] (arm_bringup) JobProgress: {'identifier': 'arm_bringup', 'progress': 'cmake'}
[0.115796] (arm_bringup) JobProgress: {'identifier': 'arm_bringup', 'progress': 'build'}
[0.118655] (arm_bringup) Command: {'cmd': ['/usr/bin/cmake', '--build', '/home/ros/arm_ws/build/arm_bringup', '--', '-j2', '-l2'], 'cwd': '/home/ros/arm_ws/build/arm_bringup', 'env': OrderedDict([('GJS_DEBUG_TOPICS', 'JS ERROR;JS LOG'), ('LESSOPEN', '| /usr/bin/lesspipe %s'), ('LANGUAGE', 'en_US:'), ('USER', 'ros'), ('LC_TIME', 'es_CO.UTF-8'), ('XDG_SESSION_TYPE', 'x11'), ('SHLVL', '1'), ('LD_LIBRARY_PATH', '/usr/lib/x86_64-linux-gnu/gazebo-11/plugins:/opt/ros/humble/opt/rviz_ogre_vendor/lib:/opt/ros/humble/lib/x86_64-linux-gnu:/opt/ros/humble/lib'), ('HOME', '/home/ros'), ('OLDPWD', '/home/ros'), ('DESKTOP_SESSION', 'ubuntu-xorg'), ('GIO_LAUNCHED_DESKTOP_FILE', '/usr/share/applications/terminator.desktop'), ('ROS_PYTHON_VERSION', '3'), ('GNOME_SHELL_SESSION_MODE', 'ubuntu'), ('GTK_MODULES', 'gail:atk-bridge'), ('LC_MONETARY', 'es_CO.UTF-8'), ('MANAGERPID', '979'), ('SYSTEMD_EXEC_PID', '1347'), ('DBUS_SESSION_BUS_ADDRESS', 'unix:path=/run/user/1000/bus'), ('COLORTERM', 'truecolor'), ('TERMINATOR_DBUS_NAME', 'net.tenshu.Terminator21a9d5db22c73a993ff0b42f64b396873'), ('GIO_LAUNCHED_DESKTOP_FILE_PID', '4526'), ('ROS_DISTRO', 'humble'), ('GTK_IM_MODULE', 'ibus'), ('LOGNAME', 'ros'), ('JOURNAL_STREAM', '8:20866'), ('_', '/usr/bin/colcon'), ('ROS_VERSION', '2'), ('XDG_SESSION_CLASS', 'user'), ('USERNAME', 'ros'), ('TERM', 'xterm-256color'), ('GNOME_DESKTOP_SESSION_ID', 'this-is-deprecated'), ('ROS_LOCALHOST_ONLY', '0'), ('WINDOWPATH', '2'), ('PATH', '/opt/ros/humble/bin:/home/ros/.local/bin:/usr/local/sbin:/usr/local/bin:/usr/sbin:/usr/bin:/sbin:/bin:/usr/games:/usr/local/games:/snap/bin:/snap/bin'), ('SESSION_MANAGER', 'local/ros-virtual-machine:@/tmp/.ICE-unix/1316,unix/ros-virtual-machine:/tmp/.ICE-unix/1316'), ('INVOCATION_ID', '00487b699f7d4c798b6f2c9b5207b5fc'), ('XDG_MENU_PREFIX', 'gnome-'), ('LC_ADDRESS', 'es_CO.UTF-8'), ('XDG_RUNTIME_DIR', '/run/user/1000'), ('DISPLAY', ':0'), ('TERMINATOR_DBUS_PATH', '/net/tenshu/Terminator2'), ('LANG', 'en_US.UTF-8'), ('XDG_CURRENT_DESKTOP', 'ubuntu:GNOME'), ('IBUS_DISABLE_SNOOPER', '1'), ('LC_TELEPHONE', 'es_CO.UTF-8'), ('XMODIFIERS', '@im=ibus'), ('XDG_SESSION_DESKTOP', 'ubuntu-xorg'), ('XAUTHORITY', '/run/user/1000/gdm/Xauthority'), ('LS_COLORS', 'rs=0:di=01;34:ln=01;36:mh=00:pi=40;33:so=01;35:do=01;35:bd=40;33;01:cd=40;33;01:or=40;31;01:mi=00:su=37;41:sg=30;43:ca=30;41:tw=30;42:ow=34;42:st=37;44:ex=01;32:*.tar=01;31:*.tgz=01;31:*.arc=01;31:*.arj=01;31:*.taz=01;31:*.lha=01;31:*.lz4=01;31:*.lzh=01;31:*.lzma=01;31:*.tlz=01;31:*.txz=01;31:*.tzo=01;31:*.t7z=01;31:*.zip=01;31:*.z=01;31:*.dz=01;31:*.gz=01;31:*.lrz=01;31:*.lz=01;31:*.lzo=01;31:*.xz=01;31:*.zst=01;31:*.tzst=01;31:*.bz2=01;31:*.bz=01;31:*.tbz=01;31:*.tbz2=01;31:*.tz=01;31:*.deb=01;31:*.rpm=01;31:*.jar=01;31:*.war=01;31:*.ear=01;31:*.sar=01;31:*.rar=01;31:*.alz=01;31:*.ace=01;31:*.zoo=01;31:*.cpio=01;31:*.7z=01;31:*.rz=01;31:*.cab=01;31:*.wim=01;31:*.swm=01;31:*.dwm=01;31:*.esd=01;31:*.jpg=01;35:*.jpeg=01;35:*.mjpg=01;35:*.mjpeg=01;35:*.gif=01;35:*.bmp=01;35:*.pbm=01;35:*.pgm=01;35:*.ppm=01;35:*.tga=01;35:*.xbm=01;35:*.xpm=01;35:*.tif=01;35:*.tiff=01;35:*.png=01;35:*.svg=01;35:*.svgz=01;35:*.mng=01;35:*.pcx=01;35:*.mov=01;35:*.mpg=01;35:*.mpeg=01;35:*.m2v=01;35:*.mkv=01;35:*.webm=01;35:*.webp=01;35:*.ogm=01;35:*.mp4=01;35:*.m4v=01;35:*.mp4v=01;35:*.vob=01;35:*.qt=01;35:*.nuv=01;35:*.wmv=01;35:*.asf=01;35:*.rm=01;35:*.rmvb=01;35:*.flc=01;35:*.avi=01;35:*.fli=01;35:*.flv=01;35:*.gl=01;35:*.dl=01;35:*.xcf=01;35:*.xwd=01;35:*.yuv=01;35:*.cgm=01;35:*.emf=01;35:*.ogv=01;35:*.ogx=01;35:*.aac=00;36:*.au=00;36:*.flac=00;36:*.m4a=00;36:*.mid=00;36:*.midi=00;36:*.mka=00;36:*.mp3=00;36:*.mpc=00;36:*.ogg=00;36:*.ra=00;36:*.wav=00;36:*.oga=00;36:*.opus=00;36:*.spx=00;36:*.xspf=00;36:'), ('SSH_AGENT_LAUNCHER', 'gnome-keyring'), ('SSH_AUTH_SOCK', '/run/user/1000/keyring/ssh'), ('AMENT_PREFIX_PATH', '/opt/ros/humble'), ('SHELL', '/bin/bash'), ('LC_NAME', 'es_CO.UTF-8'), ('TERMINATOR_UUID', 'urn:uuid:1623e010-cd7e-4313-86eb-01e292c650ef'), ('QT_ACCESSIBILITY', '1'), ('GDMSESSION', 'ubuntu-xorg'), ('LESSCLOSE', '/usr/bin/lesspipe %s %s'), ('LC_MEASUREMENT', 'es_CO.UTF-8'), ('GPG_AGENT_INFO', '/run/user/1000/gnupg/S.gpg-agent:0:1'), ('GJS_DEBUG_OUTPUT', 'stderr'), ('LC_IDENTIFICATION', 'es_CO.UTF-8'), ('QT_IM_MODULE', 'ibus'), ('PWD', '/home/ros/arm_ws/build/arm_bringup'), ('LC_ALL', 'en_US.UTF-8'), ('XDG_CONFIG_DIRS', '/etc/xdg/xdg-ubuntu-xorg:/etc/xdg'), ('XDG_DATA_DIRS', '/usr/share/ubuntu-xorg:/usr/share/gnome:/usr/local/share/:/usr/share/:/var/lib/snapd/desktop'), ('PYTHONPATH', '/opt/ros/humble/lib/python3.10/site-packages:/opt/ros/humble/local/lib/python3.10/dist-packages'), ('LC_NUMERIC', 'es_CO.UTF-8'), ('LC_PAPER', 'es_CO.UTF-8'), ('COLCON', '1'), ('VTE_VERSION', '6800'), ('CMAKE_PREFIX_PATH', '/opt/ros/humble')]), 'shell': False}
[0.197604] (-) TimerEvent: {}
[0.300142] (-) TimerEvent: {}
[0.393052] (arm_msgs) StdoutLine: {'line': b'[ 11%] Built target arm_msgs__rosidl_generator_c\n'}
[0.400502] (arm_msgs) StdoutLine: {'line': b'[ 12%] Built target arm_msgs__cpp\n'}
[0.401058] (-) TimerEvent: {}
[0.459702] (arm_bringup) CommandEnded: {'returncode': 0}
[0.505541] (-) TimerEvent: {}
[0.590814] (arm_msgs) StdoutLine: {'line': b'[ 23%] Built target arm_msgs__rosidl_typesupport_cpp\n'}
[0.606353] (-) TimerEvent: {}
[0.676205] (arm_msgs) StdoutLine: {'line': b'[ 23%] Built target ament_cmake_python_copy_arm_msgs\n'}
[0.712445] (-) TimerEvent: {}
[0.757367] (arm_bringup) JobProgress: {'identifier': 'arm_bringup', 'progress': 'install'}
[0.809863] (arm_msgs) StdoutLine: {'line': b'[ 34%] Built target arm_msgs__rosidl_typesupport_fastrtps_c\n'}
[0.812582] (-) TimerEvent: {}
[0.845768] (arm_bringup) Command: {'cmd': ['/usr/bin/cmake', '--install', '/home/ros/arm_ws/build/arm_bringup'], 'cwd': '/home/ros/arm_ws/build/arm_bringup', 'env': OrderedDict([('GJS_DEBUG_TOPICS', 'JS ERROR;JS LOG'), ('LESSOPEN', '| /usr/bin/lesspipe %s'), ('LANGUAGE', 'en_US:'), ('USER', 'ros'), ('LC_TIME', 'es_CO.UTF-8'), ('XDG_SESSION_TYPE', 'x11'), ('SHLVL', '1'), ('LD_LIBRARY_PATH', '/usr/lib/x86_64-linux-gnu/gazebo-11/plugins:/opt/ros/humble/opt/rviz_ogre_vendor/lib:/opt/ros/humble/lib/x86_64-linux-gnu:/opt/ros/humble/lib'), ('HOME', '/home/ros'), ('OLDPWD', '/home/ros'), ('DESKTOP_SESSION', 'ubuntu-xorg'), ('GIO_LAUNCHED_DESKTOP_FILE', '/usr/share/applications/terminator.desktop'), ('ROS_PYTHON_VERSION', '3'), ('GNOME_SHELL_SESSION_MODE', 'ubuntu'), ('GTK_MODULES', 'gail:atk-bridge'), ('LC_MONETARY', 'es_CO.UTF-8'), ('MANAGERPID', '979'), ('SYSTEMD_EXEC_PID', '1347'), ('DBUS_SESSION_BUS_ADDRESS', 'unix:path=/run/user/1000/bus'), ('COLORTERM', 'truecolor'), ('TERMINATOR_DBUS_NAME', 'net.tenshu.Terminator21a9d5db22c73a993ff0b42f64b396873'), ('GIO_LAUNCHED_DESKTOP_FILE_PID', '4526'), ('ROS_DISTRO', 'humble'), ('GTK_IM_MODULE', 'ibus'), ('LOGNAME', 'ros'), ('JOURNAL_STREAM', '8:20866'), ('_', '/usr/bin/colcon'), ('ROS_VERSION', '2'), ('XDG_SESSION_CLASS', 'user'), ('USERNAME', 'ros'), ('TERM', 'xterm-256color'), ('GNOME_DESKTOP_SESSION_ID', 'this-is-deprecated'), ('ROS_LOCALHOST_ONLY', '0'), ('WINDOWPATH', '2'), ('PATH', '/opt/ros/humble/bin:/home/ros/.local/bin:/usr/local/sbin:/usr/local/bin:/usr/sbin:/usr/bin:/sbin:/bin:/usr/games:/usr/local/games:/snap/bin:/snap/bin'), ('SESSION_MANAGER', 'local/ros-virtual-machine:@/tmp/.ICE-unix/1316,unix/ros-virtual-machine:/tmp/.ICE-unix/1316'), ('INVOCATION_ID', '00487b699f7d4c798b6f2c9b5207b5fc'), ('XDG_MENU_PREFIX', 'gnome-'), ('LC_ADDRESS', 'es_CO.UTF-8'), ('XDG_RUNTIME_DIR', '/run/user/1000'), ('DISPLAY', ':0'), ('TERMINATOR_DBUS_PATH', '/net/tenshu/Terminator2'), ('LANG', 'en_US.UTF-8'), ('XDG_CURRENT_DESKTOP', 'ubuntu:GNOME'), ('IBUS_DISABLE_SNOOPER', '1'), ('LC_TELEPHONE', 'es_CO.UTF-8'), ('XMODIFIERS', '@im=ibus'), ('XDG_SESSION_DESKTOP', 'ubuntu-xorg'), ('XAUTHORITY', '/run/user/1000/gdm/Xauthority'), ('LS_COLORS', 'rs=0:di=01;34:ln=01;36:mh=00:pi=40;33:so=01;35:do=01;35:bd=40;33;01:cd=40;33;01:or=40;31;01:mi=00:su=37;41:sg=30;43:ca=30;41:tw=30;42:ow=34;42:st=37;44:ex=01;32:*.tar=01;31:*.tgz=01;31:*.arc=01;31:*.arj=01;31:*.taz=01;31:*.lha=01;31:*.lz4=01;31:*.lzh=01;31:*.lzma=01;31:*.tlz=01;31:*.txz=01;31:*.tzo=01;31:*.t7z=01;31:*.zip=01;31:*.z=01;31:*.dz=01;31:*.gz=01;31:*.lrz=01;31:*.lz=01;31:*.lzo=01;31:*.xz=01;31:*.zst=01;31:*.tzst=01;31:*.bz2=01;31:*.bz=01;31:*.tbz=01;31:*.tbz2=01;31:*.tz=01;31:*.deb=01;31:*.rpm=01;31:*.jar=01;31:*.war=01;31:*.ear=01;31:*.sar=01;31:*.rar=01;31:*.alz=01;31:*.ace=01;31:*.zoo=01;31:*.cpio=01;31:*.7z=01;31:*.rz=01;31:*.cab=01;31:*.wim=01;31:*.swm=01;31:*.dwm=01;31:*.esd=01;31:*.jpg=01;35:*.jpeg=01;35:*.mjpg=01;35:*.mjpeg=01;35:*.gif=01;35:*.bmp=01;35:*.pbm=01;35:*.pgm=01;35:*.ppm=01;35:*.tga=01;35:*.xbm=01;35:*.xpm=01;35:*.tif=01;35:*.tiff=01;35:*.png=01;35:*.svg=01;35:*.svgz=01;35:*.mng=01;35:*.pcx=01;35:*.mov=01;35:*.mpg=01;35:*.mpeg=01;35:*.m2v=01;35:*.mkv=01;35:*.webm=01;35:*.webp=01;35:*.ogm=01;35:*.mp4=01;35:*.m4v=01;35:*.mp4v=01;35:*.vob=01;35:*.qt=01;35:*.nuv=01;35:*.wmv=01;35:*.asf=01;35:*.rm=01;35:*.rmvb=01;35:*.flc=01;35:*.avi=01;35:*.fli=01;35:*.flv=01;35:*.gl=01;35:*.dl=01;35:*.xcf=01;35:*.xwd=01;35:*.yuv=01;35:*.cgm=01;35:*.emf=01;35:*.ogv=01;35:*.ogx=01;35:*.aac=00;36:*.au=00;36:*.flac=00;36:*.m4a=00;36:*.mid=00;36:*.midi=00;36:*.mka=00;36:*.mp3=00;36:*.mpc=00;36:*.ogg=00;36:*.ra=00;36:*.wav=00;36:*.oga=00;36:*.opus=00;36:*.spx=00;36:*.xspf=00;36:'), ('SSH_AGENT_LAUNCHER', 'gnome-keyring'), ('SSH_AUTH_SOCK', '/run/user/1000/keyring/ssh'), ('AMENT_PREFIX_PATH', '/opt/ros/humble'), ('SHELL', '/bin/bash'), ('LC_NAME', 'es_CO.UTF-8'), ('TERMINATOR_UUID', 'urn:uuid:1623e010-cd7e-4313-86eb-01e292c650ef'), ('QT_ACCESSIBILITY', '1'), ('GDMSESSION', 'ubuntu-xorg'), ('LESSCLOSE', '/usr/bin/lesspipe %s %s'), ('LC_MEASUREMENT', 'es_CO.UTF-8'), ('GPG_AGENT_INFO', '/run/user/1000/gnupg/S.gpg-agent:0:1'), ('GJS_DEBUG_OUTPUT', 'stderr'), ('LC_IDENTIFICATION', 'es_CO.UTF-8'), ('QT_IM_MODULE', 'ibus'), ('PWD', '/home/ros/arm_ws/build/arm_bringup'), ('LC_ALL', 'en_US.UTF-8'), ('XDG_CONFIG_DIRS', '/etc/xdg/xdg-ubuntu-xorg:/etc/xdg'), ('XDG_DATA_DIRS', '/usr/share/ubuntu-xorg:/usr/share/gnome:/usr/local/share/:/usr/share/:/var/lib/snapd/desktop'), ('PYTHONPATH', '/opt/ros/humble/lib/python3.10/site-packages:/opt/ros/humble/local/lib/python3.10/dist-packages'), ('LC_NUMERIC', 'es_CO.UTF-8'), ('LC_PAPER', 'es_CO.UTF-8'), ('COLCON', '1'), ('VTE_VERSION', '6800'), ('CMAKE_PREFIX_PATH', '/opt/ros/humble')]), 'shell': False}
[0.913339] (arm_bringup) StdoutLine: {'line': b'-- Install configuration: ""\n'}
[0.914422] (-) TimerEvent: {}
[0.920676] (arm_bringup) StdoutLine: {'line': b'-- Up-to-date: /home/ros/arm_ws/install/arm_bringup/share/arm_bringup/launch\n'}
[0.921264] (arm_bringup) StdoutLine: {'line': b'-- Up-to-date: /home/ros/arm_ws/install/arm_bringup/share/arm_bringup/launch/simulated_robot.launch.py\n'}
[0.921841] (arm_bringup) StdoutLine: {'line': b'-- Up-to-date: /home/ros/arm_ws/install/arm_bringup/share/arm_bringup/launch/real_robot.launch.py\n'}
[0.922261] (arm_bringup) StdoutLine: {'line': b'-- Up-to-date: /home/ros/arm_ws/install/arm_bringup/share/ament_index/resource_index/package_run_dependencies/arm_bringup\n'}
[0.922525] (arm_bringup) StdoutLine: {'line': b'-- Up-to-date: /home/ros/arm_ws/install/arm_bringup/share/ament_index/resource_index/parent_prefix_path/arm_bringup\n'}
[0.922655] (arm_bringup) StdoutLine: {'line': b'-- Up-to-date: /home/ros/arm_ws/install/arm_bringup/share/arm_bringup/environment/ament_prefix_path.sh\n'}
[0.925890] (arm_bringup) StdoutLine: {'line': b'-- Up-to-date: /home/ros/arm_ws/install/arm_bringup/share/arm_bringup/environment/ament_prefix_path.dsv\n'}
[0.926418] (arm_bringup) StdoutLine: {'line': b'-- Up-to-date: /home/ros/arm_ws/install/arm_bringup/share/arm_bringup/environment/path.sh\n'}
[0.926878] (arm_bringup) StdoutLine: {'line': b'-- Up-to-date: /home/ros/arm_ws/install/arm_bringup/share/arm_bringup/environment/path.dsv\n'}
[0.927264] (arm_bringup) StdoutLine: {'line': b'-- Up-to-date: /home/ros/arm_ws/install/arm_bringup/share/arm_bringup/local_setup.bash\n'}
[0.927553] (arm_bringup) StdoutLine: {'line': b'-- Up-to-date: /home/ros/arm_ws/install/arm_bringup/share/arm_bringup/local_setup.sh\n'}
[0.931931] (arm_bringup) StdoutLine: {'line': b'-- Up-to-date: /home/ros/arm_ws/install/arm_bringup/share/arm_bringup/local_setup.zsh\n'}
[0.932157] (arm_bringup) StdoutLine: {'line': b'-- Up-to-date: /home/ros/arm_ws/install/arm_bringup/share/arm_bringup/local_setup.dsv\n'}
[0.932281] (arm_bringup) StdoutLine: {'line': b'-- Installing: /home/ros/arm_ws/install/arm_bringup/share/arm_bringup/package.dsv\n'}
[0.932524] (arm_bringup) StdoutLine: {'line': b'-- Up-to-date: /home/ros/arm_ws/install/arm_bringup/share/ament_index/resource_index/packages/arm_bringup\n'}
[0.932875] (arm_bringup) StdoutLine: {'line': b'-- Up-to-date: /home/ros/arm_ws/install/arm_bringup/share/arm_bringup/cmake/arm_bringupConfig.cmake\n'}
[0.933186] (arm_bringup) StdoutLine: {'line': b'-- Up-to-date: /home/ros/arm_ws/install/arm_bringup/share/arm_bringup/cmake/arm_bringupConfig-version.cmake\n'}
[0.935934] (arm_bringup) StdoutLine: {'line': b'-- Up-to-date: /home/ros/arm_ws/install/arm_bringup/share/arm_bringup/package.xml\n'}
[0.951021] (arm_bringup) CommandEnded: {'returncode': 0}
[0.952062] (arm_msgs) StdoutLine: {'line': b'[ 46%] Built target arm_msgs__rosidl_typesupport_fastrtps_cpp\n'}
[1.022687] (-) TimerEvent: {}
[1.064962] (arm_msgs) StdoutLine: {'line': b'[ 57%] Built target arm_msgs__rosidl_typesupport_introspection_c\n'}
[1.122901] (-) TimerEvent: {}
[1.219187] (arm_msgs) StdoutLine: {'line': b'[ 68%] Built target arm_msgs__rosidl_typesupport_c\n'}
[1.225447] (-) TimerEvent: {}
[1.310697] (arm_msgs) StdoutLine: {'line': b'[ 79%] Built target arm_msgs__rosidl_typesupport_introspection_cpp\n'}
[1.330304] (-) TimerEvent: {}
[1.433837] (-) TimerEvent: {}
[1.535857] (-) TimerEvent: {}
[1.581075] (arm_msgs) StdoutLine: {'line': b'[ 79%] Built target arm_msgs\n'}
[1.641179] (-) TimerEvent: {}
[1.691370] (arm_bringup) JobEnded: {'identifier': 'arm_bringup', 'rc': 0}
[1.697828] (arm_controller) JobStarted: {'identifier': 'arm_controller'}
[1.744242] (-) TimerEvent: {}
[1.820842] (arm_controller) JobProgress: {'identifier': 'arm_controller', 'progress': 'cmake'}
[1.832926] (arm_controller) JobProgress: {'identifier': 'arm_controller', 'progress': 'build'}
[1.842184] (arm_controller) Command: {'cmd': ['/usr/bin/cmake', '--build', '/home/ros/arm_ws/build/arm_controller', '--', '-j2', '-l2'], 'cwd': '/home/ros/arm_ws/build/arm_controller', 'env': OrderedDict([('GJS_DEBUG_TOPICS', 'JS ERROR;JS LOG'), ('LESSOPEN', '| /usr/bin/lesspipe %s'), ('LANGUAGE', 'en_US:'), ('USER', 'ros'), ('LC_TIME', 'es_CO.UTF-8'), ('XDG_SESSION_TYPE', 'x11'), ('SHLVL', '1'), ('LD_LIBRARY_PATH', '/usr/lib/x86_64-linux-gnu/gazebo-11/plugins:/opt/ros/humble/opt/rviz_ogre_vendor/lib:/opt/ros/humble/lib/x86_64-linux-gnu:/opt/ros/humble/lib'), ('HOME', '/home/ros'), ('OLDPWD', '/home/ros'), ('DESKTOP_SESSION', 'ubuntu-xorg'), ('GIO_LAUNCHED_DESKTOP_FILE', '/usr/share/applications/terminator.desktop'), ('ROS_PYTHON_VERSION', '3'), ('GNOME_SHELL_SESSION_MODE', 'ubuntu'), ('GTK_MODULES', 'gail:atk-bridge'), ('LC_MONETARY', 'es_CO.UTF-8'), ('MANAGERPID', '979'), ('SYSTEMD_EXEC_PID', '1347'), ('DBUS_SESSION_BUS_ADDRESS', 'unix:path=/run/user/1000/bus'), ('COLORTERM', 'truecolor'), ('TERMINATOR_DBUS_NAME', 'net.tenshu.Terminator21a9d5db22c73a993ff0b42f64b396873'), ('GIO_LAUNCHED_DESKTOP_FILE_PID', '4526'), ('ROS_DISTRO', 'humble'), ('GTK_IM_MODULE', 'ibus'), ('LOGNAME', 'ros'), ('JOURNAL_STREAM', '8:20866'), ('_', '/usr/bin/colcon'), ('ROS_VERSION', '2'), ('XDG_SESSION_CLASS', 'user'), ('USERNAME', 'ros'), ('TERM', 'xterm-256color'), ('GNOME_DESKTOP_SESSION_ID', 'this-is-deprecated'), ('ROS_LOCALHOST_ONLY', '0'), ('WINDOWPATH', '2'), ('PATH', '/opt/ros/humble/bin:/home/ros/.local/bin:/usr/local/sbin:/usr/local/bin:/usr/sbin:/usr/bin:/sbin:/bin:/usr/games:/usr/local/games:/snap/bin:/snap/bin'), ('SESSION_MANAGER', 'local/ros-virtual-machine:@/tmp/.ICE-unix/1316,unix/ros-virtual-machine:/tmp/.ICE-unix/1316'), ('INVOCATION_ID', '00487b699f7d4c798b6f2c9b5207b5fc'), ('XDG_MENU_PREFIX', 'gnome-'), ('LC_ADDRESS', 'es_CO.UTF-8'), ('XDG_RUNTIME_DIR', '/run/user/1000'), ('DISPLAY', ':0'), ('TERMINATOR_DBUS_PATH', '/net/tenshu/Terminator2'), ('LANG', 'en_US.UTF-8'), ('XDG_CURRENT_DESKTOP', 'ubuntu:GNOME'), ('IBUS_DISABLE_SNOOPER', '1'), ('LC_TELEPHONE', 'es_CO.UTF-8'), ('XMODIFIERS', '@im=ibus'), ('XDG_SESSION_DESKTOP', 'ubuntu-xorg'), ('XAUTHORITY', '/run/user/1000/gdm/Xauthority'), ('LS_COLORS', 'rs=0:di=01;34:ln=01;36:mh=00:pi=40;33:so=01;35:do=01;35:bd=40;33;01:cd=40;33;01:or=40;31;01:mi=00:su=37;41:sg=30;43:ca=30;41:tw=30;42:ow=34;42:st=37;44:ex=01;32:*.tar=01;31:*.tgz=01;31:*.arc=01;31:*.arj=01;31:*.taz=01;31:*.lha=01;31:*.lz4=01;31:*.lzh=01;31:*.lzma=01;31:*.tlz=01;31:*.txz=01;31:*.tzo=01;31:*.t7z=01;31:*.zip=01;31:*.z=01;31:*.dz=01;31:*.gz=01;31:*.lrz=01;31:*.lz=01;31:*.lzo=01;31:*.xz=01;31:*.zst=01;31:*.tzst=01;31:*.bz2=01;31:*.bz=01;31:*.tbz=01;31:*.tbz2=01;31:*.tz=01;31:*.deb=01;31:*.rpm=01;31:*.jar=01;31:*.war=01;31:*.ear=01;31:*.sar=01;31:*.rar=01;31:*.alz=01;31:*.ace=01;31:*.zoo=01;31:*.cpio=01;31:*.7z=01;31:*.rz=01;31:*.cab=01;31:*.wim=01;31:*.swm=01;31:*.dwm=01;31:*.esd=01;31:*.jpg=01;35:*.jpeg=01;35:*.mjpg=01;35:*.mjpeg=01;35:*.gif=01;35:*.bmp=01;35:*.pbm=01;35:*.pgm=01;35:*.ppm=01;35:*.tga=01;35:*.xbm=01;35:*.xpm=01;35:*.tif=01;35:*.tiff=01;35:*.png=01;35:*.svg=01;35:*.svgz=01;35:*.mng=01;35:*.pcx=01;35:*.mov=01;35:*.mpg=01;35:*.mpeg=01;35:*.m2v=01;35:*.mkv=01;35:*.webm=01;35:*.webp=01;35:*.ogm=01;35:*.mp4=01;35:*.m4v=01;35:*.mp4v=01;35:*.vob=01;35:*.qt=01;35:*.nuv=01;35:*.wmv=01;35:*.asf=01;35:*.rm=01;35:*.rmvb=01;35:*.flc=01;35:*.avi=01;35:*.fli=01;35:*.flv=01;35:*.gl=01;35:*.dl=01;35:*.xcf=01;35:*.xwd=01;35:*.yuv=01;35:*.cgm=01;35:*.emf=01;35:*.ogv=01;35:*.ogx=01;35:*.aac=00;36:*.au=00;36:*.flac=00;36:*.m4a=00;36:*.mid=00;36:*.midi=00;36:*.mka=00;36:*.mp3=00;36:*.mpc=00;36:*.ogg=00;36:*.ra=00;36:*.wav=00;36:*.oga=00;36:*.opus=00;36:*.spx=00;36:*.xspf=00;36:'), ('SSH_AGENT_LAUNCHER', 'gnome-keyring'), ('SSH_AUTH_SOCK', '/run/user/1000/keyring/ssh'), ('AMENT_PREFIX_PATH', '/opt/ros/humble'), ('SHELL', '/bin/bash'), ('LC_NAME', 'es_CO.UTF-8'), ('TERMINATOR_UUID', 'urn:uuid:1623e010-cd7e-4313-86eb-01e292c650ef'), ('QT_ACCESSIBILITY', '1'), ('GDMSESSION', 'ubuntu-xorg'), ('LESSCLOSE', '/usr/bin/lesspipe %s %s'), ('LC_MEASUREMENT', 'es_CO.UTF-8'), ('GPG_AGENT_INFO', '/run/user/1000/gnupg/S.gpg-agent:0:1'), ('GJS_DEBUG_OUTPUT', 'stderr'), ('LC_IDENTIFICATION', 'es_CO.UTF-8'), ('QT_IM_MODULE', 'ibus'), ('PWD', '/home/ros/arm_ws/build/arm_controller'), ('LC_ALL', 'en_US.UTF-8'), ('XDG_CONFIG_DIRS', '/etc/xdg/xdg-ubuntu-xorg:/etc/xdg'), ('XDG_DATA_DIRS', '/usr/share/ubuntu-xorg:/usr/share/gnome:/usr/local/share/:/usr/share/:/var/lib/snapd/desktop'), ('PYTHONPATH', '/opt/ros/humble/lib/python3.10/site-packages:/opt/ros/humble/local/lib/python3.10/dist-packages'), ('LC_NUMERIC', 'es_CO.UTF-8'), ('LC_PAPER', 'es_CO.UTF-8'), ('COLCON', '1'), ('VTE_VERSION', '6800'), ('CMAKE_PREFIX_PATH', '/opt/ros/humble')]), 'shell': False}
[1.847443] (-) TimerEvent: {}
[1.935346] (arm_msgs) StdoutLine: {'line': b'[ 80%] Built target arm_msgs__py\n'}
[1.949219] (-) TimerEvent: {}
[2.050170] (-) TimerEvent: {}
[2.157207] (-) TimerEvent: {}
[2.258885] (-) TimerEvent: {}
[2.297969] (arm_msgs) StdoutLine: {'line': b'[ 90%] Built target arm_msgs__rosidl_generator_py\n'}
[2.362649] (-) TimerEvent: {}
[2.463716] (-) TimerEvent: {}
[2.536462] (arm_controller) StdoutLine: {'line': b'\x1b[35m\x1b[1mConsolidate compiler generated dependencies of target arm_controller\x1b[0m\n'}
[2.567237] (-) TimerEvent: {}
[2.660950] (arm_msgs) StdoutLine: {'line': b'[ 93%] Built target arm_msgs__rosidl_typesupport_fastrtps_c__pyext\n'}
[2.667572] (-) TimerEvent: {}
[2.771870] (-) TimerEvent: {}
[2.804942] (arm_controller) StdoutLine: {'line': b'[ 50%] Built target slider_control\n'}
[2.833780] (arm_controller) StdoutLine: {'line': b'[100%] Built target arm_controller\n'}
[2.877849] (-) TimerEvent: {}
[2.979140] (-) TimerEvent: {}
[3.014902] (arm_msgs) StdoutLine: {'line': b'[ 96%] Built target arm_msgs__rosidl_typesupport_introspection_c__pyext\n'}
[3.080867] (-) TimerEvent: {}
[3.140324] (arm_controller) StdoutLine: {'line': b'[100%] Built target ament_cmake_python_copy_arm_controller\n'}
[3.183633] (-) TimerEvent: {}
[3.224889] (arm_msgs) StdoutLine: {'line': b'[100%] Built target arm_msgs__rosidl_typesupport_c__pyext\n'}
[3.284118] (-) TimerEvent: {}
[3.386199] (-) TimerEvent: {}
[3.490960] (-) TimerEvent: {}
[3.591450] (-) TimerEvent: {}
[3.692825] (-) TimerEvent: {}
[3.795869] (-) TimerEvent: {}
[3.897576] (-) TimerEvent: {}
[4.001887] (-) TimerEvent: {}
[4.018532] (arm_msgs) StdoutLine: {'line': b'running egg_info\n'}
[4.027494] (arm_msgs) StdoutLine: {'line': b'writing arm_msgs.egg-info/PKG-INFO\n'}
[4.031323] (arm_msgs) StdoutLine: {'line': b'writing dependency_links to arm_msgs.egg-info/dependency_links.txt\n'}
[4.033824] (arm_msgs) StdoutLine: {'line': b'writing top-level names to arm_msgs.egg-info/top_level.txt\n'}
[4.055396] (arm_msgs) StdoutLine: {'line': b"reading manifest file 'arm_msgs.egg-info/SOURCES.txt'\n"}
[4.055980] (arm_msgs) StdoutLine: {'line': b"writing manifest file 'arm_msgs.egg-info/SOURCES.txt'\n"}
[4.105291] (-) TimerEvent: {}
[4.207145] (-) TimerEvent: {}
[4.276410] (arm_msgs) StdoutLine: {'line': b'[100%] Built target ament_cmake_python_build_arm_msgs_egg\n'}
[4.307898] (-) TimerEvent: {}
[4.364682] (arm_msgs) CommandEnded: {'returncode': 0}
[4.409362] (-) TimerEvent: {}
[4.510970] (-) TimerEvent: {}
[4.616057] (-) TimerEvent: {}
[4.717864] (-) TimerEvent: {}
[4.819959] (-) TimerEvent: {}
[4.852889] (arm_controller) StdoutLine: {'line': b'running egg_info\n'}
[4.859511] (arm_controller) StdoutLine: {'line': b'writing arm_controller.egg-info/PKG-INFO\n'}
[4.868970] (arm_controller) StdoutLine: {'line': b'writing dependency_links to arm_controller.egg-info/dependency_links.txt\n'}
[4.872863] (arm_controller) StdoutLine: {'line': b'writing top-level names to arm_controller.egg-info/top_level.txt\n'}
[4.906298] (arm_controller) StdoutLine: {'line': b"reading manifest file 'arm_controller.egg-info/SOURCES.txt'\n"}
[4.920027] (arm_controller) StdoutLine: {'line': b"writing manifest file 'arm_controller.egg-info/SOURCES.txt'\n"}
[4.921426] (-) TimerEvent: {}
[5.028336] (-) TimerEvent: {}
[5.130060] (-) TimerEvent: {}
[5.152570] (arm_controller) StdoutLine: {'line': b'[100%] Built target ament_cmake_python_build_arm_controller_egg\n'}
[5.226674] (arm_controller) CommandEnded: {'returncode': 0}
[5.230844] (-) TimerEvent: {}
[5.334249] (-) TimerEvent: {}
[5.438084] (-) TimerEvent: {}
[5.505516] (arm_controller) JobProgress: {'identifier': 'arm_controller', 'progress': 'install'}
[5.507164] (arm_controller) Command: {'cmd': ['/usr/bin/cmake', '--install', '/home/ros/arm_ws/build/arm_controller'], 'cwd': '/home/ros/arm_ws/build/arm_controller', 'env': OrderedDict([('GJS_DEBUG_TOPICS', 'JS ERROR;JS LOG'), ('LESSOPEN', '| /usr/bin/lesspipe %s'), ('LANGUAGE', 'en_US:'), ('USER', 'ros'), ('LC_TIME', 'es_CO.UTF-8'), ('XDG_SESSION_TYPE', 'x11'), ('SHLVL', '1'), ('LD_LIBRARY_PATH', '/usr/lib/x86_64-linux-gnu/gazebo-11/plugins:/opt/ros/humble/opt/rviz_ogre_vendor/lib:/opt/ros/humble/lib/x86_64-linux-gnu:/opt/ros/humble/lib'), ('HOME', '/home/ros'), ('OLDPWD', '/home/ros'), ('DESKTOP_SESSION', 'ubuntu-xorg'), ('GIO_LAUNCHED_DESKTOP_FILE', '/usr/share/applications/terminator.desktop'), ('ROS_PYTHON_VERSION', '3'), ('GNOME_SHELL_SESSION_MODE', 'ubuntu'), ('GTK_MODULES', 'gail:atk-bridge'), ('LC_MONETARY', 'es_CO.UTF-8'), ('MANAGERPID', '979'), ('SYSTEMD_EXEC_PID', '1347'), ('DBUS_SESSION_BUS_ADDRESS', 'unix:path=/run/user/1000/bus'), ('COLORTERM', 'truecolor'), ('TERMINATOR_DBUS_NAME', 'net.tenshu.Terminator21a9d5db22c73a993ff0b42f64b396873'), ('GIO_LAUNCHED_DESKTOP_FILE_PID', '4526'), ('ROS_DISTRO', 'humble'), ('GTK_IM_MODULE', 'ibus'), ('LOGNAME', 'ros'), ('JOURNAL_STREAM', '8:20866'), ('_', '/usr/bin/colcon'), ('ROS_VERSION', '2'), ('XDG_SESSION_CLASS', 'user'), ('USERNAME', 'ros'), ('TERM', 'xterm-256color'), ('GNOME_DESKTOP_SESSION_ID', 'this-is-deprecated'), ('ROS_LOCALHOST_ONLY', '0'), ('WINDOWPATH', '2'), ('PATH', '/opt/ros/humble/bin:/home/ros/.local/bin:/usr/local/sbin:/usr/local/bin:/usr/sbin:/usr/bin:/sbin:/bin:/usr/games:/usr/local/games:/snap/bin:/snap/bin'), ('SESSION_MANAGER', 'local/ros-virtual-machine:@/tmp/.ICE-unix/1316,unix/ros-virtual-machine:/tmp/.ICE-unix/1316'), ('INVOCATION_ID', '00487b699f7d4c798b6f2c9b5207b5fc'), ('XDG_MENU_PREFIX', 'gnome-'), ('LC_ADDRESS', 'es_CO.UTF-8'), ('XDG_RUNTIME_DIR', '/run/user/1000'), ('DISPLAY', ':0'), ('TERMINATOR_DBUS_PATH', '/net/tenshu/Terminator2'), ('LANG', 'en_US.UTF-8'), ('XDG_CURRENT_DESKTOP', 'ubuntu:GNOME'), ('IBUS_DISABLE_SNOOPER', '1'), ('LC_TELEPHONE', 'es_CO.UTF-8'), ('XMODIFIERS', '@im=ibus'), ('XDG_SESSION_DESKTOP', 'ubuntu-xorg'), ('XAUTHORITY', '/run/user/1000/gdm/Xauthority'), ('LS_COLORS', 'rs=0:di=01;34:ln=01;36:mh=00:pi=40;33:so=01;35:do=01;35:bd=40;33;01:cd=40;33;01:or=40;31;01:mi=00:su=37;41:sg=30;43:ca=30;41:tw=30;42:ow=34;42:st=37;44:ex=01;32:*.tar=01;31:*.tgz=01;31:*.arc=01;31:*.arj=01;31:*.taz=01;31:*.lha=01;31:*.lz4=01;31:*.lzh=01;31:*.lzma=01;31:*.tlz=01;31:*.txz=01;31:*.tzo=01;31:*.t7z=01;31:*.zip=01;31:*.z=01;31:*.dz=01;31:*.gz=01;31:*.lrz=01;31:*.lz=01;31:*.lzo=01;31:*.xz=01;31:*.zst=01;31:*.tzst=01;31:*.bz2=01;31:*.bz=01;31:*.tbz=01;31:*.tbz2=01;31:*.tz=01;31:*.deb=01;31:*.rpm=01;31:*.jar=01;31:*.war=01;31:*.ear=01;31:*.sar=01;31:*.rar=01;31:*.alz=01;31:*.ace=01;31:*.zoo=01;31:*.cpio=01;31:*.7z=01;31:*.rz=01;31:*.cab=01;31:*.wim=01;31:*.swm=01;31:*.dwm=01;31:*.esd=01;31:*.jpg=01;35:*.jpeg=01;35:*.mjpg=01;35:*.mjpeg=01;35:*.gif=01;35:*.bmp=01;35:*.pbm=01;35:*.pgm=01;35:*.ppm=01;35:*.tga=01;35:*.xbm=01;35:*.xpm=01;35:*.tif=01;35:*.tiff=01;35:*.png=01;35:*.svg=01;35:*.svgz=01;35:*.mng=01;35:*.pcx=01;35:*.mov=01;35:*.mpg=01;35:*.mpeg=01;35:*.m2v=01;35:*.mkv=01;35:*.webm=01;35:*.webp=01;35:*.ogm=01;35:*.mp4=01;35:*.m4v=01;35:*.mp4v=01;35:*.vob=01;35:*.qt=01;35:*.nuv=01;35:*.wmv=01;35:*.asf=01;35:*.rm=01;35:*.rmvb=01;35:*.flc=01;35:*.avi=01;35:*.fli=01;35:*.flv=01;35:*.gl=01;35:*.dl=01;35:*.xcf=01;35:*.xwd=01;35:*.yuv=01;35:*.cgm=01;35:*.emf=01;35:*.ogv=01;35:*.ogx=01;35:*.aac=00;36:*.au=00;36:*.flac=00;36:*.m4a=00;36:*.mid=00;36:*.midi=00;36:*.mka=00;36:*.mp3=00;36:*.mpc=00;36:*.ogg=00;36:*.ra=00;36:*.wav=00;36:*.oga=00;36:*.opus=00;36:*.spx=00;36:*.xspf=00;36:'), ('SSH_AGENT_LAUNCHER', 'gnome-keyring'), ('SSH_AUTH_SOCK', '/run/user/1000/keyring/ssh'), ('AMENT_PREFIX_PATH', '/opt/ros/humble'), ('SHELL', '/bin/bash'), ('LC_NAME', 'es_CO.UTF-8'), ('TERMINATOR_UUID', 'urn:uuid:1623e010-cd7e-4313-86eb-01e292c650ef'), ('QT_ACCESSIBILITY', '1'), ('GDMSESSION', 'ubuntu-xorg'), ('LESSCLOSE', '/usr/bin/lesspipe %s %s'), ('LC_MEASUREMENT', 'es_CO.UTF-8'), ('GPG_AGENT_INFO', '/run/user/1000/gnupg/S.gpg-agent:0:1'), ('GJS_DEBUG_OUTPUT', 'stderr'), ('LC_IDENTIFICATION', 'es_CO.UTF-8'), ('QT_IM_MODULE', 'ibus'), ('PWD', '/home/ros/arm_ws/build/arm_controller'), ('LC_ALL', 'en_US.UTF-8'), ('XDG_CONFIG_DIRS', '/etc/xdg/xdg-ubuntu-xorg:/etc/xdg'), ('XDG_DATA_DIRS', '/usr/share/ubuntu-xorg:/usr/share/gnome:/usr/local/share/:/usr/share/:/var/lib/snapd/desktop'), ('PYTHONPATH', '/opt/ros/humble/lib/python3.10/site-packages:/opt/ros/humble/local/lib/python3.10/dist-packages'), ('LC_NUMERIC', 'es_CO.UTF-8'), ('LC_PAPER', 'es_CO.UTF-8'), ('COLCON', '1'), ('VTE_VERSION', '6800'), ('CMAKE_PREFIX_PATH', '/opt/ros/humble')]), 'shell': False}
[5.538359] (-) TimerEvent: {}
[5.559323] (arm_controller) StdoutLine: {'line': b'-- Install configuration: ""\n'}
[5.559715] (arm_controller) StdoutLine: {'line': b'-- Up-to-date: /home/ros/arm_ws/install/arm_controller/share/arm_controller/arm_controller.xml\n'}
[5.561516] (arm_controller) StdoutLine: {'line': b'-- Up-to-date: /home/ros/arm_ws/install/arm_controller/share/arm_controller/environment/pythonpath.sh\n'}
[5.562037] (arm_controller) StdoutLine: {'line': b'-- Up-to-date: /home/ros/arm_ws/install/arm_controller/share/arm_controller/environment/pythonpath.dsv\n'}
[5.566006] (arm_controller) StdoutLine: {'line': b'-- Up-to-date: /home/ros/arm_ws/install/arm_controller/local/lib/python3.10/dist-packages/arm_controller-0.0.0-py3.10.egg-info\n'}
[5.566258] (arm_controller) StdoutLine: {'line': b'-- Installing: /home/ros/arm_ws/install/arm_controller/local/lib/python3.10/dist-packages/arm_controller-0.0.0-py3.10.egg-info/dependency_links.txt\n'}
[5.566382] (arm_controller) StdoutLine: {'line': b'-- Installing: /home/ros/arm_ws/install/arm_controller/local/lib/python3.10/dist-packages/arm_controller-0.0.0-py3.10.egg-info/SOURCES.txt\n'}
[5.568105] (arm_controller) StdoutLine: {'line': b'-- Installing: /home/ros/arm_ws/install/arm_controller/local/lib/python3.10/dist-packages/arm_controller-0.0.0-py3.10.egg-info/PKG-INFO\n'}
[5.575949] (arm_controller) StdoutLine: {'line': b'-- Installing: /home/ros/arm_ws/install/arm_controller/local/lib/python3.10/dist-packages/arm_controller-0.0.0-py3.10.egg-info/top_level.txt\n'}
[5.576233] (arm_controller) StdoutLine: {'line': b'-- Up-to-date: /home/ros/arm_ws/install/arm_controller/local/lib/python3.10/dist-packages/arm_controller\n'}
[5.576485] (arm_controller) StdoutLine: {'line': b'-- Up-to-date: /home/ros/arm_ws/install/arm_controller/local/lib/python3.10/dist-packages/arm_controller/slider_control.py\n'}
[5.576790] (arm_controller) StdoutLine: {'line': b'-- Up-to-date: /home/ros/arm_ws/install/arm_controller/local/lib/python3.10/dist-packages/arm_controller/__init__.py\n'}
[5.645479] (-) TimerEvent: {}
[5.731925] (arm_controller) StdoutLine: {'line': b"Listing '/home/ros/arm_ws/install/arm_controller/local/lib/python3.10/dist-packages/arm_controller'...\n"}
[5.746134] (-) TimerEvent: {}
[5.760855] (arm_controller) StdoutLine: {'line': b'-- Up-to-date: /home/ros/arm_ws/install/arm_controller/lib/arm_controller/slider_control\n'}
[5.771959] (arm_controller) StdoutLine: {'line': b'-- Up-to-date: /home/ros/arm_ws/install/arm_controller/lib/libarm_controller.so\n'}
[5.773946] (arm_controller) StdoutLine: {'line': b'-- Up-to-date: /home/ros/arm_ws/install/arm_controller/include/include\n'}
[5.774239] (arm_controller) StdoutLine: {'line': b'-- Up-to-date: /home/ros/arm_ws/install/arm_controller/include/include/arm_controller\n'}
[5.774459] (arm_controller) StdoutLine: {'line': b'-- Up-to-date: /home/ros/arm_ws/install/arm_controller/include/include/arm_controller/arm_interface.hpp\n'}
[5.778313] (arm_controller) StdoutLine: {'line': b'-- Up-to-date: /home/ros/arm_ws/install/arm_controller/share/arm_controller/launch\n'}
[5.784005] (arm_controller) StdoutLine: {'line': b'-- Up-to-date: /home/ros/arm_ws/install/arm_controller/share/arm_controller/launch/controller.launch.py\n'}
[5.784329] (arm_controller) StdoutLine: {'line': b'-- Up-to-date: /home/ros/arm_ws/install/arm_controller/share/arm_controller/launch/slider_controller.launch.py\n'}
[5.784576] (arm_controller) StdoutLine: {'line': b'-- Up-to-date: /home/ros/arm_ws/install/arm_controller/share/arm_controller/config\n'}
[5.787050] (arm_controller) StdoutLine: {'line': b'-- Up-to-date: /home/ros/arm_ws/install/arm_controller/share/arm_controller/config/arm_controllers.yaml\n'}
[5.791950] (arm_controller) StdoutLine: {'line': b'-- Up-to-date: /home/ros/arm_ws/install/arm_controller/lib/arm_controller/slider_control.py\n'}
[5.792329] (arm_controller) StdoutLine: {'line': b'-- Up-to-date: /home/ros/arm_ws/install/arm_controller/share/arm_controller/environment/library_path.sh\n'}
[5.792506] (arm_controller) StdoutLine: {'line': b'-- Up-to-date: /home/ros/arm_ws/install/arm_controller/share/arm_controller/environment/library_path.dsv\n'}
[5.792832] (arm_controller) StdoutLine: {'line': b'-- Up-to-date: /home/ros/arm_ws/install/arm_controller/share/ament_index/resource_index/package_run_dependencies/arm_controller\n'}
[5.794778] (arm_controller) StdoutLine: {'line': b'-- Up-to-date: /home/ros/arm_ws/install/arm_controller/share/ament_index/resource_index/parent_prefix_path/arm_controller\n'}
[5.795184] (arm_controller) StdoutLine: {'line': b'-- Up-to-date: /home/ros/arm_ws/install/arm_controller/share/arm_controller/environment/ament_prefix_path.sh\n'}
[5.795542] (arm_controller) StdoutLine: {'line': b'-- Up-to-date: /home/ros/arm_ws/install/arm_controller/share/arm_controller/environment/ament_prefix_path.dsv\n'}
[5.798021] (arm_controller) StdoutLine: {'line': b'-- Up-to-date: /home/ros/arm_ws/install/arm_controller/share/arm_controller/environment/path.sh\n'}
[5.798276] (arm_controller) StdoutLine: {'line': b'-- Up-to-date: /home/ros/arm_ws/install/arm_controller/share/arm_controller/environment/path.dsv\n'}
[5.798448] (arm_controller) StdoutLine: {'line': b'-- Up-to-date: /home/ros/arm_ws/install/arm_controller/share/arm_controller/local_setup.bash\n'}
[5.798618] (arm_controller) StdoutLine: {'line': b'-- Up-to-date: /home/ros/arm_ws/install/arm_controller/share/arm_controller/local_setup.sh\n'}
[5.798877] (arm_controller) StdoutLine: {'line': b'-- Up-to-date: /home/ros/arm_ws/install/arm_controller/share/arm_controller/local_setup.zsh\n'}
[5.799068] (arm_controller) StdoutLine: {'line': b'-- Up-to-date: /home/ros/arm_ws/install/arm_controller/share/arm_controller/local_setup.dsv\n'}
[5.799239] (arm_controller) StdoutLine: {'line': b'-- Installing: /home/ros/arm_ws/install/arm_controller/share/arm_controller/package.dsv\n'}
[5.799537] (arm_controller) StdoutLine: {'line': b'-- Up-to-date: /home/ros/arm_ws/install/arm_controller/share/ament_index/resource_index/packages/arm_controller\n'}
[5.806241] (arm_controller) StdoutLine: {'line': b'-- Up-to-date: /home/ros/arm_ws/install/arm_controller/share/ament_index/resource_index/hardware_interface__pluginlib__plugin/arm_controller\n'}
[5.806522] (arm_controller) StdoutLine: {'line': b'-- Up-to-date: /home/ros/arm_ws/install/arm_controller/share/arm_controller/cmake/ament_cmake_export_include_directories-extras.cmake\n'}
[5.806803] (arm_controller) StdoutLine: {'line': b'-- Up-to-date: /home/ros/arm_ws/install/arm_controller/share/arm_controller/cmake/ament_cmake_export_libraries-extras.cmake\n'}
[5.807137] (arm_controller) StdoutLine: {'line': b'-- Up-to-date: /home/ros/arm_ws/install/arm_controller/share/arm_controller/cmake/ament_cmake_export_dependencies-extras.cmake\n'}
[5.815293] (arm_controller) StdoutLine: {'line': b'-- Up-to-date: /home/ros/arm_ws/install/arm_controller/share/arm_controller/cmake/arm_controllerConfig.cmake\n'}
[5.818716] (arm_controller) StdoutLine: {'line': b'-- Up-to-date: /home/ros/arm_ws/install/arm_controller/share/arm_controller/cmake/arm_controllerConfig-version.cmake\n'}
[5.819110] (arm_controller) StdoutLine: {'line': b'-- Up-to-date: /home/ros/arm_ws/install/arm_controller/share/arm_controller/package.xml\n'}
[5.819349] (arm_controller) CommandEnded: {'returncode': 0}
[5.846874] (-) TimerEvent: {}
[5.947932] (-) TimerEvent: {}
[6.037928] (arm_msgs) JobProgress: {'identifier': 'arm_msgs', 'progress': 'install'}
[6.038092] (arm_msgs) Command: {'cmd': ['/usr/bin/cmake', '--install', '/home/ros/arm_ws/build/arm_msgs'], 'cwd': '/home/ros/arm_ws/build/arm_msgs', 'env': OrderedDict([('GJS_DEBUG_TOPICS', 'JS ERROR;JS LOG'), ('LESSOPEN', '| /usr/bin/lesspipe %s'), ('LANGUAGE', 'en_US:'), ('USER', 'ros'), ('LC_TIME', 'es_CO.UTF-8'), ('XDG_SESSION_TYPE', 'x11'), ('SHLVL', '1'), ('LD_LIBRARY_PATH', '/usr/lib/x86_64-linux-gnu/gazebo-11/plugins:/opt/ros/humble/opt/rviz_ogre_vendor/lib:/opt/ros/humble/lib/x86_64-linux-gnu:/opt/ros/humble/lib'), ('HOME', '/home/ros'), ('OLDPWD', '/home/ros'), ('DESKTOP_SESSION', 'ubuntu-xorg'), ('GIO_LAUNCHED_DESKTOP_FILE', '/usr/share/applications/terminator.desktop'), ('ROS_PYTHON_VERSION', '3'), ('GNOME_SHELL_SESSION_MODE', 'ubuntu'), ('GTK_MODULES', 'gail:atk-bridge'), ('LC_MONETARY', 'es_CO.UTF-8'), ('MANAGERPID', '979'), ('SYSTEMD_EXEC_PID', '1347'), ('DBUS_SESSION_BUS_ADDRESS', 'unix:path=/run/user/1000/bus'), ('COLORTERM', 'truecolor'), ('TERMINATOR_DBUS_NAME', 'net.tenshu.Terminator21a9d5db22c73a993ff0b42f64b396873'), ('GIO_LAUNCHED_DESKTOP_FILE_PID', '4526'), ('ROS_DISTRO', 'humble'), ('GTK_IM_MODULE', 'ibus'), ('LOGNAME', 'ros'), ('JOURNAL_STREAM', '8:20866'), ('_', '/usr/bin/colcon'), ('ROS_VERSION', '2'), ('XDG_SESSION_CLASS', 'user'), ('USERNAME', 'ros'), ('TERM', 'xterm-256color'), ('GNOME_DESKTOP_SESSION_ID', 'this-is-deprecated'), ('ROS_LOCALHOST_ONLY', '0'), ('WINDOWPATH', '2'), ('PATH', '/opt/ros/humble/bin:/home/ros/.local/bin:/usr/local/sbin:/usr/local/bin:/usr/sbin:/usr/bin:/sbin:/bin:/usr/games:/usr/local/games:/snap/bin:/snap/bin'), ('SESSION_MANAGER', 'local/ros-virtual-machine:@/tmp/.ICE-unix/1316,unix/ros-virtual-machine:/tmp/.ICE-unix/1316'), ('INVOCATION_ID', '00487b699f7d4c798b6f2c9b5207b5fc'), ('XDG_MENU_PREFIX', 'gnome-'), ('LC_ADDRESS', 'es_CO.UTF-8'), ('XDG_RUNTIME_DIR', '/run/user/1000'), ('DISPLAY', ':0'), ('TERMINATOR_DBUS_PATH', '/net/tenshu/Terminator2'), ('LANG', 'en_US.UTF-8'), ('XDG_CURRENT_DESKTOP', 'ubuntu:GNOME'), ('IBUS_DISABLE_SNOOPER', '1'), ('LC_TELEPHONE', 'es_CO.UTF-8'), ('XMODIFIERS', '@im=ibus'), ('XDG_SESSION_DESKTOP', 'ubuntu-xorg'), ('XAUTHORITY', '/run/user/1000/gdm/Xauthority'), ('LS_COLORS', 'rs=0:di=01;34:ln=01;36:mh=00:pi=40;33:so=01;35:do=01;35:bd=40;33;01:cd=40;33;01:or=40;31;01:mi=00:su=37;41:sg=30;43:ca=30;41:tw=30;42:ow=34;42:st=37;44:ex=01;32:*.tar=01;31:*.tgz=01;31:*.arc=01;31:*.arj=01;31:*.taz=01;31:*.lha=01;31:*.lz4=01;31:*.lzh=01;31:*.lzma=01;31:*.tlz=01;31:*.txz=01;31:*.tzo=01;31:*.t7z=01;31:*.zip=01;31:*.z=01;31:*.dz=01;31:*.gz=01;31:*.lrz=01;31:*.lz=01;31:*.lzo=01;31:*.xz=01;31:*.zst=01;31:*.tzst=01;31:*.bz2=01;31:*.bz=01;31:*.tbz=01;31:*.tbz2=01;31:*.tz=01;31:*.deb=01;31:*.rpm=01;31:*.jar=01;31:*.war=01;31:*.ear=01;31:*.sar=01;31:*.rar=01;31:*.alz=01;31:*.ace=01;31:*.zoo=01;31:*.cpio=01;31:*.7z=01;31:*.rz=01;31:*.cab=01;31:*.wim=01;31:*.swm=01;31:*.dwm=01;31:*.esd=01;31:*.jpg=01;35:*.jpeg=01;35:*.mjpg=01;35:*.mjpeg=01;35:*.gif=01;35:*.bmp=01;35:*.pbm=01;35:*.pgm=01;35:*.ppm=01;35:*.tga=01;35:*.xbm=01;35:*.xpm=01;35:*.tif=01;35:*.tiff=01;35:*.png=01;35:*.svg=01;35:*.svgz=01;35:*.mng=01;35:*.pcx=01;35:*.mov=01;35:*.mpg=01;35:*.mpeg=01;35:*.m2v=01;35:*.mkv=01;35:*.webm=01;35:*.webp=01;35:*.ogm=01;35:*.mp4=01;35:*.m4v=01;35:*.mp4v=01;35:*.vob=01;35:*.qt=01;35:*.nuv=01;35:*.wmv=01;35:*.asf=01;35:*.rm=01;35:*.rmvb=01;35:*.flc=01;35:*.avi=01;35:*.fli=01;35:*.flv=01;35:*.gl=01;35:*.dl=01;35:*.xcf=01;35:*.xwd=01;35:*.yuv=01;35:*.cgm=01;35:*.emf=01;35:*.ogv=01;35:*.ogx=01;35:*.aac=00;36:*.au=00;36:*.flac=00;36:*.m4a=00;36:*.mid=00;36:*.midi=00;36:*.mka=00;36:*.mp3=00;36:*.mpc=00;36:*.ogg=00;36:*.ra=00;36:*.wav=00;36:*.oga=00;36:*.opus=00;36:*.spx=00;36:*.xspf=00;36:'), ('SSH_AGENT_LAUNCHER', 'gnome-keyring'), ('SSH_AUTH_SOCK', '/run/user/1000/keyring/ssh'), ('AMENT_PREFIX_PATH', '/opt/ros/humble'), ('SHELL', '/bin/bash'), ('LC_NAME', 'es_CO.UTF-8'), ('TERMINATOR_UUID', 'urn:uuid:1623e010-cd7e-4313-86eb-01e292c650ef'), ('QT_ACCESSIBILITY', '1'), ('GDMSESSION', 'ubuntu-xorg'), ('LESSCLOSE', '/usr/bin/lesspipe %s %s'), ('LC_MEASUREMENT', 'es_CO.UTF-8'), ('GPG_AGENT_INFO', '/run/user/1000/gnupg/S.gpg-agent:0:1'), ('GJS_DEBUG_OUTPUT', 'stderr'), ('LC_IDENTIFICATION', 'es_CO.UTF-8'), ('QT_IM_MODULE', 'ibus'), ('PWD', '/home/ros/arm_ws/build/arm_msgs'), ('LC_ALL', 'en_US.UTF-8'), ('XDG_CONFIG_DIRS', '/etc/xdg/xdg-ubuntu-xorg:/etc/xdg'), ('XDG_DATA_DIRS', '/usr/share/ubuntu-xorg:/usr/share/gnome:/usr/local/share/:/usr/share/:/var/lib/snapd/desktop'), ('PYTHONPATH', '/opt/ros/humble/lib/python3.10/site-packages:/opt/ros/humble/local/lib/python3.10/dist-packages'), ('LC_NUMERIC', 'es_CO.UTF-8'), ('LC_PAPER', 'es_CO.UTF-8'), ('COLCON', '1'), ('VTE_VERSION', '6800'), ('CMAKE_PREFIX_PATH', '/opt/ros/humble')]), 'shell': False}
[6.049837] (-) TimerEvent: {}
[6.092838] (arm_msgs) StdoutLine: {'line': b'-- Install configuration: ""\n'}
[6.095364] (arm_msgs) StdoutLine: {'line': b'-- Up-to-date: /home/ros/arm_ws/install/arm_msgs/share/ament_index/resource_index/rosidl_interfaces/arm_msgs\n'}
[6.095947] (arm_msgs) StdoutLine: {'line': b'-- Up-to-date: /home/ros/arm_ws/install/arm_msgs/include/arm_msgs/arm_msgs\n'}
[6.099008] (arm_msgs) StdoutLine: {'line': b'-- Up-to-date: /home/ros/arm_ws/install/arm_msgs/include/arm_msgs/arm_msgs/msg\n'}
[6.099427] (arm_msgs) StdoutLine: {'line': b'-- Up-to-date: /home/ros/arm_ws/install/arm_msgs/include/arm_msgs/arm_msgs/msg/rosidl_generator_c__visibility_control.h\n'}
[6.099804] (arm_msgs) StdoutLine: {'line': b'-- Up-to-date: /home/ros/arm_ws/install/arm_msgs/include/arm_msgs/arm_msgs/srv\n'}
[6.100092] (arm_msgs) StdoutLine: {'line': b'-- Up-to-date: /home/ros/arm_ws/install/arm_msgs/include/arm_msgs/arm_msgs/srv/euler_to_quaternion.h\n'}
[6.100342] (arm_msgs) StdoutLine: {'line': b'-- Up-to-date: /home/ros/arm_ws/install/arm_msgs/include/arm_msgs/arm_msgs/srv/detail\n'}
[6.100599] (arm_msgs) StdoutLine: {'line': b'-- Up-to-date: /home/ros/arm_ws/install/arm_msgs/include/arm_msgs/arm_msgs/srv/detail/quaternion_to_euler__functions.c\n'}
[6.107501] (arm_msgs) StdoutLine: {'line': b'-- Up-to-date: /home/ros/arm_ws/install/arm_msgs/include/arm_msgs/arm_msgs/srv/detail/euler_to_quaternion__functions.c\n'}
[6.107967] (arm_msgs) StdoutLine: {'line': b'-- Up-to-date: /home/ros/arm_ws/install/arm_msgs/include/arm_msgs/arm_msgs/srv/detail/quaternion_to_euler__struct.h\n'}
[6.108361] (arm_msgs) StdoutLine: {'line': b'-- Up-to-date: /home/ros/arm_ws/install/arm_msgs/include/arm_msgs/arm_msgs/srv/detail/add_two_ints__functions.c\n'}
[6.115522] (arm_msgs) StdoutLine: {'line': b'-- Up-to-date: /home/ros/arm_ws/install/arm_msgs/include/arm_msgs/arm_msgs/srv/detail/euler_to_quaternion__functions.h\n'}
[6.117446] (arm_msgs) StdoutLine: {'line': b'-- Up-to-date: /home/ros/arm_ws/install/arm_msgs/include/arm_msgs/arm_msgs/srv/detail/add_two_ints__type_support.h\n'}
[6.117767] (arm_msgs) StdoutLine: {'line': b'-- Up-to-date: /home/ros/arm_ws/install/arm_msgs/include/arm_msgs/arm_msgs/srv/detail/euler_to_quaternion__type_support.h\n'}
[6.118144] (arm_msgs) StdoutLine: {'line': b'-- Up-to-date: /home/ros/arm_ws/install/arm_msgs/include/arm_msgs/arm_msgs/srv/detail/quaternion_to_euler__functions.h\n'}
[6.118388] (arm_msgs) StdoutLine: {'line': b'-- Up-to-date: /home/ros/arm_ws/install/arm_msgs/include/arm_msgs/arm_msgs/srv/detail/quaternion_to_euler__type_support.h\n'}
[6.118607] (arm_msgs) StdoutLine: {'line': b'-- Up-to-date: /home/ros/arm_ws/install/arm_msgs/include/arm_msgs/arm_msgs/srv/detail/add_two_ints__functions.h\n'}
[6.125594] (arm_msgs) StdoutLine: {'line': b'-- Up-to-date: /home/ros/arm_ws/install/arm_msgs/include/arm_msgs/arm_msgs/srv/detail/add_two_ints__struct.h\n'}
[6.134933] (arm_msgs) StdoutLine: {'line': b'-- Up-to-date: /home/ros/arm_ws/install/arm_msgs/include/arm_msgs/arm_msgs/srv/detail/euler_to_quaternion__struct.h\n'}
[6.135347] (arm_msgs) StdoutLine: {'line': b'-- Up-to-date: /home/ros/arm_ws/install/arm_msgs/include/arm_msgs/arm_msgs/srv/add_two_ints.h\n'}
[6.135640] (arm_msgs) StdoutLine: {'line': b'-- Up-to-date: /home/ros/arm_ws/install/arm_msgs/include/arm_msgs/arm_msgs/srv/quaternion_to_euler.h\n'}
[6.135995] (arm_msgs) StdoutLine: {'line': b'-- Up-to-date: /home/ros/arm_ws/install/arm_msgs/include/arm_msgs/arm_msgs/action\n'}
[6.136228] (arm_msgs) StdoutLine: {'line': b'-- Up-to-date: /home/ros/arm_ws/install/arm_msgs/include/arm_msgs/arm_msgs/action/fibonacci.h\n'}
[6.136442] (arm_msgs) StdoutLine: {'line': b'-- Up-to-date: /home/ros/arm_ws/install/arm_msgs/include/arm_msgs/arm_msgs/action/arm_task.h\n'}
[6.136672] (arm_msgs) StdoutLine: {'line': b'-- Up-to-date: /home/ros/arm_ws/install/arm_msgs/include/arm_msgs/arm_msgs/action/detail\n'}
[6.144402] (arm_msgs) StdoutLine: {'line': b'-- Up-to-date: /home/ros/arm_ws/install/arm_msgs/include/arm_msgs/arm_msgs/action/detail/fibonacci__functions.c\n'}
[6.144681] (arm_msgs) StdoutLine: {'line': b'-- Up-to-date: /home/ros/arm_ws/install/arm_msgs/include/arm_msgs/arm_msgs/action/detail/arm_task__struct.h\n'}
[6.149578] (arm_msgs) StdoutLine: {'line': b'-- Up-to-date: /home/ros/arm_ws/install/arm_msgs/include/arm_msgs/arm_msgs/action/detail/fibonacci__functions.h\n'}
[6.150519] (-) TimerEvent: {}
[6.153045] (arm_msgs) StdoutLine: {'line': b'-- Up-to-date: /home/ros/arm_ws/install/arm_msgs/include/arm_msgs/arm_msgs/action/detail/fibonacci__struct.h\n'}
[6.153406] (arm_msgs) StdoutLine: {'line': b'-- Up-to-date: /home/ros/arm_ws/install/arm_msgs/include/arm_msgs/arm_msgs/action/detail/arm_task__functions.c\n'}
[6.153694] (arm_msgs) StdoutLine: {'line': b'-- Up-to-date: /home/ros/arm_ws/install/arm_msgs/include/arm_msgs/arm_msgs/action/detail/arm_task__functions.h\n'}
[6.154092] (arm_msgs) StdoutLine: {'line': b'-- Up-to-date: /home/ros/arm_ws/install/arm_msgs/include/arm_msgs/arm_msgs/action/detail/arm_task__type_support.h\n'}
[6.154353] (arm_msgs) StdoutLine: {'line': b'-- Up-to-date: /home/ros/arm_ws/install/arm_msgs/include/arm_msgs/arm_msgs/action/detail/fibonacci__type_support.h\n'}
[6.154575] (arm_msgs) StdoutLine: {'line': b'-- Up-to-date: /home/ros/arm_ws/install/arm_msgs/share/arm_msgs/environment/library_path.sh\n'}
[6.159114] (arm_msgs) StdoutLine: {'line': b'-- Up-to-date: /home/ros/arm_ws/install/arm_msgs/share/arm_msgs/environment/library_path.dsv\n'}
[6.159461] (arm_msgs) StdoutLine: {'line': b'-- Up-to-date: /home/ros/arm_ws/install/arm_msgs/lib/libarm_msgs__rosidl_generator_c.so\n'}
[6.159686] (arm_msgs) StdoutLine: {'line': b'-- Up-to-date: /home/ros/arm_ws/install/arm_msgs/include/arm_msgs/arm_msgs\n'}
[6.161309] (arm_msgs) StdoutLine: {'line': b'-- Up-to-date: /home/ros/arm_ws/install/arm_msgs/include/arm_msgs/arm_msgs/msg\n'}
[6.161715] (arm_msgs) StdoutLine: {'line': b'-- Up-to-date: /home/ros/arm_ws/install/arm_msgs/include/arm_msgs/arm_msgs/msg/rosidl_typesupport_fastrtps_c__visibility_control.h\n'}
[6.166264] (arm_msgs) StdoutLine: {'line': b'-- Up-to-date: /home/ros/arm_ws/install/arm_msgs/include/arm_msgs/arm_msgs/srv\n'}
[6.166510] (arm_msgs) StdoutLine: {'line': b'-- Up-to-date: /home/ros/arm_ws/install/arm_msgs/include/arm_msgs/arm_msgs/srv/detail\n'}
[6.166722] (arm_msgs) StdoutLine: {'line': b'-- Up-to-date: /home/ros/arm_ws/install/arm_msgs/include/arm_msgs/arm_msgs/srv/detail/quaternion_to_euler__rosidl_typesupport_fastrtps_c.h\n'}
[6.166985] (arm_msgs) StdoutLine: {'line': b'-- Up-to-date: /home/ros/arm_ws/install/arm_msgs/include/arm_msgs/arm_msgs/srv/detail/euler_to_quaternion__rosidl_typesupport_fastrtps_c.h\n'}
[6.167215] (arm_msgs) StdoutLine: {'line': b'-- Up-to-date: /home/ros/arm_ws/install/arm_msgs/include/arm_msgs/arm_msgs/srv/detail/add_two_ints__rosidl_typesupport_fastrtps_c.h\n'}
[6.174109] (arm_msgs) StdoutLine: {'line': b'-- Up-to-date: /home/ros/arm_ws/install/arm_msgs/include/arm_msgs/arm_msgs/action\n'}
[6.174413] (arm_msgs) StdoutLine: {'line': b'-- Up-to-date: /home/ros/arm_ws/install/arm_msgs/include/arm_msgs/arm_msgs/action/detail\n'}
[6.174544] (arm_msgs) StdoutLine: {'line': b'-- Up-to-date: /home/ros/arm_ws/install/arm_msgs/include/arm_msgs/arm_msgs/action/detail/arm_task__rosidl_typesupport_fastrtps_c.h\n'}
[6.174661] (arm_msgs) StdoutLine: {'line': b'-- Up-to-date: /home/ros/arm_ws/install/arm_msgs/include/arm_msgs/arm_msgs/action/detail/fibonacci__rosidl_typesupport_fastrtps_c.h\n'}
[6.174818] (arm_msgs) StdoutLine: {'line': b'-- Up-to-date: /home/ros/arm_ws/install/arm_msgs/lib/libarm_msgs__rosidl_typesupport_fastrtps_c.so\n'}
[6.183132] (arm_msgs) StdoutLine: {'line': b'-- Up-to-date: /home/ros/arm_ws/install/arm_msgs/include/arm_msgs/arm_msgs\n'}
[6.183427] (arm_msgs) StdoutLine: {'line': b'-- Up-to-date: /home/ros/arm_ws/install/arm_msgs/include/arm_msgs/arm_msgs/srv\n'}
[6.184946] (arm_msgs) StdoutLine: {'line': b'-- Up-to-date: /home/ros/arm_ws/install/arm_msgs/include/arm_msgs/arm_msgs/srv/euler_to_quaternion.hpp\n'}
[6.185295] (arm_msgs) StdoutLine: {'line': b'-- Up-to-date: /home/ros/arm_ws/install/arm_msgs/include/arm_msgs/arm_msgs/srv/quaternion_to_euler.hpp\n'}
[6.185572] (arm_msgs) StdoutLine: {'line': b'-- Up-to-date: /home/ros/arm_ws/install/arm_msgs/include/arm_msgs/arm_msgs/srv/detail\n'}
[6.194973] (arm_msgs) StdoutLine: {'line': b'-- Up-to-date: /home/ros/arm_ws/install/arm_msgs/include/arm_msgs/arm_msgs/srv/detail/euler_to_quaternion__traits.hpp\n'}
[6.195376] (arm_msgs) StdoutLine: {'line': b'-- Up-to-date: /home/ros/arm_ws/install/arm_msgs/include/arm_msgs/arm_msgs/srv/detail/euler_to_quaternion__struct.hpp\n'}
[6.195967] (arm_msgs) StdoutLine: {'line': b'-- Up-to-date: /home/ros/arm_ws/install/arm_msgs/include/arm_msgs/arm_msgs/srv/detail/quaternion_to_euler__struct.hpp\n'}
[6.196357] (arm_msgs) StdoutLine: {'line': b'-- Up-to-date: /home/ros/arm_ws/install/arm_msgs/include/arm_msgs/arm_msgs/srv/detail/euler_to_quaternion__builder.hpp\n'}
[6.196588] (arm_msgs) StdoutLine: {'line': b'-- Up-to-date: /home/ros/arm_ws/install/arm_msgs/include/arm_msgs/arm_msgs/srv/detail/add_two_ints__traits.hpp\n'}
[6.202079] (arm_msgs) StdoutLine: {'line': b'-- Up-to-date: /home/ros/arm_ws/install/arm_msgs/include/arm_msgs/arm_msgs/srv/detail/quaternion_to_euler__traits.hpp\n'}
[6.204478] (arm_msgs) StdoutLine: {'line': b'-- Up-to-date: /home/ros/arm_ws/install/arm_msgs/include/arm_msgs/arm_msgs/srv/detail/quaternion_to_euler__builder.hpp\n'}
[6.206840] (arm_msgs) StdoutLine: {'line': b'-- Up-to-date: /home/ros/arm_ws/install/arm_msgs/include/arm_msgs/arm_msgs/srv/detail/add_two_ints__builder.hpp\n'}
[6.207268] (arm_msgs) StdoutLine: {'line': b'-- Up-to-date: /home/ros/arm_ws/install/arm_msgs/include/arm_msgs/arm_msgs/srv/detail/add_two_ints__struct.hpp\n'}
[6.207682] (arm_msgs) StdoutLine: {'line': b'-- Up-to-date: /home/ros/arm_ws/install/arm_msgs/include/arm_msgs/arm_msgs/srv/add_two_ints.hpp\n'}
[6.211212] (arm_msgs) StdoutLine: {'line': b'-- Up-to-date: /home/ros/arm_ws/install/arm_msgs/include/arm_msgs/arm_msgs/action\n'}
[6.211568] (arm_msgs) StdoutLine: {'line': b'-- Up-to-date: /home/ros/arm_ws/install/arm_msgs/include/arm_msgs/arm_msgs/action/arm_task.hpp\n'}
[6.218599] (arm_msgs) StdoutLine: {'line': b'-- Up-to-date: /home/ros/arm_ws/install/arm_msgs/include/arm_msgs/arm_msgs/action/detail\n'}
[6.220473] (arm_msgs) StdoutLine: {'line': b'-- Up-to-date: /home/ros/arm_ws/install/arm_msgs/include/arm_msgs/arm_msgs/action/detail/fibonacci__builder.hpp\n'}
[6.221305] (arm_msgs) StdoutLine: {'line': b'-- Up-to-date: /home/ros/arm_ws/install/arm_msgs/include/arm_msgs/arm_msgs/action/detail/fibonacci__traits.hpp\n'}
[6.223881] (arm_msgs) StdoutLine: {'line': b'-- Up-to-date: /home/ros/arm_ws/install/arm_msgs/include/arm_msgs/arm_msgs/action/detail/arm_task__builder.hpp\n'}
[6.226384] (arm_msgs) StdoutLine: {'line': b'-- Up-to-date: /home/ros/arm_ws/install/arm_msgs/include/arm_msgs/arm_msgs/action/detail/arm_task__traits.hpp\n'}
[6.226697] (arm_msgs) StdoutLine: {'line': b'-- Up-to-date: /home/ros/arm_ws/install/arm_msgs/include/arm_msgs/arm_msgs/action/detail/arm_task__struct.hpp\n'}
[6.227041] (arm_msgs) StdoutLine: {'line': b'-- Up-to-date: /home/ros/arm_ws/install/arm_msgs/include/arm_msgs/arm_msgs/action/detail/fibonacci__struct.hpp\n'}
[6.227362] (arm_msgs) StdoutLine: {'line': b'-- Up-to-date: /home/ros/arm_ws/install/arm_msgs/include/arm_msgs/arm_msgs/action/fibonacci.hpp\n'}
[6.227660] (arm_msgs) StdoutLine: {'line': b'-- Up-to-date: /home/ros/arm_ws/install/arm_msgs/include/arm_msgs/arm_msgs\n'}
[6.231431] (arm_msgs) StdoutLine: {'line': b'-- Up-to-date: /home/ros/arm_ws/install/arm_msgs/include/arm_msgs/arm_msgs/msg\n'}
[6.231705] (arm_msgs) StdoutLine: {'line': b'-- Up-to-date: /home/ros/arm_ws/install/arm_msgs/include/arm_msgs/arm_msgs/msg/rosidl_typesupport_fastrtps_cpp__visibility_control.h\n'}
[6.232012] (arm_msgs) StdoutLine: {'line': b'-- Up-to-date: /home/ros/arm_ws/install/arm_msgs/include/arm_msgs/arm_msgs/srv\n'}
[6.236992] (arm_msgs) StdoutLine: {'line': b'-- Up-to-date: /home/ros/arm_ws/install/arm_msgs/include/arm_msgs/arm_msgs/srv/detail\n'}
[6.237412] (arm_msgs) StdoutLine: {'line': b'-- Up-to-date: /home/ros/arm_ws/install/arm_msgs/include/arm_msgs/arm_msgs/srv/detail/quaternion_to_euler__rosidl_typesupport_fastrtps_cpp.hpp\n'}
[6.237718] (arm_msgs) StdoutLine: {'line': b'-- Up-to-date: /home/ros/arm_ws/install/arm_msgs/include/arm_msgs/arm_msgs/srv/detail/add_two_ints__rosidl_typesupport_fastrtps_cpp.hpp\n'}
[6.240129] (arm_msgs) StdoutLine: {'line': b'-- Up-to-date: /home/ros/arm_ws/install/arm_msgs/include/arm_msgs/arm_msgs/srv/detail/dds_fastrtps\n'}
[6.240397] (arm_msgs) StdoutLine: {'line': b'-- Up-to-date: /home/ros/arm_ws/install/arm_msgs/include/arm_msgs/arm_msgs/srv/detail/euler_to_quaternion__rosidl_typesupport_fastrtps_cpp.hpp\n'}
[6.240624] (arm_msgs) StdoutLine: {'line': b'-- Up-to-date: /home/ros/arm_ws/install/arm_msgs/include/arm_msgs/arm_msgs/action\n'}
[6.240879] (arm_msgs) StdoutLine: {'line': b'-- Up-to-date: /home/ros/arm_ws/install/arm_msgs/include/arm_msgs/arm_msgs/action/detail\n'}
[6.241086] (arm_msgs) StdoutLine: {'line': b'-- Up-to-date: /home/ros/arm_ws/install/arm_msgs/include/arm_msgs/arm_msgs/action/detail/dds_fastrtps\n'}
[6.241323] (arm_msgs) StdoutLine: {'line': b'-- Up-to-date: /home/ros/arm_ws/install/arm_msgs/include/arm_msgs/arm_msgs/action/detail/fibonacci__rosidl_typesupport_fastrtps_cpp.hpp\n'}
[6.241541] (arm_msgs) StdoutLine: {'line': b'-- Up-to-date: /home/ros/arm_ws/install/arm_msgs/include/arm_msgs/arm_msgs/action/detail/arm_task__rosidl_typesupport_fastrtps_cpp.hpp\n'}
[6.245885] (arm_msgs) StdoutLine: {'line': b'-- Up-to-date: /home/ros/arm_ws/install/arm_msgs/lib/libarm_msgs__rosidl_typesupport_fastrtps_cpp.so\n'}
[6.246388] (arm_msgs) StdoutLine: {'line': b'-- Up-to-date: /home/ros/arm_ws/install/arm_msgs/include/arm_msgs/arm_msgs\n'}
[6.246704] (arm_msgs) StdoutLine: {'line': b'-- Up-to-date: /home/ros/arm_ws/install/arm_msgs/include/arm_msgs/arm_msgs/msg\n'}
[6.246955] (arm_msgs) StdoutLine: {'line': b'-- Up-to-date: /home/ros/arm_ws/install/arm_msgs/include/arm_msgs/arm_msgs/msg/rosidl_typesupport_introspection_c__visibility_control.h\n'}
[6.247199] (arm_msgs) StdoutLine: {'line': b'-- Up-to-date: /home/ros/arm_ws/install/arm_msgs/include/arm_msgs/arm_msgs/srv\n'}
[6.247526] (arm_msgs) StdoutLine: {'line': b'-- Up-to-date: /home/ros/arm_ws/install/arm_msgs/include/arm_msgs/arm_msgs/srv/detail\n'}
[6.251671] (-) TimerEvent: {}
[6.252293] (arm_msgs) StdoutLine: {'line': b'-- Up-to-date: /home/ros/arm_ws/install/arm_msgs/include/arm_msgs/arm_msgs/srv/detail/euler_to_quaternion__rosidl_typesupport_introspection_c.h\n'}
[6.252619] (arm_msgs) StdoutLine: {'line': b'-- Up-to-date: /home/ros/arm_ws/install/arm_msgs/include/arm_msgs/arm_msgs/srv/detail/euler_to_quaternion__type_support.c\n'}
[6.252966] (arm_msgs) StdoutLine: {'line': b'-- Up-to-date: /home/ros/arm_ws/install/arm_msgs/include/arm_msgs/arm_msgs/srv/detail/quaternion_to_euler__rosidl_typesupport_introspection_c.h\n'}
[6.253294] (arm_msgs) StdoutLine: {'line': b'-- Up-to-date: /home/ros/arm_ws/install/arm_msgs/include/arm_msgs/arm_msgs/srv/detail/add_two_ints__rosidl_typesupport_introspection_c.h\n'}
[6.253590] (arm_msgs) StdoutLine: {'line': b'-- Up-to-date: /home/ros/arm_ws/install/arm_msgs/include/arm_msgs/arm_msgs/srv/detail/add_two_ints__type_support.c\n'}
[6.259093] (arm_msgs) StdoutLine: {'line': b'-- Up-to-date: /home/ros/arm_ws/install/arm_msgs/include/arm_msgs/arm_msgs/srv/detail/quaternion_to_euler__type_support.c\n'}
[6.259439] (arm_msgs) StdoutLine: {'line': b'-- Up-to-date: /home/ros/arm_ws/install/arm_msgs/include/arm_msgs/arm_msgs/action\n'}
[6.259712] (arm_msgs) StdoutLine: {'line': b'-- Up-to-date: /home/ros/arm_ws/install/arm_msgs/include/arm_msgs/arm_msgs/action/detail\n'}
[6.259990] (arm_msgs) StdoutLine: {'line': b'-- Up-to-date: /home/ros/arm_ws/install/arm_msgs/include/arm_msgs/arm_msgs/action/detail/arm_task__type_support.c\n'}
[6.260315] (arm_msgs) StdoutLine: {'line': b'-- Up-to-date: /home/ros/arm_ws/install/arm_msgs/include/arm_msgs/arm_msgs/action/detail/fibonacci__type_support.c\n'}
[6.260606] (arm_msgs) StdoutLine: {'line': b'-- Up-to-date: /home/ros/arm_ws/install/arm_msgs/include/arm_msgs/arm_msgs/action/detail/fibonacci__rosidl_typesupport_introspection_c.h\n'}
[6.264122] (arm_msgs) StdoutLine: {'line': b'-- Up-to-date: /home/ros/arm_ws/install/arm_msgs/include/arm_msgs/arm_msgs/action/detail/arm_task__rosidl_typesupport_introspection_c.h\n'}
[6.264493] (arm_msgs) StdoutLine: {'line': b'-- Up-to-date: /home/ros/arm_ws/install/arm_msgs/lib/libarm_msgs__rosidl_typesupport_introspection_c.so\n'}
[6.264726] (arm_msgs) StdoutLine: {'line': b'-- Up-to-date: /home/ros/arm_ws/install/arm_msgs/lib/libarm_msgs__rosidl_typesupport_c.so\n'}
[6.265074] (arm_msgs) StdoutLine: {'line': b'-- Up-to-date: /home/ros/arm_ws/install/arm_msgs/include/arm_msgs/arm_msgs\n'}
[6.270660] (arm_msgs) StdoutLine: {'line': b'-- Up-to-date: /home/ros/arm_ws/install/arm_msgs/include/arm_msgs/arm_msgs/srv\n'}
[6.270896] (arm_msgs) StdoutLine: {'line': b'-- Up-to-date: /home/ros/arm_ws/install/arm_msgs/include/arm_msgs/arm_msgs/srv/detail\n'}
[6.271025] (arm_msgs) StdoutLine: {'line': b'-- Up-to-date: /home/ros/arm_ws/install/arm_msgs/include/arm_msgs/arm_msgs/srv/detail/add_two_ints__type_support.cpp\n'}
[6.271139] (arm_msgs) StdoutLine: {'line': b'-- Up-to-date: /home/ros/arm_ws/install/arm_msgs/include/arm_msgs/arm_msgs/srv/detail/quaternion_to_euler__type_support.cpp\n'}
[6.271248] (arm_msgs) StdoutLine: {'line': b'-- Up-to-date: /home/ros/arm_ws/install/arm_msgs/include/arm_msgs/arm_msgs/srv/detail/euler_to_quaternion__type_support.cpp\n'}
[6.271353] (arm_msgs) StdoutLine: {'line': b'-- Up-to-date: /home/ros/arm_ws/install/arm_msgs/include/arm_msgs/arm_msgs/srv/detail/euler_to_quaternion__rosidl_typesupport_introspection_cpp.hpp\n'}
[6.271504] (arm_msgs) StdoutLine: {'line': b'-- Up-to-date: /home/ros/arm_ws/install/arm_msgs/include/arm_msgs/arm_msgs/srv/detail/add_two_ints__rosidl_typesupport_introspection_cpp.hpp\n'}
[6.271809] (arm_msgs) StdoutLine: {'line': b'-- Up-to-date: /home/ros/arm_ws/install/arm_msgs/include/arm_msgs/arm_msgs/srv/detail/quaternion_to_euler__rosidl_typesupport_introspection_cpp.hpp\n'}
[6.272086] (arm_msgs) StdoutLine: {'line': b'-- Up-to-date: /home/ros/arm_ws/install/arm_msgs/include/arm_msgs/arm_msgs/action\n'}
[6.272252] (arm_msgs) StdoutLine: {'line': b'-- Up-to-date: /home/ros/arm_ws/install/arm_msgs/include/arm_msgs/arm_msgs/action/detail\n'}
[6.272363] (arm_msgs) StdoutLine: {'line': b'-- Up-to-date: /home/ros/arm_ws/install/arm_msgs/include/arm_msgs/arm_msgs/action/detail/fibonacci__rosidl_typesupport_introspection_cpp.hpp\n'}
[6.272513] (arm_msgs) StdoutLine: {'line': b'-- Up-to-date: /home/ros/arm_ws/install/arm_msgs/include/arm_msgs/arm_msgs/action/detail/arm_task__rosidl_typesupport_introspection_cpp.hpp\n'}
[6.272665] (arm_msgs) StdoutLine: {'line': b'-- Up-to-date: /home/ros/arm_ws/install/arm_msgs/include/arm_msgs/arm_msgs/action/detail/fibonacci__type_support.cpp\n'}
[6.277187] (arm_msgs) StdoutLine: {'line': b'-- Up-to-date: /home/ros/arm_ws/install/arm_msgs/include/arm_msgs/arm_msgs/action/detail/arm_task__type_support.cpp\n'}
[6.277464] (arm_msgs) StdoutLine: {'line': b'-- Up-to-date: /home/ros/arm_ws/install/arm_msgs/lib/libarm_msgs__rosidl_typesupport_introspection_cpp.so\n'}
[6.280663] (arm_msgs) StdoutLine: {'line': b'-- Up-to-date: /home/ros/arm_ws/install/arm_msgs/lib/libarm_msgs__rosidl_typesupport_cpp.so\n'}
[6.281056] (arm_msgs) StdoutLine: {'line': b'-- Up-to-date: /home/ros/arm_ws/install/arm_msgs/share/arm_msgs/environment/pythonpath.sh\n'}
[6.281316] (arm_msgs) StdoutLine: {'line': b'-- Up-to-date: /home/ros/arm_ws/install/arm_msgs/share/arm_msgs/environment/pythonpath.dsv\n'}
[6.281511] (arm_msgs) StdoutLine: {'line': b'-- Up-to-date: /home/ros/arm_ws/install/arm_msgs/local/lib/python3.10/dist-packages/arm_msgs-0.0.0-py3.10.egg-info\n'}
[6.281705] (arm_msgs) StdoutLine: {'line': b'-- Installing: /home/ros/arm_ws/install/arm_msgs/local/lib/python3.10/dist-packages/arm_msgs-0.0.0-py3.10.egg-info/dependency_links.txt\n'}
[6.281964] (arm_msgs) StdoutLine: {'line': b'-- Installing: /home/ros/arm_ws/install/arm_msgs/local/lib/python3.10/dist-packages/arm_msgs-0.0.0-py3.10.egg-info/SOURCES.txt\n'}
[6.282177] (arm_msgs) StdoutLine: {'line': b'-- Installing: /home/ros/arm_ws/install/arm_msgs/local/lib/python3.10/dist-packages/arm_msgs-0.0.0-py3.10.egg-info/PKG-INFO\n'}
[6.282564] (arm_msgs) StdoutLine: {'line': b'-- Installing: /home/ros/arm_ws/install/arm_msgs/local/lib/python3.10/dist-packages/arm_msgs-0.0.0-py3.10.egg-info/top_level.txt\n'}
[6.287379] (arm_msgs) StdoutLine: {'line': b'-- Up-to-date: /home/ros/arm_ws/install/arm_msgs/local/lib/python3.10/dist-packages/arm_msgs\n'}
[6.287672] (arm_msgs) StdoutLine: {'line': b'-- Up-to-date: /home/ros/arm_ws/install/arm_msgs/local/lib/python3.10/dist-packages/arm_msgs/arm_msgs_s__rosidl_typesupport_introspection_c.cpython-310-x86_64-linux-gnu.so\n'}
[6.287959] (arm_msgs) StdoutLine: {'line': b'-- Up-to-date: /home/ros/arm_ws/install/arm_msgs/local/lib/python3.10/dist-packages/arm_msgs/_arm_msgs_s.ep.rosidl_typesupport_c.c\n'}
[6.288248] (arm_msgs) StdoutLine: {'line': b'-- Up-to-date: /home/ros/arm_ws/install/arm_msgs/local/lib/python3.10/dist-packages/arm_msgs/_arm_msgs_s.ep.rosidl_typesupport_fastrtps_c.c\n'}
[6.288605] (arm_msgs) StdoutLine: {'line': b'-- Up-to-date: /home/ros/arm_ws/install/arm_msgs/local/lib/python3.10/dist-packages/arm_msgs/libarm_msgs__rosidl_generator_py.so\n'}
[6.292936] (arm_msgs) StdoutLine: {'line': b'-- Up-to-date: /home/ros/arm_ws/install/arm_msgs/local/lib/python3.10/dist-packages/arm_msgs/_arm_msgs_s.ep.rosidl_typesupport_introspection_c.c\n'}
[6.293312] (arm_msgs) StdoutLine: {'line': b'-- Up-to-date: /home/ros/arm_ws/install/arm_msgs/local/lib/python3.10/dist-packages/arm_msgs/arm_msgs_s__rosidl_typesupport_c.cpython-310-x86_64-linux-gnu.so\n'}
[6.293629] (arm_msgs) StdoutLine: {'line': b'-- Up-to-date: /home/ros/arm_ws/install/arm_msgs/local/lib/python3.10/dist-packages/arm_msgs/__init__.py\n'}
[6.298902] (arm_msgs) StdoutLine: {'line': b'-- Up-to-date: /home/ros/arm_ws/install/arm_msgs/local/lib/python3.10/dist-packages/arm_msgs/srv\n'}
[6.301020] (arm_msgs) StdoutLine: {'line': b'-- Up-to-date: /home/ros/arm_ws/install/arm_msgs/local/lib/python3.10/dist-packages/arm_msgs/srv/_add_two_ints.py\n'}
[6.301302] (arm_msgs) StdoutLine: {'line': b'-- Up-to-date: /home/ros/arm_ws/install/arm_msgs/local/lib/python3.10/dist-packages/arm_msgs/srv/_add_two_ints_s.c\n'}
[6.301521] (arm_msgs) StdoutLine: {'line': b'-- Up-to-date: /home/ros/arm_ws/install/arm_msgs/local/lib/python3.10/dist-packages/arm_msgs/srv/_quaternion_to_euler.py\n'}
[6.301770] (arm_msgs) StdoutLine: {'line': b'-- Up-to-date: /home/ros/arm_ws/install/arm_msgs/local/lib/python3.10/dist-packages/arm_msgs/srv/__init__.py\n'}
[6.302021] (arm_msgs) StdoutLine: {'line': b'-- Up-to-date: /home/ros/arm_ws/install/arm_msgs/local/lib/python3.10/dist-packages/arm_msgs/srv/_euler_to_quaternion_s.c\n'}
[6.302240] (arm_msgs) StdoutLine: {'line': b'-- Up-to-date: /home/ros/arm_ws/install/arm_msgs/local/lib/python3.10/dist-packages/arm_msgs/srv/_euler_to_quaternion.py\n'}
[6.302450] (arm_msgs) StdoutLine: {'line': b'-- Up-to-date: /home/ros/arm_ws/install/arm_msgs/local/lib/python3.10/dist-packages/arm_msgs/srv/_quaternion_to_euler_s.c\n'}
[6.307769] (arm_msgs) StdoutLine: {'line': b'-- Up-to-date: /home/ros/arm_ws/install/arm_msgs/local/lib/python3.10/dist-packages/arm_msgs/action\n'}
[6.308310] (arm_msgs) StdoutLine: {'line': b'-- Up-to-date: /home/ros/arm_ws/install/arm_msgs/local/lib/python3.10/dist-packages/arm_msgs/action/_fibonacci.py\n'}
[6.308615] (arm_msgs) StdoutLine: {'line': b'-- Up-to-date: /home/ros/arm_ws/install/arm_msgs/local/lib/python3.10/dist-packages/arm_msgs/action/_arm_task.py\n'}
[6.311292] (arm_msgs) StdoutLine: {'line': b'-- Up-to-date: /home/ros/arm_ws/install/arm_msgs/local/lib/python3.10/dist-packages/arm_msgs/action/_arm_task_s.c\n'}
[6.311599] (arm_msgs) StdoutLine: {'line': b'-- Up-to-date: /home/ros/arm_ws/install/arm_msgs/local/lib/python3.10/dist-packages/arm_msgs/action/__init__.py\n'}
[6.311877] (arm_msgs) StdoutLine: {'line': b'-- Up-to-date: /home/ros/arm_ws/install/arm_msgs/local/lib/python3.10/dist-packages/arm_msgs/action/_fibonacci_s.c\n'}
[6.312104] (arm_msgs) StdoutLine: {'line': b'-- Up-to-date: /home/ros/arm_ws/install/arm_msgs/local/lib/python3.10/dist-packages/arm_msgs/arm_msgs_s__rosidl_typesupport_fastrtps_c.cpython-310-x86_64-linux-gnu.so\n'}
[6.355847] (-) TimerEvent: {}
[6.371345] (arm_controller) JobEnded: {'identifier': 'arm_controller', 'rc': 0}
[6.386182] (arm_description) JobStarted: {'identifier': 'arm_description'}
[6.423159] (arm_msgs) StdoutLine: {'line': b"Listing '/home/ros/arm_ws/install/arm_msgs/local/lib/python3.10/dist-packages/arm_msgs'...\n"}
[6.425818] (arm_msgs) StdoutLine: {'line': b"Listing '/home/ros/arm_ws/install/arm_msgs/local/lib/python3.10/dist-packages/arm_msgs/action'...\n"}
[6.426550] (arm_msgs) StdoutLine: {'line': b"Listing '/home/ros/arm_ws/install/arm_msgs/local/lib/python3.10/dist-packages/arm_msgs/srv'...\n"}
[6.457346] (arm_description) JobProgress: {'identifier': 'arm_description', 'progress': 'cmake'}
[6.457513] (-) TimerEvent: {}
[6.465895] (arm_description) JobProgress: {'identifier': 'arm_description', 'progress': 'build'}
[6.466073] (arm_description) Command: {'cmd': ['/usr/bin/cmake', '--build', '/home/ros/arm_ws/build/arm_description', '--', '-j2', '-l2'], 'cwd': '/home/ros/arm_ws/build/arm_description', 'env': OrderedDict([('GJS_DEBUG_TOPICS', 'JS ERROR;JS LOG'), ('LESSOPEN', '| /usr/bin/lesspipe %s'), ('LANGUAGE', 'en_US:'), ('USER', 'ros'), ('LC_TIME', 'es_CO.UTF-8'), ('XDG_SESSION_TYPE', 'x11'), ('SHLVL', '1'), ('LD_LIBRARY_PATH', '/usr/lib/x86_64-linux-gnu/gazebo-11/plugins:/opt/ros/humble/opt/rviz_ogre_vendor/lib:/opt/ros/humble/lib/x86_64-linux-gnu:/opt/ros/humble/lib'), ('HOME', '/home/ros'), ('OLDPWD', '/home/ros'), ('DESKTOP_SESSION', 'ubuntu-xorg'), ('GIO_LAUNCHED_DESKTOP_FILE', '/usr/share/applications/terminator.desktop'), ('ROS_PYTHON_VERSION', '3'), ('GNOME_SHELL_SESSION_MODE', 'ubuntu'), ('GTK_MODULES', 'gail:atk-bridge'), ('LC_MONETARY', 'es_CO.UTF-8'), ('MANAGERPID', '979'), ('SYSTEMD_EXEC_PID', '1347'), ('DBUS_SESSION_BUS_ADDRESS', 'unix:path=/run/user/1000/bus'), ('COLORTERM', 'truecolor'), ('TERMINATOR_DBUS_NAME', 'net.tenshu.Terminator21a9d5db22c73a993ff0b42f64b396873'), ('GIO_LAUNCHED_DESKTOP_FILE_PID', '4526'), ('ROS_DISTRO', 'humble'), ('GTK_IM_MODULE', 'ibus'), ('LOGNAME', 'ros'), ('JOURNAL_STREAM', '8:20866'), ('_', '/usr/bin/colcon'), ('ROS_VERSION', '2'), ('XDG_SESSION_CLASS', 'user'), ('USERNAME', 'ros'), ('TERM', 'xterm-256color'), ('GNOME_DESKTOP_SESSION_ID', 'this-is-deprecated'), ('ROS_LOCALHOST_ONLY', '0'), ('WINDOWPATH', '2'), ('PATH', '/opt/ros/humble/bin:/home/ros/.local/bin:/usr/local/sbin:/usr/local/bin:/usr/sbin:/usr/bin:/sbin:/bin:/usr/games:/usr/local/games:/snap/bin:/snap/bin'), ('SESSION_MANAGER', 'local/ros-virtual-machine:@/tmp/.ICE-unix/1316,unix/ros-virtual-machine:/tmp/.ICE-unix/1316'), ('INVOCATION_ID', '00487b699f7d4c798b6f2c9b5207b5fc'), ('XDG_MENU_PREFIX', 'gnome-'), ('LC_ADDRESS', 'es_CO.UTF-8'), ('XDG_RUNTIME_DIR', '/run/user/1000'), ('DISPLAY', ':0'), ('TERMINATOR_DBUS_PATH', '/net/tenshu/Terminator2'), ('LANG', 'en_US.UTF-8'), ('XDG_CURRENT_DESKTOP', 'ubuntu:GNOME'), ('IBUS_DISABLE_SNOOPER', '1'), ('LC_TELEPHONE', 'es_CO.UTF-8'), ('XMODIFIERS', '@im=ibus'), ('XDG_SESSION_DESKTOP', 'ubuntu-xorg'), ('XAUTHORITY', '/run/user/1000/gdm/Xauthority'), ('LS_COLORS', 'rs=0:di=01;34:ln=01;36:mh=00:pi=40;33:so=01;35:do=01;35:bd=40;33;01:cd=40;33;01:or=40;31;01:mi=00:su=37;41:sg=30;43:ca=30;41:tw=30;42:ow=34;42:st=37;44:ex=01;32:*.tar=01;31:*.tgz=01;31:*.arc=01;31:*.arj=01;31:*.taz=01;31:*.lha=01;31:*.lz4=01;31:*.lzh=01;31:*.lzma=01;31:*.tlz=01;31:*.txz=01;31:*.tzo=01;31:*.t7z=01;31:*.zip=01;31:*.z=01;31:*.dz=01;31:*.gz=01;31:*.lrz=01;31:*.lz=01;31:*.lzo=01;31:*.xz=01;31:*.zst=01;31:*.tzst=01;31:*.bz2=01;31:*.bz=01;31:*.tbz=01;31:*.tbz2=01;31:*.tz=01;31:*.deb=01;31:*.rpm=01;31:*.jar=01;31:*.war=01;31:*.ear=01;31:*.sar=01;31:*.rar=01;31:*.alz=01;31:*.ace=01;31:*.zoo=01;31:*.cpio=01;31:*.7z=01;31:*.rz=01;31:*.cab=01;31:*.wim=01;31:*.swm=01;31:*.dwm=01;31:*.esd=01;31:*.jpg=01;35:*.jpeg=01;35:*.mjpg=01;35:*.mjpeg=01;35:*.gif=01;35:*.bmp=01;35:*.pbm=01;35:*.pgm=01;35:*.ppm=01;35:*.tga=01;35:*.xbm=01;35:*.xpm=01;35:*.tif=01;35:*.tiff=01;35:*.png=01;35:*.svg=01;35:*.svgz=01;35:*.mng=01;35:*.pcx=01;35:*.mov=01;35:*.mpg=01;35:*.mpeg=01;35:*.m2v=01;35:*.mkv=01;35:*.webm=01;35:*.webp=01;35:*.ogm=01;35:*.mp4=01;35:*.m4v=01;35:*.mp4v=01;35:*.vob=01;35:*.qt=01;35:*.nuv=01;35:*.wmv=01;35:*.asf=01;35:*.rm=01;35:*.rmvb=01;35:*.flc=01;35:*.avi=01;35:*.fli=01;35:*.flv=01;35:*.gl=01;35:*.dl=01;35:*.xcf=01;35:*.xwd=01;35:*.yuv=01;35:*.cgm=01;35:*.emf=01;35:*.ogv=01;35:*.ogx=01;35:*.aac=00;36:*.au=00;36:*.flac=00;36:*.m4a=00;36:*.mid=00;36:*.midi=00;36:*.mka=00;36:*.mp3=00;36:*.mpc=00;36:*.ogg=00;36:*.ra=00;36:*.wav=00;36:*.oga=00;36:*.opus=00;36:*.spx=00;36:*.xspf=00;36:'), ('SSH_AGENT_LAUNCHER', 'gnome-keyring'), ('SSH_AUTH_SOCK', '/run/user/1000/keyring/ssh'), ('AMENT_PREFIX_PATH', '/opt/ros/humble'), ('SHELL', '/bin/bash'), ('LC_NAME', 'es_CO.UTF-8'), ('TERMINATOR_UUID', 'urn:uuid:1623e010-cd7e-4313-86eb-01e292c650ef'), ('QT_ACCESSIBILITY', '1'), ('GDMSESSION', 'ubuntu-xorg'), ('LESSCLOSE', '/usr/bin/lesspipe %s %s'), ('LC_MEASUREMENT', 'es_CO.UTF-8'), ('GPG_AGENT_INFO', '/run/user/1000/gnupg/S.gpg-agent:0:1'), ('GJS_DEBUG_OUTPUT', 'stderr'), ('LC_IDENTIFICATION', 'es_CO.UTF-8'), ('QT_IM_MODULE', 'ibus'), ('PWD', '/home/ros/arm_ws/build/arm_description'), ('LC_ALL', 'en_US.UTF-8'), ('XDG_CONFIG_DIRS', '/etc/xdg/xdg-ubuntu-xorg:/etc/xdg'), ('XDG_DATA_DIRS', '/usr/share/ubuntu-xorg:/usr/share/gnome:/usr/local/share/:/usr/share/:/var/lib/snapd/desktop'), ('PYTHONPATH', '/opt/ros/humble/lib/python3.10/site-packages:/opt/ros/humble/local/lib/python3.10/dist-packages'), ('LC_NUMERIC', 'es_CO.UTF-8'), ('LC_PAPER', 'es_CO.UTF-8'), ('COLCON', '1'), ('VTE_VERSION', '6800'), ('CMAKE_PREFIX_PATH', '/opt/ros/humble')]), 'shell': False}
[6.478587] (arm_msgs) StdoutLine: {'line': b'-- Up-to-date: /home/ros/arm_ws/install/arm_msgs/local/lib/python3.10/dist-packages/arm_msgs/arm_msgs_s__rosidl_typesupport_fastrtps_c.cpython-310-x86_64-linux-gnu.so\n'}
[6.488576] (arm_msgs) StdoutLine: {'line': b'-- Up-to-date: /home/ros/arm_ws/install/arm_msgs/local/lib/python3.10/dist-packages/arm_msgs/arm_msgs_s__rosidl_typesupport_introspection_c.cpython-310-x86_64-linux-gnu.so\n'}
[6.488804] (arm_msgs) StdoutLine: {'line': b'-- Up-to-date: /home/ros/arm_ws/install/arm_msgs/local/lib/python3.10/dist-packages/arm_msgs/arm_msgs_s__rosidl_typesupport_c.cpython-310-x86_64-linux-gnu.so\n'}
[6.488955] (arm_msgs) StdoutLine: {'line': b'-- Up-to-date: /home/ros/arm_ws/install/arm_msgs/lib/libarm_msgs__rosidl_generator_py.so\n'}
[6.489075] (arm_msgs) StdoutLine: {'line': b'-- Up-to-date: /home/ros/arm_ws/install/arm_msgs/share/arm_msgs/srv/AddTwoInts.idl\n'}
[6.489206] (arm_msgs) StdoutLine: {'line': b'-- Up-to-date: /home/ros/arm_ws/install/arm_msgs/share/arm_msgs/srv/EulerToQuaternion.idl\n'}
[6.489330] (arm_msgs) StdoutLine: {'line': b'-- Up-to-date: /home/ros/arm_ws/install/arm_msgs/share/arm_msgs/srv/QuaternionToEuler.idl\n'}
[6.489440] (arm_msgs) StdoutLine: {'line': b'-- Up-to-date: /home/ros/arm_ws/install/arm_msgs/share/arm_msgs/action/Fibonacci.idl\n'}
[6.489544] (arm_msgs) StdoutLine: {'line': b'-- Up-to-date: /home/ros/arm_ws/install/arm_msgs/share/arm_msgs/action/ArmTask.idl\n'}
[6.489675] (arm_msgs) StdoutLine: {'line': b'-- Up-to-date: /home/ros/arm_ws/install/arm_msgs/share/arm_msgs/srv/AddTwoInts.srv\n'}
[6.498996] (arm_msgs) StdoutLine: {'line': b'-- Up-to-date: /home/ros/arm_ws/install/arm_msgs/share/arm_msgs/srv/AddTwoInts_Request.msg\n'}
[6.499278] (arm_msgs) StdoutLine: {'line': b'-- Up-to-date: /home/ros/arm_ws/install/arm_msgs/share/arm_msgs/srv/AddTwoInts_Response.msg\n'}
[6.499485] (arm_msgs) StdoutLine: {'line': b'-- Up-to-date: /home/ros/arm_ws/install/arm_msgs/share/arm_msgs/srv/EulerToQuaternion.srv\n'}
[6.499675] (arm_msgs) StdoutLine: {'line': b'-- Up-to-date: /home/ros/arm_ws/install/arm_msgs/share/arm_msgs/srv/EulerToQuaternion_Request.msg\n'}
[6.505723] (arm_msgs) StdoutLine: {'line': b'-- Up-to-date: /home/ros/arm_ws/install/arm_msgs/share/arm_msgs/srv/EulerToQuaternion_Response.msg\n'}
[6.505988] (arm_msgs) StdoutLine: {'line': b'-- Up-to-date: /home/ros/arm_ws/install/arm_msgs/share/arm_msgs/srv/QuaternionToEuler.srv\n'}
[6.506123] (arm_msgs) StdoutLine: {'line': b'-- Up-to-date: /home/ros/arm_ws/install/arm_msgs/share/arm_msgs/srv/QuaternionToEuler_Request.msg\n'}
[6.506325] (arm_msgs) StdoutLine: {'line': b'-- Up-to-date: /home/ros/arm_ws/install/arm_msgs/share/arm_msgs/srv/QuaternionToEuler_Response.msg\n'}
[6.506522] (arm_msgs) StdoutLine: {'line': b'-- Up-to-date: /home/ros/arm_ws/install/arm_msgs/share/arm_msgs/action/Fibonacci.action\n'}
[6.506638] (arm_msgs) StdoutLine: {'line': b'-- Up-to-date: /home/ros/arm_ws/install/arm_msgs/share/arm_msgs/action/ArmTask.action\n'}
[6.506820] (arm_msgs) StdoutLine: {'line': b'-- Up-to-date: /home/ros/arm_ws/install/arm_msgs/share/ament_index/resource_index/package_run_dependencies/arm_msgs\n'}
[6.511426] (arm_msgs) StdoutLine: {'line': b'-- Up-to-date: /home/ros/arm_ws/install/arm_msgs/share/ament_index/resource_index/parent_prefix_path/arm_msgs\n'}
[6.511611] (arm_msgs) StdoutLine: {'line': b'-- Up-to-date: /home/ros/arm_ws/install/arm_msgs/share/arm_msgs/environment/ament_prefix_path.sh\n'}
[6.515314] (arm_msgs) StdoutLine: {'line': b'-- Up-to-date: /home/ros/arm_ws/install/arm_msgs/share/arm_msgs/environment/ament_prefix_path.dsv\n'}
[6.515821] (arm_msgs) StdoutLine: {'line': b'-- Up-to-date: /home/ros/arm_ws/install/arm_msgs/share/arm_msgs/environment/path.sh\n'}
[6.515978] (arm_msgs) StdoutLine: {'line': b'-- Up-to-date: /home/ros/arm_ws/install/arm_msgs/share/arm_msgs/environment/path.dsv\n'}
[6.516096] (arm_msgs) StdoutLine: {'line': b'-- Up-to-date: /home/ros/arm_ws/install/arm_msgs/share/arm_msgs/local_setup.bash\n'}
[6.516213] (arm_msgs) StdoutLine: {'line': b'-- Up-to-date: /home/ros/arm_ws/install/arm_msgs/share/arm_msgs/local_setup.sh\n'}
[6.516330] (arm_msgs) StdoutLine: {'line': b'-- Up-to-date: /home/ros/arm_ws/install/arm_msgs/share/arm_msgs/local_setup.zsh\n'}
[6.516443] (arm_msgs) StdoutLine: {'line': b'-- Up-to-date: /home/ros/arm_ws/install/arm_msgs/share/arm_msgs/local_setup.dsv\n'}
[6.516668] (arm_msgs) StdoutLine: {'line': b'-- Installing: /home/ros/arm_ws/install/arm_msgs/share/arm_msgs/package.dsv\n'}
[6.516956] (arm_msgs) StdoutLine: {'line': b'-- Up-to-date: /home/ros/arm_ws/install/arm_msgs/share/ament_index/resource_index/packages/arm_msgs\n'}
[6.522519] (arm_msgs) StdoutLine: {'line': b'-- Up-to-date: /home/ros/arm_ws/install/arm_msgs/share/arm_msgs/cmake/export_arm_msgs__rosidl_generator_cExport.cmake\n'}
[6.522784] (arm_msgs) StdoutLine: {'line': b'-- Up-to-date: /home/ros/arm_ws/install/arm_msgs/share/arm_msgs/cmake/export_arm_msgs__rosidl_generator_cExport-noconfig.cmake\n'}
[6.522970] (arm_msgs) StdoutLine: {'line': b'-- Up-to-date: /home/ros/arm_ws/install/arm_msgs/share/arm_msgs/cmake/export_arm_msgs__rosidl_typesupport_fastrtps_cExport.cmake\n'}
[6.523094] (arm_msgs) StdoutLine: {'line': b'-- Up-to-date: /home/ros/arm_ws/install/arm_msgs/share/arm_msgs/cmake/export_arm_msgs__rosidl_typesupport_fastrtps_cExport-noconfig.cmake\n'}
[6.523285] (arm_msgs) StdoutLine: {'line': b'-- Up-to-date: /home/ros/arm_ws/install/arm_msgs/share/arm_msgs/cmake/export_arm_msgs__rosidl_generator_cppExport.cmake\n'}
[6.525474] (arm_msgs) StdoutLine: {'line': b'-- Up-to-date: /home/ros/arm_ws/install/arm_msgs/share/arm_msgs/cmake/export_arm_msgs__rosidl_typesupport_fastrtps_cppExport.cmake\n'}
[6.526294] (arm_msgs) StdoutLine: {'line': b'-- Up-to-date: /home/ros/arm_ws/install/arm_msgs/share/arm_msgs/cmake/export_arm_msgs__rosidl_typesupport_fastrtps_cppExport-noconfig.cmake\n'}
[6.526787] (arm_msgs) StdoutLine: {'line': b'-- Up-to-date: /home/ros/arm_ws/install/arm_msgs/share/arm_msgs/cmake/arm_msgs__rosidl_typesupport_introspection_cExport.cmake\n'}
[6.526933] (arm_msgs) StdoutLine: {'line': b'-- Up-to-date: /home/ros/arm_ws/install/arm_msgs/share/arm_msgs/cmake/arm_msgs__rosidl_typesupport_introspection_cExport-noconfig.cmake\n'}
[6.527046] (arm_msgs) StdoutLine: {'line': b'-- Up-to-date: /home/ros/arm_ws/install/arm_msgs/share/arm_msgs/cmake/arm_msgs__rosidl_typesupport_cExport.cmake\n'}
[6.527159] (arm_msgs) StdoutLine: {'line': b'-- Up-to-date: /home/ros/arm_ws/install/arm_msgs/share/arm_msgs/cmake/arm_msgs__rosidl_typesupport_cExport-noconfig.cmake\n'}
[6.527265] (arm_msgs) StdoutLine: {'line': b'-- Up-to-date: /home/ros/arm_ws/install/arm_msgs/share/arm_msgs/cmake/arm_msgs__rosidl_typesupport_introspection_cppExport.cmake\n'}
[6.527369] (arm_msgs) StdoutLine: {'line': b'-- Up-to-date: /home/ros/arm_ws/install/arm_msgs/share/arm_msgs/cmake/arm_msgs__rosidl_typesupport_introspection_cppExport-noconfig.cmake\n'}
[6.527472] (arm_msgs) StdoutLine: {'line': b'-- Up-to-date: /home/ros/arm_ws/install/arm_msgs/share/arm_msgs/cmake/arm_msgs__rosidl_typesupport_cppExport.cmake\n'}
[6.527597] (arm_msgs) StdoutLine: {'line': b'-- Up-to-date: /home/ros/arm_ws/install/arm_msgs/share/arm_msgs/cmake/arm_msgs__rosidl_typesupport_cppExport-noconfig.cmake\n'}
[6.527702] (arm_msgs) StdoutLine: {'line': b'-- Up-to-date: /home/ros/arm_ws/install/arm_msgs/share/arm_msgs/cmake/export_arm_msgs__rosidl_generator_pyExport.cmake\n'}
[6.527889] (arm_msgs) StdoutLine: {'line': b'-- Up-to-date: /home/ros/arm_ws/install/arm_msgs/share/arm_msgs/cmake/export_arm_msgs__rosidl_generator_pyExport-noconfig.cmake\n'}
[6.528010] (arm_msgs) StdoutLine: {'line': b'-- Up-to-date: /home/ros/arm_ws/install/arm_msgs/share/arm_msgs/cmake/rosidl_cmake-extras.cmake\n'}
[6.528115] (arm_msgs) StdoutLine: {'line': b'-- Up-to-date: /home/ros/arm_ws/install/arm_msgs/share/arm_msgs/cmake/ament_cmake_export_dependencies-extras.cmake\n'}
[6.528218] (arm_msgs) StdoutLine: {'line': b'-- Up-to-date: /home/ros/arm_ws/install/arm_msgs/share/arm_msgs/cmake/ament_cmake_export_include_directories-extras.cmake\n'}
[6.532799] (arm_msgs) StdoutLine: {'line': b'-- Up-to-date: /home/ros/arm_ws/install/arm_msgs/share/arm_msgs/cmake/ament_cmake_export_libraries-extras.cmake\n'}
[6.533627] (arm_msgs) StdoutLine: {'line': b'-- Up-to-date: /home/ros/arm_ws/install/arm_msgs/share/arm_msgs/cmake/ament_cmake_export_targets-extras.cmake\n'}
[6.533969] (arm_msgs) StdoutLine: {'line': b'-- Up-to-date: /home/ros/arm_ws/install/arm_msgs/share/arm_msgs/cmake/rosidl_cmake_export_typesupport_targets-extras.cmake\n'}
[6.534178] (arm_msgs) StdoutLine: {'line': b'-- Up-to-date: /home/ros/arm_ws/install/arm_msgs/share/arm_msgs/cmake/rosidl_cmake_export_typesupport_libraries-extras.cmake\n'}
[6.534405] (arm_msgs) StdoutLine: {'line': b'-- Up-to-date: /home/ros/arm_ws/install/arm_msgs/share/arm_msgs/cmake/arm_msgsConfig.cmake\n'}
[6.534640] (arm_msgs) StdoutLine: {'line': b'-- Up-to-date: /home/ros/arm_ws/install/arm_msgs/share/arm_msgs/cmake/arm_msgsConfig-version.cmake\n'}
[6.538995] (arm_msgs) StdoutLine: {'line': b'-- Up-to-date: /home/ros/arm_ws/install/arm_msgs/share/arm_msgs/package.xml\n'}
[6.544208] (arm_msgs) CommandEnded: {'returncode': 0}
[6.559107] (-) TimerEvent: {}
[6.660838] (-) TimerEvent: {}
[6.764953] (-) TimerEvent: {}
[6.865653] (-) TimerEvent: {}
[6.888233] (arm_description) CommandEnded: {'returncode': 0}
[6.969994] (-) TimerEvent: {}
[7.073490] (-) TimerEvent: {}
[7.180374] (-) TimerEvent: {}
[7.276322] (arm_description) JobProgress: {'identifier': 'arm_description', 'progress': 'install'}
[7.276482] (arm_description) Command: {'cmd': ['/usr/bin/cmake', '--install', '/home/ros/arm_ws/build/arm_description'], 'cwd': '/home/ros/arm_ws/build/arm_description', 'env': OrderedDict([('GJS_DEBUG_TOPICS', 'JS ERROR;JS LOG'), ('LESSOPEN', '| /usr/bin/lesspipe %s'), ('LANGUAGE', 'en_US:'), ('USER', 'ros'), ('LC_TIME', 'es_CO.UTF-8'), ('XDG_SESSION_TYPE', 'x11'), ('SHLVL', '1'), ('LD_LIBRARY_PATH', '/usr/lib/x86_64-linux-gnu/gazebo-11/plugins:/opt/ros/humble/opt/rviz_ogre_vendor/lib:/opt/ros/humble/lib/x86_64-linux-gnu:/opt/ros/humble/lib'), ('HOME', '/home/ros'), ('OLDPWD', '/home/ros'), ('DESKTOP_SESSION', 'ubuntu-xorg'), ('GIO_LAUNCHED_DESKTOP_FILE', '/usr/share/applications/terminator.desktop'), ('ROS_PYTHON_VERSION', '3'), ('GNOME_SHELL_SESSION_MODE', 'ubuntu'), ('GTK_MODULES', 'gail:atk-bridge'), ('LC_MONETARY', 'es_CO.UTF-8'), ('MANAGERPID', '979'), ('SYSTEMD_EXEC_PID', '1347'), ('DBUS_SESSION_BUS_ADDRESS', 'unix:path=/run/user/1000/bus'), ('COLORTERM', 'truecolor'), ('TERMINATOR_DBUS_NAME', 'net.tenshu.Terminator21a9d5db22c73a993ff0b42f64b396873'), ('GIO_LAUNCHED_DESKTOP_FILE_PID', '4526'), ('ROS_DISTRO', 'humble'), ('GTK_IM_MODULE', 'ibus'), ('LOGNAME', 'ros'), ('JOURNAL_STREAM', '8:20866'), ('_', '/usr/bin/colcon'), ('ROS_VERSION', '2'), ('XDG_SESSION_CLASS', 'user'), ('USERNAME', 'ros'), ('TERM', 'xterm-256color'), ('GNOME_DESKTOP_SESSION_ID', 'this-is-deprecated'), ('ROS_LOCALHOST_ONLY', '0'), ('WINDOWPATH', '2'), ('PATH', '/opt/ros/humble/bin:/home/ros/.local/bin:/usr/local/sbin:/usr/local/bin:/usr/sbin:/usr/bin:/sbin:/bin:/usr/games:/usr/local/games:/snap/bin:/snap/bin'), ('SESSION_MANAGER', 'local/ros-virtual-machine:@/tmp/.ICE-unix/1316,unix/ros-virtual-machine:/tmp/.ICE-unix/1316'), ('INVOCATION_ID', '00487b699f7d4c798b6f2c9b5207b5fc'), ('XDG_MENU_PREFIX', 'gnome-'), ('LC_ADDRESS', 'es_CO.UTF-8'), ('XDG_RUNTIME_DIR', '/run/user/1000'), ('DISPLAY', ':0'), ('TERMINATOR_DBUS_PATH', '/net/tenshu/Terminator2'), ('LANG', 'en_US.UTF-8'), ('XDG_CURRENT_DESKTOP', 'ubuntu:GNOME'), ('IBUS_DISABLE_SNOOPER', '1'), ('LC_TELEPHONE', 'es_CO.UTF-8'), ('XMODIFIERS', '@im=ibus'), ('XDG_SESSION_DESKTOP', 'ubuntu-xorg'), ('XAUTHORITY', '/run/user/1000/gdm/Xauthority'), ('LS_COLORS', 'rs=0:di=01;34:ln=01;36:mh=00:pi=40;33:so=01;35:do=01;35:bd=40;33;01:cd=40;33;01:or=40;31;01:mi=00:su=37;41:sg=30;43:ca=30;41:tw=30;42:ow=34;42:st=37;44:ex=01;32:*.tar=01;31:*.tgz=01;31:*.arc=01;31:*.arj=01;31:*.taz=01;31:*.lha=01;31:*.lz4=01;31:*.lzh=01;31:*.lzma=01;31:*.tlz=01;31:*.txz=01;31:*.tzo=01;31:*.t7z=01;31:*.zip=01;31:*.z=01;31:*.dz=01;31:*.gz=01;31:*.lrz=01;31:*.lz=01;31:*.lzo=01;31:*.xz=01;31:*.zst=01;31:*.tzst=01;31:*.bz2=01;31:*.bz=01;31:*.tbz=01;31:*.tbz2=01;31:*.tz=01;31:*.deb=01;31:*.rpm=01;31:*.jar=01;31:*.war=01;31:*.ear=01;31:*.sar=01;31:*.rar=01;31:*.alz=01;31:*.ace=01;31:*.zoo=01;31:*.cpio=01;31:*.7z=01;31:*.rz=01;31:*.cab=01;31:*.wim=01;31:*.swm=01;31:*.dwm=01;31:*.esd=01;31:*.jpg=01;35:*.jpeg=01;35:*.mjpg=01;35:*.mjpeg=01;35:*.gif=01;35:*.bmp=01;35:*.pbm=01;35:*.pgm=01;35:*.ppm=01;35:*.tga=01;35:*.xbm=01;35:*.xpm=01;35:*.tif=01;35:*.tiff=01;35:*.png=01;35:*.svg=01;35:*.svgz=01;35:*.mng=01;35:*.pcx=01;35:*.mov=01;35:*.mpg=01;35:*.mpeg=01;35:*.m2v=01;35:*.mkv=01;35:*.webm=01;35:*.webp=01;35:*.ogm=01;35:*.mp4=01;35:*.m4v=01;35:*.mp4v=01;35:*.vob=01;35:*.qt=01;35:*.nuv=01;35:*.wmv=01;35:*.asf=01;35:*.rm=01;35:*.rmvb=01;35:*.flc=01;35:*.avi=01;35:*.fli=01;35:*.flv=01;35:*.gl=01;35:*.dl=01;35:*.xcf=01;35:*.xwd=01;35:*.yuv=01;35:*.cgm=01;35:*.emf=01;35:*.ogv=01;35:*.ogx=01;35:*.aac=00;36:*.au=00;36:*.flac=00;36:*.m4a=00;36:*.mid=00;36:*.midi=00;36:*.mka=00;36:*.mp3=00;36:*.mpc=00;36:*.ogg=00;36:*.ra=00;36:*.wav=00;36:*.oga=00;36:*.opus=00;36:*.spx=00;36:*.xspf=00;36:'), ('SSH_AGENT_LAUNCHER', 'gnome-keyring'), ('SSH_AUTH_SOCK', '/run/user/1000/keyring/ssh'), ('AMENT_PREFIX_PATH', '/opt/ros/humble'), ('SHELL', '/bin/bash'), ('LC_NAME', 'es_CO.UTF-8'), ('TERMINATOR_UUID', 'urn:uuid:1623e010-cd7e-4313-86eb-01e292c650ef'), ('QT_ACCESSIBILITY', '1'), ('GDMSESSION', 'ubuntu-xorg'), ('LESSCLOSE', '/usr/bin/lesspipe %s %s'), ('LC_MEASUREMENT', 'es_CO.UTF-8'), ('GPG_AGENT_INFO', '/run/user/1000/gnupg/S.gpg-agent:0:1'), ('GJS_DEBUG_OUTPUT', 'stderr'), ('LC_IDENTIFICATION', 'es_CO.UTF-8'), ('QT_IM_MODULE', 'ibus'), ('PWD', '/home/ros/arm_ws/build/arm_description'), ('LC_ALL', 'en_US.UTF-8'), ('XDG_CONFIG_DIRS', '/etc/xdg/xdg-ubuntu-xorg:/etc/xdg'), ('XDG_DATA_DIRS', '/usr/share/ubuntu-xorg:/usr/share/gnome:/usr/local/share/:/usr/share/:/var/lib/snapd/desktop'), ('PYTHONPATH', '/opt/ros/humble/lib/python3.10/site-packages:/opt/ros/humble/local/lib/python3.10/dist-packages'), ('LC_NUMERIC', 'es_CO.UTF-8'), ('LC_PAPER', 'es_CO.UTF-8'), ('COLCON', '1'), ('VTE_VERSION', '6800'), ('CMAKE_PREFIX_PATH', '/opt/ros/humble')]), 'shell': False}
[7.282601] (-) TimerEvent: {}
[7.333902] (arm_description) StdoutLine: {'line': b'-- Install configuration: ""\n'}
[7.334479] (arm_description) StdoutLine: {'line': b'-- Up-to-date: /home/ros/arm_ws/install/arm_description/share/arm_description/launch\n'}
[7.338144] (arm_description) StdoutLine: {'line': b'-- Up-to-date: /home/ros/arm_ws/install/arm_description/share/arm_description/launch/display.launch.py\n'}
[7.338563] (arm_description) StdoutLine: {'line': b'-- Up-to-date: /home/ros/arm_ws/install/arm_description/share/arm_description/launch/gazebo.launch.py\n'}
[7.347087] (arm_description) StdoutLine: {'line': b'-- Up-to-date: /home/ros/arm_ws/install/arm_description/share/arm_description/meshes\n'}
[7.349282] (arm_description) StdoutLine: {'line': b'-- Up-to-date: /home/ros/arm_ws/install/arm_description/share/arm_description/meshes/triangular_link.STL\n'}
[7.349725] (arm_description) StdoutLine: {'line': b'-- Up-to-date: /home/ros/arm_ws/install/arm_description/share/arm_description/meshes/basement.STL\n'}
[7.356473] (arm_description) StdoutLine: {'line': b'-- Up-to-date: /home/ros/arm_ws/install/arm_description/share/arm_description/meshes/plate.STL\n'}
[7.356795] (arm_description) StdoutLine: {'line': b'-- Up-to-date: /home/ros/arm_ws/install/arm_description/share/arm_description/meshes/base_plate.STL\n'}
[7.357273] (arm_description) StdoutLine: {'line': b'-- Up-to-date: /home/ros/arm_ws/install/arm_description/share/arm_description/meshes/horizontal_arm.STL\n'}
[7.357532] (arm_description) StdoutLine: {'line': b'-- Up-to-date: /home/ros/arm_ws/install/arm_description/share/arm_description/meshes/right_finger.STL\n'}
[7.363128] (arm_description) StdoutLine: {'line': b'-- Up-to-date: /home/ros/arm_ws/install/arm_description/share/arm_description/meshes/vertical_drive_arm.STL\n'}
[7.363683] (arm_description) StdoutLine: {'line': b'-- Up-to-date: /home/ros/arm_ws/install/arm_description/share/arm_description/meshes/forward_drive_arm.STL\n'}
[7.368085] (arm_description) StdoutLine: {'line': b'-- Up-to-date: /home/ros/arm_ws/install/arm_description/share/arm_description/meshes/link.STL\n'}
[7.368288] (arm_description) StdoutLine: {'line': b'-- Up-to-date: /home/ros/arm_ws/install/arm_description/share/arm_description/meshes/round_plate.STL\n'}
[7.368648] (arm_description) StdoutLine: {'line': b'-- Up-to-date: /home/ros/arm_ws/install/arm_description/share/arm_description/meshes/claw_support.STL\n'}
[7.368859] (arm_description) StdoutLine: {'line': b'-- Up-to-date: /home/ros/arm_ws/install/arm_description/share/arm_description/meshes/left_finger.STL\n'}
[7.369026] (arm_description) StdoutLine: {'line': b'-- Up-to-date: /home/ros/arm_ws/install/arm_description/share/arm_description/meshes/servo_plate.STL\n'}
[7.371589] (arm_description) StdoutLine: {'line': b'-- Up-to-date: /home/ros/arm_ws/install/arm_description/share/arm_description/models\n'}
[7.372035] (arm_description) StdoutLine: {'line': b'-- Up-to-date: /home/ros/arm_ws/install/arm_description/share/arm_description/models/ground_plane\n'}
[7.372413] (arm_description) StdoutLine: {'line': b'-- Up-to-date: /home/ros/arm_ws/install/arm_description/share/arm_description/models/ground_plane/model.config\n'}
[7.374253] (arm_description) StdoutLine: {'line': b'-- Up-to-date: /home/ros/arm_ws/install/arm_description/share/arm_description/models/ground_plane/model-1_4.sdf\n'}
[7.376253] (arm_description) StdoutLine: {'line': b'-- Up-to-date: /home/ros/arm_ws/install/arm_description/share/arm_description/models/ground_plane/model-1_3.sdf\n'}
[7.376828] (arm_description) StdoutLine: {'line': b'-- Up-to-date: /home/ros/arm_ws/install/arm_description/share/arm_description/models/ground_plane/model.sdf\n'}
[7.377513] (arm_description) StdoutLine: {'line': b'-- Up-to-date: /home/ros/arm_ws/install/arm_description/share/arm_description/models/ground_plane/model-1_2.sdf\n'}
[7.380143] (arm_description) StdoutLine: {'line': b'-- Up-to-date: /home/ros/arm_ws/install/arm_description/share/arm_description/models/sun\n'}
[7.381529] (arm_description) StdoutLine: {'line': b'-- Up-to-date: /home/ros/arm_ws/install/arm_description/share/arm_description/models/sun/model.config\n'}
[7.385393] (-) TimerEvent: {}
[7.391917] (arm_description) StdoutLine: {'line': b'-- Up-to-date: /home/ros/arm_ws/install/arm_description/share/arm_description/models/sun/model-1_4.sdf\n'}
[7.393255] (arm_description) StdoutLine: {'line': b'-- Up-to-date: /home/ros/arm_ws/install/arm_description/share/arm_description/models/sun/model-1_3.sdf\n'}
[7.394774] (arm_description) StdoutLine: {'line': b'-- Up-to-date: /home/ros/arm_ws/install/arm_description/share/arm_description/models/sun/model.sdf\n'}
[7.399539] (arm_description) StdoutLine: {'line': b'-- Up-to-date: /home/ros/arm_ws/install/arm_description/share/arm_description/models/sun/model-1_2.sdf\n'}
[7.399866] (arm_description) StdoutLine: {'line': b'-- Up-to-date: /home/ros/arm_ws/install/arm_description/share/arm_description/urdf\n'}
[7.400095] (arm_description) StdoutLine: {'line': b'-- Up-to-date: /home/ros/arm_ws/install/arm_description/share/arm_description/urdf/arm_ros2_control.xacro\n'}
[7.400442] (arm_description) StdoutLine: {'line': b'-- Up-to-date: /home/ros/arm_ws/install/arm_description/share/arm_description/urdf/arm_gazebo.xacro\n'}
[7.400659] (arm_description) StdoutLine: {'line': b'-- Up-to-date: /home/ros/arm_ws/install/arm_description/share/arm_description/urdf/arm.urdf.xacro\n'}
[7.404683] (arm_description) StdoutLine: {'line': b'-- Up-to-date: /home/ros/arm_ws/install/arm_description/share/arm_description/rviz\n'}
[7.405204] (arm_description) StdoutLine: {'line': b'-- Up-to-date: /home/ros/arm_ws/install/arm_description/share/arm_description/rviz/display.rviz\n'}
[7.405381] (arm_description) StdoutLine: {'line': b'-- Up-to-date: /home/ros/arm_ws/install/arm_description/share/ament_index/resource_index/package_run_dependencies/arm_description\n'}
[7.405504] (arm_description) StdoutLine: {'line': b'-- Up-to-date: /home/ros/arm_ws/install/arm_description/share/ament_index/resource_index/parent_prefix_path/arm_description\n'}
[7.407989] (arm_description) StdoutLine: {'line': b'-- Up-to-date: /home/ros/arm_ws/install/arm_description/share/arm_description/environment/ament_prefix_path.sh\n'}
[7.408301] (arm_description) StdoutLine: {'line': b'-- Up-to-date: /home/ros/arm_ws/install/arm_description/share/arm_description/environment/ament_prefix_path.dsv\n'}
[7.408553] (arm_description) StdoutLine: {'line': b'-- Up-to-date: /home/ros/arm_ws/install/arm_description/share/arm_description/environment/path.sh\n'}
[7.408668] (arm_description) StdoutLine: {'line': b'-- Up-to-date: /home/ros/arm_ws/install/arm_description/share/arm_description/environment/path.dsv\n'}
[7.408878] (arm_description) StdoutLine: {'line': b'-- Up-to-date: /home/ros/arm_ws/install/arm_description/share/arm_description/local_setup.bash\n'}
[7.409224] (arm_description) StdoutLine: {'line': b'-- Up-to-date: /home/ros/arm_ws/install/arm_description/share/arm_description/local_setup.sh\n'}
[7.409551] (arm_description) StdoutLine: {'line': b'-- Up-to-date: /home/ros/arm_ws/install/arm_description/share/arm_description/local_setup.zsh\n'}
[7.410977] (arm_description) StdoutLine: {'line': b'-- Up-to-date: /home/ros/arm_ws/install/arm_description/share/arm_description/local_setup.dsv\n'}
[7.411319] (arm_description) StdoutLine: {'line': b'-- Installing: /home/ros/arm_ws/install/arm_description/share/arm_description/package.dsv\n'}
[7.411549] (arm_description) StdoutLine: {'line': b'-- Up-to-date: /home/ros/arm_ws/install/arm_description/share/ament_index/resource_index/packages/arm_description\n'}
[7.411784] (arm_description) StdoutLine: {'line': b'-- Up-to-date: /home/ros/arm_ws/install/arm_description/share/arm_description/cmake/arm_descriptionConfig.cmake\n'}
[7.429418] (arm_description) StdoutLine: {'line': b'-- Up-to-date: /home/ros/arm_ws/install/arm_description/share/arm_description/cmake/arm_descriptionConfig-version.cmake\n'}
[7.431867] (arm_description) StdoutLine: {'line': b'-- Up-to-date: /home/ros/arm_ws/install/arm_description/share/arm_description/package.xml\n'}
[7.432316] (arm_description) CommandEnded: {'returncode': 0}
[7.485637] (-) TimerEvent: {}
[7.590837] (-) TimerEvent: {}
[7.691586] (-) TimerEvent: {}
[7.800164] (-) TimerEvent: {}
[7.878870] (arm_description) JobEnded: {'identifier': 'arm_description', 'rc': 0}
[7.888471] (arm_firmware) JobStarted: {'identifier': 'arm_firmware'}
[7.907170] (-) TimerEvent: {}
[7.977903] (arm_firmware) JobProgress: {'identifier': 'arm_firmware', 'progress': 'cmake'}
[7.991694] (arm_firmware) JobProgress: {'identifier': 'arm_firmware', 'progress': 'build'}
[7.992878] (arm_firmware) Command: {'cmd': ['/usr/bin/cmake', '--build', '/home/ros/arm_ws/build/arm_firmware', '--', '-j2', '-l2'], 'cwd': '/home/ros/arm_ws/build/arm_firmware', 'env': OrderedDict([('GJS_DEBUG_TOPICS', 'JS ERROR;JS LOG'), ('LESSOPEN', '| /usr/bin/lesspipe %s'), ('LANGUAGE', 'en_US:'), ('USER', 'ros'), ('LC_TIME', 'es_CO.UTF-8'), ('XDG_SESSION_TYPE', 'x11'), ('SHLVL', '1'), ('LD_LIBRARY_PATH', '/usr/lib/x86_64-linux-gnu/gazebo-11/plugins:/opt/ros/humble/opt/rviz_ogre_vendor/lib:/opt/ros/humble/lib/x86_64-linux-gnu:/opt/ros/humble/lib'), ('HOME', '/home/ros'), ('OLDPWD', '/home/ros'), ('DESKTOP_SESSION', 'ubuntu-xorg'), ('GIO_LAUNCHED_DESKTOP_FILE', '/usr/share/applications/terminator.desktop'), ('ROS_PYTHON_VERSION', '3'), ('GNOME_SHELL_SESSION_MODE', 'ubuntu'), ('GTK_MODULES', 'gail:atk-bridge'), ('LC_MONETARY', 'es_CO.UTF-8'), ('MANAGERPID', '979'), ('SYSTEMD_EXEC_PID', '1347'), ('DBUS_SESSION_BUS_ADDRESS', 'unix:path=/run/user/1000/bus'), ('COLORTERM', 'truecolor'), ('TERMINATOR_DBUS_NAME', 'net.tenshu.Terminator21a9d5db22c73a993ff0b42f64b396873'), ('GIO_LAUNCHED_DESKTOP_FILE_PID', '4526'), ('ROS_DISTRO', 'humble'), ('GTK_IM_MODULE', 'ibus'), ('LOGNAME', 'ros'), ('JOURNAL_STREAM', '8:20866'), ('_', '/usr/bin/colcon'), ('ROS_VERSION', '2'), ('XDG_SESSION_CLASS', 'user'), ('USERNAME', 'ros'), ('TERM', 'xterm-256color'), ('GNOME_DESKTOP_SESSION_ID', 'this-is-deprecated'), ('ROS_LOCALHOST_ONLY', '0'), ('WINDOWPATH', '2'), ('PATH', '/opt/ros/humble/bin:/home/ros/.local/bin:/usr/local/sbin:/usr/local/bin:/usr/sbin:/usr/bin:/sbin:/bin:/usr/games:/usr/local/games:/snap/bin:/snap/bin'), ('SESSION_MANAGER', 'local/ros-virtual-machine:@/tmp/.ICE-unix/1316,unix/ros-virtual-machine:/tmp/.ICE-unix/1316'), ('INVOCATION_ID', '00487b699f7d4c798b6f2c9b5207b5fc'), ('XDG_MENU_PREFIX', 'gnome-'), ('LC_ADDRESS', 'es_CO.UTF-8'), ('XDG_RUNTIME_DIR', '/run/user/1000'), ('DISPLAY', ':0'), ('TERMINATOR_DBUS_PATH', '/net/tenshu/Terminator2'), ('LANG', 'en_US.UTF-8'), ('XDG_CURRENT_DESKTOP', 'ubuntu:GNOME'), ('IBUS_DISABLE_SNOOPER', '1'), ('LC_TELEPHONE', 'es_CO.UTF-8'), ('XMODIFIERS', '@im=ibus'), ('XDG_SESSION_DESKTOP', 'ubuntu-xorg'), ('XAUTHORITY', '/run/user/1000/gdm/Xauthority'), ('LS_COLORS', 'rs=0:di=01;34:ln=01;36:mh=00:pi=40;33:so=01;35:do=01;35:bd=40;33;01:cd=40;33;01:or=40;31;01:mi=00:su=37;41:sg=30;43:ca=30;41:tw=30;42:ow=34;42:st=37;44:ex=01;32:*.tar=01;31:*.tgz=01;31:*.arc=01;31:*.arj=01;31:*.taz=01;31:*.lha=01;31:*.lz4=01;31:*.lzh=01;31:*.lzma=01;31:*.tlz=01;31:*.txz=01;31:*.tzo=01;31:*.t7z=01;31:*.zip=01;31:*.z=01;31:*.dz=01;31:*.gz=01;31:*.lrz=01;31:*.lz=01;31:*.lzo=01;31:*.xz=01;31:*.zst=01;31:*.tzst=01;31:*.bz2=01;31:*.bz=01;31:*.tbz=01;31:*.tbz2=01;31:*.tz=01;31:*.deb=01;31:*.rpm=01;31:*.jar=01;31:*.war=01;31:*.ear=01;31:*.sar=01;31:*.rar=01;31:*.alz=01;31:*.ace=01;31:*.zoo=01;31:*.cpio=01;31:*.7z=01;31:*.rz=01;31:*.cab=01;31:*.wim=01;31:*.swm=01;31:*.dwm=01;31:*.esd=01;31:*.jpg=01;35:*.jpeg=01;35:*.mjpg=01;35:*.mjpeg=01;35:*.gif=01;35:*.bmp=01;35:*.pbm=01;35:*.pgm=01;35:*.ppm=01;35:*.tga=01;35:*.xbm=01;35:*.xpm=01;35:*.tif=01;35:*.tiff=01;35:*.png=01;35:*.svg=01;35:*.svgz=01;35:*.mng=01;35:*.pcx=01;35:*.mov=01;35:*.mpg=01;35:*.mpeg=01;35:*.m2v=01;35:*.mkv=01;35:*.webm=01;35:*.webp=01;35:*.ogm=01;35:*.mp4=01;35:*.m4v=01;35:*.mp4v=01;35:*.vob=01;35:*.qt=01;35:*.nuv=01;35:*.wmv=01;35:*.asf=01;35:*.rm=01;35:*.rmvb=01;35:*.flc=01;35:*.avi=01;35:*.fli=01;35:*.flv=01;35:*.gl=01;35:*.dl=01;35:*.xcf=01;35:*.xwd=01;35:*.yuv=01;35:*.cgm=01;35:*.emf=01;35:*.ogv=01;35:*.ogx=01;35:*.aac=00;36:*.au=00;36:*.flac=00;36:*.m4a=00;36:*.mid=00;36:*.midi=00;36:*.mka=00;36:*.mp3=00;36:*.mpc=00;36:*.ogg=00;36:*.ra=00;36:*.wav=00;36:*.oga=00;36:*.opus=00;36:*.spx=00;36:*.xspf=00;36:'), ('SSH_AGENT_LAUNCHER', 'gnome-keyring'), ('SSH_AUTH_SOCK', '/run/user/1000/keyring/ssh'), ('AMENT_PREFIX_PATH', '/opt/ros/humble'), ('SHELL', '/bin/bash'), ('LC_NAME', 'es_CO.UTF-8'), ('TERMINATOR_UUID', 'urn:uuid:1623e010-cd7e-4313-86eb-01e292c650ef'), ('QT_ACCESSIBILITY', '1'), ('GDMSESSION', 'ubuntu-xorg'), ('LESSCLOSE', '/usr/bin/lesspipe %s %s'), ('LC_MEASUREMENT', 'es_CO.UTF-8'), ('GPG_AGENT_INFO', '/run/user/1000/gnupg/S.gpg-agent:0:1'), ('GJS_DEBUG_OUTPUT', 'stderr'), ('LC_IDENTIFICATION', 'es_CO.UTF-8'), ('QT_IM_MODULE', 'ibus'), ('PWD', '/home/ros/arm_ws/build/arm_firmware'), ('LC_ALL', 'en_US.UTF-8'), ('XDG_CONFIG_DIRS', '/etc/xdg/xdg-ubuntu-xorg:/etc/xdg'), ('XDG_DATA_DIRS', '/usr/share/ubuntu-xorg:/usr/share/gnome:/usr/local/share/:/usr/share/:/var/lib/snapd/desktop'), ('PYTHONPATH', '/opt/ros/humble/lib/python3.10/site-packages:/opt/ros/humble/local/lib/python3.10/dist-packages'), ('LC_NUMERIC', 'es_CO.UTF-8'), ('LC_PAPER', 'es_CO.UTF-8'), ('COLCON', '1'), ('VTE_VERSION', '6800'), ('CMAKE_PREFIX_PATH', '/opt/ros/humble')]), 'shell': False}
[8.008538] (-) TimerEvent: {}
[8.111035] (-) TimerEvent: {}
[8.216280] (-) TimerEvent: {}
[8.322228] (-) TimerEvent: {}
[8.428115] (-) TimerEvent: {}
[8.525103] (arm_firmware) StdoutLine: {'line': b'[  0%] Built target ament_cmake_python_copy_arm_firmware\n'}
[8.528963] (-) TimerEvent: {}
[8.634688] (-) TimerEvent: {}
[8.659138] (arm_firmware) StdoutLine: {'line': b'\x1b[35m\x1b[1mConsolidate compiler generated dependencies of target simple_serial_receiver\x1b[0m\n'}
[8.737895] (-) TimerEvent: {}
[8.820887] (arm_firmware) StdoutLine: {'line': b'[ 50%] Built target simple_serial_receiver\n'}
[8.839692] (-) TimerEvent: {}
[8.899074] (arm_firmware) StdoutLine: {'line': b'\x1b[35m\x1b[1mConsolidate compiler generated dependencies of target simple_serial_transmitter\x1b[0m\n'}
[8.943496] (-) TimerEvent: {}
[9.049076] (-) TimerEvent: {}
[9.161712] (-) TimerEvent: {}
[9.172170] (arm_firmware) StdoutLine: {'line': b'[100%] Built target simple_serial_transmitter\n'}
[9.262660] (-) TimerEvent: {}
[9.371689] (-) TimerEvent: {}
[9.473026] (-) TimerEvent: {}
[9.579140] (-) TimerEvent: {}
[9.636343] (arm_msgs) JobEnded: {'identifier': 'arm_msgs', 'rc': 0}
[9.641935] (arm_moveit) JobStarted: {'identifier': 'arm_moveit'}
[9.683909] (-) TimerEvent: {}
[9.710863] (arm_moveit) JobProgress: {'identifier': 'arm_moveit', 'progress': 'cmake'}
[9.711034] (arm_moveit) JobProgress: {'identifier': 'arm_moveit', 'progress': 'build'}
[9.711120] (arm_moveit) Command: {'cmd': ['/usr/bin/cmake', '--build', '/home/ros/arm_ws/build/arm_moveit', '--', '-j2', '-l2'], 'cwd': '/home/ros/arm_ws/build/arm_moveit', 'env': OrderedDict([('GJS_DEBUG_TOPICS', 'JS ERROR;JS LOG'), ('LESSOPEN', '| /usr/bin/lesspipe %s'), ('LANGUAGE', 'en_US:'), ('USER', 'ros'), ('LC_TIME', 'es_CO.UTF-8'), ('XDG_SESSION_TYPE', 'x11'), ('SHLVL', '1'), ('LD_LIBRARY_PATH', '/usr/lib/x86_64-linux-gnu/gazebo-11/plugins:/opt/ros/humble/opt/rviz_ogre_vendor/lib:/opt/ros/humble/lib/x86_64-linux-gnu:/opt/ros/humble/lib'), ('HOME', '/home/ros'), ('OLDPWD', '/home/ros'), ('DESKTOP_SESSION', 'ubuntu-xorg'), ('GIO_LAUNCHED_DESKTOP_FILE', '/usr/share/applications/terminator.desktop'), ('ROS_PYTHON_VERSION', '3'), ('GNOME_SHELL_SESSION_MODE', 'ubuntu'), ('GTK_MODULES', 'gail:atk-bridge'), ('LC_MONETARY', 'es_CO.UTF-8'), ('MANAGERPID', '979'), ('SYSTEMD_EXEC_PID', '1347'), ('DBUS_SESSION_BUS_ADDRESS', 'unix:path=/run/user/1000/bus'), ('COLORTERM', 'truecolor'), ('TERMINATOR_DBUS_NAME', 'net.tenshu.Terminator21a9d5db22c73a993ff0b42f64b396873'), ('GIO_LAUNCHED_DESKTOP_FILE_PID', '4526'), ('ROS_DISTRO', 'humble'), ('GTK_IM_MODULE', 'ibus'), ('LOGNAME', 'ros'), ('JOURNAL_STREAM', '8:20866'), ('_', '/usr/bin/colcon'), ('ROS_VERSION', '2'), ('XDG_SESSION_CLASS', 'user'), ('USERNAME', 'ros'), ('TERM', 'xterm-256color'), ('GNOME_DESKTOP_SESSION_ID', 'this-is-deprecated'), ('ROS_LOCALHOST_ONLY', '0'), ('WINDOWPATH', '2'), ('PATH', '/opt/ros/humble/bin:/home/ros/.local/bin:/usr/local/sbin:/usr/local/bin:/usr/sbin:/usr/bin:/sbin:/bin:/usr/games:/usr/local/games:/snap/bin:/snap/bin'), ('SESSION_MANAGER', 'local/ros-virtual-machine:@/tmp/.ICE-unix/1316,unix/ros-virtual-machine:/tmp/.ICE-unix/1316'), ('INVOCATION_ID', '00487b699f7d4c798b6f2c9b5207b5fc'), ('XDG_MENU_PREFIX', 'gnome-'), ('LC_ADDRESS', 'es_CO.UTF-8'), ('XDG_RUNTIME_DIR', '/run/user/1000'), ('DISPLAY', ':0'), ('TERMINATOR_DBUS_PATH', '/net/tenshu/Terminator2'), ('LANG', 'en_US.UTF-8'), ('XDG_CURRENT_DESKTOP', 'ubuntu:GNOME'), ('IBUS_DISABLE_SNOOPER', '1'), ('LC_TELEPHONE', 'es_CO.UTF-8'), ('XMODIFIERS', '@im=ibus'), ('XDG_SESSION_DESKTOP', 'ubuntu-xorg'), ('XAUTHORITY', '/run/user/1000/gdm/Xauthority'), ('LS_COLORS', 'rs=0:di=01;34:ln=01;36:mh=00:pi=40;33:so=01;35:do=01;35:bd=40;33;01:cd=40;33;01:or=40;31;01:mi=00:su=37;41:sg=30;43:ca=30;41:tw=30;42:ow=34;42:st=37;44:ex=01;32:*.tar=01;31:*.tgz=01;31:*.arc=01;31:*.arj=01;31:*.taz=01;31:*.lha=01;31:*.lz4=01;31:*.lzh=01;31:*.lzma=01;31:*.tlz=01;31:*.txz=01;31:*.tzo=01;31:*.t7z=01;31:*.zip=01;31:*.z=01;31:*.dz=01;31:*.gz=01;31:*.lrz=01;31:*.lz=01;31:*.lzo=01;31:*.xz=01;31:*.zst=01;31:*.tzst=01;31:*.bz2=01;31:*.bz=01;31:*.tbz=01;31:*.tbz2=01;31:*.tz=01;31:*.deb=01;31:*.rpm=01;31:*.jar=01;31:*.war=01;31:*.ear=01;31:*.sar=01;31:*.rar=01;31:*.alz=01;31:*.ace=01;31:*.zoo=01;31:*.cpio=01;31:*.7z=01;31:*.rz=01;31:*.cab=01;31:*.wim=01;31:*.swm=01;31:*.dwm=01;31:*.esd=01;31:*.jpg=01;35:*.jpeg=01;35:*.mjpg=01;35:*.mjpeg=01;35:*.gif=01;35:*.bmp=01;35:*.pbm=01;35:*.pgm=01;35:*.ppm=01;35:*.tga=01;35:*.xbm=01;35:*.xpm=01;35:*.tif=01;35:*.tiff=01;35:*.png=01;35:*.svg=01;35:*.svgz=01;35:*.mng=01;35:*.pcx=01;35:*.mov=01;35:*.mpg=01;35:*.mpeg=01;35:*.m2v=01;35:*.mkv=01;35:*.webm=01;35:*.webp=01;35:*.ogm=01;35:*.mp4=01;35:*.m4v=01;35:*.mp4v=01;35:*.vob=01;35:*.qt=01;35:*.nuv=01;35:*.wmv=01;35:*.asf=01;35:*.rm=01;35:*.rmvb=01;35:*.flc=01;35:*.avi=01;35:*.fli=01;35:*.flv=01;35:*.gl=01;35:*.dl=01;35:*.xcf=01;35:*.xwd=01;35:*.yuv=01;35:*.cgm=01;35:*.emf=01;35:*.ogv=01;35:*.ogx=01;35:*.aac=00;36:*.au=00;36:*.flac=00;36:*.m4a=00;36:*.mid=00;36:*.midi=00;36:*.mka=00;36:*.mp3=00;36:*.mpc=00;36:*.ogg=00;36:*.ra=00;36:*.wav=00;36:*.oga=00;36:*.opus=00;36:*.spx=00;36:*.xspf=00;36:'), ('SSH_AGENT_LAUNCHER', 'gnome-keyring'), ('SSH_AUTH_SOCK', '/run/user/1000/keyring/ssh'), ('AMENT_PREFIX_PATH', '/opt/ros/humble'), ('SHELL', '/bin/bash'), ('LC_NAME', 'es_CO.UTF-8'), ('TERMINATOR_UUID', 'urn:uuid:1623e010-cd7e-4313-86eb-01e292c650ef'), ('QT_ACCESSIBILITY', '1'), ('GDMSESSION', 'ubuntu-xorg'), ('LESSCLOSE', '/usr/bin/lesspipe %s %s'), ('LC_MEASUREMENT', 'es_CO.UTF-8'), ('GPG_AGENT_INFO', '/run/user/1000/gnupg/S.gpg-agent:0:1'), ('GJS_DEBUG_OUTPUT', 'stderr'), ('LC_IDENTIFICATION', 'es_CO.UTF-8'), ('QT_IM_MODULE', 'ibus'), ('PWD', '/home/ros/arm_ws/build/arm_moveit'), ('LC_ALL', 'en_US.UTF-8'), ('XDG_CONFIG_DIRS', '/etc/xdg/xdg-ubuntu-xorg:/etc/xdg'), ('XDG_DATA_DIRS', '/usr/share/ubuntu-xorg:/usr/share/gnome:/usr/local/share/:/usr/share/:/var/lib/snapd/desktop'), ('PYTHONPATH', '/opt/ros/humble/lib/python3.10/site-packages:/opt/ros/humble/local/lib/python3.10/dist-packages'), ('LC_NUMERIC', 'es_CO.UTF-8'), ('LC_PAPER', 'es_CO.UTF-8'), ('COLCON', '1'), ('VTE_VERSION', '6800'), ('CMAKE_PREFIX_PATH', '/opt/ros/humble')]), 'shell': False}
[9.784133] (-) TimerEvent: {}
[9.886159] (-) TimerEvent: {}
[9.989254] (-) TimerEvent: {}
[10.068397] (arm_moveit) CommandEnded: {'returncode': 0}
[10.091839] (-) TimerEvent: {}
[10.197971] (-) TimerEvent: {}
[10.305436] (-) TimerEvent: {}
[10.417080] (arm_moveit) JobProgress: {'identifier': 'arm_moveit', 'progress': 'install'}
[10.417199] (-) TimerEvent: {}
[10.418813] (arm_moveit) Command: {'cmd': ['/usr/bin/cmake', '--install', '/home/ros/arm_ws/build/arm_moveit'], 'cwd': '/home/ros/arm_ws/build/arm_moveit', 'env': OrderedDict([('GJS_DEBUG_TOPICS', 'JS ERROR;JS LOG'), ('LESSOPEN', '| /usr/bin/lesspipe %s'), ('LANGUAGE', 'en_US:'), ('USER', 'ros'), ('LC_TIME', 'es_CO.UTF-8'), ('XDG_SESSION_TYPE', 'x11'), ('SHLVL', '1'), ('LD_LIBRARY_PATH', '/usr/lib/x86_64-linux-gnu/gazebo-11/plugins:/opt/ros/humble/opt/rviz_ogre_vendor/lib:/opt/ros/humble/lib/x86_64-linux-gnu:/opt/ros/humble/lib'), ('HOME', '/home/ros'), ('OLDPWD', '/home/ros'), ('DESKTOP_SESSION', 'ubuntu-xorg'), ('GIO_LAUNCHED_DESKTOP_FILE', '/usr/share/applications/terminator.desktop'), ('ROS_PYTHON_VERSION', '3'), ('GNOME_SHELL_SESSION_MODE', 'ubuntu'), ('GTK_MODULES', 'gail:atk-bridge'), ('LC_MONETARY', 'es_CO.UTF-8'), ('MANAGERPID', '979'), ('SYSTEMD_EXEC_PID', '1347'), ('DBUS_SESSION_BUS_ADDRESS', 'unix:path=/run/user/1000/bus'), ('COLORTERM', 'truecolor'), ('TERMINATOR_DBUS_NAME', 'net.tenshu.Terminator21a9d5db22c73a993ff0b42f64b396873'), ('GIO_LAUNCHED_DESKTOP_FILE_PID', '4526'), ('ROS_DISTRO', 'humble'), ('GTK_IM_MODULE', 'ibus'), ('LOGNAME', 'ros'), ('JOURNAL_STREAM', '8:20866'), ('_', '/usr/bin/colcon'), ('ROS_VERSION', '2'), ('XDG_SESSION_CLASS', 'user'), ('USERNAME', 'ros'), ('TERM', 'xterm-256color'), ('GNOME_DESKTOP_SESSION_ID', 'this-is-deprecated'), ('ROS_LOCALHOST_ONLY', '0'), ('WINDOWPATH', '2'), ('PATH', '/opt/ros/humble/bin:/home/ros/.local/bin:/usr/local/sbin:/usr/local/bin:/usr/sbin:/usr/bin:/sbin:/bin:/usr/games:/usr/local/games:/snap/bin:/snap/bin'), ('SESSION_MANAGER', 'local/ros-virtual-machine:@/tmp/.ICE-unix/1316,unix/ros-virtual-machine:/tmp/.ICE-unix/1316'), ('INVOCATION_ID', '00487b699f7d4c798b6f2c9b5207b5fc'), ('XDG_MENU_PREFIX', 'gnome-'), ('LC_ADDRESS', 'es_CO.UTF-8'), ('XDG_RUNTIME_DIR', '/run/user/1000'), ('DISPLAY', ':0'), ('TERMINATOR_DBUS_PATH', '/net/tenshu/Terminator2'), ('LANG', 'en_US.UTF-8'), ('XDG_CURRENT_DESKTOP', 'ubuntu:GNOME'), ('IBUS_DISABLE_SNOOPER', '1'), ('LC_TELEPHONE', 'es_CO.UTF-8'), ('XMODIFIERS', '@im=ibus'), ('XDG_SESSION_DESKTOP', 'ubuntu-xorg'), ('XAUTHORITY', '/run/user/1000/gdm/Xauthority'), ('LS_COLORS', 'rs=0:di=01;34:ln=01;36:mh=00:pi=40;33:so=01;35:do=01;35:bd=40;33;01:cd=40;33;01:or=40;31;01:mi=00:su=37;41:sg=30;43:ca=30;41:tw=30;42:ow=34;42:st=37;44:ex=01;32:*.tar=01;31:*.tgz=01;31:*.arc=01;31:*.arj=01;31:*.taz=01;31:*.lha=01;31:*.lz4=01;31:*.lzh=01;31:*.lzma=01;31:*.tlz=01;31:*.txz=01;31:*.tzo=01;31:*.t7z=01;31:*.zip=01;31:*.z=01;31:*.dz=01;31:*.gz=01;31:*.lrz=01;31:*.lz=01;31:*.lzo=01;31:*.xz=01;31:*.zst=01;31:*.tzst=01;31:*.bz2=01;31:*.bz=01;31:*.tbz=01;31:*.tbz2=01;31:*.tz=01;31:*.deb=01;31:*.rpm=01;31:*.jar=01;31:*.war=01;31:*.ear=01;31:*.sar=01;31:*.rar=01;31:*.alz=01;31:*.ace=01;31:*.zoo=01;31:*.cpio=01;31:*.7z=01;31:*.rz=01;31:*.cab=01;31:*.wim=01;31:*.swm=01;31:*.dwm=01;31:*.esd=01;31:*.jpg=01;35:*.jpeg=01;35:*.mjpg=01;35:*.mjpeg=01;35:*.gif=01;35:*.bmp=01;35:*.pbm=01;35:*.pgm=01;35:*.ppm=01;35:*.tga=01;35:*.xbm=01;35:*.xpm=01;35:*.tif=01;35:*.tiff=01;35:*.png=01;35:*.svg=01;35:*.svgz=01;35:*.mng=01;35:*.pcx=01;35:*.mov=01;35:*.mpg=01;35:*.mpeg=01;35:*.m2v=01;35:*.mkv=01;35:*.webm=01;35:*.webp=01;35:*.ogm=01;35:*.mp4=01;35:*.m4v=01;35:*.mp4v=01;35:*.vob=01;35:*.qt=01;35:*.nuv=01;35:*.wmv=01;35:*.asf=01;35:*.rm=01;35:*.rmvb=01;35:*.flc=01;35:*.avi=01;35:*.fli=01;35:*.flv=01;35:*.gl=01;35:*.dl=01;35:*.xcf=01;35:*.xwd=01;35:*.yuv=01;35:*.cgm=01;35:*.emf=01;35:*.ogv=01;35:*.ogx=01;35:*.aac=00;36:*.au=00;36:*.flac=00;36:*.m4a=00;36:*.mid=00;36:*.midi=00;36:*.mka=00;36:*.mp3=00;36:*.mpc=00;36:*.ogg=00;36:*.ra=00;36:*.wav=00;36:*.oga=00;36:*.opus=00;36:*.spx=00;36:*.xspf=00;36:'), ('SSH_AGENT_LAUNCHER', 'gnome-keyring'), ('SSH_AUTH_SOCK', '/run/user/1000/keyring/ssh'), ('AMENT_PREFIX_PATH', '/opt/ros/humble'), ('SHELL', '/bin/bash'), ('LC_NAME', 'es_CO.UTF-8'), ('TERMINATOR_UUID', 'urn:uuid:1623e010-cd7e-4313-86eb-01e292c650ef'), ('QT_ACCESSIBILITY', '1'), ('GDMSESSION', 'ubuntu-xorg'), ('LESSCLOSE', '/usr/bin/lesspipe %s %s'), ('LC_MEASUREMENT', 'es_CO.UTF-8'), ('GPG_AGENT_INFO', '/run/user/1000/gnupg/S.gpg-agent:0:1'), ('GJS_DEBUG_OUTPUT', 'stderr'), ('LC_IDENTIFICATION', 'es_CO.UTF-8'), ('QT_IM_MODULE', 'ibus'), ('PWD', '/home/ros/arm_ws/build/arm_moveit'), ('LC_ALL', 'en_US.UTF-8'), ('XDG_CONFIG_DIRS', '/etc/xdg/xdg-ubuntu-xorg:/etc/xdg'), ('XDG_DATA_DIRS', '/usr/share/ubuntu-xorg:/usr/share/gnome:/usr/local/share/:/usr/share/:/var/lib/snapd/desktop'), ('PYTHONPATH', '/opt/ros/humble/lib/python3.10/site-packages:/opt/ros/humble/local/lib/python3.10/dist-packages'), ('LC_NUMERIC', 'es_CO.UTF-8'), ('LC_PAPER', 'es_CO.UTF-8'), ('COLCON', '1'), ('VTE_VERSION', '6800'), ('CMAKE_PREFIX_PATH', '/opt/ros/humble')]), 'shell': False}
[10.498357] (arm_moveit) StdoutLine: {'line': b'-- Install configuration: ""\n'}
[10.498699] (arm_moveit) StdoutLine: {'line': b'-- Up-to-date: /home/ros/arm_ws/install/arm_moveit/share/arm_moveit/launch\n'}
[10.498916] (arm_moveit) StdoutLine: {'line': b'-- Up-to-date: /home/ros/arm_ws/install/arm_moveit/share/arm_moveit/launch/moveit.launch.py\n'}
[10.499047] (arm_moveit) StdoutLine: {'line': b'-- Up-to-date: /home/ros/arm_ws/install/arm_moveit/share/arm_moveit/config\n'}
[10.499162] (arm_moveit) StdoutLine: {'line': b'-- Up-to-date: /home/ros/arm_ws/install/arm_moveit/share/arm_moveit/config/initial_positions.yaml\n'}
[10.499272] (arm_moveit) StdoutLine: {'line': b'-- Up-to-date: /home/ros/arm_ws/install/arm_moveit/share/arm_moveit/config/moveit_controllers.yaml\n'}
[10.499378] (arm_moveit) StdoutLine: {'line': b'-- Up-to-date: /home/ros/arm_ws/install/arm_moveit/share/arm_moveit/config/pilz_cartesian_limits.yaml\n'}
[10.499482] (arm_moveit) StdoutLine: {'line': b'-- Up-to-date: /home/ros/arm_ws/install/arm_moveit/share/arm_moveit/config/kinematics.yaml\n'}
[10.502316] (arm_moveit) StdoutLine: {'line': b'-- Up-to-date: /home/ros/arm_ws/install/arm_moveit/share/arm_moveit/config/arm.srdf\n'}
[10.503523] (arm_moveit) StdoutLine: {'line': b'-- Up-to-date: /home/ros/arm_ws/install/arm_moveit/share/arm_moveit/config/moveit.rviz\n'}
[10.508586] (arm_moveit) StdoutLine: {'line': b'-- Up-to-date: /home/ros/arm_ws/install/arm_moveit/share/arm_moveit/config/joint_limits.yaml\n'}
[10.510019] (arm_moveit) StdoutLine: {'line': b'-- Up-to-date: /home/ros/arm_ws/install/arm_moveit/share/ament_index/resource_index/package_run_dependencies/arm_moveit\n'}
[10.510361] (arm_moveit) StdoutLine: {'line': b'-- Up-to-date: /home/ros/arm_ws/install/arm_moveit/share/ament_index/resource_index/parent_prefix_path/arm_moveit\n'}
[10.510596] (arm_moveit) StdoutLine: {'line': b'-- Up-to-date: /home/ros/arm_ws/install/arm_moveit/share/arm_moveit/environment/ament_prefix_path.sh\n'}
[10.515059] (arm_moveit) StdoutLine: {'line': b'-- Up-to-date: /home/ros/arm_ws/install/arm_moveit/share/arm_moveit/environment/ament_prefix_path.dsv\n'}
[10.515222] (arm_moveit) StdoutLine: {'line': b'-- Up-to-date: /home/ros/arm_ws/install/arm_moveit/share/arm_moveit/environment/path.sh\n'}
[10.515337] (arm_moveit) StdoutLine: {'line': b'-- Up-to-date: /home/ros/arm_ws/install/arm_moveit/share/arm_moveit/environment/path.dsv\n'}
[10.515461] (arm_moveit) StdoutLine: {'line': b'-- Up-to-date: /home/ros/arm_ws/install/arm_moveit/share/arm_moveit/local_setup.bash\n'}
[10.515562] (arm_moveit) StdoutLine: {'line': b'-- Up-to-date: /home/ros/arm_ws/install/arm_moveit/share/arm_moveit/local_setup.sh\n'}
[10.515662] (arm_moveit) StdoutLine: {'line': b'-- Up-to-date: /home/ros/arm_ws/install/arm_moveit/share/arm_moveit/local_setup.zsh\n'}
[10.515839] (arm_moveit) StdoutLine: {'line': b'-- Up-to-date: /home/ros/arm_ws/install/arm_moveit/share/arm_moveit/local_setup.dsv\n'}
[10.515955] (arm_moveit) StdoutLine: {'line': b'-- Installing: /home/ros/arm_ws/install/arm_moveit/share/arm_moveit/package.dsv\n'}
[10.516071] (arm_moveit) StdoutLine: {'line': b'-- Up-to-date: /home/ros/arm_ws/install/arm_moveit/share/ament_index/resource_index/packages/arm_moveit\n'}
[10.516173] (arm_moveit) StdoutLine: {'line': b'-- Up-to-date: /home/ros/arm_ws/install/arm_moveit/share/arm_moveit/cmake/arm_moveitConfig.cmake\n'}
[10.516272] (arm_moveit) StdoutLine: {'line': b'-- Up-to-date: /home/ros/arm_ws/install/arm_moveit/share/arm_moveit/cmake/arm_moveitConfig-version.cmake\n'}
[10.516370] (arm_moveit) StdoutLine: {'line': b'-- Up-to-date: /home/ros/arm_ws/install/arm_moveit/share/arm_moveit/package.xml\n'}
[10.525163] (arm_moveit) CommandEnded: {'returncode': 0}
[10.532889] (-) TimerEvent: {}
[10.633876] (-) TimerEvent: {}
[10.738032] (-) TimerEvent: {}
[10.844839] (-) TimerEvent: {}
[10.948968] (-) TimerEvent: {}
[11.051256] (-) TimerEvent: {}
[11.106196] (arm_moveit) JobEnded: {'identifier': 'arm_moveit', 'rc': 0}
[11.108534] (arm_cpp_examples) JobStarted: {'identifier': 'arm_cpp_examples'}
[11.153419] (-) TimerEvent: {}
[11.254845] (-) TimerEvent: {}
[11.259959] (arm_cpp_examples) JobProgress: {'identifier': 'arm_cpp_examples', 'progress': 'cmake'}
[11.272022] (arm_cpp_examples) JobProgress: {'identifier': 'arm_cpp_examples', 'progress': 'build'}
[11.272274] (arm_cpp_examples) Command: {'cmd': ['/usr/bin/cmake', '--build', '/home/ros/arm_ws/build/arm_cpp_examples', '--', '-j2', '-l2'], 'cwd': '/home/ros/arm_ws/build/arm_cpp_examples', 'env': OrderedDict([('GJS_DEBUG_TOPICS', 'JS ERROR;JS LOG'), ('LESSOPEN', '| /usr/bin/lesspipe %s'), ('LANGUAGE', 'en_US:'), ('USER', 'ros'), ('LC_TIME', 'es_CO.UTF-8'), ('XDG_SESSION_TYPE', 'x11'), ('SHLVL', '1'), ('LD_LIBRARY_PATH', '/home/ros/arm_ws/install/arm_msgs/lib:/usr/lib/x86_64-linux-gnu/gazebo-11/plugins:/opt/ros/humble/opt/rviz_ogre_vendor/lib:/opt/ros/humble/lib/x86_64-linux-gnu:/opt/ros/humble/lib'), ('HOME', '/home/ros'), ('OLDPWD', '/home/ros'), ('DESKTOP_SESSION', 'ubuntu-xorg'), ('GIO_LAUNCHED_DESKTOP_FILE', '/usr/share/applications/terminator.desktop'), ('ROS_PYTHON_VERSION', '3'), ('GNOME_SHELL_SESSION_MODE', 'ubuntu'), ('GTK_MODULES', 'gail:atk-bridge'), ('LC_MONETARY', 'es_CO.UTF-8'), ('MANAGERPID', '979'), ('SYSTEMD_EXEC_PID', '1347'), ('DBUS_SESSION_BUS_ADDRESS', 'unix:path=/run/user/1000/bus'), ('COLORTERM', 'truecolor'), ('TERMINATOR_DBUS_NAME', 'net.tenshu.Terminator21a9d5db22c73a993ff0b42f64b396873'), ('GIO_LAUNCHED_DESKTOP_FILE_PID', '4526'), ('ROS_DISTRO', 'humble'), ('GTK_IM_MODULE', 'ibus'), ('LOGNAME', 'ros'), ('JOURNAL_STREAM', '8:20866'), ('_', '/usr/bin/colcon'), ('ROS_VERSION', '2'), ('XDG_SESSION_CLASS', 'user'), ('USERNAME', 'ros'), ('TERM', 'xterm-256color'), ('GNOME_DESKTOP_SESSION_ID', 'this-is-deprecated'), ('ROS_LOCALHOST_ONLY', '0'), ('WINDOWPATH', '2'), ('PATH', '/opt/ros/humble/bin:/home/ros/.local/bin:/usr/local/sbin:/usr/local/bin:/usr/sbin:/usr/bin:/sbin:/bin:/usr/games:/usr/local/games:/snap/bin:/snap/bin'), ('SESSION_MANAGER', 'local/ros-virtual-machine:@/tmp/.ICE-unix/1316,unix/ros-virtual-machine:/tmp/.ICE-unix/1316'), ('INVOCATION_ID', '00487b699f7d4c798b6f2c9b5207b5fc'), ('XDG_MENU_PREFIX', 'gnome-'), ('LC_ADDRESS', 'es_CO.UTF-8'), ('XDG_RUNTIME_DIR', '/run/user/1000'), ('DISPLAY', ':0'), ('TERMINATOR_DBUS_PATH', '/net/tenshu/Terminator2'), ('LANG', 'en_US.UTF-8'), ('XDG_CURRENT_DESKTOP', 'ubuntu:GNOME'), ('IBUS_DISABLE_SNOOPER', '1'), ('LC_TELEPHONE', 'es_CO.UTF-8'), ('XMODIFIERS', '@im=ibus'), ('XDG_SESSION_DESKTOP', 'ubuntu-xorg'), ('XAUTHORITY', '/run/user/1000/gdm/Xauthority'), ('LS_COLORS', 'rs=0:di=01;34:ln=01;36:mh=00:pi=40;33:so=01;35:do=01;35:bd=40;33;01:cd=40;33;01:or=40;31;01:mi=00:su=37;41:sg=30;43:ca=30;41:tw=30;42:ow=34;42:st=37;44:ex=01;32:*.tar=01;31:*.tgz=01;31:*.arc=01;31:*.arj=01;31:*.taz=01;31:*.lha=01;31:*.lz4=01;31:*.lzh=01;31:*.lzma=01;31:*.tlz=01;31:*.txz=01;31:*.tzo=01;31:*.t7z=01;31:*.zip=01;31:*.z=01;31:*.dz=01;31:*.gz=01;31:*.lrz=01;31:*.lz=01;31:*.lzo=01;31:*.xz=01;31:*.zst=01;31:*.tzst=01;31:*.bz2=01;31:*.bz=01;31:*.tbz=01;31:*.tbz2=01;31:*.tz=01;31:*.deb=01;31:*.rpm=01;31:*.jar=01;31:*.war=01;31:*.ear=01;31:*.sar=01;31:*.rar=01;31:*.alz=01;31:*.ace=01;31:*.zoo=01;31:*.cpio=01;31:*.7z=01;31:*.rz=01;31:*.cab=01;31:*.wim=01;31:*.swm=01;31:*.dwm=01;31:*.esd=01;31:*.jpg=01;35:*.jpeg=01;35:*.mjpg=01;35:*.mjpeg=01;35:*.gif=01;35:*.bmp=01;35:*.pbm=01;35:*.pgm=01;35:*.ppm=01;35:*.tga=01;35:*.xbm=01;35:*.xpm=01;35:*.tif=01;35:*.tiff=01;35:*.png=01;35:*.svg=01;35:*.svgz=01;35:*.mng=01;35:*.pcx=01;35:*.mov=01;35:*.mpg=01;35:*.mpeg=01;35:*.m2v=01;35:*.mkv=01;35:*.webm=01;35:*.webp=01;35:*.ogm=01;35:*.mp4=01;35:*.m4v=01;35:*.mp4v=01;35:*.vob=01;35:*.qt=01;35:*.nuv=01;35:*.wmv=01;35:*.asf=01;35:*.rm=01;35:*.rmvb=01;35:*.flc=01;35:*.avi=01;35:*.fli=01;35:*.flv=01;35:*.gl=01;35:*.dl=01;35:*.xcf=01;35:*.xwd=01;35:*.yuv=01;35:*.cgm=01;35:*.emf=01;35:*.ogv=01;35:*.ogx=01;35:*.aac=00;36:*.au=00;36:*.flac=00;36:*.m4a=00;36:*.mid=00;36:*.midi=00;36:*.mka=00;36:*.mp3=00;36:*.mpc=00;36:*.ogg=00;36:*.ra=00;36:*.wav=00;36:*.oga=00;36:*.opus=00;36:*.spx=00;36:*.xspf=00;36:'), ('SSH_AGENT_LAUNCHER', 'gnome-keyring'), ('SSH_AUTH_SOCK', '/run/user/1000/keyring/ssh'), ('AMENT_PREFIX_PATH', '/home/ros/arm_ws/install/arm_msgs:/opt/ros/humble'), ('SHELL', '/bin/bash'), ('LC_NAME', 'es_CO.UTF-8'), ('TERMINATOR_UUID', 'urn:uuid:1623e010-cd7e-4313-86eb-01e292c650ef'), ('QT_ACCESSIBILITY', '1'), ('GDMSESSION', 'ubuntu-xorg'), ('LESSCLOSE', '/usr/bin/lesspipe %s %s'), ('LC_MEASUREMENT', 'es_CO.UTF-8'), ('GPG_AGENT_INFO', '/run/user/1000/gnupg/S.gpg-agent:0:1'), ('GJS_DEBUG_OUTPUT', 'stderr'), ('LC_IDENTIFICATION', 'es_CO.UTF-8'), ('QT_IM_MODULE', 'ibus'), ('PWD', '/home/ros/arm_ws/build/arm_cpp_examples'), ('LC_ALL', 'en_US.UTF-8'), ('XDG_CONFIG_DIRS', '/etc/xdg/xdg-ubuntu-xorg:/etc/xdg'), ('XDG_DATA_DIRS', '/usr/share/ubuntu-xorg:/usr/share/gnome:/usr/local/share/:/usr/share/:/var/lib/snapd/desktop'), ('PYTHONPATH', '/home/ros/arm_ws/install/arm_msgs/local/lib/python3.10/dist-packages:/opt/ros/humble/lib/python3.10/site-packages:/opt/ros/humble/local/lib/python3.10/dist-packages'), ('LC_NUMERIC', 'es_CO.UTF-8'), ('LC_PAPER', 'es_CO.UTF-8'), ('COLCON', '1'), ('VTE_VERSION', '6800'), ('CMAKE_PREFIX_PATH', '/home/ros/arm_ws/install/arm_msgs:/opt/ros/humble')]), 'shell': False}
[11.355969] (-) TimerEvent: {}
[11.459573] (-) TimerEvent: {}
[11.566886] (-) TimerEvent: {}
[11.667520] (-) TimerEvent: {}
[11.737057] (arm_cpp_examples) StdoutLine: {'line': b'\x1b[35m\x1b[1mConsolidate compiler generated dependencies of target simple_publisher\x1b[0m\n'}
[11.771212] (-) TimerEvent: {}
[11.865457] (arm_firmware) StdoutLine: {'line': b'running egg_info\n'}
[11.871518] (-) TimerEvent: {}
[11.875607] (arm_firmware) StdoutLine: {'line': b'writing arm_firmware.egg-info/PKG-INFO\n'}
[11.878824] (arm_firmware) StdoutLine: {'line': b'writing dependency_links to arm_firmware.egg-info/dependency_links.txt\n'}
[11.879187] (arm_firmware) StdoutLine: {'line': b'writing top-level names to arm_firmware.egg-info/top_level.txt\n'}
[11.896519] (arm_firmware) StdoutLine: {'line': b"reading manifest file 'arm_firmware.egg-info/SOURCES.txt'\n"}
[11.896853] (arm_firmware) StdoutLine: {'line': b"writing manifest file 'arm_firmware.egg-info/SOURCES.txt'\n"}
[11.919206] (arm_cpp_examples) StdoutLine: {'line': b'[  9%] Built target simple_publisher\n'}
[11.972698] (-) TimerEvent: {}
[11.983305] (arm_cpp_examples) StdoutLine: {'line': b'\x1b[35m\x1b[1mConsolidate compiler generated dependencies of target simple_subscriber\x1b[0m\n'}
[12.073949] (-) TimerEvent: {}
[12.080968] (arm_cpp_examples) StdoutLine: {'line': b'[ 18%] Built target simple_subscriber\n'}
[12.115469] (arm_firmware) StdoutLine: {'line': b'[100%] Built target ament_cmake_python_build_arm_firmware_egg\n'}
[12.151928] (arm_cpp_examples) StdoutLine: {'line': b'\x1b[35m\x1b[1mConsolidate compiler generated dependencies of target simple_parameter\x1b[0m\n'}
[12.175180] (-) TimerEvent: {}
[12.233882] (arm_firmware) CommandEnded: {'returncode': 0}
[12.267990] (arm_cpp_examples) StdoutLine: {'line': b'[ 27%] Built target simple_parameter\n'}
[12.280145] (-) TimerEvent: {}
[12.331260] (arm_cpp_examples) StdoutLine: {'line': b'\x1b[35m\x1b[1mConsolidate compiler generated dependencies of target simple_service_server\x1b[0m\n'}
[12.380352] (-) TimerEvent: {}
[12.464722] (arm_cpp_examples) StdoutLine: {'line': b'[ 36%] Built target simple_service_server\n'}
[12.483878] (-) TimerEvent: {}
[12.529146] (arm_cpp_examples) StdoutLine: {'line': b'\x1b[35m\x1b[1mConsolidate compiler generated dependencies of target simple_service_client\x1b[0m\n'}
[12.584159] (-) TimerEvent: {}
[12.633986] (arm_firmware) JobProgress: {'identifier': 'arm_firmware', 'progress': 'install'}
[12.634291] (arm_firmware) Command: {'cmd': ['/usr/bin/cmake', '--install', '/home/ros/arm_ws/build/arm_firmware'], 'cwd': '/home/ros/arm_ws/build/arm_firmware', 'env': OrderedDict([('GJS_DEBUG_TOPICS', 'JS ERROR;JS LOG'), ('LESSOPEN', '| /usr/bin/lesspipe %s'), ('LANGUAGE', 'en_US:'), ('USER', 'ros'), ('LC_TIME', 'es_CO.UTF-8'), ('XDG_SESSION_TYPE', 'x11'), ('SHLVL', '1'), ('LD_LIBRARY_PATH', '/usr/lib/x86_64-linux-gnu/gazebo-11/plugins:/opt/ros/humble/opt/rviz_ogre_vendor/lib:/opt/ros/humble/lib/x86_64-linux-gnu:/opt/ros/humble/lib'), ('HOME', '/home/ros'), ('OLDPWD', '/home/ros'), ('DESKTOP_SESSION', 'ubuntu-xorg'), ('GIO_LAUNCHED_DESKTOP_FILE', '/usr/share/applications/terminator.desktop'), ('ROS_PYTHON_VERSION', '3'), ('GNOME_SHELL_SESSION_MODE', 'ubuntu'), ('GTK_MODULES', 'gail:atk-bridge'), ('LC_MONETARY', 'es_CO.UTF-8'), ('MANAGERPID', '979'), ('SYSTEMD_EXEC_PID', '1347'), ('DBUS_SESSION_BUS_ADDRESS', 'unix:path=/run/user/1000/bus'), ('COLORTERM', 'truecolor'), ('TERMINATOR_DBUS_NAME', 'net.tenshu.Terminator21a9d5db22c73a993ff0b42f64b396873'), ('GIO_LAUNCHED_DESKTOP_FILE_PID', '4526'), ('ROS_DISTRO', 'humble'), ('GTK_IM_MODULE', 'ibus'), ('LOGNAME', 'ros'), ('JOURNAL_STREAM', '8:20866'), ('_', '/usr/bin/colcon'), ('ROS_VERSION', '2'), ('XDG_SESSION_CLASS', 'user'), ('USERNAME', 'ros'), ('TERM', 'xterm-256color'), ('GNOME_DESKTOP_SESSION_ID', 'this-is-deprecated'), ('ROS_LOCALHOST_ONLY', '0'), ('WINDOWPATH', '2'), ('PATH', '/opt/ros/humble/bin:/home/ros/.local/bin:/usr/local/sbin:/usr/local/bin:/usr/sbin:/usr/bin:/sbin:/bin:/usr/games:/usr/local/games:/snap/bin:/snap/bin'), ('SESSION_MANAGER', 'local/ros-virtual-machine:@/tmp/.ICE-unix/1316,unix/ros-virtual-machine:/tmp/.ICE-unix/1316'), ('INVOCATION_ID', '00487b699f7d4c798b6f2c9b5207b5fc'), ('XDG_MENU_PREFIX', 'gnome-'), ('LC_ADDRESS', 'es_CO.UTF-8'), ('XDG_RUNTIME_DIR', '/run/user/1000'), ('DISPLAY', ':0'), ('TERMINATOR_DBUS_PATH', '/net/tenshu/Terminator2'), ('LANG', 'en_US.UTF-8'), ('XDG_CURRENT_DESKTOP', 'ubuntu:GNOME'), ('IBUS_DISABLE_SNOOPER', '1'), ('LC_TELEPHONE', 'es_CO.UTF-8'), ('XMODIFIERS', '@im=ibus'), ('XDG_SESSION_DESKTOP', 'ubuntu-xorg'), ('XAUTHORITY', '/run/user/1000/gdm/Xauthority'), ('LS_COLORS', 'rs=0:di=01;34:ln=01;36:mh=00:pi=40;33:so=01;35:do=01;35:bd=40;33;01:cd=40;33;01:or=40;31;01:mi=00:su=37;41:sg=30;43:ca=30;41:tw=30;42:ow=34;42:st=37;44:ex=01;32:*.tar=01;31:*.tgz=01;31:*.arc=01;31:*.arj=01;31:*.taz=01;31:*.lha=01;31:*.lz4=01;31:*.lzh=01;31:*.lzma=01;31:*.tlz=01;31:*.txz=01;31:*.tzo=01;31:*.t7z=01;31:*.zip=01;31:*.z=01;31:*.dz=01;31:*.gz=01;31:*.lrz=01;31:*.lz=01;31:*.lzo=01;31:*.xz=01;31:*.zst=01;31:*.tzst=01;31:*.bz2=01;31:*.bz=01;31:*.tbz=01;31:*.tbz2=01;31:*.tz=01;31:*.deb=01;31:*.rpm=01;31:*.jar=01;31:*.war=01;31:*.ear=01;31:*.sar=01;31:*.rar=01;31:*.alz=01;31:*.ace=01;31:*.zoo=01;31:*.cpio=01;31:*.7z=01;31:*.rz=01;31:*.cab=01;31:*.wim=01;31:*.swm=01;31:*.dwm=01;31:*.esd=01;31:*.jpg=01;35:*.jpeg=01;35:*.mjpg=01;35:*.mjpeg=01;35:*.gif=01;35:*.bmp=01;35:*.pbm=01;35:*.pgm=01;35:*.ppm=01;35:*.tga=01;35:*.xbm=01;35:*.xpm=01;35:*.tif=01;35:*.tiff=01;35:*.png=01;35:*.svg=01;35:*.svgz=01;35:*.mng=01;35:*.pcx=01;35:*.mov=01;35:*.mpg=01;35:*.mpeg=01;35:*.m2v=01;35:*.mkv=01;35:*.webm=01;35:*.webp=01;35:*.ogm=01;35:*.mp4=01;35:*.m4v=01;35:*.mp4v=01;35:*.vob=01;35:*.qt=01;35:*.nuv=01;35:*.wmv=01;35:*.asf=01;35:*.rm=01;35:*.rmvb=01;35:*.flc=01;35:*.avi=01;35:*.fli=01;35:*.flv=01;35:*.gl=01;35:*.dl=01;35:*.xcf=01;35:*.xwd=01;35:*.yuv=01;35:*.cgm=01;35:*.emf=01;35:*.ogv=01;35:*.ogx=01;35:*.aac=00;36:*.au=00;36:*.flac=00;36:*.m4a=00;36:*.mid=00;36:*.midi=00;36:*.mka=00;36:*.mp3=00;36:*.mpc=00;36:*.ogg=00;36:*.ra=00;36:*.wav=00;36:*.oga=00;36:*.opus=00;36:*.spx=00;36:*.xspf=00;36:'), ('SSH_AGENT_LAUNCHER', 'gnome-keyring'), ('SSH_AUTH_SOCK', '/run/user/1000/keyring/ssh'), ('AMENT_PREFIX_PATH', '/opt/ros/humble'), ('SHELL', '/bin/bash'), ('LC_NAME', 'es_CO.UTF-8'), ('TERMINATOR_UUID', 'urn:uuid:1623e010-cd7e-4313-86eb-01e292c650ef'), ('QT_ACCESSIBILITY', '1'), ('GDMSESSION', 'ubuntu-xorg'), ('LESSCLOSE', '/usr/bin/lesspipe %s %s'), ('LC_MEASUREMENT', 'es_CO.UTF-8'), ('GPG_AGENT_INFO', '/run/user/1000/gnupg/S.gpg-agent:0:1'), ('GJS_DEBUG_OUTPUT', 'stderr'), ('LC_IDENTIFICATION', 'es_CO.UTF-8'), ('QT_IM_MODULE', 'ibus'), ('PWD', '/home/ros/arm_ws/build/arm_firmware'), ('LC_ALL', 'en_US.UTF-8'), ('XDG_CONFIG_DIRS', '/etc/xdg/xdg-ubuntu-xorg:/etc/xdg'), ('XDG_DATA_DIRS', '/usr/share/ubuntu-xorg:/usr/share/gnome:/usr/local/share/:/usr/share/:/var/lib/snapd/desktop'), ('PYTHONPATH', '/opt/ros/humble/lib/python3.10/site-packages:/opt/ros/humble/local/lib/python3.10/dist-packages'), ('LC_NUMERIC', 'es_CO.UTF-8'), ('LC_PAPER', 'es_CO.UTF-8'), ('COLCON', '1'), ('VTE_VERSION', '6800'), ('CMAKE_PREFIX_PATH', '/opt/ros/humble')]), 'shell': False}
[12.648964] (arm_cpp_examples) StdoutLine: {'line': b'[ 45%] Built target simple_service_client\n'}
[12.682084] (arm_firmware) StdoutLine: {'line': b'-- Install configuration: ""\n'}
[12.684717] (-) TimerEvent: {}
[12.686564] (arm_firmware) StdoutLine: {'line': b'-- Up-to-date: /home/ros/arm_ws/install/arm_firmware/share/arm_firmware/environment/pythonpath.sh\n'}
[12.687365] (arm_firmware) StdoutLine: {'line': b'-- Up-to-date: /home/ros/arm_ws/install/arm_firmware/share/arm_firmware/environment/pythonpath.dsv\n'}
[12.687585] (arm_firmware) StdoutLine: {'line': b'-- Up-to-date: /home/ros/arm_ws/install/arm_firmware/local/lib/python3.10/dist-packages/arm_firmware-0.0.0-py3.10.egg-info\n'}
[12.693277] (arm_firmware) StdoutLine: {'line': b'-- Installing: /home/ros/arm_ws/install/arm_firmware/local/lib/python3.10/dist-packages/arm_firmware-0.0.0-py3.10.egg-info/dependency_links.txt\n'}
[12.693925] (arm_firmware) StdoutLine: {'line': b'-- Installing: /home/ros/arm_ws/install/arm_firmware/local/lib/python3.10/dist-packages/arm_firmware-0.0.0-py3.10.egg-info/SOURCES.txt\n'}
[12.701603] (arm_firmware) StdoutLine: {'line': b'-- Installing: /home/ros/arm_ws/install/arm_firmware/local/lib/python3.10/dist-packages/arm_firmware-0.0.0-py3.10.egg-info/PKG-INFO\n'}
[12.702039] (arm_firmware) StdoutLine: {'line': b'-- Installing: /home/ros/arm_ws/install/arm_firmware/local/lib/python3.10/dist-packages/arm_firmware-0.0.0-py3.10.egg-info/top_level.txt\n'}
[12.702327] (arm_firmware) StdoutLine: {'line': b'-- Up-to-date: /home/ros/arm_ws/install/arm_firmware/local/lib/python3.10/dist-packages/arm_firmware\n'}
[12.702569] (arm_firmware) StdoutLine: {'line': b'-- Up-to-date: /home/ros/arm_ws/install/arm_firmware/local/lib/python3.10/dist-packages/arm_firmware/simple_serial_transmitter.py\n'}
[12.707491] (arm_firmware) StdoutLine: {'line': b'-- Up-to-date: /home/ros/arm_ws/install/arm_firmware/local/lib/python3.10/dist-packages/arm_firmware/__init__.py\n'}
[12.707933] (arm_firmware) StdoutLine: {'line': b'-- Up-to-date: /home/ros/arm_ws/install/arm_firmware/local/lib/python3.10/dist-packages/arm_firmware/simple_serial_receiver.py\n'}
[12.714348] (arm_cpp_examples) StdoutLine: {'line': b'\x1b[35m\x1b[1mConsolidate compiler generated dependencies of target simple_action_server\x1b[0m\n'}
[12.786932] (-) TimerEvent: {}
[12.837003] (arm_cpp_examples) StdoutLine: {'line': b'[ 54%] Built target simple_action_server\n'}
[12.887879] (-) TimerEvent: {}
[12.931000] (arm_cpp_examples) StdoutLine: {'line': b'\x1b[35m\x1b[1mConsolidate compiler generated dependencies of target simple_action_server_node\x1b[0m\n'}
[12.958912] (arm_firmware) StdoutLine: {'line': b"Listing '/home/ros/arm_ws/install/arm_firmware/local/lib/python3.10/dist-packages/arm_firmware'...\n"}
[12.990323] (-) TimerEvent: {}
[13.008905] (arm_firmware) StdoutLine: {'line': b'-- Up-to-date: /home/ros/arm_ws/install/arm_firmware/lib/arm_firmware/simple_serial_receiver\n'}
[13.016259] (arm_firmware) StdoutLine: {'line': b'-- Up-to-date: /home/ros/arm_ws/install/arm_firmware/lib/arm_firmware/simple_serial_transmitter\n'}
[13.023268] (arm_firmware) StdoutLine: {'line': b'-- Up-to-date: /home/ros/arm_ws/install/arm_firmware/lib/arm_firmware/simple_serial_transmitter.py\n'}
[13.023618] (arm_firmware) StdoutLine: {'line': b'-- Up-to-date: /home/ros/arm_ws/install/arm_firmware/lib/arm_firmware/simple_serial_receiver.py\n'}
[13.024917] (arm_firmware) StdoutLine: {'line': b'-- Up-to-date: /home/ros/arm_ws/install/arm_firmware/share/ament_index/resource_index/package_run_dependencies/arm_firmware\n'}
[13.025246] (arm_firmware) StdoutLine: {'line': b'-- Up-to-date: /home/ros/arm_ws/install/arm_firmware/share/ament_index/resource_index/parent_prefix_path/arm_firmware\n'}
[13.025478] (arm_firmware) StdoutLine: {'line': b'-- Up-to-date: /home/ros/arm_ws/install/arm_firmware/share/arm_firmware/environment/ament_prefix_path.sh\n'}
[13.025695] (arm_firmware) StdoutLine: {'line': b'-- Up-to-date: /home/ros/arm_ws/install/arm_firmware/share/arm_firmware/environment/ament_prefix_path.dsv\n'}
[13.029130] (arm_firmware) StdoutLine: {'line': b'-- Up-to-date: /home/ros/arm_ws/install/arm_firmware/share/arm_firmware/environment/path.sh\n'}
[13.029612] (arm_firmware) StdoutLine: {'line': b'-- Up-to-date: /home/ros/arm_ws/install/arm_firmware/share/arm_firmware/environment/path.dsv\n'}
[13.035085] (arm_firmware) StdoutLine: {'line': b'-- Up-to-date: /home/ros/arm_ws/install/arm_firmware/share/arm_firmware/local_setup.bash\n'}
[13.035436] (arm_firmware) StdoutLine: {'line': b'-- Up-to-date: /home/ros/arm_ws/install/arm_firmware/share/arm_firmware/local_setup.sh\n'}
[13.035678] (arm_firmware) StdoutLine: {'line': b'-- Up-to-date: /home/ros/arm_ws/install/arm_firmware/share/arm_firmware/local_setup.zsh\n'}
[13.041519] (arm_firmware) StdoutLine: {'line': b'-- Up-to-date: /home/ros/arm_ws/install/arm_firmware/share/arm_firmware/local_setup.dsv\n'}
[13.054840] (arm_firmware) StdoutLine: {'line': b'-- Installing: /home/ros/arm_ws/install/arm_firmware/share/arm_firmware/package.dsv\n'}
[13.056089] (arm_firmware) StdoutLine: {'line': b'-- Up-to-date: /home/ros/arm_ws/install/arm_firmware/share/ament_index/resource_index/packages/arm_firmware\n'}
[13.073087] (arm_firmware) StdoutLine: {'line': b'-- Up-to-date: /home/ros/arm_ws/install/arm_firmware/share/arm_firmware/cmake/arm_firmwareConfig.cmake\n'}
[13.073281] (arm_firmware) StdoutLine: {'line': b'-- Up-to-date: /home/ros/arm_ws/install/arm_firmware/share/arm_firmware/cmake/arm_firmwareConfig-version.cmake\n'}
[13.073496] (arm_firmware) StdoutLine: {'line': b'-- Up-to-date: /home/ros/arm_ws/install/arm_firmware/share/arm_firmware/package.xml\n'}
[13.073627] (arm_firmware) CommandEnded: {'returncode': 0}
[13.094697] (-) TimerEvent: {}
[13.190878] (arm_cpp_examples) StdoutLine: {'line': b'[ 63%] Built target simple_action_server_node\n'}
[13.198519] (-) TimerEvent: {}
[13.268176] (arm_cpp_examples) StdoutLine: {'line': b'\x1b[35m\x1b[1mConsolidate compiler generated dependencies of target simple_action_client\x1b[0m\n'}
[13.298663] (-) TimerEvent: {}
[13.403718] (-) TimerEvent: {}
[13.483979] (arm_cpp_examples) StdoutLine: {'line': b'[ 72%] Built target simple_action_client\n'}
[13.505441] (-) TimerEvent: {}
[13.596971] (arm_cpp_examples) StdoutLine: {'line': b'\x1b[35m\x1b[1mConsolidate compiler generated dependencies of target simple_action_client_node\x1b[0m\n'}
[13.606467] (-) TimerEvent: {}
[13.712057] (-) TimerEvent: {}
[13.727712] (arm_cpp_examples) StdoutLine: {'line': b'[ 81%] Built target simple_action_client_node\n'}
[13.750207] (arm_firmware) JobEnded: {'identifier': 'arm_firmware', 'rc': 0}
[13.754068] (arm_py_examples) JobStarted: {'identifier': 'arm_py_examples'}
[13.806513] (arm_cpp_examples) StdoutLine: {'line': b'\x1b[35m\x1b[1mConsolidate compiler generated dependencies of target simple_moveit_interface\x1b[0m\n'}
[13.812202] (-) TimerEvent: {}
[13.915861] (-) TimerEvent: {}
[14.016840] (-) TimerEvent: {}
[14.080459] (arm_cpp_examples) StdoutLine: {'line': b'[ 90%] Built target simple_moveit_interface\n'}
[14.120862] (-) TimerEvent: {}
[14.207798] (arm_cpp_examples) StdoutLine: {'line': b'\x1b[35m\x1b[1mConsolidate compiler generated dependencies of target simple_lifecycle_node\x1b[0m\n'}
[14.221080] (-) TimerEvent: {}
[14.324920] (-) TimerEvent: {}
[14.327476] (arm_cpp_examples) StdoutLine: {'line': b'[100%] Built target simple_lifecycle_node\n'}
[14.425111] (-) TimerEvent: {}
[14.525588] (-) TimerEvent: {}
[14.626493] (-) TimerEvent: {}
[14.728000] (-) TimerEvent: {}
[14.831162] (-) TimerEvent: {}
[14.932581] (-) TimerEvent: {}
[15.036192] (-) TimerEvent: {}
[15.138339] (-) TimerEvent: {}
[15.241015] (-) TimerEvent: {}
[15.344856] (-) TimerEvent: {}
[15.445922] (-) TimerEvent: {}
[15.550866] (-) TimerEvent: {}
[15.651400] (-) TimerEvent: {}
[15.708955] (arm_cpp_examples) CommandEnded: {'returncode': 0}
[15.756513] (-) TimerEvent: {}
[15.859353] (-) TimerEvent: {}
[15.961899] (-) TimerEvent: {}
[16.064977] (-) TimerEvent: {}
[16.171886] (-) TimerEvent: {}
[16.273913] (-) TimerEvent: {}
[16.376862] (-) TimerEvent: {}
[16.481958] (-) TimerEvent: {}
[16.588401] (-) TimerEvent: {}
[16.691521] (-) TimerEvent: {}
[16.793058] (-) TimerEvent: {}
[16.812932] (arm_cpp_examples) JobProgress: {'identifier': 'arm_cpp_examples', 'progress': 'install'}
[16.829833] (arm_cpp_examples) Command: {'cmd': ['/usr/bin/cmake', '--install', '/home/ros/arm_ws/build/arm_cpp_examples'], 'cwd': '/home/ros/arm_ws/build/arm_cpp_examples', 'env': OrderedDict([('GJS_DEBUG_TOPICS', 'JS ERROR;JS LOG'), ('LESSOPEN', '| /usr/bin/lesspipe %s'), ('LANGUAGE', 'en_US:'), ('USER', 'ros'), ('LC_TIME', 'es_CO.UTF-8'), ('XDG_SESSION_TYPE', 'x11'), ('SHLVL', '1'), ('LD_LIBRARY_PATH', '/home/ros/arm_ws/install/arm_msgs/lib:/usr/lib/x86_64-linux-gnu/gazebo-11/plugins:/opt/ros/humble/opt/rviz_ogre_vendor/lib:/opt/ros/humble/lib/x86_64-linux-gnu:/opt/ros/humble/lib'), ('HOME', '/home/ros'), ('OLDPWD', '/home/ros'), ('DESKTOP_SESSION', 'ubuntu-xorg'), ('GIO_LAUNCHED_DESKTOP_FILE', '/usr/share/applications/terminator.desktop'), ('ROS_PYTHON_VERSION', '3'), ('GNOME_SHELL_SESSION_MODE', 'ubuntu'), ('GTK_MODULES', 'gail:atk-bridge'), ('LC_MONETARY', 'es_CO.UTF-8'), ('MANAGERPID', '979'), ('SYSTEMD_EXEC_PID', '1347'), ('DBUS_SESSION_BUS_ADDRESS', 'unix:path=/run/user/1000/bus'), ('COLORTERM', 'truecolor'), ('TERMINATOR_DBUS_NAME', 'net.tenshu.Terminator21a9d5db22c73a993ff0b42f64b396873'), ('GIO_LAUNCHED_DESKTOP_FILE_PID', '4526'), ('ROS_DISTRO', 'humble'), ('GTK_IM_MODULE', 'ibus'), ('LOGNAME', 'ros'), ('JOURNAL_STREAM', '8:20866'), ('_', '/usr/bin/colcon'), ('ROS_VERSION', '2'), ('XDG_SESSION_CLASS', 'user'), ('USERNAME', 'ros'), ('TERM', 'xterm-256color'), ('GNOME_DESKTOP_SESSION_ID', 'this-is-deprecated'), ('ROS_LOCALHOST_ONLY', '0'), ('WINDOWPATH', '2'), ('PATH', '/opt/ros/humble/bin:/home/ros/.local/bin:/usr/local/sbin:/usr/local/bin:/usr/sbin:/usr/bin:/sbin:/bin:/usr/games:/usr/local/games:/snap/bin:/snap/bin'), ('SESSION_MANAGER', 'local/ros-virtual-machine:@/tmp/.ICE-unix/1316,unix/ros-virtual-machine:/tmp/.ICE-unix/1316'), ('INVOCATION_ID', '00487b699f7d4c798b6f2c9b5207b5fc'), ('XDG_MENU_PREFIX', 'gnome-'), ('LC_ADDRESS', 'es_CO.UTF-8'), ('XDG_RUNTIME_DIR', '/run/user/1000'), ('DISPLAY', ':0'), ('TERMINATOR_DBUS_PATH', '/net/tenshu/Terminator2'), ('LANG', 'en_US.UTF-8'), ('XDG_CURRENT_DESKTOP', 'ubuntu:GNOME'), ('IBUS_DISABLE_SNOOPER', '1'), ('LC_TELEPHONE', 'es_CO.UTF-8'), ('XMODIFIERS', '@im=ibus'), ('XDG_SESSION_DESKTOP', 'ubuntu-xorg'), ('XAUTHORITY', '/run/user/1000/gdm/Xauthority'), ('LS_COLORS', 'rs=0:di=01;34:ln=01;36:mh=00:pi=40;33:so=01;35:do=01;35:bd=40;33;01:cd=40;33;01:or=40;31;01:mi=00:su=37;41:sg=30;43:ca=30;41:tw=30;42:ow=34;42:st=37;44:ex=01;32:*.tar=01;31:*.tgz=01;31:*.arc=01;31:*.arj=01;31:*.taz=01;31:*.lha=01;31:*.lz4=01;31:*.lzh=01;31:*.lzma=01;31:*.tlz=01;31:*.txz=01;31:*.tzo=01;31:*.t7z=01;31:*.zip=01;31:*.z=01;31:*.dz=01;31:*.gz=01;31:*.lrz=01;31:*.lz=01;31:*.lzo=01;31:*.xz=01;31:*.zst=01;31:*.tzst=01;31:*.bz2=01;31:*.bz=01;31:*.tbz=01;31:*.tbz2=01;31:*.tz=01;31:*.deb=01;31:*.rpm=01;31:*.jar=01;31:*.war=01;31:*.ear=01;31:*.sar=01;31:*.rar=01;31:*.alz=01;31:*.ace=01;31:*.zoo=01;31:*.cpio=01;31:*.7z=01;31:*.rz=01;31:*.cab=01;31:*.wim=01;31:*.swm=01;31:*.dwm=01;31:*.esd=01;31:*.jpg=01;35:*.jpeg=01;35:*.mjpg=01;35:*.mjpeg=01;35:*.gif=01;35:*.bmp=01;35:*.pbm=01;35:*.pgm=01;35:*.ppm=01;35:*.tga=01;35:*.xbm=01;35:*.xpm=01;35:*.tif=01;35:*.tiff=01;35:*.png=01;35:*.svg=01;35:*.svgz=01;35:*.mng=01;35:*.pcx=01;35:*.mov=01;35:*.mpg=01;35:*.mpeg=01;35:*.m2v=01;35:*.mkv=01;35:*.webm=01;35:*.webp=01;35:*.ogm=01;35:*.mp4=01;35:*.m4v=01;35:*.mp4v=01;35:*.vob=01;35:*.qt=01;35:*.nuv=01;35:*.wmv=01;35:*.asf=01;35:*.rm=01;35:*.rmvb=01;35:*.flc=01;35:*.avi=01;35:*.fli=01;35:*.flv=01;35:*.gl=01;35:*.dl=01;35:*.xcf=01;35:*.xwd=01;35:*.yuv=01;35:*.cgm=01;35:*.emf=01;35:*.ogv=01;35:*.ogx=01;35:*.aac=00;36:*.au=00;36:*.flac=00;36:*.m4a=00;36:*.mid=00;36:*.midi=00;36:*.mka=00;36:*.mp3=00;36:*.mpc=00;36:*.ogg=00;36:*.ra=00;36:*.wav=00;36:*.oga=00;36:*.opus=00;36:*.spx=00;36:*.xspf=00;36:'), ('SSH_AGENT_LAUNCHER', 'gnome-keyring'), ('SSH_AUTH_SOCK', '/run/user/1000/keyring/ssh'), ('AMENT_PREFIX_PATH', '/home/ros/arm_ws/install/arm_msgs:/opt/ros/humble'), ('SHELL', '/bin/bash'), ('LC_NAME', 'es_CO.UTF-8'), ('TERMINATOR_UUID', 'urn:uuid:1623e010-cd7e-4313-86eb-01e292c650ef'), ('QT_ACCESSIBILITY', '1'), ('GDMSESSION', 'ubuntu-xorg'), ('LESSCLOSE', '/usr/bin/lesspipe %s %s'), ('LC_MEASUREMENT', 'es_CO.UTF-8'), ('GPG_AGENT_INFO', '/run/user/1000/gnupg/S.gpg-agent:0:1'), ('GJS_DEBUG_OUTPUT', 'stderr'), ('LC_IDENTIFICATION', 'es_CO.UTF-8'), ('QT_IM_MODULE', 'ibus'), ('PWD', '/home/ros/arm_ws/build/arm_cpp_examples'), ('LC_ALL', 'en_US.UTF-8'), ('XDG_CONFIG_DIRS', '/etc/xdg/xdg-ubuntu-xorg:/etc/xdg'), ('XDG_DATA_DIRS', '/usr/share/ubuntu-xorg:/usr/share/gnome:/usr/local/share/:/usr/share/:/var/lib/snapd/desktop'), ('PYTHONPATH', '/home/ros/arm_ws/install/arm_msgs/local/lib/python3.10/dist-packages:/opt/ros/humble/lib/python3.10/site-packages:/opt/ros/humble/local/lib/python3.10/dist-packages'), ('LC_NUMERIC', 'es_CO.UTF-8'), ('LC_PAPER', 'es_CO.UTF-8'), ('COLCON', '1'), ('VTE_VERSION', '6800'), ('CMAKE_PREFIX_PATH', '/home/ros/arm_ws/install/arm_msgs:/opt/ros/humble')]), 'shell': False}
[16.894350] (-) TimerEvent: {}
[16.939915] (arm_cpp_examples) StdoutLine: {'line': b'-- Install configuration: ""\n'}
[16.940620] (arm_cpp_examples) StdoutLine: {'line': b'-- Installing: /home/ros/arm_ws/install/arm_cpp_examples/lib/arm_cpp_examples/simple_action_server_node\n'}
[16.942116] (arm_cpp_examples) StdoutLine: {'line': b'-- Set runtime path of "/home/ros/arm_ws/install/arm_cpp_examples/lib/arm_cpp_examples/simple_action_server_node" to ""\n'}
[16.949915] (arm_cpp_examples) StdoutLine: {'line': b'-- Installing: /home/ros/arm_ws/install/arm_cpp_examples/lib/arm_cpp_examples/simple_action_client_node\n'}
[16.950326] (arm_cpp_examples) StdoutLine: {'line': b'-- Set runtime path of "/home/ros/arm_ws/install/arm_cpp_examples/lib/arm_cpp_examples/simple_action_client_node" to ""\n'}
[16.951491] (arm_cpp_examples) StdoutLine: {'line': b'-- Installing: /home/ros/arm_ws/install/arm_cpp_examples/lib/arm_cpp_examples/simple_publisher\n'}
[16.971144] (arm_cpp_examples) StdoutLine: {'line': b'-- Set runtime path of "/home/ros/arm_ws/install/arm_cpp_examples/lib/arm_cpp_examples/simple_publisher" to ""\n'}
[16.971502] (arm_cpp_examples) StdoutLine: {'line': b'-- Installing: /home/ros/arm_ws/install/arm_cpp_examples/lib/arm_cpp_examples/simple_subscriber\n'}
[16.999977] (-) TimerEvent: {}
[17.008040] (arm_cpp_examples) StdoutLine: {'line': b'-- Set runtime path of "/home/ros/arm_ws/install/arm_cpp_examples/lib/arm_cpp_examples/simple_subscriber" to ""\n'}
[17.009401] (arm_cpp_examples) StdoutLine: {'line': b'-- Installing: /home/ros/arm_ws/install/arm_cpp_examples/lib/arm_cpp_examples/simple_parameter\n'}
[17.014868] (arm_cpp_examples) StdoutLine: {'line': b'-- Set runtime path of "/home/ros/arm_ws/install/arm_cpp_examples/lib/arm_cpp_examples/simple_parameter" to ""\n'}
[17.015362] (arm_cpp_examples) StdoutLine: {'line': b'-- Installing: /home/ros/arm_ws/install/arm_cpp_examples/lib/arm_cpp_examples/simple_service_server\n'}
[17.020162] (arm_cpp_examples) StdoutLine: {'line': b'-- Set runtime path of "/home/ros/arm_ws/install/arm_cpp_examples/lib/arm_cpp_examples/simple_service_server" to ""\n'}
[17.020786] (arm_cpp_examples) StdoutLine: {'line': b'-- Installing: /home/ros/arm_ws/install/arm_cpp_examples/lib/arm_cpp_examples/simple_service_client\n'}
[17.039217] (arm_cpp_examples) StdoutLine: {'line': b'-- Set runtime path of "/home/ros/arm_ws/install/arm_cpp_examples/lib/arm_cpp_examples/simple_service_client" to ""\n'}
[17.039519] (arm_cpp_examples) StdoutLine: {'line': b'-- Installing: /home/ros/arm_ws/install/arm_cpp_examples/lib/arm_cpp_examples/simple_moveit_interface\n'}
[17.041854] (arm_cpp_examples) StdoutLine: {'line': b'-- Set runtime path of "/home/ros/arm_ws/install/arm_cpp_examples/lib/arm_cpp_examples/simple_moveit_interface" to ""\n'}
[17.042155] (arm_cpp_examples) StdoutLine: {'line': b'-- Installing: /home/ros/arm_ws/install/arm_cpp_examples/lib/arm_cpp_examples/simple_lifecycle_node\n'}
[17.083859] (arm_cpp_examples) StdoutLine: {'line': b'-- Set runtime path of "/home/ros/arm_ws/install/arm_cpp_examples/lib/arm_cpp_examples/simple_lifecycle_node" to ""\n'}
[17.084403] (arm_cpp_examples) StdoutLine: {'line': b'-- Installing: /home/ros/arm_ws/install/arm_cpp_examples/lib/libsimple_action_server.so\n'}
[17.095357] (arm_cpp_examples) StdoutLine: {'line': b'-- Set runtime path of "/home/ros/arm_ws/install/arm_cpp_examples/lib/libsimple_action_server.so" to ""\n'}
[17.095926] (arm_cpp_examples) StdoutLine: {'line': b'-- Installing: /home/ros/arm_ws/install/arm_cpp_examples/lib/libsimple_action_client.so\n'}
[17.102056] (-) TimerEvent: {}
[17.109968] (arm_cpp_examples) StdoutLine: {'line': b'-- Set runtime path of "/home/ros/arm_ws/install/arm_cpp_examples/lib/libsimple_action_client.so" to ""\n'}
[17.110295] (arm_cpp_examples) StdoutLine: {'line': b'-- Installing: /home/ros/arm_ws/install/arm_cpp_examples/share/ament_index/resource_index/package_run_dependencies/arm_cpp_examples\n'}
[17.110675] (arm_cpp_examples) StdoutLine: {'line': b'-- Installing: /home/ros/arm_ws/install/arm_cpp_examples/share/ament_index/resource_index/parent_prefix_path/arm_cpp_examples\n'}
[17.111813] (arm_cpp_examples) StdoutLine: {'line': b'-- Installing: /home/ros/arm_ws/install/arm_cpp_examples/share/arm_cpp_examples/environment/ament_prefix_path.sh\n'}
[17.112159] (arm_cpp_examples) StdoutLine: {'line': b'-- Installing: /home/ros/arm_ws/install/arm_cpp_examples/share/arm_cpp_examples/environment/ament_prefix_path.dsv\n'}
[17.114363] (arm_cpp_examples) StdoutLine: {'line': b'-- Installing: /home/ros/arm_ws/install/arm_cpp_examples/share/arm_cpp_examples/environment/path.sh\n'}
[17.114639] (arm_cpp_examples) StdoutLine: {'line': b'-- Installing: /home/ros/arm_ws/install/arm_cpp_examples/share/arm_cpp_examples/environment/path.dsv\n'}
[17.114785] (arm_cpp_examples) StdoutLine: {'line': b'-- Installing: /home/ros/arm_ws/install/arm_cpp_examples/share/arm_cpp_examples/local_setup.bash\n'}
[17.117670] (arm_cpp_examples) StdoutLine: {'line': b'-- Installing: /home/ros/arm_ws/install/arm_cpp_examples/share/arm_cpp_examples/local_setup.sh\n'}
[17.118867] (arm_cpp_examples) StdoutLine: {'line': b'-- Installing: /home/ros/arm_ws/install/arm_cpp_examples/share/arm_cpp_examples/local_setup.zsh\n'}
[17.119531] (arm_cpp_examples) StdoutLine: {'line': b'-- Installing: /home/ros/arm_ws/install/arm_cpp_examples/share/arm_cpp_examples/local_setup.dsv\n'}
[17.125221] (arm_cpp_examples) StdoutLine: {'line': b'-- Installing: /home/ros/arm_ws/install/arm_cpp_examples/share/arm_cpp_examples/package.dsv\n'}
[17.125493] (arm_cpp_examples) StdoutLine: {'line': b'-- Installing: /home/ros/arm_ws/install/arm_cpp_examples/share/ament_index/resource_index/packages/arm_cpp_examples\n'}
[17.125870] (arm_cpp_examples) StdoutLine: {'line': b'-- Installing: /home/ros/arm_ws/install/arm_cpp_examples/share/ament_index/resource_index/rclcpp_components/arm_cpp_examples\n'}
[17.126099] (arm_cpp_examples) StdoutLine: {'line': b'-- Installing: /home/ros/arm_ws/install/arm_cpp_examples/share/arm_cpp_examples/cmake/arm_cpp_examplesConfig.cmake\n'}
[17.126295] (arm_cpp_examples) StdoutLine: {'line': b'-- Installing: /home/ros/arm_ws/install/arm_cpp_examples/share/arm_cpp_examples/cmake/arm_cpp_examplesConfig-version.cmake\n'}
[17.126480] (arm_cpp_examples) StdoutLine: {'line': b'-- Installing: /home/ros/arm_ws/install/arm_cpp_examples/share/arm_cpp_examples/package.xml\n'}
[17.149222] (arm_cpp_examples) CommandEnded: {'returncode': 0}
[17.213860] (-) TimerEvent: {}
[17.316859] (-) TimerEvent: {}
[17.420029] (-) TimerEvent: {}
[17.521847] (-) TimerEvent: {}
[17.625511] (-) TimerEvent: {}
[17.727154] (-) TimerEvent: {}
[17.829439] (-) TimerEvent: {}
[17.934907] (-) TimerEvent: {}
[18.036469] (-) TimerEvent: {}
[18.141161] (-) TimerEvent: {}
[18.243637] (-) TimerEvent: {}
[18.349109] (-) TimerEvent: {}
[18.448842] (arm_cpp_examples) JobEnded: {'identifier': 'arm_cpp_examples', 'rc': 0}
[18.456273] (-) TimerEvent: {}
[18.456662] (arm_remote) JobStarted: {'identifier': 'arm_remote'}
[18.527105] (arm_remote) JobProgress: {'identifier': 'arm_remote', 'progress': 'cmake'}
[18.528964] (arm_remote) JobProgress: {'identifier': 'arm_remote', 'progress': 'build'}
[18.529706] (arm_remote) Command: {'cmd': ['/usr/bin/cmake', '--build', '/home/ros/arm_ws/build/arm_remote', '--', '-j2', '-l2'], 'cwd': '/home/ros/arm_ws/build/arm_remote', 'env': OrderedDict([('GJS_DEBUG_TOPICS', 'JS ERROR;JS LOG'), ('LESSOPEN', '| /usr/bin/lesspipe %s'), ('LANGUAGE', 'en_US:'), ('USER', 'ros'), ('LC_TIME', 'es_CO.UTF-8'), ('XDG_SESSION_TYPE', 'x11'), ('SHLVL', '1'), ('LD_LIBRARY_PATH', '/home/ros/arm_ws/install/arm_msgs/lib:/usr/lib/x86_64-linux-gnu/gazebo-11/plugins:/opt/ros/humble/opt/rviz_ogre_vendor/lib:/opt/ros/humble/lib/x86_64-linux-gnu:/opt/ros/humble/lib'), ('HOME', '/home/ros'), ('OLDPWD', '/home/ros'), ('DESKTOP_SESSION', 'ubuntu-xorg'), ('GIO_LAUNCHED_DESKTOP_FILE', '/usr/share/applications/terminator.desktop'), ('ROS_PYTHON_VERSION', '3'), ('GNOME_SHELL_SESSION_MODE', 'ubuntu'), ('GTK_MODULES', 'gail:atk-bridge'), ('LC_MONETARY', 'es_CO.UTF-8'), ('MANAGERPID', '979'), ('SYSTEMD_EXEC_PID', '1347'), ('DBUS_SESSION_BUS_ADDRESS', 'unix:path=/run/user/1000/bus'), ('COLORTERM', 'truecolor'), ('TERMINATOR_DBUS_NAME', 'net.tenshu.Terminator21a9d5db22c73a993ff0b42f64b396873'), ('GIO_LAUNCHED_DESKTOP_FILE_PID', '4526'), ('ROS_DISTRO', 'humble'), ('GTK_IM_MODULE', 'ibus'), ('LOGNAME', 'ros'), ('JOURNAL_STREAM', '8:20866'), ('_', '/usr/bin/colcon'), ('ROS_VERSION', '2'), ('XDG_SESSION_CLASS', 'user'), ('USERNAME', 'ros'), ('TERM', 'xterm-256color'), ('GNOME_DESKTOP_SESSION_ID', 'this-is-deprecated'), ('ROS_LOCALHOST_ONLY', '0'), ('WINDOWPATH', '2'), ('PATH', '/opt/ros/humble/bin:/home/ros/.local/bin:/usr/local/sbin:/usr/local/bin:/usr/sbin:/usr/bin:/sbin:/bin:/usr/games:/usr/local/games:/snap/bin:/snap/bin'), ('SESSION_MANAGER', 'local/ros-virtual-machine:@/tmp/.ICE-unix/1316,unix/ros-virtual-machine:/tmp/.ICE-unix/1316'), ('INVOCATION_ID', '00487b699f7d4c798b6f2c9b5207b5fc'), ('XDG_MENU_PREFIX', 'gnome-'), ('LC_ADDRESS', 'es_CO.UTF-8'), ('XDG_RUNTIME_DIR', '/run/user/1000'), ('DISPLAY', ':0'), ('TERMINATOR_DBUS_PATH', '/net/tenshu/Terminator2'), ('LANG', 'en_US.UTF-8'), ('XDG_CURRENT_DESKTOP', 'ubuntu:GNOME'), ('IBUS_DISABLE_SNOOPER', '1'), ('LC_TELEPHONE', 'es_CO.UTF-8'), ('XMODIFIERS', '@im=ibus'), ('XDG_SESSION_DESKTOP', 'ubuntu-xorg'), ('XAUTHORITY', '/run/user/1000/gdm/Xauthority'), ('LS_COLORS', 'rs=0:di=01;34:ln=01;36:mh=00:pi=40;33:so=01;35:do=01;35:bd=40;33;01:cd=40;33;01:or=40;31;01:mi=00:su=37;41:sg=30;43:ca=30;41:tw=30;42:ow=34;42:st=37;44:ex=01;32:*.tar=01;31:*.tgz=01;31:*.arc=01;31:*.arj=01;31:*.taz=01;31:*.lha=01;31:*.lz4=01;31:*.lzh=01;31:*.lzma=01;31:*.tlz=01;31:*.txz=01;31:*.tzo=01;31:*.t7z=01;31:*.zip=01;31:*.z=01;31:*.dz=01;31:*.gz=01;31:*.lrz=01;31:*.lz=01;31:*.lzo=01;31:*.xz=01;31:*.zst=01;31:*.tzst=01;31:*.bz2=01;31:*.bz=01;31:*.tbz=01;31:*.tbz2=01;31:*.tz=01;31:*.deb=01;31:*.rpm=01;31:*.jar=01;31:*.war=01;31:*.ear=01;31:*.sar=01;31:*.rar=01;31:*.alz=01;31:*.ace=01;31:*.zoo=01;31:*.cpio=01;31:*.7z=01;31:*.rz=01;31:*.cab=01;31:*.wim=01;31:*.swm=01;31:*.dwm=01;31:*.esd=01;31:*.jpg=01;35:*.jpeg=01;35:*.mjpg=01;35:*.mjpeg=01;35:*.gif=01;35:*.bmp=01;35:*.pbm=01;35:*.pgm=01;35:*.ppm=01;35:*.tga=01;35:*.xbm=01;35:*.xpm=01;35:*.tif=01;35:*.tiff=01;35:*.png=01;35:*.svg=01;35:*.svgz=01;35:*.mng=01;35:*.pcx=01;35:*.mov=01;35:*.mpg=01;35:*.mpeg=01;35:*.m2v=01;35:*.mkv=01;35:*.webm=01;35:*.webp=01;35:*.ogm=01;35:*.mp4=01;35:*.m4v=01;35:*.mp4v=01;35:*.vob=01;35:*.qt=01;35:*.nuv=01;35:*.wmv=01;35:*.asf=01;35:*.rm=01;35:*.rmvb=01;35:*.flc=01;35:*.avi=01;35:*.fli=01;35:*.flv=01;35:*.gl=01;35:*.dl=01;35:*.xcf=01;35:*.xwd=01;35:*.yuv=01;35:*.cgm=01;35:*.emf=01;35:*.ogv=01;35:*.ogx=01;35:*.aac=00;36:*.au=00;36:*.flac=00;36:*.m4a=00;36:*.mid=00;36:*.midi=00;36:*.mka=00;36:*.mp3=00;36:*.mpc=00;36:*.ogg=00;36:*.ra=00;36:*.wav=00;36:*.oga=00;36:*.opus=00;36:*.spx=00;36:*.xspf=00;36:'), ('SSH_AGENT_LAUNCHER', 'gnome-keyring'), ('SSH_AUTH_SOCK', '/run/user/1000/keyring/ssh'), ('AMENT_PREFIX_PATH', '/home/ros/arm_ws/install/arm_msgs:/opt/ros/humble'), ('SHELL', '/bin/bash'), ('LC_NAME', 'es_CO.UTF-8'), ('TERMINATOR_UUID', 'urn:uuid:1623e010-cd7e-4313-86eb-01e292c650ef'), ('QT_ACCESSIBILITY', '1'), ('GDMSESSION', 'ubuntu-xorg'), ('LESSCLOSE', '/usr/bin/lesspipe %s %s'), ('LC_MEASUREMENT', 'es_CO.UTF-8'), ('GPG_AGENT_INFO', '/run/user/1000/gnupg/S.gpg-agent:0:1'), ('GJS_DEBUG_OUTPUT', 'stderr'), ('LC_IDENTIFICATION', 'es_CO.UTF-8'), ('QT_IM_MODULE', 'ibus'), ('PWD', '/home/ros/arm_ws/build/arm_remote'), ('LC_ALL', 'en_US.UTF-8'), ('XDG_CONFIG_DIRS', '/etc/xdg/xdg-ubuntu-xorg:/etc/xdg'), ('XDG_DATA_DIRS', '/usr/share/ubuntu-xorg:/usr/share/gnome:/usr/local/share/:/usr/share/:/var/lib/snapd/desktop'), ('PYTHONPATH', '/home/ros/arm_ws/install/arm_msgs/local/lib/python3.10/dist-packages:/opt/ros/humble/lib/python3.10/site-packages:/opt/ros/humble/local/lib/python3.10/dist-packages'), ('LC_NUMERIC', 'es_CO.UTF-8'), ('LC_PAPER', 'es_CO.UTF-8'), ('COLCON', '1'), ('VTE_VERSION', '6800'), ('CMAKE_PREFIX_PATH', '/home/ros/arm_ws/install/arm_msgs:/opt/ros/humble')]), 'shell': False}
[18.557847] (-) TimerEvent: {}
[18.661895] (-) TimerEvent: {}
[18.762909] (-) TimerEvent: {}
[18.813012] (arm_remote) StdoutLine: {'line': b'\x1b[35m\x1b[1mConsolidate compiler generated dependencies of target task_server\x1b[0m\n'}
[18.867858] (-) TimerEvent: {}
[18.971044] (-) TimerEvent: {}
[18.972799] (arm_remote) StdoutLine: {'line': b'[ 25%] \x1b[32mBuilding CXX object CMakeFiles/task_server.dir/src/task_server.cpp.o\x1b[0m\n'}
[19.073560] (-) TimerEvent: {}
[19.177419] (-) TimerEvent: {}
[19.243126] (arm_py_examples) Command: {'cmd': ['/usr/bin/python3', '-W', 'ignore:setup.py install is deprecated', 'setup.py', 'egg_info', '--egg-base', '../../build/arm_py_examples', 'build', '--build-base', '/home/ros/arm_ws/build/arm_py_examples/build', 'install', '--record', '/home/ros/arm_ws/build/arm_py_examples/install.log', '--single-version-externally-managed', 'install_data'], 'cwd': '/home/ros/arm_ws/src/arm_py_examples', 'env': {'GJS_DEBUG_TOPICS': 'JS ERROR;JS LOG', 'LESSOPEN': '| /usr/bin/lesspipe %s', 'LANGUAGE': 'en_US:', 'USER': 'ros', 'LC_TIME': 'es_CO.UTF-8', 'XDG_SESSION_TYPE': 'x11', 'SHLVL': '1', 'LD_LIBRARY_PATH': '/home/ros/arm_ws/install/arm_msgs/lib:/usr/lib/x86_64-linux-gnu/gazebo-11/plugins:/opt/ros/humble/opt/rviz_ogre_vendor/lib:/opt/ros/humble/lib/x86_64-linux-gnu:/opt/ros/humble/lib', 'HOME': '/home/ros', 'OLDPWD': '/home/ros', 'DESKTOP_SESSION': 'ubuntu-xorg', 'GIO_LAUNCHED_DESKTOP_FILE': '/usr/share/applications/terminator.desktop', 'ROS_PYTHON_VERSION': '3', 'GNOME_SHELL_SESSION_MODE': 'ubuntu', 'GTK_MODULES': 'gail:atk-bridge', 'LC_MONETARY': 'es_CO.UTF-8', 'MANAGERPID': '979', 'SYSTEMD_EXEC_PID': '1347', 'DBUS_SESSION_BUS_ADDRESS': 'unix:path=/run/user/1000/bus', 'COLORTERM': 'truecolor', 'TERMINATOR_DBUS_NAME': 'net.tenshu.Terminator21a9d5db22c73a993ff0b42f64b396873', 'GIO_LAUNCHED_DESKTOP_FILE_PID': '4526', 'ROS_DISTRO': 'humble', 'GTK_IM_MODULE': 'ibus', 'LOGNAME': 'ros', 'JOURNAL_STREAM': '8:20866', '_': '/usr/bin/colcon', 'ROS_VERSION': '2', 'XDG_SESSION_CLASS': 'user', 'USERNAME': 'ros', 'TERM': 'xterm-256color', 'GNOME_DESKTOP_SESSION_ID': 'this-is-deprecated', 'ROS_LOCALHOST_ONLY': '0', 'WINDOWPATH': '2', 'PATH': '/opt/ros/humble/bin:/home/ros/.local/bin:/usr/local/sbin:/usr/local/bin:/usr/sbin:/usr/bin:/sbin:/bin:/usr/games:/usr/local/games:/snap/bin:/snap/bin', 'SESSION_MANAGER': 'local/ros-virtual-machine:@/tmp/.ICE-unix/1316,unix/ros-virtual-machine:/tmp/.ICE-unix/1316', 'INVOCATION_ID': '00487b699f7d4c798b6f2c9b5207b5fc', 'XDG_MENU_PREFIX': 'gnome-', 'LC_ADDRESS': 'es_CO.UTF-8', 'XDG_RUNTIME_DIR': '/run/user/1000', 'DISPLAY': ':0', 'TERMINATOR_DBUS_PATH': '/net/tenshu/Terminator2', 'LANG': 'en_US.UTF-8', 'XDG_CURRENT_DESKTOP': 'ubuntu:GNOME', 'IBUS_DISABLE_SNOOPER': '1', 'LC_TELEPHONE': 'es_CO.UTF-8', 'XMODIFIERS': '@im=ibus', 'XDG_SESSION_DESKTOP': 'ubuntu-xorg', 'XAUTHORITY': '/run/user/1000/gdm/Xauthority', 'LS_COLORS': 'rs=0:di=01;34:ln=01;36:mh=00:pi=40;33:so=01;35:do=01;35:bd=40;33;01:cd=40;33;01:or=40;31;01:mi=00:su=37;41:sg=30;43:ca=30;41:tw=30;42:ow=34;42:st=37;44:ex=01;32:*.tar=01;31:*.tgz=01;31:*.arc=01;31:*.arj=01;31:*.taz=01;31:*.lha=01;31:*.lz4=01;31:*.lzh=01;31:*.lzma=01;31:*.tlz=01;31:*.txz=01;31:*.tzo=01;31:*.t7z=01;31:*.zip=01;31:*.z=01;31:*.dz=01;31:*.gz=01;31:*.lrz=01;31:*.lz=01;31:*.lzo=01;31:*.xz=01;31:*.zst=01;31:*.tzst=01;31:*.bz2=01;31:*.bz=01;31:*.tbz=01;31:*.tbz2=01;31:*.tz=01;31:*.deb=01;31:*.rpm=01;31:*.jar=01;31:*.war=01;31:*.ear=01;31:*.sar=01;31:*.rar=01;31:*.alz=01;31:*.ace=01;31:*.zoo=01;31:*.cpio=01;31:*.7z=01;31:*.rz=01;31:*.cab=01;31:*.wim=01;31:*.swm=01;31:*.dwm=01;31:*.esd=01;31:*.jpg=01;35:*.jpeg=01;35:*.mjpg=01;35:*.mjpeg=01;35:*.gif=01;35:*.bmp=01;35:*.pbm=01;35:*.pgm=01;35:*.ppm=01;35:*.tga=01;35:*.xbm=01;35:*.xpm=01;35:*.tif=01;35:*.tiff=01;35:*.png=01;35:*.svg=01;35:*.svgz=01;35:*.mng=01;35:*.pcx=01;35:*.mov=01;35:*.mpg=01;35:*.mpeg=01;35:*.m2v=01;35:*.mkv=01;35:*.webm=01;35:*.webp=01;35:*.ogm=01;35:*.mp4=01;35:*.m4v=01;35:*.mp4v=01;35:*.vob=01;35:*.qt=01;35:*.nuv=01;35:*.wmv=01;35:*.asf=01;35:*.rm=01;35:*.rmvb=01;35:*.flc=01;35:*.avi=01;35:*.fli=01;35:*.flv=01;35:*.gl=01;35:*.dl=01;35:*.xcf=01;35:*.xwd=01;35:*.yuv=01;35:*.cgm=01;35:*.emf=01;35:*.ogv=01;35:*.ogx=01;35:*.aac=00;36:*.au=00;36:*.flac=00;36:*.m4a=00;36:*.mid=00;36:*.midi=00;36:*.mka=00;36:*.mp3=00;36:*.mpc=00;36:*.ogg=00;36:*.ra=00;36:*.wav=00;36:*.oga=00;36:*.opus=00;36:*.spx=00;36:*.xspf=00;36:', 'SSH_AGENT_LAUNCHER': 'gnome-keyring', 'SSH_AUTH_SOCK': '/run/user/1000/keyring/ssh', 'AMENT_PREFIX_PATH': '/home/ros/arm_ws/install/arm_msgs:/opt/ros/humble', 'SHELL': '/bin/bash', 'LC_NAME': 'es_CO.UTF-8', 'TERMINATOR_UUID': 'urn:uuid:1623e010-cd7e-4313-86eb-01e292c650ef', 'QT_ACCESSIBILITY': '1', 'GDMSESSION': 'ubuntu-xorg', 'LESSCLOSE': '/usr/bin/lesspipe %s %s', 'LC_MEASUREMENT': 'es_CO.UTF-8', 'GPG_AGENT_INFO': '/run/user/1000/gnupg/S.gpg-agent:0:1', 'GJS_DEBUG_OUTPUT': 'stderr', 'LC_IDENTIFICATION': 'es_CO.UTF-8', 'QT_IM_MODULE': 'ibus', 'PWD': '/home/ros/arm_ws/build/arm_py_examples', 'LC_ALL': 'en_US.UTF-8', 'XDG_CONFIG_DIRS': '/etc/xdg/xdg-ubuntu-xorg:/etc/xdg', 'XDG_DATA_DIRS': '/usr/share/ubuntu-xorg:/usr/share/gnome:/usr/local/share/:/usr/share/:/var/lib/snapd/desktop', 'PYTHONPATH': '/home/ros/arm_ws/build/arm_py_examples/prefix_override:/usr/lib/python3/dist-packages/colcon_core/task/python/colcon_distutils_commands:/home/ros/arm_ws/install/arm_py_examples/lib/python3.10/site-packages:/home/ros/arm_ws/install/arm_msgs/local/lib/python3.10/dist-packages:/opt/ros/humble/lib/python3.10/site-packages:/opt/ros/humble/local/lib/python3.10/dist-packages', 'LC_NUMERIC': 'es_CO.UTF-8', 'LC_PAPER': 'es_CO.UTF-8', 'COLCON': '1', 'VTE_VERSION': '6800', 'CMAKE_PREFIX_PATH': '/home/ros/arm_ws/install/arm_msgs'}, 'shell': False}
[19.278819] (-) TimerEvent: {}
[19.379405] (-) TimerEvent: {}
[19.480823] (-) TimerEvent: {}
[19.581873] (-) TimerEvent: {}
[19.685881] (-) TimerEvent: {}
[19.788220] (-) TimerEvent: {}
[19.889286] (-) TimerEvent: {}
[19.993093] (-) TimerEvent: {}
[20.095913] (-) TimerEvent: {}
[20.198011] (-) TimerEvent: {}
[20.298996] (-) TimerEvent: {}
[20.400950] (-) TimerEvent: {}
[20.505973] (-) TimerEvent: {}
[20.611506] (-) TimerEvent: {}
[20.712485] (-) TimerEvent: {}
[20.714960] (arm_py_examples) StdoutLine: {'line': b'running egg_info\n'}
[20.730106] (arm_py_examples) StdoutLine: {'line': b'writing ../../build/arm_py_examples/arm_py_examples.egg-info/PKG-INFO\n'}
[20.731998] (arm_py_examples) StdoutLine: {'line': b'writing dependency_links to ../../build/arm_py_examples/arm_py_examples.egg-info/dependency_links.txt\n'}
[20.737357] (arm_py_examples) StdoutLine: {'line': b'writing entry points to ../../build/arm_py_examples/arm_py_examples.egg-info/entry_points.txt\n'}
[20.738132] (arm_py_examples) StdoutLine: {'line': b'writing requirements to ../../build/arm_py_examples/arm_py_examples.egg-info/requires.txt\n'}
[20.744536] (arm_py_examples) StdoutLine: {'line': b'writing top-level names to ../../build/arm_py_examples/arm_py_examples.egg-info/top_level.txt\n'}
[20.761484] (arm_py_examples) StdoutLine: {'line': b"reading manifest file '../../build/arm_py_examples/arm_py_examples.egg-info/SOURCES.txt'\n"}
[20.765976] (arm_py_examples) StdoutLine: {'line': b"writing manifest file '../../build/arm_py_examples/arm_py_examples.egg-info/SOURCES.txt'\n"}
[20.766713] (arm_py_examples) StdoutLine: {'line': b'running build\n'}
[20.767175] (arm_py_examples) StdoutLine: {'line': b'running build_py\n'}
[20.780898] (arm_py_examples) StdoutLine: {'line': b'running install\n'}
[20.781282] (arm_py_examples) StdoutLine: {'line': b'running install_lib\n'}
[20.792600] (arm_py_examples) StdoutLine: {'line': b'running install_data\n'}
[20.797436] (arm_py_examples) StdoutLine: {'line': b'running install_egg_info\n'}
[20.816849] (-) TimerEvent: {}
[20.820262] (arm_py_examples) StdoutLine: {'line': b"removing '/home/ros/arm_ws/install/arm_py_examples/lib/python3.10/site-packages/arm_py_examples-0.0.0-py3.10.egg-info' (and everything under it)\n"}
[20.822606] (arm_py_examples) StdoutLine: {'line': b'Copying ../../build/arm_py_examples/arm_py_examples.egg-info to /home/ros/arm_ws/install/arm_py_examples/lib/python3.10/site-packages/arm_py_examples-0.0.0-py3.10.egg-info\n'}
[20.834105] (arm_py_examples) StdoutLine: {'line': b'running install_scripts\n'}
[20.918334] (-) TimerEvent: {}
[20.922195] (arm_py_examples) StdoutLine: {'line': b'Installing simple_action_client script to /home/ros/arm_ws/install/arm_py_examples/lib/arm_py_examples\n'}
[20.930398] (arm_py_examples) StdoutLine: {'line': b'Installing simple_action_server script to /home/ros/arm_ws/install/arm_py_examples/lib/arm_py_examples\n'}
[20.932934] (arm_py_examples) StdoutLine: {'line': b'Installing simple_parameter script to /home/ros/arm_ws/install/arm_py_examples/lib/arm_py_examples\n'}
[20.937220] (arm_py_examples) StdoutLine: {'line': b'Installing simple_publisher script to /home/ros/arm_ws/install/arm_py_examples/lib/arm_py_examples\n'}
[20.943260] (arm_py_examples) StdoutLine: {'line': b'Installing simple_service_client script to /home/ros/arm_ws/install/arm_py_examples/lib/arm_py_examples\n'}
[20.948655] (arm_py_examples) StdoutLine: {'line': b'Installing simple_service_server script to /home/ros/arm_ws/install/arm_py_examples/lib/arm_py_examples\n'}
[20.955170] (arm_py_examples) StdoutLine: {'line': b'Installing simple_subscriber script to /home/ros/arm_ws/install/arm_py_examples/lib/arm_py_examples\n'}
[20.961145] (arm_py_examples) StdoutLine: {'line': b"writing list of installed files to '/home/ros/arm_ws/build/arm_py_examples/install.log'\n"}
[21.023922] (-) TimerEvent: {}
[21.127976] (-) TimerEvent: {}
[21.144421] (arm_py_examples) CommandEnded: {'returncode': 0}
[21.219043] (arm_py_examples) JobEnded: {'identifier': 'arm_py_examples', 'rc': 0}
[21.225869] (arm_utils) JobStarted: {'identifier': 'arm_utils'}
[21.229689] (-) TimerEvent: {}
[21.297265] (arm_utils) JobProgress: {'identifier': 'arm_utils', 'progress': 'cmake'}
[21.298865] (arm_utils) Command: {'cmd': ['/usr/bin/cmake', '/home/ros/arm_ws/src/arm_utils', '-DCMAKE_INSTALL_PREFIX=/home/ros/arm_ws/install/arm_utils'], 'cwd': '/home/ros/arm_ws/build/arm_utils', 'env': OrderedDict([('GJS_DEBUG_TOPICS', 'JS ERROR;JS LOG'), ('LESSOPEN', '| /usr/bin/lesspipe %s'), ('LANGUAGE', 'en_US:'), ('USER', 'ros'), ('LC_TIME', 'es_CO.UTF-8'), ('XDG_SESSION_TYPE', 'x11'), ('SHLVL', '1'), ('LD_LIBRARY_PATH', '/home/ros/arm_ws/install/arm_msgs/lib:/usr/lib/x86_64-linux-gnu/gazebo-11/plugins:/opt/ros/humble/opt/rviz_ogre_vendor/lib:/opt/ros/humble/lib/x86_64-linux-gnu:/opt/ros/humble/lib'), ('HOME', '/home/ros'), ('OLDPWD', '/home/ros'), ('DESKTOP_SESSION', 'ubuntu-xorg'), ('GIO_LAUNCHED_DESKTOP_FILE', '/usr/share/applications/terminator.desktop'), ('ROS_PYTHON_VERSION', '3'), ('GNOME_SHELL_SESSION_MODE', 'ubuntu'), ('GTK_MODULES', 'gail:atk-bridge'), ('LC_MONETARY', 'es_CO.UTF-8'), ('MANAGERPID', '979'), ('SYSTEMD_EXEC_PID', '1347'), ('DBUS_SESSION_BUS_ADDRESS', 'unix:path=/run/user/1000/bus'), ('COLORTERM', 'truecolor'), ('TERMINATOR_DBUS_NAME', 'net.tenshu.Terminator21a9d5db22c73a993ff0b42f64b396873'), ('GIO_LAUNCHED_DESKTOP_FILE_PID', '4526'), ('ROS_DISTRO', 'humble'), ('GTK_IM_MODULE', 'ibus'), ('LOGNAME', 'ros'), ('JOURNAL_STREAM', '8:20866'), ('_', '/usr/bin/colcon'), ('ROS_VERSION', '2'), ('XDG_SESSION_CLASS', 'user'), ('USERNAME', 'ros'), ('TERM', 'xterm-256color'), ('GNOME_DESKTOP_SESSION_ID', 'this-is-deprecated'), ('ROS_LOCALHOST_ONLY', '0'), ('WINDOWPATH', '2'), ('PATH', '/opt/ros/humble/bin:/home/ros/.local/bin:/usr/local/sbin:/usr/local/bin:/usr/sbin:/usr/bin:/sbin:/bin:/usr/games:/usr/local/games:/snap/bin:/snap/bin'), ('SESSION_MANAGER', 'local/ros-virtual-machine:@/tmp/.ICE-unix/1316,unix/ros-virtual-machine:/tmp/.ICE-unix/1316'), ('INVOCATION_ID', '00487b699f7d4c798b6f2c9b5207b5fc'), ('XDG_MENU_PREFIX', 'gnome-'), ('LC_ADDRESS', 'es_CO.UTF-8'), ('XDG_RUNTIME_DIR', '/run/user/1000'), ('DISPLAY', ':0'), ('TERMINATOR_DBUS_PATH', '/net/tenshu/Terminator2'), ('LANG', 'en_US.UTF-8'), ('XDG_CURRENT_DESKTOP', 'ubuntu:GNOME'), ('IBUS_DISABLE_SNOOPER', '1'), ('LC_TELEPHONE', 'es_CO.UTF-8'), ('XMODIFIERS', '@im=ibus'), ('XDG_SESSION_DESKTOP', 'ubuntu-xorg'), ('XAUTHORITY', '/run/user/1000/gdm/Xauthority'), ('LS_COLORS', 'rs=0:di=01;34:ln=01;36:mh=00:pi=40;33:so=01;35:do=01;35:bd=40;33;01:cd=40;33;01:or=40;31;01:mi=00:su=37;41:sg=30;43:ca=30;41:tw=30;42:ow=34;42:st=37;44:ex=01;32:*.tar=01;31:*.tgz=01;31:*.arc=01;31:*.arj=01;31:*.taz=01;31:*.lha=01;31:*.lz4=01;31:*.lzh=01;31:*.lzma=01;31:*.tlz=01;31:*.txz=01;31:*.tzo=01;31:*.t7z=01;31:*.zip=01;31:*.z=01;31:*.dz=01;31:*.gz=01;31:*.lrz=01;31:*.lz=01;31:*.lzo=01;31:*.xz=01;31:*.zst=01;31:*.tzst=01;31:*.bz2=01;31:*.bz=01;31:*.tbz=01;31:*.tbz2=01;31:*.tz=01;31:*.deb=01;31:*.rpm=01;31:*.jar=01;31:*.war=01;31:*.ear=01;31:*.sar=01;31:*.rar=01;31:*.alz=01;31:*.ace=01;31:*.zoo=01;31:*.cpio=01;31:*.7z=01;31:*.rz=01;31:*.cab=01;31:*.wim=01;31:*.swm=01;31:*.dwm=01;31:*.esd=01;31:*.jpg=01;35:*.jpeg=01;35:*.mjpg=01;35:*.mjpeg=01;35:*.gif=01;35:*.bmp=01;35:*.pbm=01;35:*.pgm=01;35:*.ppm=01;35:*.tga=01;35:*.xbm=01;35:*.xpm=01;35:*.tif=01;35:*.tiff=01;35:*.png=01;35:*.svg=01;35:*.svgz=01;35:*.mng=01;35:*.pcx=01;35:*.mov=01;35:*.mpg=01;35:*.mpeg=01;35:*.m2v=01;35:*.mkv=01;35:*.webm=01;35:*.webp=01;35:*.ogm=01;35:*.mp4=01;35:*.m4v=01;35:*.mp4v=01;35:*.vob=01;35:*.qt=01;35:*.nuv=01;35:*.wmv=01;35:*.asf=01;35:*.rm=01;35:*.rmvb=01;35:*.flc=01;35:*.avi=01;35:*.fli=01;35:*.flv=01;35:*.gl=01;35:*.dl=01;35:*.xcf=01;35:*.xwd=01;35:*.yuv=01;35:*.cgm=01;35:*.emf=01;35:*.ogv=01;35:*.ogx=01;35:*.aac=00;36:*.au=00;36:*.flac=00;36:*.m4a=00;36:*.mid=00;36:*.midi=00;36:*.mka=00;36:*.mp3=00;36:*.mpc=00;36:*.ogg=00;36:*.ra=00;36:*.wav=00;36:*.oga=00;36:*.opus=00;36:*.spx=00;36:*.xspf=00;36:'), ('SSH_AGENT_LAUNCHER', 'gnome-keyring'), ('SSH_AUTH_SOCK', '/run/user/1000/keyring/ssh'), ('AMENT_PREFIX_PATH', '/home/ros/arm_ws/install/arm_msgs:/opt/ros/humble'), ('SHELL', '/bin/bash'), ('LC_NAME', 'es_CO.UTF-8'), ('TERMINATOR_UUID', 'urn:uuid:1623e010-cd7e-4313-86eb-01e292c650ef'), ('QT_ACCESSIBILITY', '1'), ('GDMSESSION', 'ubuntu-xorg'), ('LESSCLOSE', '/usr/bin/lesspipe %s %s'), ('LC_MEASUREMENT', 'es_CO.UTF-8'), ('GPG_AGENT_INFO', '/run/user/1000/gnupg/S.gpg-agent:0:1'), ('GJS_DEBUG_OUTPUT', 'stderr'), ('LC_IDENTIFICATION', 'es_CO.UTF-8'), ('QT_IM_MODULE', 'ibus'), ('PWD', '/home/ros/arm_ws/build/arm_utils'), ('LC_ALL', 'en_US.UTF-8'), ('XDG_CONFIG_DIRS', '/etc/xdg/xdg-ubuntu-xorg:/etc/xdg'), ('XDG_DATA_DIRS', '/usr/share/ubuntu-xorg:/usr/share/gnome:/usr/local/share/:/usr/share/:/var/lib/snapd/desktop'), ('PYTHONPATH', '/home/ros/arm_ws/install/arm_msgs/local/lib/python3.10/dist-packages:/opt/ros/humble/lib/python3.10/site-packages:/opt/ros/humble/local/lib/python3.10/dist-packages'), ('LC_NUMERIC', 'es_CO.UTF-8'), ('LC_PAPER', 'es_CO.UTF-8'), ('COLCON', '1'), ('VTE_VERSION', '6800'), ('CMAKE_PREFIX_PATH', '/home/ros/arm_ws/install/arm_msgs:/opt/ros/humble')]), 'shell': False}
[21.329836] (-) TimerEvent: {}
[21.431680] (-) TimerEvent: {}
[21.534386] (-) TimerEvent: {}
[21.616106] (arm_utils) StdoutLine: {'line': b'-- The C compiler identification is GNU 11.4.0\n'}
[21.635715] (-) TimerEvent: {}
[21.744071] (-) TimerEvent: {}
[21.846859] (-) TimerEvent: {}
[21.916929] (arm_utils) StdoutLine: {'line': b'-- The CXX compiler identification is GNU 11.4.0\n'}
[21.947012] (-) TimerEvent: {}
[21.958439] (arm_utils) StdoutLine: {'line': b'-- Detecting C compiler ABI info\n'}
[22.048830] (-) TimerEvent: {}
[22.149553] (-) TimerEvent: {}
[22.256987] (-) TimerEvent: {}
[22.358778] (-) TimerEvent: {}
[22.453271] (arm_utils) StdoutLine: {'line': b'-- Detecting C compiler ABI info - done\n'}
[22.458859] (-) TimerEvent: {}
[22.516929] (arm_utils) StdoutLine: {'line': b'-- Check for working C compiler: /usr/bin/cc - skipped\n'}
[22.524872] (arm_utils) StdoutLine: {'line': b'-- Detecting C compile features\n'}
[22.525307] (arm_utils) StdoutLine: {'line': b'-- Detecting C compile features - done\n'}
[22.563291] (-) TimerEvent: {}
[22.565071] (arm_utils) StdoutLine: {'line': b'-- Detecting CXX compiler ABI info\n'}
[22.663527] (-) TimerEvent: {}
[22.769891] (-) TimerEvent: {}
[22.871293] (-) TimerEvent: {}
[22.974085] (-) TimerEvent: {}
[23.076261] (-) TimerEvent: {}
[23.160062] (arm_utils) StdoutLine: {'line': b'-- Detecting CXX compiler ABI info - done\n'}
[23.178073] (-) TimerEvent: {}
[23.217175] (arm_utils) StdoutLine: {'line': b'-- Check for working CXX compiler: /usr/bin/c++ - skipped\n'}
[23.217612] (arm_utils) StdoutLine: {'line': b'-- Detecting CXX compile features\n'}
[23.221106] (arm_utils) StdoutLine: {'line': b'-- Detecting CXX compile features - done\n'}
[23.235946] (arm_utils) StdoutLine: {'line': b'-- Found ament_cmake: 1.3.10 (/opt/ros/humble/share/ament_cmake/cmake)\n'}
[23.278917] (-) TimerEvent: {}
[23.381779] (-) TimerEvent: {}
[23.482379] (-) TimerEvent: {}
[23.584290] (-) TimerEvent: {}
[23.687130] (-) TimerEvent: {}
[23.795960] (-) TimerEvent: {}
[23.899162] (-) TimerEvent: {}
[23.999716] (-) TimerEvent: {}
[24.100254] (-) TimerEvent: {}
[24.170341] (arm_utils) StdoutLine: {'line': b'-- Found Python3: /usr/bin/python3 (found version "3.10.12") found components: Interpreter \n'}
[24.200406] (-) TimerEvent: {}
[24.300946] (-) TimerEvent: {}
[24.404931] (-) TimerEvent: {}
[24.506820] (-) TimerEvent: {}
[24.609333] (-) TimerEvent: {}
[24.711513] (-) TimerEvent: {}
[24.783314] (arm_utils) StdoutLine: {'line': b'-- Found rclcpp: 16.0.10 (/opt/ros/humble/share/rclcpp/cmake)\n'}
[24.811873] (-) TimerEvent: {}
[24.913284] (-) TimerEvent: {}
[25.016475] (-) TimerEvent: {}
[25.058858] (arm_utils) StdoutLine: {'line': b'-- Found rosidl_generator_c: 3.1.5 (/opt/ros/humble/share/rosidl_generator_c/cmake)\n'}
[25.077089] (arm_utils) StdoutLine: {'line': b'-- Found rosidl_adapter: 3.1.5 (/opt/ros/humble/share/rosidl_adapter/cmake)\n'}
[25.111464] (arm_utils) StdoutLine: {'line': b'-- Found rosidl_generator_cpp: 3.1.5 (/opt/ros/humble/share/rosidl_generator_cpp/cmake)\n'}
[25.116614] (-) TimerEvent: {}
[25.179631] (arm_utils) StdoutLine: {'line': b'-- Using all available rosidl_typesupport_c: rosidl_typesupport_fastrtps_c;rosidl_typesupport_introspection_c\n'}
[25.217269] (-) TimerEvent: {}
[25.323077] (-) TimerEvent: {}
[25.328861] (arm_utils) StdoutLine: {'line': b'-- Using all available rosidl_typesupport_cpp: rosidl_typesupport_fastrtps_cpp;rosidl_typesupport_introspection_cpp\n'}
[25.424543] (-) TimerEvent: {}
[25.528966] (-) TimerEvent: {}
[25.637607] (-) TimerEvent: {}
[25.744104] (-) TimerEvent: {}
[25.784969] (arm_utils) StdoutLine: {'line': b'-- Found rmw_implementation_cmake: 6.1.2 (/opt/ros/humble/share/rmw_implementation_cmake/cmake)\n'}
[25.810304] (arm_utils) StdoutLine: {'line': b'-- Found rmw_fastrtps_cpp: 6.2.7 (/opt/ros/humble/share/rmw_fastrtps_cpp/cmake)\n'}
[25.844296] (-) TimerEvent: {}
[25.950967] (-) TimerEvent: {}
[26.051673] (-) TimerEvent: {}
[26.152811] (-) TimerEvent: {}
[26.254407] (-) TimerEvent: {}
[26.360400] (-) TimerEvent: {}
[26.461319] (-) TimerEvent: {}
[26.517088] (arm_utils) StdoutLine: {'line': b'-- Found OpenSSL: /usr/lib/x86_64-linux-gnu/libcrypto.so (found version "3.0.2")  \n'}
[26.561469] (-) TimerEvent: {}
[26.666598] (-) TimerEvent: {}
[26.706823] (arm_utils) StdoutLine: {'line': b'-- Found FastRTPS: /opt/ros/humble/include  \n'}
[26.766753] (-) TimerEvent: {}
[26.871394] (-) TimerEvent: {}
[26.975960] (-) TimerEvent: {}
[26.979077] (arm_utils) StdoutLine: {'line': b"-- Using RMW implementation 'rmw_fastrtps_cpp' as default\n"}
[27.033144] (arm_utils) StdoutLine: {'line': b'-- Looking for pthread.h\n'}
[27.078849] (-) TimerEvent: {}
[27.180594] (-) TimerEvent: {}
[27.281423] (-) TimerEvent: {}
[27.382952] (-) TimerEvent: {}
[27.485282] (-) TimerEvent: {}
[27.594701] (-) TimerEvent: {}
[27.698867] (-) TimerEvent: {}
[27.750548] (arm_utils) StdoutLine: {'line': b'-- Looking for pthread.h - found\n'}
[27.757262] (arm_utils) StdoutLine: {'line': b'-- Performing Test CMAKE_HAVE_LIBC_PTHREAD\n'}
[27.803916] (-) TimerEvent: {}
[27.906552] (-) TimerEvent: {}
[28.008682] (-) TimerEvent: {}
[28.111077] (-) TimerEvent: {}
[28.218905] (-) TimerEvent: {}
[28.228025] (arm_utils) StdoutLine: {'line': b'-- Performing Test CMAKE_HAVE_LIBC_PTHREAD - Success\n'}
[28.238869] (arm_utils) StdoutLine: {'line': b'-- Found Threads: TRUE  \n'}
[28.323163] (-) TimerEvent: {}
[28.424853] (-) TimerEvent: {}
[28.527856] (-) TimerEvent: {}
[28.630689] (-) TimerEvent: {}
[28.666872] (arm_utils) StdoutLine: {'line': b'-- Found rclpy: 3.3.14 (/opt/ros/humble/share/rclpy/cmake)\n'}
[28.667585] (arm_utils) StdoutLine: {'line': b'-- Found arm_msgs: 0.0.0 (/home/ros/arm_ws/install/arm_msgs/share/arm_msgs/cmake)\n'}
[28.731380] (-) TimerEvent: {}
[28.832419] (-) TimerEvent: {}
[28.913356] (arm_utils) StdoutLine: {'line': b'-- Found tf2: 0.25.8 (/opt/ros/humble/share/tf2/cmake)\n'}
[28.936278] (-) TimerEvent: {}
[29.038881] (-) TimerEvent: {}
[29.143112] (-) TimerEvent: {}
[29.246844] (-) TimerEvent: {}
[29.352848] (-) TimerEvent: {}
[29.455885] (-) TimerEvent: {}
[29.561114] (-) TimerEvent: {}
[29.664924] (-) TimerEvent: {}
[29.768678] (-) TimerEvent: {}
[29.875878] (-) TimerEvent: {}
[29.979149] (-) TimerEvent: {}
[30.051135] (arm_utils) StdoutLine: {'line': b'-- Configuring done\n'}
[30.079303] (-) TimerEvent: {}
[30.167858] (arm_utils) StdoutLine: {'line': b'-- Generating done\n'}
[30.182880] (arm_utils) StdoutLine: {'line': b'-- Build files have been written to: /home/ros/arm_ws/build/arm_utils\n'}
[30.183383] (-) TimerEvent: {}
[30.244421] (arm_utils) CommandEnded: {'returncode': 0}
[30.247702] (arm_utils) JobProgress: {'identifier': 'arm_utils', 'progress': 'build'}
[30.254260] (arm_utils) Command: {'cmd': ['/usr/bin/cmake', '--build', '/home/ros/arm_ws/build/arm_utils', '--', '-j2', '-l2'], 'cwd': '/home/ros/arm_ws/build/arm_utils', 'env': OrderedDict([('GJS_DEBUG_TOPICS', 'JS ERROR;JS LOG'), ('LESSOPEN', '| /usr/bin/lesspipe %s'), ('LANGUAGE', 'en_US:'), ('USER', 'ros'), ('LC_TIME', 'es_CO.UTF-8'), ('XDG_SESSION_TYPE', 'x11'), ('SHLVL', '1'), ('LD_LIBRARY_PATH', '/home/ros/arm_ws/install/arm_msgs/lib:/usr/lib/x86_64-linux-gnu/gazebo-11/plugins:/opt/ros/humble/opt/rviz_ogre_vendor/lib:/opt/ros/humble/lib/x86_64-linux-gnu:/opt/ros/humble/lib'), ('HOME', '/home/ros'), ('OLDPWD', '/home/ros'), ('DESKTOP_SESSION', 'ubuntu-xorg'), ('GIO_LAUNCHED_DESKTOP_FILE', '/usr/share/applications/terminator.desktop'), ('ROS_PYTHON_VERSION', '3'), ('GNOME_SHELL_SESSION_MODE', 'ubuntu'), ('GTK_MODULES', 'gail:atk-bridge'), ('LC_MONETARY', 'es_CO.UTF-8'), ('MANAGERPID', '979'), ('SYSTEMD_EXEC_PID', '1347'), ('DBUS_SESSION_BUS_ADDRESS', 'unix:path=/run/user/1000/bus'), ('COLORTERM', 'truecolor'), ('TERMINATOR_DBUS_NAME', 'net.tenshu.Terminator21a9d5db22c73a993ff0b42f64b396873'), ('GIO_LAUNCHED_DESKTOP_FILE_PID', '4526'), ('ROS_DISTRO', 'humble'), ('GTK_IM_MODULE', 'ibus'), ('LOGNAME', 'ros'), ('JOURNAL_STREAM', '8:20866'), ('_', '/usr/bin/colcon'), ('ROS_VERSION', '2'), ('XDG_SESSION_CLASS', 'user'), ('USERNAME', 'ros'), ('TERM', 'xterm-256color'), ('GNOME_DESKTOP_SESSION_ID', 'this-is-deprecated'), ('ROS_LOCALHOST_ONLY', '0'), ('WINDOWPATH', '2'), ('PATH', '/opt/ros/humble/bin:/home/ros/.local/bin:/usr/local/sbin:/usr/local/bin:/usr/sbin:/usr/bin:/sbin:/bin:/usr/games:/usr/local/games:/snap/bin:/snap/bin'), ('SESSION_MANAGER', 'local/ros-virtual-machine:@/tmp/.ICE-unix/1316,unix/ros-virtual-machine:/tmp/.ICE-unix/1316'), ('INVOCATION_ID', '00487b699f7d4c798b6f2c9b5207b5fc'), ('XDG_MENU_PREFIX', 'gnome-'), ('LC_ADDRESS', 'es_CO.UTF-8'), ('XDG_RUNTIME_DIR', '/run/user/1000'), ('DISPLAY', ':0'), ('TERMINATOR_DBUS_PATH', '/net/tenshu/Terminator2'), ('LANG', 'en_US.UTF-8'), ('XDG_CURRENT_DESKTOP', 'ubuntu:GNOME'), ('IBUS_DISABLE_SNOOPER', '1'), ('LC_TELEPHONE', 'es_CO.UTF-8'), ('XMODIFIERS', '@im=ibus'), ('XDG_SESSION_DESKTOP', 'ubuntu-xorg'), ('XAUTHORITY', '/run/user/1000/gdm/Xauthority'), ('LS_COLORS', 'rs=0:di=01;34:ln=01;36:mh=00:pi=40;33:so=01;35:do=01;35:bd=40;33;01:cd=40;33;01:or=40;31;01:mi=00:su=37;41:sg=30;43:ca=30;41:tw=30;42:ow=34;42:st=37;44:ex=01;32:*.tar=01;31:*.tgz=01;31:*.arc=01;31:*.arj=01;31:*.taz=01;31:*.lha=01;31:*.lz4=01;31:*.lzh=01;31:*.lzma=01;31:*.tlz=01;31:*.txz=01;31:*.tzo=01;31:*.t7z=01;31:*.zip=01;31:*.z=01;31:*.dz=01;31:*.gz=01;31:*.lrz=01;31:*.lz=01;31:*.lzo=01;31:*.xz=01;31:*.zst=01;31:*.tzst=01;31:*.bz2=01;31:*.bz=01;31:*.tbz=01;31:*.tbz2=01;31:*.tz=01;31:*.deb=01;31:*.rpm=01;31:*.jar=01;31:*.war=01;31:*.ear=01;31:*.sar=01;31:*.rar=01;31:*.alz=01;31:*.ace=01;31:*.zoo=01;31:*.cpio=01;31:*.7z=01;31:*.rz=01;31:*.cab=01;31:*.wim=01;31:*.swm=01;31:*.dwm=01;31:*.esd=01;31:*.jpg=01;35:*.jpeg=01;35:*.mjpg=01;35:*.mjpeg=01;35:*.gif=01;35:*.bmp=01;35:*.pbm=01;35:*.pgm=01;35:*.ppm=01;35:*.tga=01;35:*.xbm=01;35:*.xpm=01;35:*.tif=01;35:*.tiff=01;35:*.png=01;35:*.svg=01;35:*.svgz=01;35:*.mng=01;35:*.pcx=01;35:*.mov=01;35:*.mpg=01;35:*.mpeg=01;35:*.m2v=01;35:*.mkv=01;35:*.webm=01;35:*.webp=01;35:*.ogm=01;35:*.mp4=01;35:*.m4v=01;35:*.mp4v=01;35:*.vob=01;35:*.qt=01;35:*.nuv=01;35:*.wmv=01;35:*.asf=01;35:*.rm=01;35:*.rmvb=01;35:*.flc=01;35:*.avi=01;35:*.fli=01;35:*.flv=01;35:*.gl=01;35:*.dl=01;35:*.xcf=01;35:*.xwd=01;35:*.yuv=01;35:*.cgm=01;35:*.emf=01;35:*.ogv=01;35:*.ogx=01;35:*.aac=00;36:*.au=00;36:*.flac=00;36:*.m4a=00;36:*.mid=00;36:*.midi=00;36:*.mka=00;36:*.mp3=00;36:*.mpc=00;36:*.ogg=00;36:*.ra=00;36:*.wav=00;36:*.oga=00;36:*.opus=00;36:*.spx=00;36:*.xspf=00;36:'), ('SSH_AGENT_LAUNCHER', 'gnome-keyring'), ('SSH_AUTH_SOCK', '/run/user/1000/keyring/ssh'), ('AMENT_PREFIX_PATH', '/home/ros/arm_ws/install/arm_msgs:/opt/ros/humble'), ('SHELL', '/bin/bash'), ('LC_NAME', 'es_CO.UTF-8'), ('TERMINATOR_UUID', 'urn:uuid:1623e010-cd7e-4313-86eb-01e292c650ef'), ('QT_ACCESSIBILITY', '1'), ('GDMSESSION', 'ubuntu-xorg'), ('LESSCLOSE', '/usr/bin/lesspipe %s %s'), ('LC_MEASUREMENT', 'es_CO.UTF-8'), ('GPG_AGENT_INFO', '/run/user/1000/gnupg/S.gpg-agent:0:1'), ('GJS_DEBUG_OUTPUT', 'stderr'), ('LC_IDENTIFICATION', 'es_CO.UTF-8'), ('QT_IM_MODULE', 'ibus'), ('PWD', '/home/ros/arm_ws/build/arm_utils'), ('LC_ALL', 'en_US.UTF-8'), ('XDG_CONFIG_DIRS', '/etc/xdg/xdg-ubuntu-xorg:/etc/xdg'), ('XDG_DATA_DIRS', '/usr/share/ubuntu-xorg:/usr/share/gnome:/usr/local/share/:/usr/share/:/var/lib/snapd/desktop'), ('PYTHONPATH', '/home/ros/arm_ws/install/arm_msgs/local/lib/python3.10/dist-packages:/opt/ros/humble/lib/python3.10/site-packages:/opt/ros/humble/local/lib/python3.10/dist-packages'), ('LC_NUMERIC', 'es_CO.UTF-8'), ('LC_PAPER', 'es_CO.UTF-8'), ('COLCON', '1'), ('VTE_VERSION', '6800'), ('CMAKE_PREFIX_PATH', '/home/ros/arm_ws/install/arm_msgs:/opt/ros/humble')]), 'shell': False}
[30.284880] (-) TimerEvent: {}
[30.388121] (-) TimerEvent: {}
[30.489881] (-) TimerEvent: {}
[30.598908] (-) TimerEvent: {}
[30.699606] (-) TimerEvent: {}
[30.807323] (-) TimerEvent: {}
[30.909932] (-) TimerEvent: {}
[30.978002] (arm_utils) StdoutLine: {'line': b'[ 50%] \x1b[32mBuilding CXX object CMakeFiles/angle_conversion.dir/src/angle_conversion.cpp.o\x1b[0m\n'}
[31.014884] (-) TimerEvent: {}
[31.118850] (-) TimerEvent: {}
[31.220171] (-) TimerEvent: {}
[31.327819] (-) TimerEvent: {}
[31.435926] (-) TimerEvent: {}
[31.538120] (-) TimerEvent: {}
[31.643301] (-) TimerEvent: {}
[31.748510] (-) TimerEvent: {}
[31.853961] (-) TimerEvent: {}
[31.957009] (-) TimerEvent: {}
[32.058501] (-) TimerEvent: {}
[32.161998] (-) TimerEvent: {}
[32.263864] (-) TimerEvent: {}
[32.370033] (-) TimerEvent: {}
[32.474017] (-) TimerEvent: {}
[32.583884] (-) TimerEvent: {}
[32.688135] (-) TimerEvent: {}
[32.789551] (-) TimerEvent: {}
[32.893866] (-) TimerEvent: {}
[32.998190] (-) TimerEvent: {}
[33.100968] (-) TimerEvent: {}
[33.204410] (-) TimerEvent: {}
[33.305618] (-) TimerEvent: {}
[33.412883] (-) TimerEvent: {}
[33.513571] (-) TimerEvent: {}
[33.615117] (-) TimerEvent: {}
[33.715589] (-) TimerEvent: {}
[33.816410] (-) TimerEvent: {}
[33.919858] (-) TimerEvent: {}
[34.021839] (-) TimerEvent: {}
[34.123854] (-) TimerEvent: {}
[34.226291] (-) TimerEvent: {}
[34.333837] (-) TimerEvent: {}
[34.436206] (-) TimerEvent: {}
[34.538382] (-) TimerEvent: {}
[34.641410] (-) TimerEvent: {}
[34.744845] (-) TimerEvent: {}
[34.845697] (-) TimerEvent: {}
[34.948831] (-) TimerEvent: {}
[35.050394] (-) TimerEvent: {}
[35.151880] (-) TimerEvent: {}
[35.256255] (-) TimerEvent: {}
[35.357802] (-) TimerEvent: {}
[35.461196] (-) TimerEvent: {}
[35.565426] (-) TimerEvent: {}
[35.665889] (-) TimerEvent: {}
[35.766912] (-) TimerEvent: {}
[35.869623] (-) TimerEvent: {}
[35.970803] (-) TimerEvent: {}
[36.073182] (-) TimerEvent: {}
[36.174365] (-) TimerEvent: {}
[36.287233] (-) TimerEvent: {}
[36.392970] (-) TimerEvent: {}
[36.495407] (-) TimerEvent: {}
[36.600003] (-) TimerEvent: {}
[36.703866] (-) TimerEvent: {}
[36.808296] (-) TimerEvent: {}
[36.913180] (-) TimerEvent: {}
[37.015157] (-) TimerEvent: {}
[37.116019] (-) TimerEvent: {}
[37.218826] (-) TimerEvent: {}
[37.320182] (-) TimerEvent: {}
[37.424014] (-) TimerEvent: {}
[37.538869] (-) TimerEvent: {}
[37.645054] (-) TimerEvent: {}
[37.747053] (-) TimerEvent: {}
[37.848501] (-) TimerEvent: {}
[37.951186] (-) TimerEvent: {}
[38.062859] (-) TimerEvent: {}
[38.164875] (-) TimerEvent: {}
[38.268125] (-) TimerEvent: {}
[38.371239] (-) TimerEvent: {}
[38.473160] (-) TimerEvent: {}
[38.574866] (-) TimerEvent: {}
[38.677664] (-) TimerEvent: {}
[38.780451] (-) TimerEvent: {}
[38.883693] (-) TimerEvent: {}
[38.984803] (-) TimerEvent: {}
[39.087407] (-) TimerEvent: {}
[39.188222] (-) TimerEvent: {}
[39.289850] (-) TimerEvent: {}
[39.392116] (-) TimerEvent: {}
[39.495045] (-) TimerEvent: {}
[39.596129] (-) TimerEvent: {}
[39.696549] (-) TimerEvent: {}
[39.797239] (-) TimerEvent: {}
[39.899155] (-) TimerEvent: {}
[40.000341] (-) TimerEvent: {}
[40.103166] (-) TimerEvent: {}
[40.204989] (-) TimerEvent: {}
[40.307510] (-) TimerEvent: {}
[40.409874] (-) TimerEvent: {}
[40.510990] (-) TimerEvent: {}
[40.611848] (-) TimerEvent: {}
[40.713852] (-) TimerEvent: {}
[40.814867] (-) TimerEvent: {}
[40.916020] (-) TimerEvent: {}
[41.018462] (-) TimerEvent: {}
[41.120905] (-) TimerEvent: {}
[41.228640] (-) TimerEvent: {}
[41.330870] (-) TimerEvent: {}
[41.431858] (-) TimerEvent: {}
[41.536392] (-) TimerEvent: {}
[41.638461] (-) TimerEvent: {}
[41.759201] (-) TimerEvent: {}
[41.861140] (-) TimerEvent: {}
[41.963862] (-) TimerEvent: {}
[42.065027] (-) TimerEvent: {}
[42.166724] (-) TimerEvent: {}
[42.270535] (-) TimerEvent: {}
[42.373955] (-) TimerEvent: {}
[42.475719] (-) TimerEvent: {}
[42.576801] (-) TimerEvent: {}
[42.681174] (-) TimerEvent: {}
[42.782273] (-) TimerEvent: {}
[42.884117] (-) TimerEvent: {}
[42.986608] (-) TimerEvent: {}
[43.087872] (-) TimerEvent: {}
[43.190981] (-) TimerEvent: {}
[43.292720] (-) TimerEvent: {}
[43.394442] (-) TimerEvent: {}
[43.497487] (-) TimerEvent: {}
[43.601498] (-) TimerEvent: {}
[43.704047] (-) TimerEvent: {}
[43.806864] (-) TimerEvent: {}
[43.909703] (-) TimerEvent: {}
[44.011429] (-) TimerEvent: {}
[44.114693] (-) TimerEvent: {}
[44.216221] (-) TimerEvent: {}
[44.318932] (-) TimerEvent: {}
[44.420008] (-) TimerEvent: {}
[44.523234] (-) TimerEvent: {}
[44.625231] (-) TimerEvent: {}
[44.728417] (-) TimerEvent: {}
[44.829132] (-) TimerEvent: {}
[44.929982] (-) TimerEvent: {}
[45.030825] (-) TimerEvent: {}
[45.133548] (-) TimerEvent: {}
[45.236545] (-) TimerEvent: {}
[45.339925] (-) TimerEvent: {}
[45.442872] (-) TimerEvent: {}
[45.544158] (-) TimerEvent: {}
[45.647256] (-) TimerEvent: {}
[45.748646] (-) TimerEvent: {}
[45.851871] (-) TimerEvent: {}
[45.952976] (-) TimerEvent: {}
[46.053991] (-) TimerEvent: {}
[46.155319] (-) TimerEvent: {}
[46.257494] (-) TimerEvent: {}
[46.360135] (-) TimerEvent: {}
[46.461271] (-) TimerEvent: {}
[46.562304] (-) TimerEvent: {}
[46.665982] (-) TimerEvent: {}
[46.770366] (-) TimerEvent: {}
[46.873316] (-) TimerEvent: {}
[46.974853] (-) TimerEvent: {}
[47.077875] (-) TimerEvent: {}
[47.179078] (-) TimerEvent: {}
[47.280292] (-) TimerEvent: {}
[47.383313] (-) TimerEvent: {}
[47.484093] (-) TimerEvent: {}
[47.584854] (-) TimerEvent: {}
[47.686853] (-) TimerEvent: {}
[47.788181] (-) TimerEvent: {}
[47.889321] (-) TimerEvent: {}
[47.991298] (-) TimerEvent: {}
[48.092014] (-) TimerEvent: {}
[48.195924] (-) TimerEvent: {}
[48.297026] (-) TimerEvent: {}
[48.398557] (-) TimerEvent: {}
[48.499831] (-) TimerEvent: {}
[48.601122] (-) TimerEvent: {}
[48.704546] (-) TimerEvent: {}
[48.805909] (-) TimerEvent: {}
[48.907139] (-) TimerEvent: {}
[49.011262] (-) TimerEvent: {}
[49.112087] (-) TimerEvent: {}
[49.213082] (-) TimerEvent: {}
[49.316533] (-) TimerEvent: {}
[49.417867] (-) TimerEvent: {}
[49.521357] (-) TimerEvent: {}
[49.622725] (-) TimerEvent: {}
[49.726313] (-) TimerEvent: {}
[49.827552] (-) TimerEvent: {}
[49.929864] (-) TimerEvent: {}
[50.031004] (-) TimerEvent: {}
[50.135588] (-) TimerEvent: {}
[50.238341] (-) TimerEvent: {}
[50.339633] (-) TimerEvent: {}
[50.445141] (-) TimerEvent: {}
[50.547064] (-) TimerEvent: {}
[50.647911] (-) TimerEvent: {}
[50.751199] (-) TimerEvent: {}
[50.852486] (-) TimerEvent: {}
[50.954579] (-) TimerEvent: {}
[51.055631] (-) TimerEvent: {}
[51.160069] (-) TimerEvent: {}
[51.270475] (-) TimerEvent: {}
[51.372484] (-) TimerEvent: {}
[51.476181] (-) TimerEvent: {}
[51.576716] (-) TimerEvent: {}
[51.682850] (-) TimerEvent: {}
[51.783903] (-) TimerEvent: {}
[51.888228] (-) TimerEvent: {}
[51.992147] (-) TimerEvent: {}
[52.093555] (-) TimerEvent: {}
[52.196079] (-) TimerEvent: {}
[52.296860] (-) TimerEvent: {}
[52.399205] (-) TimerEvent: {}
[52.500382] (-) TimerEvent: {}
[52.603655] (-) TimerEvent: {}
[52.704355] (-) TimerEvent: {}
[52.805729] (-) TimerEvent: {}
[52.908625] (-) TimerEvent: {}
[53.012929] (-) TimerEvent: {}
[53.113837] (-) TimerEvent: {}
[53.217176] (-) TimerEvent: {}
[53.318329] (-) TimerEvent: {}
[53.419253] (-) TimerEvent: {}
[53.521863] (-) TimerEvent: {}
[53.622913] (-) TimerEvent: {}
[53.723887] (-) TimerEvent: {}
[53.824843] (-) TimerEvent: {}
[53.926181] (-) TimerEvent: {}
[54.028035] (-) TimerEvent: {}
[54.063912] (arm_utils) StdoutLine: {'line': b'[100%] \x1b[32m\x1b[1mLinking CXX executable angle_conversion\x1b[0m\n'}
[54.128167] (-) TimerEvent: {}
[54.230172] (-) TimerEvent: {}
[54.331300] (-) TimerEvent: {}
[54.434410] (-) TimerEvent: {}
[54.537363] (-) TimerEvent: {}
[54.641253] (-) TimerEvent: {}
[54.742127] (-) TimerEvent: {}
[54.845452] (-) TimerEvent: {}
[54.946464] (-) TimerEvent: {}
[54.995639] (arm_utils) StdoutLine: {'line': b'[100%] Built target angle_conversion\n'}
[55.047882] (-) TimerEvent: {}
[55.149117] (-) TimerEvent: {}
[55.188018] (arm_utils) StdoutLine: {'line': b'[100%] Built target ament_cmake_python_copy_arm_utils\n'}
[55.249282] (-) TimerEvent: {}
[55.352994] (-) TimerEvent: {}
[55.458029] (-) TimerEvent: {}
[55.559577] (-) TimerEvent: {}
[55.660246] (-) TimerEvent: {}
[55.763324] (-) TimerEvent: {}
[55.864315] (-) TimerEvent: {}
[55.965839] (-) TimerEvent: {}
[56.066539] (-) TimerEvent: {}
[56.169442] (-) TimerEvent: {}
[56.270341] (-) TimerEvent: {}
[56.374279] (-) TimerEvent: {}
[56.476829] (-) TimerEvent: {}
[56.538575] (arm_utils) StdoutLine: {'line': b'running egg_info\n'}
[56.541567] (arm_utils) StdoutLine: {'line': b'creating arm_utils.egg-info\n'}
[56.543446] (arm_utils) StdoutLine: {'line': b'writing arm_utils.egg-info/PKG-INFO\n'}
[56.545076] (arm_utils) StdoutLine: {'line': b'writing dependency_links to arm_utils.egg-info/dependency_links.txt\n'}
[56.546473] (arm_utils) StdoutLine: {'line': b'writing top-level names to arm_utils.egg-info/top_level.txt\n'}
[56.551955] (arm_utils) StdoutLine: {'line': b"writing manifest file 'arm_utils.egg-info/SOURCES.txt'\n"}
[56.561075] (arm_utils) StdoutLine: {'line': b"reading manifest file 'arm_utils.egg-info/SOURCES.txt'\n"}
[56.563258] (arm_utils) StdoutLine: {'line': b"writing manifest file 'arm_utils.egg-info/SOURCES.txt'\n"}
[56.593850] (-) TimerEvent: {}
[56.694513] (-) TimerEvent: {}
[56.770032] (arm_utils) StdoutLine: {'line': b'[100%] Built target ament_cmake_python_build_arm_utils_egg\n'}
[56.796182] (-) TimerEvent: {}
[56.880283] (arm_utils) CommandEnded: {'returncode': 0}
[56.896970] (-) TimerEvent: {}
[56.998824] (-) TimerEvent: {}
[57.099409] (-) TimerEvent: {}
[57.201511] (-) TimerEvent: {}
[57.273360] (arm_utils) JobProgress: {'identifier': 'arm_utils', 'progress': 'install'}
[57.273549] (arm_utils) Command: {'cmd': ['/usr/bin/cmake', '--install', '/home/ros/arm_ws/build/arm_utils'], 'cwd': '/home/ros/arm_ws/build/arm_utils', 'env': OrderedDict([('GJS_DEBUG_TOPICS', 'JS ERROR;JS LOG'), ('LESSOPEN', '| /usr/bin/lesspipe %s'), ('LANGUAGE', 'en_US:'), ('USER', 'ros'), ('LC_TIME', 'es_CO.UTF-8'), ('XDG_SESSION_TYPE', 'x11'), ('SHLVL', '1'), ('LD_LIBRARY_PATH', '/home/ros/arm_ws/install/arm_msgs/lib:/usr/lib/x86_64-linux-gnu/gazebo-11/plugins:/opt/ros/humble/opt/rviz_ogre_vendor/lib:/opt/ros/humble/lib/x86_64-linux-gnu:/opt/ros/humble/lib'), ('HOME', '/home/ros'), ('OLDPWD', '/home/ros'), ('DESKTOP_SESSION', 'ubuntu-xorg'), ('GIO_LAUNCHED_DESKTOP_FILE', '/usr/share/applications/terminator.desktop'), ('ROS_PYTHON_VERSION', '3'), ('GNOME_SHELL_SESSION_MODE', 'ubuntu'), ('GTK_MODULES', 'gail:atk-bridge'), ('LC_MONETARY', 'es_CO.UTF-8'), ('MANAGERPID', '979'), ('SYSTEMD_EXEC_PID', '1347'), ('DBUS_SESSION_BUS_ADDRESS', 'unix:path=/run/user/1000/bus'), ('COLORTERM', 'truecolor'), ('TERMINATOR_DBUS_NAME', 'net.tenshu.Terminator21a9d5db22c73a993ff0b42f64b396873'), ('GIO_LAUNCHED_DESKTOP_FILE_PID', '4526'), ('ROS_DISTRO', 'humble'), ('GTK_IM_MODULE', 'ibus'), ('LOGNAME', 'ros'), ('JOURNAL_STREAM', '8:20866'), ('_', '/usr/bin/colcon'), ('ROS_VERSION', '2'), ('XDG_SESSION_CLASS', 'user'), ('USERNAME', 'ros'), ('TERM', 'xterm-256color'), ('GNOME_DESKTOP_SESSION_ID', 'this-is-deprecated'), ('ROS_LOCALHOST_ONLY', '0'), ('WINDOWPATH', '2'), ('PATH', '/opt/ros/humble/bin:/home/ros/.local/bin:/usr/local/sbin:/usr/local/bin:/usr/sbin:/usr/bin:/sbin:/bin:/usr/games:/usr/local/games:/snap/bin:/snap/bin'), ('SESSION_MANAGER', 'local/ros-virtual-machine:@/tmp/.ICE-unix/1316,unix/ros-virtual-machine:/tmp/.ICE-unix/1316'), ('INVOCATION_ID', '00487b699f7d4c798b6f2c9b5207b5fc'), ('XDG_MENU_PREFIX', 'gnome-'), ('LC_ADDRESS', 'es_CO.UTF-8'), ('XDG_RUNTIME_DIR', '/run/user/1000'), ('DISPLAY', ':0'), ('TERMINATOR_DBUS_PATH', '/net/tenshu/Terminator2'), ('LANG', 'en_US.UTF-8'), ('XDG_CURRENT_DESKTOP', 'ubuntu:GNOME'), ('IBUS_DISABLE_SNOOPER', '1'), ('LC_TELEPHONE', 'es_CO.UTF-8'), ('XMODIFIERS', '@im=ibus'), ('XDG_SESSION_DESKTOP', 'ubuntu-xorg'), ('XAUTHORITY', '/run/user/1000/gdm/Xauthority'), ('LS_COLORS', 'rs=0:di=01;34:ln=01;36:mh=00:pi=40;33:so=01;35:do=01;35:bd=40;33;01:cd=40;33;01:or=40;31;01:mi=00:su=37;41:sg=30;43:ca=30;41:tw=30;42:ow=34;42:st=37;44:ex=01;32:*.tar=01;31:*.tgz=01;31:*.arc=01;31:*.arj=01;31:*.taz=01;31:*.lha=01;31:*.lz4=01;31:*.lzh=01;31:*.lzma=01;31:*.tlz=01;31:*.txz=01;31:*.tzo=01;31:*.t7z=01;31:*.zip=01;31:*.z=01;31:*.dz=01;31:*.gz=01;31:*.lrz=01;31:*.lz=01;31:*.lzo=01;31:*.xz=01;31:*.zst=01;31:*.tzst=01;31:*.bz2=01;31:*.bz=01;31:*.tbz=01;31:*.tbz2=01;31:*.tz=01;31:*.deb=01;31:*.rpm=01;31:*.jar=01;31:*.war=01;31:*.ear=01;31:*.sar=01;31:*.rar=01;31:*.alz=01;31:*.ace=01;31:*.zoo=01;31:*.cpio=01;31:*.7z=01;31:*.rz=01;31:*.cab=01;31:*.wim=01;31:*.swm=01;31:*.dwm=01;31:*.esd=01;31:*.jpg=01;35:*.jpeg=01;35:*.mjpg=01;35:*.mjpeg=01;35:*.gif=01;35:*.bmp=01;35:*.pbm=01;35:*.pgm=01;35:*.ppm=01;35:*.tga=01;35:*.xbm=01;35:*.xpm=01;35:*.tif=01;35:*.tiff=01;35:*.png=01;35:*.svg=01;35:*.svgz=01;35:*.mng=01;35:*.pcx=01;35:*.mov=01;35:*.mpg=01;35:*.mpeg=01;35:*.m2v=01;35:*.mkv=01;35:*.webm=01;35:*.webp=01;35:*.ogm=01;35:*.mp4=01;35:*.m4v=01;35:*.mp4v=01;35:*.vob=01;35:*.qt=01;35:*.nuv=01;35:*.wmv=01;35:*.asf=01;35:*.rm=01;35:*.rmvb=01;35:*.flc=01;35:*.avi=01;35:*.fli=01;35:*.flv=01;35:*.gl=01;35:*.dl=01;35:*.xcf=01;35:*.xwd=01;35:*.yuv=01;35:*.cgm=01;35:*.emf=01;35:*.ogv=01;35:*.ogx=01;35:*.aac=00;36:*.au=00;36:*.flac=00;36:*.m4a=00;36:*.mid=00;36:*.midi=00;36:*.mka=00;36:*.mp3=00;36:*.mpc=00;36:*.ogg=00;36:*.ra=00;36:*.wav=00;36:*.oga=00;36:*.opus=00;36:*.spx=00;36:*.xspf=00;36:'), ('SSH_AGENT_LAUNCHER', 'gnome-keyring'), ('SSH_AUTH_SOCK', '/run/user/1000/keyring/ssh'), ('AMENT_PREFIX_PATH', '/home/ros/arm_ws/install/arm_msgs:/opt/ros/humble'), ('SHELL', '/bin/bash'), ('LC_NAME', 'es_CO.UTF-8'), ('TERMINATOR_UUID', 'urn:uuid:1623e010-cd7e-4313-86eb-01e292c650ef'), ('QT_ACCESSIBILITY', '1'), ('GDMSESSION', 'ubuntu-xorg'), ('LESSCLOSE', '/usr/bin/lesspipe %s %s'), ('LC_MEASUREMENT', 'es_CO.UTF-8'), ('GPG_AGENT_INFO', '/run/user/1000/gnupg/S.gpg-agent:0:1'), ('GJS_DEBUG_OUTPUT', 'stderr'), ('LC_IDENTIFICATION', 'es_CO.UTF-8'), ('QT_IM_MODULE', 'ibus'), ('PWD', '/home/ros/arm_ws/build/arm_utils'), ('LC_ALL', 'en_US.UTF-8'), ('XDG_CONFIG_DIRS', '/etc/xdg/xdg-ubuntu-xorg:/etc/xdg'), ('XDG_DATA_DIRS', '/usr/share/ubuntu-xorg:/usr/share/gnome:/usr/local/share/:/usr/share/:/var/lib/snapd/desktop'), ('PYTHONPATH', '/home/ros/arm_ws/install/arm_msgs/local/lib/python3.10/dist-packages:/opt/ros/humble/lib/python3.10/site-packages:/opt/ros/humble/local/lib/python3.10/dist-packages'), ('LC_NUMERIC', 'es_CO.UTF-8'), ('LC_PAPER', 'es_CO.UTF-8'), ('COLCON', '1'), ('VTE_VERSION', '6800'), ('CMAKE_PREFIX_PATH', '/home/ros/arm_ws/install/arm_msgs:/opt/ros/humble')]), 'shell': False}
[57.309861] (-) TimerEvent: {}
[57.387220] (arm_utils) StdoutLine: {'line': b'-- Install configuration: ""\n'}
[57.388582] (arm_utils) StdoutLine: {'line': b'-- Installing: /home/ros/arm_ws/install/arm_utils/share/arm_utils/environment/pythonpath.sh\n'}
[57.393584] (arm_utils) StdoutLine: {'line': b'-- Installing: /home/ros/arm_ws/install/arm_utils/share/arm_utils/environment/pythonpath.dsv\n'}
[57.394277] (arm_utils) StdoutLine: {'line': b'-- Installing: /home/ros/arm_ws/install/arm_utils/local/lib/python3.10/dist-packages/arm_utils-0.0.0-py3.10.egg-info\n'}
[57.394600] (arm_utils) StdoutLine: {'line': b'-- Installing: /home/ros/arm_ws/install/arm_utils/local/lib/python3.10/dist-packages/arm_utils-0.0.0-py3.10.egg-info/dependency_links.txt\n'}
[57.397203] (arm_utils) StdoutLine: {'line': b'-- Installing: /home/ros/arm_ws/install/arm_utils/local/lib/python3.10/dist-packages/arm_utils-0.0.0-py3.10.egg-info/SOURCES.txt\n'}
[57.397638] (arm_utils) StdoutLine: {'line': b'-- Installing: /home/ros/arm_ws/install/arm_utils/local/lib/python3.10/dist-packages/arm_utils-0.0.0-py3.10.egg-info/PKG-INFO\n'}
[57.402176] (arm_utils) StdoutLine: {'line': b'-- Installing: /home/ros/arm_ws/install/arm_utils/local/lib/python3.10/dist-packages/arm_utils-0.0.0-py3.10.egg-info/top_level.txt\n'}
[57.404318] (arm_utils) StdoutLine: {'line': b'-- Installing: /home/ros/arm_ws/install/arm_utils/local/lib/python3.10/dist-packages/arm_utils\n'}
[57.404806] (arm_utils) StdoutLine: {'line': b'-- Installing: /home/ros/arm_ws/install/arm_utils/local/lib/python3.10/dist-packages/arm_utils/__init__.py\n'}
[57.405245] (arm_utils) StdoutLine: {'line': b'-- Installing: /home/ros/arm_ws/install/arm_utils/local/lib/python3.10/dist-packages/arm_utils/angle_conversion.py\n'}
[57.412238] (-) TimerEvent: {}
[57.513967] (-) TimerEvent: {}
[57.619010] (-) TimerEvent: {}
[57.724015] (-) TimerEvent: {}
[57.753227] (arm_utils) StdoutLine: {'line': b"Listing '/home/ros/arm_ws/install/arm_utils/local/lib/python3.10/dist-packages/arm_utils'...\n"}
[57.756458] (arm_utils) StdoutLine: {'line': b"Compiling '/home/ros/arm_ws/install/arm_utils/local/lib/python3.10/dist-packages/arm_utils/__init__.py'...\n"}
[57.757004] (arm_utils) StdoutLine: {'line': b"Compiling '/home/ros/arm_ws/install/arm_utils/local/lib/python3.10/dist-packages/arm_utils/angle_conversion.py'...\n"}
[57.818956] (arm_utils) StdoutLine: {'line': b'-- Installing: /home/ros/arm_ws/install/arm_utils/lib/arm_utils/angle_conversion\n'}
[57.821016] (arm_utils) StdoutLine: {'line': b'-- Set runtime path of "/home/ros/arm_ws/install/arm_utils/lib/arm_utils/angle_conversion" to ""\n'}
[57.822131] (arm_utils) StdoutLine: {'line': b'-- Installing: /home/ros/arm_ws/install/arm_utils/lib/arm_utils/angle_conversion.py\n'}
[57.824847] (-) TimerEvent: {}
[57.828255] (arm_utils) StdoutLine: {'line': b'-- Installing: /home/ros/arm_ws/install/arm_utils/share/ament_index/resource_index/package_run_dependencies/arm_utils\n'}
[57.833934] (arm_utils) StdoutLine: {'line': b'-- Installing: /home/ros/arm_ws/install/arm_utils/share/ament_index/resource_index/parent_prefix_path/arm_utils\n'}
[57.835581] (arm_utils) StdoutLine: {'line': b'-- Installing: /home/ros/arm_ws/install/arm_utils/share/arm_utils/environment/ament_prefix_path.sh\n'}
[57.838037] (arm_utils) StdoutLine: {'line': b'-- Installing: /home/ros/arm_ws/install/arm_utils/share/arm_utils/environment/ament_prefix_path.dsv\n'}
[57.843678] (arm_utils) StdoutLine: {'line': b'-- Installing: /home/ros/arm_ws/install/arm_utils/share/arm_utils/environment/path.sh\n'}
[57.845887] (arm_utils) StdoutLine: {'line': b'-- Installing: /home/ros/arm_ws/install/arm_utils/share/arm_utils/environment/path.dsv\n'}
[57.848926] (arm_utils) StdoutLine: {'line': b'-- Installing: /home/ros/arm_ws/install/arm_utils/share/arm_utils/local_setup.bash\n'}
[57.851786] (arm_utils) StdoutLine: {'line': b'-- Installing: /home/ros/arm_ws/install/arm_utils/share/arm_utils/local_setup.sh\n'}
[57.857144] (arm_utils) StdoutLine: {'line': b'-- Installing: /home/ros/arm_ws/install/arm_utils/share/arm_utils/local_setup.zsh\n'}
[57.857605] (arm_utils) StdoutLine: {'line': b'-- Installing: /home/ros/arm_ws/install/arm_utils/share/arm_utils/local_setup.dsv\n'}
[57.861100] (arm_utils) StdoutLine: {'line': b'-- Installing: /home/ros/arm_ws/install/arm_utils/share/arm_utils/package.dsv\n'}
[57.864895] (arm_utils) StdoutLine: {'line': b'-- Installing: /home/ros/arm_ws/install/arm_utils/share/ament_index/resource_index/packages/arm_utils\n'}
[57.868981] (arm_utils) StdoutLine: {'line': b'-- Installing: /home/ros/arm_ws/install/arm_utils/share/arm_utils/cmake/arm_utilsConfig.cmake\n'}
[57.873003] (arm_utils) StdoutLine: {'line': b'-- Installing: /home/ros/arm_ws/install/arm_utils/share/arm_utils/cmake/arm_utilsConfig-version.cmake\n'}
[57.877068] (arm_utils) StdoutLine: {'line': b'-- Installing: /home/ros/arm_ws/install/arm_utils/share/arm_utils/package.xml\n'}
[57.903867] (arm_utils) CommandEnded: {'returncode': 0}
[57.929346] (-) TimerEvent: {}
[58.031923] (-) TimerEvent: {}
[58.132537] (-) TimerEvent: {}
[58.244444] (-) TimerEvent: {}
[58.351999] (-) TimerEvent: {}
[58.459410] (-) TimerEvent: {}
[58.563851] (-) TimerEvent: {}
[58.617783] (arm_utils) JobEnded: {'identifier': 'arm_utils', 'rc': 0}
[58.666507] (-) TimerEvent: {}
[58.769804] (-) TimerEvent: {}
[58.870894] (-) TimerEvent: {}
[58.972114] (-) TimerEvent: {}
[59.074135] (-) TimerEvent: {}
[59.176608] (-) TimerEvent: {}
[59.278555] (-) TimerEvent: {}
[59.381576] (-) TimerEvent: {}
[59.484277] (-) TimerEvent: {}
[59.587294] (-) TimerEvent: {}
[59.687944] (-) TimerEvent: {}
[59.789862] (-) TimerEvent: {}
[59.890462] (-) TimerEvent: {}
[59.992210] (-) TimerEvent: {}
[60.093824] (-) TimerEvent: {}
[60.197354] (-) TimerEvent: {}
[60.299251] (-) TimerEvent: {}
[60.403354] (-) TimerEvent: {}
[60.504371] (-) TimerEvent: {}
[60.605366] (-) TimerEvent: {}
[60.706609] (-) TimerEvent: {}
[60.807278] (-) TimerEvent: {}
[60.907985] (-) TimerEvent: {}
[61.009116] (-) TimerEvent: {}
[61.109823] (-) TimerEvent: {}
[61.210950] (-) TimerEvent: {}
[61.312131] (-) TimerEvent: {}
[61.412726] (-) TimerEvent: {}
[61.514404] (-) TimerEvent: {}
[61.616509] (-) TimerEvent: {}
[61.717200] (-) TimerEvent: {}
[61.817863] (-) TimerEvent: {}
[61.918968] (-) TimerEvent: {}
[62.019601] (-) TimerEvent: {}
[62.120366] (-) TimerEvent: {}
[62.221638] (-) TimerEvent: {}
[62.323184] (-) TimerEvent: {}
[62.423909] (-) TimerEvent: {}
[62.524520] (-) TimerEvent: {}
[62.626876] (-) TimerEvent: {}
[62.728077] (-) TimerEvent: {}
[62.829467] (-) TimerEvent: {}
[62.930155] (-) TimerEvent: {}
[63.030810] (-) TimerEvent: {}
[63.131465] (-) TimerEvent: {}
[63.232178] (-) TimerEvent: {}
[63.332985] (-) TimerEvent: {}
[63.433966] (-) TimerEvent: {}
[63.534529] (-) TimerEvent: {}
[63.635821] (-) TimerEvent: {}
[63.736434] (-) TimerEvent: {}
[63.837110] (-) TimerEvent: {}
[63.937704] (-) TimerEvent: {}
[64.038443] (-) TimerEvent: {}
[64.139498] (-) TimerEvent: {}
[64.240354] (-) TimerEvent: {}
[64.342893] (-) TimerEvent: {}
[64.444846] (-) TimerEvent: {}
[64.545448] (-) TimerEvent: {}
[64.646197] (-) TimerEvent: {}
[64.747115] (-) TimerEvent: {}
[64.847930] (-) TimerEvent: {}
[64.949863] (-) TimerEvent: {}
[65.051445] (-) TimerEvent: {}
[65.152176] (-) TimerEvent: {}
[65.253591] (-) TimerEvent: {}
[65.354606] (-) TimerEvent: {}
[65.455278] (-) TimerEvent: {}
[65.555902] (-) TimerEvent: {}
[65.657231] (-) TimerEvent: {}
[65.761315] (-) TimerEvent: {}
[65.862371] (-) TimerEvent: {}
[65.963496] (-) TimerEvent: {}
[66.020580] (arm_remote) StdoutLine: {'line': b'[ 50%] \x1b[32m\x1b[1mLinking CXX shared library libtask_server.so\x1b[0m\n'}
[66.063645] (-) TimerEvent: {}
[66.164370] (-) TimerEvent: {}
[66.264924] (-) TimerEvent: {}
[66.365723] (-) TimerEvent: {}
[66.468887] (-) TimerEvent: {}
[66.570009] (-) TimerEvent: {}
[66.670933] (-) TimerEvent: {}
[66.771672] (-) TimerEvent: {}
[66.829228] (arm_remote) StdoutLine: {'line': b'[ 50%] Built target task_server\n'}
[66.871919] (-) TimerEvent: {}
[66.904530] (arm_remote) StdoutLine: {'line': b'[ 75%] \x1b[32mBuilding CXX object CMakeFiles/task_server_node.dir/rclcpp_components/node_main_task_server_node.cpp.o\x1b[0m\n'}
[66.972926] (-) TimerEvent: {}
[67.075169] (-) TimerEvent: {}
[67.176855] (-) TimerEvent: {}
[67.279097] (-) TimerEvent: {}
[67.379942] (-) TimerEvent: {}
[67.481202] (-) TimerEvent: {}
[67.582900] (-) TimerEvent: {}
[67.683817] (-) TimerEvent: {}
[67.787227] (-) TimerEvent: {}
[67.888568] (-) TimerEvent: {}
[67.990253] (-) TimerEvent: {}
[68.090919] (-) TimerEvent: {}
[68.191485] (-) TimerEvent: {}
[68.293879] (-) TimerEvent: {}
[68.395011] (-) TimerEvent: {}
[68.496923] (-) TimerEvent: {}
[68.598033] (-) TimerEvent: {}
[68.698713] (-) TimerEvent: {}
[68.799486] (-) TimerEvent: {}
[68.900226] (-) TimerEvent: {}
[69.000838] (-) TimerEvent: {}
[69.101479] (-) TimerEvent: {}
[69.202341] (-) TimerEvent: {}
[69.303199] (-) TimerEvent: {}
[69.403929] (-) TimerEvent: {}
[69.504999] (-) TimerEvent: {}
[69.605941] (-) TimerEvent: {}
[69.707118] (-) TimerEvent: {}
[69.808577] (-) TimerEvent: {}
[69.909129] (-) TimerEvent: {}
[70.010048] (-) TimerEvent: {}
[70.110969] (-) TimerEvent: {}
[70.211564] (-) TimerEvent: {}
[70.312287] (-) TimerEvent: {}
[70.413452] (-) TimerEvent: {}
[70.514287] (-) TimerEvent: {}
[70.615567] (-) TimerEvent: {}
[70.716481] (-) TimerEvent: {}
[70.817377] (-) TimerEvent: {}
[70.918660] (-) TimerEvent: {}
[71.019384] (-) TimerEvent: {}
[71.120841] (-) TimerEvent: {}
[71.222719] (-) TimerEvent: {}
[71.324869] (-) TimerEvent: {}
[71.425414] (-) TimerEvent: {}
[71.527369] (-) TimerEvent: {}
[71.630274] (-) TimerEvent: {}
[71.733137] (-) TimerEvent: {}
[71.833637] (-) TimerEvent: {}
[71.934837] (-) TimerEvent: {}
[72.038848] (-) TimerEvent: {}
[72.140389] (-) TimerEvent: {}
[72.241271] (-) TimerEvent: {}
[72.341956] (-) TimerEvent: {}
[72.443179] (-) TimerEvent: {}
[72.543892] (-) TimerEvent: {}
[72.644771] (-) TimerEvent: {}
[72.745355] (-) TimerEvent: {}
[72.846006] (-) TimerEvent: {}
[72.946861] (-) TimerEvent: {}
[73.047494] (-) TimerEvent: {}
[73.148188] (-) TimerEvent: {}
[73.249091] (-) TimerEvent: {}
[73.349659] (-) TimerEvent: {}
[73.450315] (-) TimerEvent: {}
[73.550861] (-) TimerEvent: {}
[73.651454] (-) TimerEvent: {}
[73.752182] (-) TimerEvent: {}
[73.854267] (-) TimerEvent: {}
[73.955652] (-) TimerEvent: {}
[74.057890] (-) TimerEvent: {}
[74.159125] (-) TimerEvent: {}
[74.264610] (-) TimerEvent: {}
[74.366547] (-) TimerEvent: {}
[74.468132] (-) TimerEvent: {}
[74.571281] (-) TimerEvent: {}
[74.673106] (-) TimerEvent: {}
[74.774911] (-) TimerEvent: {}
[74.877500] (-) TimerEvent: {}
[74.980572] (-) TimerEvent: {}
[75.082385] (-) TimerEvent: {}
[75.183715] (-) TimerEvent: {}
[75.284429] (-) TimerEvent: {}
[75.386209] (-) TimerEvent: {}
[75.487889] (-) TimerEvent: {}
[75.589063] (-) TimerEvent: {}
[75.691088] (-) TimerEvent: {}
[75.791953] (-) TimerEvent: {}
[75.892843] (-) TimerEvent: {}
[75.993459] (-) TimerEvent: {}
[76.094723] (-) TimerEvent: {}
[76.196150] (-) TimerEvent: {}
[76.297208] (-) TimerEvent: {}
[76.397910] (-) TimerEvent: {}
[76.499030] (-) TimerEvent: {}
[76.600477] (-) TimerEvent: {}
[76.701228] (-) TimerEvent: {}
[76.802633] (-) TimerEvent: {}
[76.903222] (-) TimerEvent: {}
[77.004724] (-) TimerEvent: {}
[77.105699] (-) TimerEvent: {}
[77.208250] (-) TimerEvent: {}
[77.310544] (-) TimerEvent: {}
[77.411865] (-) TimerEvent: {}
[77.512530] (-) TimerEvent: {}
[77.613901] (-) TimerEvent: {}
[77.714912] (-) TimerEvent: {}
[77.815617] (-) TimerEvent: {}
[77.916824] (-) TimerEvent: {}
[78.017378] (-) TimerEvent: {}
[78.117971] (-) TimerEvent: {}
[78.206790] (arm_remote) StdoutLine: {'line': b'[100%] \x1b[32m\x1b[1mLinking CXX executable task_server_node\x1b[0m\n'}
[78.218153] (-) TimerEvent: {}
[78.319526] (-) TimerEvent: {}
[78.421380] (-) TimerEvent: {}
[78.522222] (-) TimerEvent: {}
[78.622911] (-) TimerEvent: {}
[78.677098] (arm_remote) StdoutLine: {'line': b'[100%] Built target task_server_node\n'}
[78.723088] (-) TimerEvent: {}
[78.776346] (arm_remote) StdoutLine: {'line': b'[100%] Built target ament_cmake_python_copy_arm_remote\n'}
[78.823869] (-) TimerEvent: {}
[78.926423] (-) TimerEvent: {}
[79.027849] (-) TimerEvent: {}
[79.130117] (-) TimerEvent: {}
[79.231670] (-) TimerEvent: {}
[79.332946] (-) TimerEvent: {}
[79.433710] (-) TimerEvent: {}
[79.534923] (-) TimerEvent: {}
[79.635828] (-) TimerEvent: {}
[79.685252] (arm_remote) StdoutLine: {'line': b'running egg_info\n'}
[79.689456] (arm_remote) StdoutLine: {'line': b'creating arm_remote.egg-info\n'}
[79.691598] (arm_remote) StdoutLine: {'line': b'writing arm_remote.egg-info/PKG-INFO\n'}
[79.692102] (arm_remote) StdoutLine: {'line': b'writing dependency_links to arm_remote.egg-info/dependency_links.txt\n'}
[79.697259] (arm_remote) StdoutLine: {'line': b'writing top-level names to arm_remote.egg-info/top_level.txt\n'}
[79.697794] (arm_remote) StdoutLine: {'line': b"writing manifest file 'arm_remote.egg-info/SOURCES.txt'\n"}
[79.704722] (arm_remote) StdoutLine: {'line': b"reading manifest file 'arm_remote.egg-info/SOURCES.txt'\n"}
[79.712117] (arm_remote) StdoutLine: {'line': b"writing manifest file 'arm_remote.egg-info/SOURCES.txt'\n"}
[79.735994] (-) TimerEvent: {}
[79.793457] (arm_remote) StdoutLine: {'line': b'[100%] Built target ament_cmake_python_build_arm_remote_egg\n'}
[79.829110] (arm_remote) CommandEnded: {'returncode': 0}
[79.836387] (-) TimerEvent: {}
[79.938277] (-) TimerEvent: {}
[80.009499] (arm_remote) JobProgress: {'identifier': 'arm_remote', 'progress': 'install'}
[80.013400] (arm_remote) Command: {'cmd': ['/usr/bin/cmake', '--install', '/home/ros/arm_ws/build/arm_remote'], 'cwd': '/home/ros/arm_ws/build/arm_remote', 'env': OrderedDict([('GJS_DEBUG_TOPICS', 'JS ERROR;JS LOG'), ('LESSOPEN', '| /usr/bin/lesspipe %s'), ('LANGUAGE', 'en_US:'), ('USER', 'ros'), ('LC_TIME', 'es_CO.UTF-8'), ('XDG_SESSION_TYPE', 'x11'), ('SHLVL', '1'), ('LD_LIBRARY_PATH', '/home/ros/arm_ws/install/arm_msgs/lib:/usr/lib/x86_64-linux-gnu/gazebo-11/plugins:/opt/ros/humble/opt/rviz_ogre_vendor/lib:/opt/ros/humble/lib/x86_64-linux-gnu:/opt/ros/humble/lib'), ('HOME', '/home/ros'), ('OLDPWD', '/home/ros'), ('DESKTOP_SESSION', 'ubuntu-xorg'), ('GIO_LAUNCHED_DESKTOP_FILE', '/usr/share/applications/terminator.desktop'), ('ROS_PYTHON_VERSION', '3'), ('GNOME_SHELL_SESSION_MODE', 'ubuntu'), ('GTK_MODULES', 'gail:atk-bridge'), ('LC_MONETARY', 'es_CO.UTF-8'), ('MANAGERPID', '979'), ('SYSTEMD_EXEC_PID', '1347'), ('DBUS_SESSION_BUS_ADDRESS', 'unix:path=/run/user/1000/bus'), ('COLORTERM', 'truecolor'), ('TERMINATOR_DBUS_NAME', 'net.tenshu.Terminator21a9d5db22c73a993ff0b42f64b396873'), ('GIO_LAUNCHED_DESKTOP_FILE_PID', '4526'), ('ROS_DISTRO', 'humble'), ('GTK_IM_MODULE', 'ibus'), ('LOGNAME', 'ros'), ('JOURNAL_STREAM', '8:20866'), ('_', '/usr/bin/colcon'), ('ROS_VERSION', '2'), ('XDG_SESSION_CLASS', 'user'), ('USERNAME', 'ros'), ('TERM', 'xterm-256color'), ('GNOME_DESKTOP_SESSION_ID', 'this-is-deprecated'), ('ROS_LOCALHOST_ONLY', '0'), ('WINDOWPATH', '2'), ('PATH', '/opt/ros/humble/bin:/home/ros/.local/bin:/usr/local/sbin:/usr/local/bin:/usr/sbin:/usr/bin:/sbin:/bin:/usr/games:/usr/local/games:/snap/bin:/snap/bin'), ('SESSION_MANAGER', 'local/ros-virtual-machine:@/tmp/.ICE-unix/1316,unix/ros-virtual-machine:/tmp/.ICE-unix/1316'), ('INVOCATION_ID', '00487b699f7d4c798b6f2c9b5207b5fc'), ('XDG_MENU_PREFIX', 'gnome-'), ('LC_ADDRESS', 'es_CO.UTF-8'), ('XDG_RUNTIME_DIR', '/run/user/1000'), ('DISPLAY', ':0'), ('TERMINATOR_DBUS_PATH', '/net/tenshu/Terminator2'), ('LANG', 'en_US.UTF-8'), ('XDG_CURRENT_DESKTOP', 'ubuntu:GNOME'), ('IBUS_DISABLE_SNOOPER', '1'), ('LC_TELEPHONE', 'es_CO.UTF-8'), ('XMODIFIERS', '@im=ibus'), ('XDG_SESSION_DESKTOP', 'ubuntu-xorg'), ('XAUTHORITY', '/run/user/1000/gdm/Xauthority'), ('LS_COLORS', 'rs=0:di=01;34:ln=01;36:mh=00:pi=40;33:so=01;35:do=01;35:bd=40;33;01:cd=40;33;01:or=40;31;01:mi=00:su=37;41:sg=30;43:ca=30;41:tw=30;42:ow=34;42:st=37;44:ex=01;32:*.tar=01;31:*.tgz=01;31:*.arc=01;31:*.arj=01;31:*.taz=01;31:*.lha=01;31:*.lz4=01;31:*.lzh=01;31:*.lzma=01;31:*.tlz=01;31:*.txz=01;31:*.tzo=01;31:*.t7z=01;31:*.zip=01;31:*.z=01;31:*.dz=01;31:*.gz=01;31:*.lrz=01;31:*.lz=01;31:*.lzo=01;31:*.xz=01;31:*.zst=01;31:*.tzst=01;31:*.bz2=01;31:*.bz=01;31:*.tbz=01;31:*.tbz2=01;31:*.tz=01;31:*.deb=01;31:*.rpm=01;31:*.jar=01;31:*.war=01;31:*.ear=01;31:*.sar=01;31:*.rar=01;31:*.alz=01;31:*.ace=01;31:*.zoo=01;31:*.cpio=01;31:*.7z=01;31:*.rz=01;31:*.cab=01;31:*.wim=01;31:*.swm=01;31:*.dwm=01;31:*.esd=01;31:*.jpg=01;35:*.jpeg=01;35:*.mjpg=01;35:*.mjpeg=01;35:*.gif=01;35:*.bmp=01;35:*.pbm=01;35:*.pgm=01;35:*.ppm=01;35:*.tga=01;35:*.xbm=01;35:*.xpm=01;35:*.tif=01;35:*.tiff=01;35:*.png=01;35:*.svg=01;35:*.svgz=01;35:*.mng=01;35:*.pcx=01;35:*.mov=01;35:*.mpg=01;35:*.mpeg=01;35:*.m2v=01;35:*.mkv=01;35:*.webm=01;35:*.webp=01;35:*.ogm=01;35:*.mp4=01;35:*.m4v=01;35:*.mp4v=01;35:*.vob=01;35:*.qt=01;35:*.nuv=01;35:*.wmv=01;35:*.asf=01;35:*.rm=01;35:*.rmvb=01;35:*.flc=01;35:*.avi=01;35:*.fli=01;35:*.flv=01;35:*.gl=01;35:*.dl=01;35:*.xcf=01;35:*.xwd=01;35:*.yuv=01;35:*.cgm=01;35:*.emf=01;35:*.ogv=01;35:*.ogx=01;35:*.aac=00;36:*.au=00;36:*.flac=00;36:*.m4a=00;36:*.mid=00;36:*.midi=00;36:*.mka=00;36:*.mp3=00;36:*.mpc=00;36:*.ogg=00;36:*.ra=00;36:*.wav=00;36:*.oga=00;36:*.opus=00;36:*.spx=00;36:*.xspf=00;36:'), ('SSH_AGENT_LAUNCHER', 'gnome-keyring'), ('SSH_AUTH_SOCK', '/run/user/1000/keyring/ssh'), ('AMENT_PREFIX_PATH', '/home/ros/arm_ws/install/arm_msgs:/opt/ros/humble'), ('SHELL', '/bin/bash'), ('LC_NAME', 'es_CO.UTF-8'), ('TERMINATOR_UUID', 'urn:uuid:1623e010-cd7e-4313-86eb-01e292c650ef'), ('QT_ACCESSIBILITY', '1'), ('GDMSESSION', 'ubuntu-xorg'), ('LESSCLOSE', '/usr/bin/lesspipe %s %s'), ('LC_MEASUREMENT', 'es_CO.UTF-8'), ('GPG_AGENT_INFO', '/run/user/1000/gnupg/S.gpg-agent:0:1'), ('GJS_DEBUG_OUTPUT', 'stderr'), ('LC_IDENTIFICATION', 'es_CO.UTF-8'), ('QT_IM_MODULE', 'ibus'), ('PWD', '/home/ros/arm_ws/build/arm_remote'), ('LC_ALL', 'en_US.UTF-8'), ('XDG_CONFIG_DIRS', '/etc/xdg/xdg-ubuntu-xorg:/etc/xdg'), ('XDG_DATA_DIRS', '/usr/share/ubuntu-xorg:/usr/share/gnome:/usr/local/share/:/usr/share/:/var/lib/snapd/desktop'), ('PYTHONPATH', '/home/ros/arm_ws/install/arm_msgs/local/lib/python3.10/dist-packages:/opt/ros/humble/lib/python3.10/site-packages:/opt/ros/humble/local/lib/python3.10/dist-packages'), ('LC_NUMERIC', 'es_CO.UTF-8'), ('LC_PAPER', 'es_CO.UTF-8'), ('COLCON', '1'), ('VTE_VERSION', '6800'), ('CMAKE_PREFIX_PATH', '/home/ros/arm_ws/install/arm_msgs:/opt/ros/humble')]), 'shell': False}
[80.037898] (arm_remote) StdoutLine: {'line': b'-- Install configuration: ""\n'}
[80.038262] (-) TimerEvent: {}
[80.042857] (arm_remote) StdoutLine: {'line': b'-- Installing: /home/ros/arm_ws/install/arm_remote/lib/arm_remote/task_server_node\n'}
[80.047923] (arm_remote) StdoutLine: {'line': b'-- Set runtime path of "/home/ros/arm_ws/install/arm_remote/lib/arm_remote/task_server_node" to ""\n'}
[80.048363] (arm_remote) StdoutLine: {'line': b'-- Installing: /home/ros/arm_ws/install/arm_remote/share/arm_remote/environment/pythonpath.sh\n'}
[80.048620] (arm_remote) StdoutLine: {'line': b'-- Installing: /home/ros/arm_ws/install/arm_remote/share/arm_remote/environment/pythonpath.dsv\n'}
[80.050585] (arm_remote) StdoutLine: {'line': b'-- Installing: /home/ros/arm_ws/install/arm_remote/local/lib/python3.10/dist-packages/arm_remote-0.0.0-py3.10.egg-info\n'}
[80.050923] (arm_remote) StdoutLine: {'line': b'-- Installing: /home/ros/arm_ws/install/arm_remote/local/lib/python3.10/dist-packages/arm_remote-0.0.0-py3.10.egg-info/dependency_links.txt\n'}
[80.051166] (arm_remote) StdoutLine: {'line': b'-- Installing: /home/ros/arm_ws/install/arm_remote/local/lib/python3.10/dist-packages/arm_remote-0.0.0-py3.10.egg-info/SOURCES.txt\n'}
[80.051393] (arm_remote) StdoutLine: {'line': b'-- Installing: /home/ros/arm_ws/install/arm_remote/local/lib/python3.10/dist-packages/arm_remote-0.0.0-py3.10.egg-info/PKG-INFO\n'}
[80.053843] (arm_remote) StdoutLine: {'line': b'-- Installing: /home/ros/arm_ws/install/arm_remote/local/lib/python3.10/dist-packages/arm_remote-0.0.0-py3.10.egg-info/top_level.txt\n'}
[80.054168] (arm_remote) StdoutLine: {'line': b'-- Installing: /home/ros/arm_ws/install/arm_remote/local/lib/python3.10/dist-packages/arm_remote\n'}
[80.054409] (arm_remote) StdoutLine: {'line': b'-- Installing: /home/ros/arm_ws/install/arm_remote/local/lib/python3.10/dist-packages/arm_remote/alexa_interface.py\n'}
[80.054632] (arm_remote) StdoutLine: {'line': b'-- Installing: /home/ros/arm_ws/install/arm_remote/local/lib/python3.10/dist-packages/arm_remote/__init__.py\n'}
[80.139849] (-) TimerEvent: {}
[80.180461] (arm_remote) StdoutLine: {'line': b"Listing '/home/ros/arm_ws/install/arm_remote/local/lib/python3.10/dist-packages/arm_remote'...\n"}
[80.181219] (arm_remote) StdoutLine: {'line': b"Compiling '/home/ros/arm_ws/install/arm_remote/local/lib/python3.10/dist-packages/arm_remote/__init__.py'...\n"}
[80.181562] (arm_remote) StdoutLine: {'line': b"Compiling '/home/ros/arm_ws/install/arm_remote/local/lib/python3.10/dist-packages/arm_remote/alexa_interface.py'...\n"}
[80.196681] (arm_remote) StdoutLine: {'line': b'-- Installing: /home/ros/arm_ws/install/arm_remote/share/arm_remote/launch\n'}
[80.197240] (arm_remote) StdoutLine: {'line': b'-- Installing: /home/ros/arm_ws/install/arm_remote/share/arm_remote/launch/remote_interface.launch.py\n'}
[80.198647] (arm_remote) StdoutLine: {'line': b'-- Installing: /home/ros/arm_ws/install/arm_remote/lib/libtask_server.so\n'}
[80.203832] (arm_remote) StdoutLine: {'line': b'-- Set runtime path of "/home/ros/arm_ws/install/arm_remote/lib/libtask_server.so" to ""\n'}
[80.204387] (arm_remote) StdoutLine: {'line': b'-- Installing: /home/ros/arm_ws/install/arm_remote/lib/arm_remote/alexa_interface.py\n'}
[80.206088] (arm_remote) StdoutLine: {'line': b'-- Installing: /home/ros/arm_ws/install/arm_remote/share/ament_index/resource_index/package_run_dependencies/arm_remote\n'}
[80.207309] (arm_remote) StdoutLine: {'line': b'-- Installing: /home/ros/arm_ws/install/arm_remote/share/ament_index/resource_index/parent_prefix_path/arm_remote\n'}
[80.208380] (arm_remote) StdoutLine: {'line': b'-- Installing: /home/ros/arm_ws/install/arm_remote/share/arm_remote/environment/ament_prefix_path.sh\n'}
[80.208661] (arm_remote) StdoutLine: {'line': b'-- Installing: /home/ros/arm_ws/install/arm_remote/share/arm_remote/environment/ament_prefix_path.dsv\n'}
[80.208899] (arm_remote) StdoutLine: {'line': b'-- Installing: /home/ros/arm_ws/install/arm_remote/share/arm_remote/environment/path.sh\n'}
[80.209030] (arm_remote) StdoutLine: {'line': b'-- Installing: /home/ros/arm_ws/install/arm_remote/share/arm_remote/environment/path.dsv\n'}
[80.210119] (arm_remote) StdoutLine: {'line': b'-- Installing: /home/ros/arm_ws/install/arm_remote/share/arm_remote/local_setup.bash\n'}
[80.210311] (arm_remote) StdoutLine: {'line': b'-- Installing: /home/ros/arm_ws/install/arm_remote/share/arm_remote/local_setup.sh\n'}
[80.213280] (arm_remote) StdoutLine: {'line': b'-- Installing: /home/ros/arm_ws/install/arm_remote/share/arm_remote/local_setup.zsh\n'}
[80.213779] (arm_remote) StdoutLine: {'line': b'-- Installing: /home/ros/arm_ws/install/arm_remote/share/arm_remote/local_setup.dsv\n'}
[80.214296] (arm_remote) StdoutLine: {'line': b'-- Installing: /home/ros/arm_ws/install/arm_remote/share/arm_remote/package.dsv\n'}
[80.214875] (arm_remote) StdoutLine: {'line': b'-- Installing: /home/ros/arm_ws/install/arm_remote/share/ament_index/resource_index/packages/arm_remote\n'}
[80.215435] (arm_remote) StdoutLine: {'line': b'-- Installing: /home/ros/arm_ws/install/arm_remote/share/ament_index/resource_index/rclcpp_components/arm_remote\n'}
[80.217107] (arm_remote) StdoutLine: {'line': b'-- Installing: /home/ros/arm_ws/install/arm_remote/share/arm_remote/cmake/arm_remoteConfig.cmake\n'}
[80.217321] (arm_remote) StdoutLine: {'line': b'-- Installing: /home/ros/arm_ws/install/arm_remote/share/arm_remote/cmake/arm_remoteConfig-version.cmake\n'}
[80.217497] (arm_remote) StdoutLine: {'line': b'-- Installing: /home/ros/arm_ws/install/arm_remote/share/arm_remote/package.xml\n'}
[80.222140] (arm_remote) CommandEnded: {'returncode': 0}
[80.240360] (-) TimerEvent: {}
[80.343416] (-) TimerEvent: {}
[80.444550] (-) TimerEvent: {}
[80.455810] (arm_remote) JobEnded: {'identifier': 'arm_remote', 'rc': 0}
[80.459218] (-) EventReactorShutdown: {}
