[0.000000] (-) TimerEvent: {}
[0.002955] (arm_bringup) JobQueued: {'identifier': 'arm_bringup', 'dependencies': OrderedDict()}
[0.003077] (arm_controller) JobQueued: {'identifier': 'arm_controller', 'dependencies': OrderedDict()}
[0.003146] (arm_description) JobQueued: {'identifier': 'arm_description', 'dependencies': OrderedDict()}
[0.003200] (arm_firmware) JobQueued: {'identifier': 'arm_firmware', 'dependencies': OrderedDict()}
[0.003273] (arm_moveit) JobQueued: {'identifier': 'arm_moveit', 'dependencies': OrderedDict()}
[0.003358] (arm_msgs) JobQueued: {'identifier': 'arm_msgs', 'dependencies': OrderedDict()}
[0.003431] (arm_cpp_examples) JobQueued: {'identifier': 'arm_cpp_examples', 'dependencies': OrderedDict([('arm_msgs', '/home/ros/arm_ws/install/arm_msgs')])}
[0.003498] (arm_py_examples) JobQueued: {'identifier': 'arm_py_examples', 'dependencies': OrderedDict([('arm_msgs', '/home/ros/arm_ws/install/arm_msgs')])}
[0.003553] (arm_remote) JobQueued: {'identifier': 'arm_remote', 'dependencies': OrderedDict([('arm_msgs', '/home/ros/arm_ws/install/arm_msgs')])}
[0.003609] (arm_utils) JobQueued: {'identifier': 'arm_utils', 'dependencies': OrderedDict([('arm_msgs', '/home/ros/arm_ws/install/arm_msgs')])}
[0.003674] (arm_msgs) JobStarted: {'identifier': 'arm_msgs'}
[0.030436] (arm_bringup) JobStarted: {'identifier': 'arm_bringup'}
[0.091111] (arm_msgs) JobProgress: {'identifier': 'arm_msgs', 'progress': 'cmake'}
[0.096686] (arm_msgs) JobProgress: {'identifier': 'arm_msgs', 'progress': 'build'}
[0.096816] (arm_msgs) Command: {'cmd': ['/usr/bin/cmake', '--build', '/home/ros/arm_ws/build/arm_msgs', '--', '-j2', '-l2'], 'cwd': '/home/ros/arm_ws/build/arm_msgs', 'env': OrderedDict([('LESSOPEN', '| /usr/bin/lesspipe %s'), ('LANGUAGE', 'en_US:'), ('USER', 'ros'), ('LC_TIME', 'es_CO.UTF-8'), ('XDG_SESSION_TYPE', 'x11'), ('SHLVL', '1'), ('LD_LIBRARY_PATH', '/home/ros/arm_ws/install/arm_remote/lib:/home/ros/arm_ws/install/arm_cpp_examples/lib:/home/ros/arm_ws/install/arm_msgs/lib:/home/ros/arm_ws/install/arm_controller/lib:/usr/lib/x86_64-linux-gnu/gazebo-11/plugins:/opt/ros/humble/opt/rviz_ogre_vendor/lib:/opt/ros/humble/lib/x86_64-linux-gnu:/opt/ros/humble/lib'), ('HOME', '/home/ros'), ('OLDPWD', '/home/ros'), ('DESKTOP_SESSION', 'ubuntu-xorg'), ('ROS_PYTHON_VERSION', '3'), ('GNOME_SHELL_SESSION_MODE', 'ubuntu'), ('GTK_MODULES', 'gail:atk-bridge'), ('LC_MONETARY', 'es_CO.UTF-8'), ('MANAGERPID', '1022'), ('SYSTEMD_EXEC_PID', '1648'), ('DBUS_SESSION_BUS_ADDRESS', 'unix:path=/run/user/1000/bus'), ('COLORTERM', 'truecolor'), ('TERMINATOR_DBUS_NAME', 'net.tenshu.Terminator21a9d5db22c73a993ff0b42f64b396873'), ('GIO_LAUNCHED_DESKTOP_FILE_PID', '5308'), ('COLCON_PREFIX_PATH', '/home/ros/arm_ws/install'), ('ROS_DISTRO', 'humble'), ('GTK_IM_MODULE', 'ibus'), ('LOGNAME', 'ros'), ('JOURNAL_STREAM', '8:21986'), ('_', '/usr/bin/colcon'), ('ROS_VERSION', '2'), ('XDG_SESSION_CLASS', 'user'), ('USERNAME', 'ros'), ('TERM', 'xterm-256color'), ('GNOME_DESKTOP_SESSION_ID', 'this-is-deprecated'), ('ROS_LOCALHOST_ONLY', '0'), ('WINDOWPATH', '2'), ('PATH', '/opt/ros/humble/bin:/home/ros/.local/bin:/usr/local/sbin:/usr/local/bin:/usr/sbin:/usr/bin:/sbin:/bin:/usr/games:/usr/local/games:/snap/bin:/snap/bin'), ('SESSION_MANAGER', 'local/ros-virtual-machine:@/tmp/.ICE-unix/1380,unix/ros-virtual-machine:/tmp/.ICE-unix/1380'), ('INVOCATION_ID', 'edc79796a9204906952502603e82de6b'), ('XDG_MENU_PREFIX', 'gnome-'), ('LC_ADDRESS', 'es_CO.UTF-8'), ('XDG_RUNTIME_DIR', '/run/user/1000'), ('DISPLAY', ':0'), ('TERMINATOR_DBUS_PATH', '/net/tenshu/Terminator2'), ('LANG', 'en_US.UTF-8'), ('XDG_CURRENT_DESKTOP', 'ubuntu:GNOME'), ('IBUS_DISABLE_SNOOPER', '1'), ('LC_TELEPHONE', 'es_CO.UTF-8'), ('XMODIFIERS', '@im=ibus'), ('XDG_SESSION_DESKTOP', 'ubuntu-xorg'), ('XAUTHORITY', '/run/user/1000/gdm/Xauthority'), ('LS_COLORS', 'rs=0:di=01;34:ln=01;36:mh=00:pi=40;33:so=01;35:do=01;35:bd=40;33;01:cd=40;33;01:or=40;31;01:mi=00:su=37;41:sg=30;43:ca=30;41:tw=30;42:ow=34;42:st=37;44:ex=01;32:*.tar=01;31:*.tgz=01;31:*.arc=01;31:*.arj=01;31:*.taz=01;31:*.lha=01;31:*.lz4=01;31:*.lzh=01;31:*.lzma=01;31:*.tlz=01;31:*.txz=01;31:*.tzo=01;31:*.t7z=01;31:*.zip=01;31:*.z=01;31:*.dz=01;31:*.gz=01;31:*.lrz=01;31:*.lz=01;31:*.lzo=01;31:*.xz=01;31:*.zst=01;31:*.tzst=01;31:*.bz2=01;31:*.bz=01;31:*.tbz=01;31:*.tbz2=01;31:*.tz=01;31:*.deb=01;31:*.rpm=01;31:*.jar=01;31:*.war=01;31:*.ear=01;31:*.sar=01;31:*.rar=01;31:*.alz=01;31:*.ace=01;31:*.zoo=01;31:*.cpio=01;31:*.7z=01;31:*.rz=01;31:*.cab=01;31:*.wim=01;31:*.swm=01;31:*.dwm=01;31:*.esd=01;31:*.jpg=01;35:*.jpeg=01;35:*.mjpg=01;35:*.mjpeg=01;35:*.gif=01;35:*.bmp=01;35:*.pbm=01;35:*.pgm=01;35:*.ppm=01;35:*.tga=01;35:*.xbm=01;35:*.xpm=01;35:*.tif=01;35:*.tiff=01;35:*.png=01;35:*.svg=01;35:*.svgz=01;35:*.mng=01;35:*.pcx=01;35:*.mov=01;35:*.mpg=01;35:*.mpeg=01;35:*.m2v=01;35:*.mkv=01;35:*.webm=01;35:*.webp=01;35:*.ogm=01;35:*.mp4=01;35:*.m4v=01;35:*.mp4v=01;35:*.vob=01;35:*.qt=01;35:*.nuv=01;35:*.wmv=01;35:*.asf=01;35:*.rm=01;35:*.rmvb=01;35:*.flc=01;35:*.avi=01;35:*.fli=01;35:*.flv=01;35:*.gl=01;35:*.dl=01;35:*.xcf=01;35:*.xwd=01;35:*.yuv=01;35:*.cgm=01;35:*.emf=01;35:*.ogv=01;35:*.ogx=01;35:*.aac=00;36:*.au=00;36:*.flac=00;36:*.m4a=00;36:*.mid=00;36:*.midi=00;36:*.mka=00;36:*.mp3=00;36:*.mpc=00;36:*.ogg=00;36:*.ra=00;36:*.wav=00;36:*.oga=00;36:*.opus=00;36:*.spx=00;36:*.xspf=00;36:'), ('SSH_AGENT_LAUNCHER', 'gnome-keyring'), ('SSH_AUTH_SOCK', '/run/user/1000/keyring/ssh'), ('AMENT_PREFIX_PATH', '/home/ros/arm_ws/install/arm_utils:/home/ros/arm_ws/install/arm_remote:/home/ros/arm_ws/install/arm_py_examples:/home/ros/arm_ws/install/arm_cpp_examples:/home/ros/arm_ws/install/arm_msgs:/home/ros/arm_ws/install/arm_moveit:/home/ros/arm_ws/install/arm_firmware:/home/ros/arm_ws/install/arm_description:/home/ros/arm_ws/install/arm_controller:/home/ros/arm_ws/install/arm_bringup:/opt/ros/humble'), ('SHELL', '/bin/bash'), ('LC_NAME', 'es_CO.UTF-8'), ('TERMINATOR_UUID', 'urn:uuid:3dc62beb-5acd-4d96-bb8e-eacca3db12ac'), ('QT_ACCESSIBILITY', '1'), ('GDMSESSION', 'ubuntu-xorg'), ('LESSCLOSE', '/usr/bin/lesspipe %s %s'), ('LC_MEASUREMENT', 'es_CO.UTF-8'), ('GPG_AGENT_INFO', '/run/user/1000/gnupg/S.gpg-agent:0:1'), ('LC_IDENTIFICATION', 'es_CO.UTF-8'), ('QT_IM_MODULE', 'ibus'), ('PWD', '/home/ros/arm_ws/build/arm_msgs'), ('LC_ALL', 'en_US.UTF-8'), ('XDG_CONFIG_DIRS', '/etc/xdg/xdg-ubuntu-xorg:/etc/xdg'), ('XDG_DATA_DIRS', '/usr/share/ubuntu-xorg:/usr/share/gnome:/usr/local/share/:/usr/share/:/var/lib/snapd/desktop'), ('PYTHONPATH', '/home/ros/arm_ws/install/arm_utils/local/lib/python3.10/dist-packages:/home/ros/arm_ws/install/arm_remote/local/lib/python3.10/dist-packages:/home/ros/arm_ws/install/arm_py_examples/lib/python3.10/site-packages:/home/ros/arm_ws/install/arm_msgs/local/lib/python3.10/dist-packages:/home/ros/arm_ws/install/arm_firmware/local/lib/python3.10/dist-packages:/home/ros/arm_ws/install/arm_controller/local/lib/python3.10/dist-packages:/opt/ros/humble/lib/python3.10/site-packages:/opt/ros/humble/local/lib/python3.10/dist-packages'), ('LC_NUMERIC', 'es_CO.UTF-8'), ('LC_PAPER', 'es_CO.UTF-8'), ('COLCON', '1'), ('VTE_VERSION', '6800'), ('CMAKE_PREFIX_PATH', '/home/ros/arm_ws/install/arm_utils:/home/ros/arm_ws/install/arm_remote:/home/ros/arm_ws/install/arm_cpp_examples:/home/ros/arm_ws/install/arm_msgs:/home/ros/arm_ws/install/arm_moveit:/home/ros/arm_ws/install/arm_firmware:/home/ros/arm_ws/install/arm_description:/home/ros/arm_ws/install/arm_controller:/home/ros/arm_ws/install/arm_bringup:/home/ros/arm_ws/install/arm_py_examples:/opt/ros/humble')]), 'shell': False}
[0.101862] (-) TimerEvent: {}
[0.130069] (arm_bringup) JobProgress: {'identifier': 'arm_bringup', 'progress': 'cmake'}
[0.142772] (arm_bringup) JobProgress: {'identifier': 'arm_bringup', 'progress': 'build'}
[0.143224] (arm_bringup) Command: {'cmd': ['/usr/bin/cmake', '--build', '/home/ros/arm_ws/build/arm_bringup', '--', '-j2', '-l2'], 'cwd': '/home/ros/arm_ws/build/arm_bringup', 'env': OrderedDict([('LESSOPEN', '| /usr/bin/lesspipe %s'), ('LANGUAGE', 'en_US:'), ('USER', 'ros'), ('LC_TIME', 'es_CO.UTF-8'), ('XDG_SESSION_TYPE', 'x11'), ('SHLVL', '1'), ('LD_LIBRARY_PATH', '/home/ros/arm_ws/install/arm_remote/lib:/home/ros/arm_ws/install/arm_cpp_examples/lib:/home/ros/arm_ws/install/arm_msgs/lib:/home/ros/arm_ws/install/arm_controller/lib:/usr/lib/x86_64-linux-gnu/gazebo-11/plugins:/opt/ros/humble/opt/rviz_ogre_vendor/lib:/opt/ros/humble/lib/x86_64-linux-gnu:/opt/ros/humble/lib'), ('HOME', '/home/ros'), ('OLDPWD', '/home/ros'), ('DESKTOP_SESSION', 'ubuntu-xorg'), ('ROS_PYTHON_VERSION', '3'), ('GNOME_SHELL_SESSION_MODE', 'ubuntu'), ('GTK_MODULES', 'gail:atk-bridge'), ('LC_MONETARY', 'es_CO.UTF-8'), ('MANAGERPID', '1022'), ('SYSTEMD_EXEC_PID', '1648'), ('DBUS_SESSION_BUS_ADDRESS', 'unix:path=/run/user/1000/bus'), ('COLORTERM', 'truecolor'), ('TERMINATOR_DBUS_NAME', 'net.tenshu.Terminator21a9d5db22c73a993ff0b42f64b396873'), ('GIO_LAUNCHED_DESKTOP_FILE_PID', '5308'), ('COLCON_PREFIX_PATH', '/home/ros/arm_ws/install'), ('ROS_DISTRO', 'humble'), ('GTK_IM_MODULE', 'ibus'), ('LOGNAME', 'ros'), ('JOURNAL_STREAM', '8:21986'), ('_', '/usr/bin/colcon'), ('ROS_VERSION', '2'), ('XDG_SESSION_CLASS', 'user'), ('USERNAME', 'ros'), ('TERM', 'xterm-256color'), ('GNOME_DESKTOP_SESSION_ID', 'this-is-deprecated'), ('ROS_LOCALHOST_ONLY', '0'), ('WINDOWPATH', '2'), ('PATH', '/opt/ros/humble/bin:/home/ros/.local/bin:/usr/local/sbin:/usr/local/bin:/usr/sbin:/usr/bin:/sbin:/bin:/usr/games:/usr/local/games:/snap/bin:/snap/bin'), ('SESSION_MANAGER', 'local/ros-virtual-machine:@/tmp/.ICE-unix/1380,unix/ros-virtual-machine:/tmp/.ICE-unix/1380'), ('INVOCATION_ID', 'edc79796a9204906952502603e82de6b'), ('XDG_MENU_PREFIX', 'gnome-'), ('LC_ADDRESS', 'es_CO.UTF-8'), ('XDG_RUNTIME_DIR', '/run/user/1000'), ('DISPLAY', ':0'), ('TERMINATOR_DBUS_PATH', '/net/tenshu/Terminator2'), ('LANG', 'en_US.UTF-8'), ('XDG_CURRENT_DESKTOP', 'ubuntu:GNOME'), ('IBUS_DISABLE_SNOOPER', '1'), ('LC_TELEPHONE', 'es_CO.UTF-8'), ('XMODIFIERS', '@im=ibus'), ('XDG_SESSION_DESKTOP', 'ubuntu-xorg'), ('XAUTHORITY', '/run/user/1000/gdm/Xauthority'), ('LS_COLORS', 'rs=0:di=01;34:ln=01;36:mh=00:pi=40;33:so=01;35:do=01;35:bd=40;33;01:cd=40;33;01:or=40;31;01:mi=00:su=37;41:sg=30;43:ca=30;41:tw=30;42:ow=34;42:st=37;44:ex=01;32:*.tar=01;31:*.tgz=01;31:*.arc=01;31:*.arj=01;31:*.taz=01;31:*.lha=01;31:*.lz4=01;31:*.lzh=01;31:*.lzma=01;31:*.tlz=01;31:*.txz=01;31:*.tzo=01;31:*.t7z=01;31:*.zip=01;31:*.z=01;31:*.dz=01;31:*.gz=01;31:*.lrz=01;31:*.lz=01;31:*.lzo=01;31:*.xz=01;31:*.zst=01;31:*.tzst=01;31:*.bz2=01;31:*.bz=01;31:*.tbz=01;31:*.tbz2=01;31:*.tz=01;31:*.deb=01;31:*.rpm=01;31:*.jar=01;31:*.war=01;31:*.ear=01;31:*.sar=01;31:*.rar=01;31:*.alz=01;31:*.ace=01;31:*.zoo=01;31:*.cpio=01;31:*.7z=01;31:*.rz=01;31:*.cab=01;31:*.wim=01;31:*.swm=01;31:*.dwm=01;31:*.esd=01;31:*.jpg=01;35:*.jpeg=01;35:*.mjpg=01;35:*.mjpeg=01;35:*.gif=01;35:*.bmp=01;35:*.pbm=01;35:*.pgm=01;35:*.ppm=01;35:*.tga=01;35:*.xbm=01;35:*.xpm=01;35:*.tif=01;35:*.tiff=01;35:*.png=01;35:*.svg=01;35:*.svgz=01;35:*.mng=01;35:*.pcx=01;35:*.mov=01;35:*.mpg=01;35:*.mpeg=01;35:*.m2v=01;35:*.mkv=01;35:*.webm=01;35:*.webp=01;35:*.ogm=01;35:*.mp4=01;35:*.m4v=01;35:*.mp4v=01;35:*.vob=01;35:*.qt=01;35:*.nuv=01;35:*.wmv=01;35:*.asf=01;35:*.rm=01;35:*.rmvb=01;35:*.flc=01;35:*.avi=01;35:*.fli=01;35:*.flv=01;35:*.gl=01;35:*.dl=01;35:*.xcf=01;35:*.xwd=01;35:*.yuv=01;35:*.cgm=01;35:*.emf=01;35:*.ogv=01;35:*.ogx=01;35:*.aac=00;36:*.au=00;36:*.flac=00;36:*.m4a=00;36:*.mid=00;36:*.midi=00;36:*.mka=00;36:*.mp3=00;36:*.mpc=00;36:*.ogg=00;36:*.ra=00;36:*.wav=00;36:*.oga=00;36:*.opus=00;36:*.spx=00;36:*.xspf=00;36:'), ('SSH_AGENT_LAUNCHER', 'gnome-keyring'), ('SSH_AUTH_SOCK', '/run/user/1000/keyring/ssh'), ('AMENT_PREFIX_PATH', '/home/ros/arm_ws/install/arm_utils:/home/ros/arm_ws/install/arm_remote:/home/ros/arm_ws/install/arm_py_examples:/home/ros/arm_ws/install/arm_cpp_examples:/home/ros/arm_ws/install/arm_msgs:/home/ros/arm_ws/install/arm_moveit:/home/ros/arm_ws/install/arm_firmware:/home/ros/arm_ws/install/arm_description:/home/ros/arm_ws/install/arm_controller:/home/ros/arm_ws/install/arm_bringup:/opt/ros/humble'), ('SHELL', '/bin/bash'), ('LC_NAME', 'es_CO.UTF-8'), ('TERMINATOR_UUID', 'urn:uuid:3dc62beb-5acd-4d96-bb8e-eacca3db12ac'), ('QT_ACCESSIBILITY', '1'), ('GDMSESSION', 'ubuntu-xorg'), ('LESSCLOSE', '/usr/bin/lesspipe %s %s'), ('LC_MEASUREMENT', 'es_CO.UTF-8'), ('GPG_AGENT_INFO', '/run/user/1000/gnupg/S.gpg-agent:0:1'), ('LC_IDENTIFICATION', 'es_CO.UTF-8'), ('QT_IM_MODULE', 'ibus'), ('PWD', '/home/ros/arm_ws/build/arm_bringup'), ('LC_ALL', 'en_US.UTF-8'), ('XDG_CONFIG_DIRS', '/etc/xdg/xdg-ubuntu-xorg:/etc/xdg'), ('XDG_DATA_DIRS', '/usr/share/ubuntu-xorg:/usr/share/gnome:/usr/local/share/:/usr/share/:/var/lib/snapd/desktop'), ('PYTHONPATH', '/home/ros/arm_ws/install/arm_utils/local/lib/python3.10/dist-packages:/home/ros/arm_ws/install/arm_remote/local/lib/python3.10/dist-packages:/home/ros/arm_ws/install/arm_py_examples/lib/python3.10/site-packages:/home/ros/arm_ws/install/arm_msgs/local/lib/python3.10/dist-packages:/home/ros/arm_ws/install/arm_firmware/local/lib/python3.10/dist-packages:/home/ros/arm_ws/install/arm_controller/local/lib/python3.10/dist-packages:/opt/ros/humble/lib/python3.10/site-packages:/opt/ros/humble/local/lib/python3.10/dist-packages'), ('LC_NUMERIC', 'es_CO.UTF-8'), ('LC_PAPER', 'es_CO.UTF-8'), ('COLCON', '1'), ('VTE_VERSION', '6800'), ('CMAKE_PREFIX_PATH', '/home/ros/arm_ws/install/arm_utils:/home/ros/arm_ws/install/arm_remote:/home/ros/arm_ws/install/arm_cpp_examples:/home/ros/arm_ws/install/arm_msgs:/home/ros/arm_ws/install/arm_moveit:/home/ros/arm_ws/install/arm_firmware:/home/ros/arm_ws/install/arm_description:/home/ros/arm_ws/install/arm_controller:/home/ros/arm_ws/install/arm_bringup:/home/ros/arm_ws/install/arm_py_examples:/opt/ros/humble')]), 'shell': False}
[0.204499] (-) TimerEvent: {}
[0.308004] (-) TimerEvent: {}
[0.416071] (-) TimerEvent: {}
[0.518178] (-) TimerEvent: {}
[0.589858] (arm_bringup) CommandEnded: {'returncode': 0}
[0.605603] (arm_msgs) StdoutLine: {'line': b'[  1%] Built target arm_msgs__cpp\n'}
[0.618464] (-) TimerEvent: {}
[0.726300] (-) TimerEvent: {}
[0.832792] (-) TimerEvent: {}
[0.859813] (arm_msgs) StdoutLine: {'line': b'[ 12%] Built target arm_msgs__rosidl_generator_c\n'}
[0.940101] (-) TimerEvent: {}
[0.990988] (arm_bringup) JobProgress: {'identifier': 'arm_bringup', 'progress': 'install'}
[1.040265] (-) TimerEvent: {}
[1.115430] (arm_bringup) Command: {'cmd': ['/usr/bin/cmake', '--install', '/home/ros/arm_ws/build/arm_bringup'], 'cwd': '/home/ros/arm_ws/build/arm_bringup', 'env': OrderedDict([('LESSOPEN', '| /usr/bin/lesspipe %s'), ('LANGUAGE', 'en_US:'), ('USER', 'ros'), ('LC_TIME', 'es_CO.UTF-8'), ('XDG_SESSION_TYPE', 'x11'), ('SHLVL', '1'), ('LD_LIBRARY_PATH', '/home/ros/arm_ws/install/arm_remote/lib:/home/ros/arm_ws/install/arm_cpp_examples/lib:/home/ros/arm_ws/install/arm_msgs/lib:/home/ros/arm_ws/install/arm_controller/lib:/usr/lib/x86_64-linux-gnu/gazebo-11/plugins:/opt/ros/humble/opt/rviz_ogre_vendor/lib:/opt/ros/humble/lib/x86_64-linux-gnu:/opt/ros/humble/lib'), ('HOME', '/home/ros'), ('OLDPWD', '/home/ros'), ('DESKTOP_SESSION', 'ubuntu-xorg'), ('ROS_PYTHON_VERSION', '3'), ('GNOME_SHELL_SESSION_MODE', 'ubuntu'), ('GTK_MODULES', 'gail:atk-bridge'), ('LC_MONETARY', 'es_CO.UTF-8'), ('MANAGERPID', '1022'), ('SYSTEMD_EXEC_PID', '1648'), ('DBUS_SESSION_BUS_ADDRESS', 'unix:path=/run/user/1000/bus'), ('COLORTERM', 'truecolor'), ('TERMINATOR_DBUS_NAME', 'net.tenshu.Terminator21a9d5db22c73a993ff0b42f64b396873'), ('GIO_LAUNCHED_DESKTOP_FILE_PID', '5308'), ('COLCON_PREFIX_PATH', '/home/ros/arm_ws/install'), ('ROS_DISTRO', 'humble'), ('GTK_IM_MODULE', 'ibus'), ('LOGNAME', 'ros'), ('JOURNAL_STREAM', '8:21986'), ('_', '/usr/bin/colcon'), ('ROS_VERSION', '2'), ('XDG_SESSION_CLASS', 'user'), ('USERNAME', 'ros'), ('TERM', 'xterm-256color'), ('GNOME_DESKTOP_SESSION_ID', 'this-is-deprecated'), ('ROS_LOCALHOST_ONLY', '0'), ('WINDOWPATH', '2'), ('PATH', '/opt/ros/humble/bin:/home/ros/.local/bin:/usr/local/sbin:/usr/local/bin:/usr/sbin:/usr/bin:/sbin:/bin:/usr/games:/usr/local/games:/snap/bin:/snap/bin'), ('SESSION_MANAGER', 'local/ros-virtual-machine:@/tmp/.ICE-unix/1380,unix/ros-virtual-machine:/tmp/.ICE-unix/1380'), ('INVOCATION_ID', 'edc79796a9204906952502603e82de6b'), ('XDG_MENU_PREFIX', 'gnome-'), ('LC_ADDRESS', 'es_CO.UTF-8'), ('XDG_RUNTIME_DIR', '/run/user/1000'), ('DISPLAY', ':0'), ('TERMINATOR_DBUS_PATH', '/net/tenshu/Terminator2'), ('LANG', 'en_US.UTF-8'), ('XDG_CURRENT_DESKTOP', 'ubuntu:GNOME'), ('IBUS_DISABLE_SNOOPER', '1'), ('LC_TELEPHONE', 'es_CO.UTF-8'), ('XMODIFIERS', '@im=ibus'), ('XDG_SESSION_DESKTOP', 'ubuntu-xorg'), ('XAUTHORITY', '/run/user/1000/gdm/Xauthority'), ('LS_COLORS', 'rs=0:di=01;34:ln=01;36:mh=00:pi=40;33:so=01;35:do=01;35:bd=40;33;01:cd=40;33;01:or=40;31;01:mi=00:su=37;41:sg=30;43:ca=30;41:tw=30;42:ow=34;42:st=37;44:ex=01;32:*.tar=01;31:*.tgz=01;31:*.arc=01;31:*.arj=01;31:*.taz=01;31:*.lha=01;31:*.lz4=01;31:*.lzh=01;31:*.lzma=01;31:*.tlz=01;31:*.txz=01;31:*.tzo=01;31:*.t7z=01;31:*.zip=01;31:*.z=01;31:*.dz=01;31:*.gz=01;31:*.lrz=01;31:*.lz=01;31:*.lzo=01;31:*.xz=01;31:*.zst=01;31:*.tzst=01;31:*.bz2=01;31:*.bz=01;31:*.tbz=01;31:*.tbz2=01;31:*.tz=01;31:*.deb=01;31:*.rpm=01;31:*.jar=01;31:*.war=01;31:*.ear=01;31:*.sar=01;31:*.rar=01;31:*.alz=01;31:*.ace=01;31:*.zoo=01;31:*.cpio=01;31:*.7z=01;31:*.rz=01;31:*.cab=01;31:*.wim=01;31:*.swm=01;31:*.dwm=01;31:*.esd=01;31:*.jpg=01;35:*.jpeg=01;35:*.mjpg=01;35:*.mjpeg=01;35:*.gif=01;35:*.bmp=01;35:*.pbm=01;35:*.pgm=01;35:*.ppm=01;35:*.tga=01;35:*.xbm=01;35:*.xpm=01;35:*.tif=01;35:*.tiff=01;35:*.png=01;35:*.svg=01;35:*.svgz=01;35:*.mng=01;35:*.pcx=01;35:*.mov=01;35:*.mpg=01;35:*.mpeg=01;35:*.m2v=01;35:*.mkv=01;35:*.webm=01;35:*.webp=01;35:*.ogm=01;35:*.mp4=01;35:*.m4v=01;35:*.mp4v=01;35:*.vob=01;35:*.qt=01;35:*.nuv=01;35:*.wmv=01;35:*.asf=01;35:*.rm=01;35:*.rmvb=01;35:*.flc=01;35:*.avi=01;35:*.fli=01;35:*.flv=01;35:*.gl=01;35:*.dl=01;35:*.xcf=01;35:*.xwd=01;35:*.yuv=01;35:*.cgm=01;35:*.emf=01;35:*.ogv=01;35:*.ogx=01;35:*.aac=00;36:*.au=00;36:*.flac=00;36:*.m4a=00;36:*.mid=00;36:*.midi=00;36:*.mka=00;36:*.mp3=00;36:*.mpc=00;36:*.ogg=00;36:*.ra=00;36:*.wav=00;36:*.oga=00;36:*.opus=00;36:*.spx=00;36:*.xspf=00;36:'), ('SSH_AGENT_LAUNCHER', 'gnome-keyring'), ('SSH_AUTH_SOCK', '/run/user/1000/keyring/ssh'), ('AMENT_PREFIX_PATH', '/home/ros/arm_ws/install/arm_utils:/home/ros/arm_ws/install/arm_remote:/home/ros/arm_ws/install/arm_py_examples:/home/ros/arm_ws/install/arm_cpp_examples:/home/ros/arm_ws/install/arm_msgs:/home/ros/arm_ws/install/arm_moveit:/home/ros/arm_ws/install/arm_firmware:/home/ros/arm_ws/install/arm_description:/home/ros/arm_ws/install/arm_controller:/home/ros/arm_ws/install/arm_bringup:/opt/ros/humble'), ('SHELL', '/bin/bash'), ('LC_NAME', 'es_CO.UTF-8'), ('TERMINATOR_UUID', 'urn:uuid:3dc62beb-5acd-4d96-bb8e-eacca3db12ac'), ('QT_ACCESSIBILITY', '1'), ('GDMSESSION', 'ubuntu-xorg'), ('LESSCLOSE', '/usr/bin/lesspipe %s %s'), ('LC_MEASUREMENT', 'es_CO.UTF-8'), ('GPG_AGENT_INFO', '/run/user/1000/gnupg/S.gpg-agent:0:1'), ('LC_IDENTIFICATION', 'es_CO.UTF-8'), ('QT_IM_MODULE', 'ibus'), ('PWD', '/home/ros/arm_ws/build/arm_bringup'), ('LC_ALL', 'en_US.UTF-8'), ('XDG_CONFIG_DIRS', '/etc/xdg/xdg-ubuntu-xorg:/etc/xdg'), ('XDG_DATA_DIRS', '/usr/share/ubuntu-xorg:/usr/share/gnome:/usr/local/share/:/usr/share/:/var/lib/snapd/desktop'), ('PYTHONPATH', '/home/ros/arm_ws/install/arm_utils/local/lib/python3.10/dist-packages:/home/ros/arm_ws/install/arm_remote/local/lib/python3.10/dist-packages:/home/ros/arm_ws/install/arm_py_examples/lib/python3.10/site-packages:/home/ros/arm_ws/install/arm_msgs/local/lib/python3.10/dist-packages:/home/ros/arm_ws/install/arm_firmware/local/lib/python3.10/dist-packages:/home/ros/arm_ws/install/arm_controller/local/lib/python3.10/dist-packages:/opt/ros/humble/lib/python3.10/site-packages:/opt/ros/humble/local/lib/python3.10/dist-packages'), ('LC_NUMERIC', 'es_CO.UTF-8'), ('LC_PAPER', 'es_CO.UTF-8'), ('COLCON', '1'), ('VTE_VERSION', '6800'), ('CMAKE_PREFIX_PATH', '/home/ros/arm_ws/install/arm_utils:/home/ros/arm_ws/install/arm_remote:/home/ros/arm_ws/install/arm_cpp_examples:/home/ros/arm_ws/install/arm_msgs:/home/ros/arm_ws/install/arm_moveit:/home/ros/arm_ws/install/arm_firmware:/home/ros/arm_ws/install/arm_description:/home/ros/arm_ws/install/arm_controller:/home/ros/arm_ws/install/arm_bringup:/home/ros/arm_ws/install/arm_py_examples:/opt/ros/humble')]), 'shell': False}
[1.142519] (-) TimerEvent: {}
[1.209941] (arm_bringup) StdoutLine: {'line': b'-- Install configuration: ""\n'}
[1.210590] (arm_bringup) StdoutLine: {'line': b'-- Up-to-date: /home/ros/arm_ws/install/arm_bringup/share/arm_bringup/launch\n'}
[1.215516] (arm_bringup) StdoutLine: {'line': b'-- Up-to-date: /home/ros/arm_ws/install/arm_bringup/share/arm_bringup/launch/simulated_robot.launch.py\n'}
[1.216137] (arm_bringup) StdoutLine: {'line': b'-- Up-to-date: /home/ros/arm_ws/install/arm_bringup/share/arm_bringup/launch/real_robot.launch.py\n'}
[1.216324] (arm_bringup) StdoutLine: {'line': b'-- Up-to-date: /home/ros/arm_ws/install/arm_bringup/share/ament_index/resource_index/package_run_dependencies/arm_bringup\n'}
[1.216537] (arm_bringup) StdoutLine: {'line': b'-- Up-to-date: /home/ros/arm_ws/install/arm_bringup/share/ament_index/resource_index/parent_prefix_path/arm_bringup\n'}
[1.221313] (arm_bringup) StdoutLine: {'line': b'-- Up-to-date: /home/ros/arm_ws/install/arm_bringup/share/arm_bringup/environment/ament_prefix_path.sh\n'}
[1.221584] (arm_bringup) StdoutLine: {'line': b'-- Up-to-date: /home/ros/arm_ws/install/arm_bringup/share/arm_bringup/environment/ament_prefix_path.dsv\n'}
[1.222150] (arm_bringup) StdoutLine: {'line': b'-- Up-to-date: /home/ros/arm_ws/install/arm_bringup/share/arm_bringup/environment/path.sh\n'}
[1.222611] (arm_bringup) StdoutLine: {'line': b'-- Up-to-date: /home/ros/arm_ws/install/arm_bringup/share/arm_bringup/environment/path.dsv\n'}
[1.227147] (arm_bringup) StdoutLine: {'line': b'-- Up-to-date: /home/ros/arm_ws/install/arm_bringup/share/arm_bringup/local_setup.bash\n'}
[1.227429] (arm_bringup) StdoutLine: {'line': b'-- Up-to-date: /home/ros/arm_ws/install/arm_bringup/share/arm_bringup/local_setup.sh\n'}
[1.227570] (arm_bringup) StdoutLine: {'line': b'-- Up-to-date: /home/ros/arm_ws/install/arm_bringup/share/arm_bringup/local_setup.zsh\n'}
[1.232503] (arm_bringup) StdoutLine: {'line': b'-- Up-to-date: /home/ros/arm_ws/install/arm_bringup/share/arm_bringup/local_setup.dsv\n'}
[1.233709] (arm_bringup) StdoutLine: {'line': b'-- Installing: /home/ros/arm_ws/install/arm_bringup/share/arm_bringup/package.dsv\n'}
[1.234234] (arm_bringup) StdoutLine: {'line': b'-- Up-to-date: /home/ros/arm_ws/install/arm_bringup/share/ament_index/resource_index/packages/arm_bringup\n'}
[1.234614] (arm_bringup) StdoutLine: {'line': b'-- Up-to-date: /home/ros/arm_ws/install/arm_bringup/share/arm_bringup/cmake/arm_bringupConfig.cmake\n'}
[1.239403] (arm_bringup) StdoutLine: {'line': b'-- Up-to-date: /home/ros/arm_ws/install/arm_bringup/share/arm_bringup/cmake/arm_bringupConfig-version.cmake\n'}
[1.239983] (arm_bringup) StdoutLine: {'line': b'-- Up-to-date: /home/ros/arm_ws/install/arm_bringup/share/arm_bringup/package.xml\n'}
[1.247403] (arm_msgs) StdoutLine: {'line': b'[ 12%] Built target ament_cmake_python_copy_arm_msgs\n'}
[1.247703] (-) TimerEvent: {}
[1.249916] (arm_bringup) CommandEnded: {'returncode': 0}
[1.354068] (-) TimerEvent: {}
[1.457049] (-) TimerEvent: {}
[1.545408] (arm_msgs) StdoutLine: {'line': b'[ 23%] Built target arm_msgs__rosidl_typesupport_cpp\n'}
[1.557409] (-) TimerEvent: {}
[1.663013] (-) TimerEvent: {}
[1.771855] (-) TimerEvent: {}
[1.804432] (arm_msgs) StdoutLine: {'line': b'[ 34%] Built target arm_msgs__rosidl_typesupport_fastrtps_c\n'}
[1.875296] (-) TimerEvent: {}
[1.888135] (arm_bringup) JobEnded: {'identifier': 'arm_bringup', 'rc': 0}
[1.898979] (arm_controller) JobStarted: {'identifier': 'arm_controller'}
[1.969513] (arm_controller) JobProgress: {'identifier': 'arm_controller', 'progress': 'cmake'}
[1.976912] (arm_controller) JobProgress: {'identifier': 'arm_controller', 'progress': 'build'}
[1.977119] (-) TimerEvent: {}
[1.977608] (arm_controller) Command: {'cmd': ['/usr/bin/cmake', '--build', '/home/ros/arm_ws/build/arm_controller', '--', '-j2', '-l2'], 'cwd': '/home/ros/arm_ws/build/arm_controller', 'env': OrderedDict([('LESSOPEN', '| /usr/bin/lesspipe %s'), ('LANGUAGE', 'en_US:'), ('USER', 'ros'), ('LC_TIME', 'es_CO.UTF-8'), ('XDG_SESSION_TYPE', 'x11'), ('SHLVL', '1'), ('LD_LIBRARY_PATH', '/home/ros/arm_ws/install/arm_remote/lib:/home/ros/arm_ws/install/arm_cpp_examples/lib:/home/ros/arm_ws/install/arm_msgs/lib:/home/ros/arm_ws/install/arm_controller/lib:/usr/lib/x86_64-linux-gnu/gazebo-11/plugins:/opt/ros/humble/opt/rviz_ogre_vendor/lib:/opt/ros/humble/lib/x86_64-linux-gnu:/opt/ros/humble/lib'), ('HOME', '/home/ros'), ('OLDPWD', '/home/ros'), ('DESKTOP_SESSION', 'ubuntu-xorg'), ('ROS_PYTHON_VERSION', '3'), ('GNOME_SHELL_SESSION_MODE', 'ubuntu'), ('GTK_MODULES', 'gail:atk-bridge'), ('LC_MONETARY', 'es_CO.UTF-8'), ('MANAGERPID', '1022'), ('SYSTEMD_EXEC_PID', '1648'), ('DBUS_SESSION_BUS_ADDRESS', 'unix:path=/run/user/1000/bus'), ('COLORTERM', 'truecolor'), ('TERMINATOR_DBUS_NAME', 'net.tenshu.Terminator21a9d5db22c73a993ff0b42f64b396873'), ('GIO_LAUNCHED_DESKTOP_FILE_PID', '5308'), ('COLCON_PREFIX_PATH', '/home/ros/arm_ws/install'), ('ROS_DISTRO', 'humble'), ('GTK_IM_MODULE', 'ibus'), ('LOGNAME', 'ros'), ('JOURNAL_STREAM', '8:21986'), ('_', '/usr/bin/colcon'), ('ROS_VERSION', '2'), ('XDG_SESSION_CLASS', 'user'), ('USERNAME', 'ros'), ('TERM', 'xterm-256color'), ('GNOME_DESKTOP_SESSION_ID', 'this-is-deprecated'), ('ROS_LOCALHOST_ONLY', '0'), ('WINDOWPATH', '2'), ('PATH', '/opt/ros/humble/bin:/home/ros/.local/bin:/usr/local/sbin:/usr/local/bin:/usr/sbin:/usr/bin:/sbin:/bin:/usr/games:/usr/local/games:/snap/bin:/snap/bin'), ('SESSION_MANAGER', 'local/ros-virtual-machine:@/tmp/.ICE-unix/1380,unix/ros-virtual-machine:/tmp/.ICE-unix/1380'), ('INVOCATION_ID', 'edc79796a9204906952502603e82de6b'), ('XDG_MENU_PREFIX', 'gnome-'), ('LC_ADDRESS', 'es_CO.UTF-8'), ('XDG_RUNTIME_DIR', '/run/user/1000'), ('DISPLAY', ':0'), ('TERMINATOR_DBUS_PATH', '/net/tenshu/Terminator2'), ('LANG', 'en_US.UTF-8'), ('XDG_CURRENT_DESKTOP', 'ubuntu:GNOME'), ('IBUS_DISABLE_SNOOPER', '1'), ('LC_TELEPHONE', 'es_CO.UTF-8'), ('XMODIFIERS', '@im=ibus'), ('XDG_SESSION_DESKTOP', 'ubuntu-xorg'), ('XAUTHORITY', '/run/user/1000/gdm/Xauthority'), ('LS_COLORS', 'rs=0:di=01;34:ln=01;36:mh=00:pi=40;33:so=01;35:do=01;35:bd=40;33;01:cd=40;33;01:or=40;31;01:mi=00:su=37;41:sg=30;43:ca=30;41:tw=30;42:ow=34;42:st=37;44:ex=01;32:*.tar=01;31:*.tgz=01;31:*.arc=01;31:*.arj=01;31:*.taz=01;31:*.lha=01;31:*.lz4=01;31:*.lzh=01;31:*.lzma=01;31:*.tlz=01;31:*.txz=01;31:*.tzo=01;31:*.t7z=01;31:*.zip=01;31:*.z=01;31:*.dz=01;31:*.gz=01;31:*.lrz=01;31:*.lz=01;31:*.lzo=01;31:*.xz=01;31:*.zst=01;31:*.tzst=01;31:*.bz2=01;31:*.bz=01;31:*.tbz=01;31:*.tbz2=01;31:*.tz=01;31:*.deb=01;31:*.rpm=01;31:*.jar=01;31:*.war=01;31:*.ear=01;31:*.sar=01;31:*.rar=01;31:*.alz=01;31:*.ace=01;31:*.zoo=01;31:*.cpio=01;31:*.7z=01;31:*.rz=01;31:*.cab=01;31:*.wim=01;31:*.swm=01;31:*.dwm=01;31:*.esd=01;31:*.jpg=01;35:*.jpeg=01;35:*.mjpg=01;35:*.mjpeg=01;35:*.gif=01;35:*.bmp=01;35:*.pbm=01;35:*.pgm=01;35:*.ppm=01;35:*.tga=01;35:*.xbm=01;35:*.xpm=01;35:*.tif=01;35:*.tiff=01;35:*.png=01;35:*.svg=01;35:*.svgz=01;35:*.mng=01;35:*.pcx=01;35:*.mov=01;35:*.mpg=01;35:*.mpeg=01;35:*.m2v=01;35:*.mkv=01;35:*.webm=01;35:*.webp=01;35:*.ogm=01;35:*.mp4=01;35:*.m4v=01;35:*.mp4v=01;35:*.vob=01;35:*.qt=01;35:*.nuv=01;35:*.wmv=01;35:*.asf=01;35:*.rm=01;35:*.rmvb=01;35:*.flc=01;35:*.avi=01;35:*.fli=01;35:*.flv=01;35:*.gl=01;35:*.dl=01;35:*.xcf=01;35:*.xwd=01;35:*.yuv=01;35:*.cgm=01;35:*.emf=01;35:*.ogv=01;35:*.ogx=01;35:*.aac=00;36:*.au=00;36:*.flac=00;36:*.m4a=00;36:*.mid=00;36:*.midi=00;36:*.mka=00;36:*.mp3=00;36:*.mpc=00;36:*.ogg=00;36:*.ra=00;36:*.wav=00;36:*.oga=00;36:*.opus=00;36:*.spx=00;36:*.xspf=00;36:'), ('SSH_AGENT_LAUNCHER', 'gnome-keyring'), ('SSH_AUTH_SOCK', '/run/user/1000/keyring/ssh'), ('AMENT_PREFIX_PATH', '/home/ros/arm_ws/install/arm_utils:/home/ros/arm_ws/install/arm_remote:/home/ros/arm_ws/install/arm_py_examples:/home/ros/arm_ws/install/arm_cpp_examples:/home/ros/arm_ws/install/arm_msgs:/home/ros/arm_ws/install/arm_moveit:/home/ros/arm_ws/install/arm_firmware:/home/ros/arm_ws/install/arm_description:/home/ros/arm_ws/install/arm_controller:/home/ros/arm_ws/install/arm_bringup:/opt/ros/humble'), ('SHELL', '/bin/bash'), ('LC_NAME', 'es_CO.UTF-8'), ('TERMINATOR_UUID', 'urn:uuid:3dc62beb-5acd-4d96-bb8e-eacca3db12ac'), ('QT_ACCESSIBILITY', '1'), ('GDMSESSION', 'ubuntu-xorg'), ('LESSCLOSE', '/usr/bin/lesspipe %s %s'), ('LC_MEASUREMENT', 'es_CO.UTF-8'), ('GPG_AGENT_INFO', '/run/user/1000/gnupg/S.gpg-agent:0:1'), ('LC_IDENTIFICATION', 'es_CO.UTF-8'), ('QT_IM_MODULE', 'ibus'), ('PWD', '/home/ros/arm_ws/build/arm_controller'), ('LC_ALL', 'en_US.UTF-8'), ('XDG_CONFIG_DIRS', '/etc/xdg/xdg-ubuntu-xorg:/etc/xdg'), ('XDG_DATA_DIRS', '/usr/share/ubuntu-xorg:/usr/share/gnome:/usr/local/share/:/usr/share/:/var/lib/snapd/desktop'), ('PYTHONPATH', '/home/ros/arm_ws/install/arm_utils/local/lib/python3.10/dist-packages:/home/ros/arm_ws/install/arm_remote/local/lib/python3.10/dist-packages:/home/ros/arm_ws/install/arm_py_examples/lib/python3.10/site-packages:/home/ros/arm_ws/install/arm_msgs/local/lib/python3.10/dist-packages:/home/ros/arm_ws/install/arm_firmware/local/lib/python3.10/dist-packages:/home/ros/arm_ws/install/arm_controller/local/lib/python3.10/dist-packages:/opt/ros/humble/lib/python3.10/site-packages:/opt/ros/humble/local/lib/python3.10/dist-packages'), ('LC_NUMERIC', 'es_CO.UTF-8'), ('LC_PAPER', 'es_CO.UTF-8'), ('COLCON', '1'), ('VTE_VERSION', '6800'), ('CMAKE_PREFIX_PATH', '/home/ros/arm_ws/install/arm_utils:/home/ros/arm_ws/install/arm_remote:/home/ros/arm_ws/install/arm_cpp_examples:/home/ros/arm_ws/install/arm_msgs:/home/ros/arm_ws/install/arm_moveit:/home/ros/arm_ws/install/arm_firmware:/home/ros/arm_ws/install/arm_description:/home/ros/arm_ws/install/arm_controller:/home/ros/arm_ws/install/arm_bringup:/home/ros/arm_ws/install/arm_py_examples:/opt/ros/humble')]), 'shell': False}
[2.078867] (-) TimerEvent: {}
[2.105153] (arm_msgs) StdoutLine: {'line': b'[ 46%] Built target arm_msgs__rosidl_typesupport_fastrtps_cpp\n'}
[2.179687] (-) TimerEvent: {}
[2.282097] (-) TimerEvent: {}
[2.383894] (-) TimerEvent: {}
[2.490875] (-) TimerEvent: {}
[2.517697] (arm_msgs) StdoutLine: {'line': b'[ 57%] Built target arm_msgs__rosidl_typesupport_introspection_c\n'}
[2.592900] (-) TimerEvent: {}
[2.662851] (arm_controller) StdoutLine: {'line': b'[ 50%] Built target slider_control\n'}
[2.693844] (-) TimerEvent: {}
[2.798612] (arm_msgs) StdoutLine: {'line': b'[ 68%] Built target arm_msgs__rosidl_typesupport_c\n'}
[2.799264] (-) TimerEvent: {}
[2.899743] (-) TimerEvent: {}
[3.006928] (-) TimerEvent: {}
[3.009376] (arm_controller) StdoutLine: {'line': b'[100%] Built target arm_controller\n'}
[3.046654] (arm_msgs) StdoutLine: {'line': b'[ 79%] Built target arm_msgs__rosidl_typesupport_introspection_cpp\n'}
[3.108963] (-) TimerEvent: {}
[3.212898] (-) TimerEvent: {}
[3.318843] (-) TimerEvent: {}
[3.402855] (arm_controller) StdoutLine: {'line': b'[100%] Built target ament_cmake_python_copy_arm_controller\n'}
[3.421863] (-) TimerEvent: {}
[3.522383] (-) TimerEvent: {}
[3.623116] (-) TimerEvent: {}
[3.735708] (-) TimerEvent: {}
[3.837395] (-) TimerEvent: {}
[3.937833] (-) TimerEvent: {}
[4.044491] (-) TimerEvent: {}
[4.150669] (-) TimerEvent: {}
[4.253395] (-) TimerEvent: {}
[4.357852] (-) TimerEvent: {}
[4.462254] (-) TimerEvent: {}
[4.564865] (-) TimerEvent: {}
[4.669176] (-) TimerEvent: {}
[4.773011] (-) TimerEvent: {}
[4.878377] (-) TimerEvent: {}
[4.979212] (-) TimerEvent: {}
[5.082700] (-) TimerEvent: {}
[5.187589] (-) TimerEvent: {}
[5.291057] (-) TimerEvent: {}
[5.393445] (-) TimerEvent: {}
[5.498304] (-) TimerEvent: {}
[5.602123] (-) TimerEvent: {}
[5.708846] (-) TimerEvent: {}
[5.809840] (-) TimerEvent: {}
[5.913614] (-) TimerEvent: {}
[6.023264] (-) TimerEvent: {}
[6.129426] (-) TimerEvent: {}
[6.234222] (-) TimerEvent: {}
[6.317209] (arm_msgs) StdoutLine: {'line': b'running egg_info\n'}
[6.326487] (arm_msgs) StdoutLine: {'line': b'writing arm_msgs.egg-info/PKG-INFO\n'}
[6.331896] (arm_msgs) StdoutLine: {'line': b'writing dependency_links to arm_msgs.egg-info/dependency_links.txt\n'}
[6.332357] (arm_msgs) StdoutLine: {'line': b'writing top-level names to arm_msgs.egg-info/top_level.txt\n'}
[6.336217] (-) TimerEvent: {}
[6.354187] (arm_msgs) StdoutLine: {'line': b"reading manifest file 'arm_msgs.egg-info/SOURCES.txt'\n"}
[6.361221] (arm_msgs) StdoutLine: {'line': b"writing manifest file 'arm_msgs.egg-info/SOURCES.txt'\n"}
[6.437851] (-) TimerEvent: {}
[6.542483] (-) TimerEvent: {}
[6.659654] (arm_msgs) StdoutLine: {'line': b'[ 79%] Built target ament_cmake_python_build_arm_msgs_egg\n'}
[6.668360] (-) TimerEvent: {}
[6.737594] (arm_controller) StdoutLine: {'line': b'running egg_info\n'}
[6.757866] (arm_controller) StdoutLine: {'line': b'writing arm_controller.egg-info/PKG-INFO\n'}
[6.764909] (arm_controller) StdoutLine: {'line': b'writing dependency_links to arm_controller.egg-info/dependency_links.txt\n'}
[6.765297] (arm_controller) StdoutLine: {'line': b'writing top-level names to arm_controller.egg-info/top_level.txt\n'}
[6.768879] (-) TimerEvent: {}
[6.785060] (arm_controller) StdoutLine: {'line': b"reading manifest file 'arm_controller.egg-info/SOURCES.txt'\n"}
[6.794891] (arm_controller) StdoutLine: {'line': b"writing manifest file 'arm_controller.egg-info/SOURCES.txt'\n"}
[6.869400] (-) TimerEvent: {}
[6.928221] (arm_msgs) StdoutLine: {'line': b'[ 79%] Built target arm_msgs\n'}
[6.969928] (-) TimerEvent: {}
[7.071677] (-) TimerEvent: {}
[7.169921] (arm_controller) StdoutLine: {'line': b'[100%] Built target ament_cmake_python_build_arm_controller_egg\n'}
[7.171823] (-) TimerEvent: {}
[7.225188] (arm_msgs) StdoutLine: {'line': b'[ 80%] Built target arm_msgs__py\n'}
[7.274852] (-) TimerEvent: {}
[7.300797] (arm_controller) CommandEnded: {'returncode': 0}
[7.383835] (-) TimerEvent: {}
[7.443195] (arm_msgs) StdoutLine: {'line': b'[ 90%] Built target arm_msgs__rosidl_generator_py\n'}
[7.484929] (-) TimerEvent: {}
[7.588142] (-) TimerEvent: {}
[7.674971] (arm_msgs) StdoutLine: {'line': b'[ 93%] Built target arm_msgs__rosidl_typesupport_fastrtps_c__pyext\n'}
[7.691824] (-) TimerEvent: {}
[7.797241] (-) TimerEvent: {}
[7.813568] (arm_controller) JobProgress: {'identifier': 'arm_controller', 'progress': 'install'}
[7.816825] (arm_controller) Command: {'cmd': ['/usr/bin/cmake', '--install', '/home/ros/arm_ws/build/arm_controller'], 'cwd': '/home/ros/arm_ws/build/arm_controller', 'env': OrderedDict([('LESSOPEN', '| /usr/bin/lesspipe %s'), ('LANGUAGE', 'en_US:'), ('USER', 'ros'), ('LC_TIME', 'es_CO.UTF-8'), ('XDG_SESSION_TYPE', 'x11'), ('SHLVL', '1'), ('LD_LIBRARY_PATH', '/home/ros/arm_ws/install/arm_remote/lib:/home/ros/arm_ws/install/arm_cpp_examples/lib:/home/ros/arm_ws/install/arm_msgs/lib:/home/ros/arm_ws/install/arm_controller/lib:/usr/lib/x86_64-linux-gnu/gazebo-11/plugins:/opt/ros/humble/opt/rviz_ogre_vendor/lib:/opt/ros/humble/lib/x86_64-linux-gnu:/opt/ros/humble/lib'), ('HOME', '/home/ros'), ('OLDPWD', '/home/ros'), ('DESKTOP_SESSION', 'ubuntu-xorg'), ('ROS_PYTHON_VERSION', '3'), ('GNOME_SHELL_SESSION_MODE', 'ubuntu'), ('GTK_MODULES', 'gail:atk-bridge'), ('LC_MONETARY', 'es_CO.UTF-8'), ('MANAGERPID', '1022'), ('SYSTEMD_EXEC_PID', '1648'), ('DBUS_SESSION_BUS_ADDRESS', 'unix:path=/run/user/1000/bus'), ('COLORTERM', 'truecolor'), ('TERMINATOR_DBUS_NAME', 'net.tenshu.Terminator21a9d5db22c73a993ff0b42f64b396873'), ('GIO_LAUNCHED_DESKTOP_FILE_PID', '5308'), ('COLCON_PREFIX_PATH', '/home/ros/arm_ws/install'), ('ROS_DISTRO', 'humble'), ('GTK_IM_MODULE', 'ibus'), ('LOGNAME', 'ros'), ('JOURNAL_STREAM', '8:21986'), ('_', '/usr/bin/colcon'), ('ROS_VERSION', '2'), ('XDG_SESSION_CLASS', 'user'), ('USERNAME', 'ros'), ('TERM', 'xterm-256color'), ('GNOME_DESKTOP_SESSION_ID', 'this-is-deprecated'), ('ROS_LOCALHOST_ONLY', '0'), ('WINDOWPATH', '2'), ('PATH', '/opt/ros/humble/bin:/home/ros/.local/bin:/usr/local/sbin:/usr/local/bin:/usr/sbin:/usr/bin:/sbin:/bin:/usr/games:/usr/local/games:/snap/bin:/snap/bin'), ('SESSION_MANAGER', 'local/ros-virtual-machine:@/tmp/.ICE-unix/1380,unix/ros-virtual-machine:/tmp/.ICE-unix/1380'), ('INVOCATION_ID', 'edc79796a9204906952502603e82de6b'), ('XDG_MENU_PREFIX', 'gnome-'), ('LC_ADDRESS', 'es_CO.UTF-8'), ('XDG_RUNTIME_DIR', '/run/user/1000'), ('DISPLAY', ':0'), ('TERMINATOR_DBUS_PATH', '/net/tenshu/Terminator2'), ('LANG', 'en_US.UTF-8'), ('XDG_CURRENT_DESKTOP', 'ubuntu:GNOME'), ('IBUS_DISABLE_SNOOPER', '1'), ('LC_TELEPHONE', 'es_CO.UTF-8'), ('XMODIFIERS', '@im=ibus'), ('XDG_SESSION_DESKTOP', 'ubuntu-xorg'), ('XAUTHORITY', '/run/user/1000/gdm/Xauthority'), ('LS_COLORS', 'rs=0:di=01;34:ln=01;36:mh=00:pi=40;33:so=01;35:do=01;35:bd=40;33;01:cd=40;33;01:or=40;31;01:mi=00:su=37;41:sg=30;43:ca=30;41:tw=30;42:ow=34;42:st=37;44:ex=01;32:*.tar=01;31:*.tgz=01;31:*.arc=01;31:*.arj=01;31:*.taz=01;31:*.lha=01;31:*.lz4=01;31:*.lzh=01;31:*.lzma=01;31:*.tlz=01;31:*.txz=01;31:*.tzo=01;31:*.t7z=01;31:*.zip=01;31:*.z=01;31:*.dz=01;31:*.gz=01;31:*.lrz=01;31:*.lz=01;31:*.lzo=01;31:*.xz=01;31:*.zst=01;31:*.tzst=01;31:*.bz2=01;31:*.bz=01;31:*.tbz=01;31:*.tbz2=01;31:*.tz=01;31:*.deb=01;31:*.rpm=01;31:*.jar=01;31:*.war=01;31:*.ear=01;31:*.sar=01;31:*.rar=01;31:*.alz=01;31:*.ace=01;31:*.zoo=01;31:*.cpio=01;31:*.7z=01;31:*.rz=01;31:*.cab=01;31:*.wim=01;31:*.swm=01;31:*.dwm=01;31:*.esd=01;31:*.jpg=01;35:*.jpeg=01;35:*.mjpg=01;35:*.mjpeg=01;35:*.gif=01;35:*.bmp=01;35:*.pbm=01;35:*.pgm=01;35:*.ppm=01;35:*.tga=01;35:*.xbm=01;35:*.xpm=01;35:*.tif=01;35:*.tiff=01;35:*.png=01;35:*.svg=01;35:*.svgz=01;35:*.mng=01;35:*.pcx=01;35:*.mov=01;35:*.mpg=01;35:*.mpeg=01;35:*.m2v=01;35:*.mkv=01;35:*.webm=01;35:*.webp=01;35:*.ogm=01;35:*.mp4=01;35:*.m4v=01;35:*.mp4v=01;35:*.vob=01;35:*.qt=01;35:*.nuv=01;35:*.wmv=01;35:*.asf=01;35:*.rm=01;35:*.rmvb=01;35:*.flc=01;35:*.avi=01;35:*.fli=01;35:*.flv=01;35:*.gl=01;35:*.dl=01;35:*.xcf=01;35:*.xwd=01;35:*.yuv=01;35:*.cgm=01;35:*.emf=01;35:*.ogv=01;35:*.ogx=01;35:*.aac=00;36:*.au=00;36:*.flac=00;36:*.m4a=00;36:*.mid=00;36:*.midi=00;36:*.mka=00;36:*.mp3=00;36:*.mpc=00;36:*.ogg=00;36:*.ra=00;36:*.wav=00;36:*.oga=00;36:*.opus=00;36:*.spx=00;36:*.xspf=00;36:'), ('SSH_AGENT_LAUNCHER', 'gnome-keyring'), ('SSH_AUTH_SOCK', '/run/user/1000/keyring/ssh'), ('AMENT_PREFIX_PATH', '/home/ros/arm_ws/install/arm_utils:/home/ros/arm_ws/install/arm_remote:/home/ros/arm_ws/install/arm_py_examples:/home/ros/arm_ws/install/arm_cpp_examples:/home/ros/arm_ws/install/arm_msgs:/home/ros/arm_ws/install/arm_moveit:/home/ros/arm_ws/install/arm_firmware:/home/ros/arm_ws/install/arm_description:/home/ros/arm_ws/install/arm_controller:/home/ros/arm_ws/install/arm_bringup:/opt/ros/humble'), ('SHELL', '/bin/bash'), ('LC_NAME', 'es_CO.UTF-8'), ('TERMINATOR_UUID', 'urn:uuid:3dc62beb-5acd-4d96-bb8e-eacca3db12ac'), ('QT_ACCESSIBILITY', '1'), ('GDMSESSION', 'ubuntu-xorg'), ('LESSCLOSE', '/usr/bin/lesspipe %s %s'), ('LC_MEASUREMENT', 'es_CO.UTF-8'), ('GPG_AGENT_INFO', '/run/user/1000/gnupg/S.gpg-agent:0:1'), ('LC_IDENTIFICATION', 'es_CO.UTF-8'), ('QT_IM_MODULE', 'ibus'), ('PWD', '/home/ros/arm_ws/build/arm_controller'), ('LC_ALL', 'en_US.UTF-8'), ('XDG_CONFIG_DIRS', '/etc/xdg/xdg-ubuntu-xorg:/etc/xdg'), ('XDG_DATA_DIRS', '/usr/share/ubuntu-xorg:/usr/share/gnome:/usr/local/share/:/usr/share/:/var/lib/snapd/desktop'), ('PYTHONPATH', '/home/ros/arm_ws/install/arm_utils/local/lib/python3.10/dist-packages:/home/ros/arm_ws/install/arm_remote/local/lib/python3.10/dist-packages:/home/ros/arm_ws/install/arm_py_examples/lib/python3.10/site-packages:/home/ros/arm_ws/install/arm_msgs/local/lib/python3.10/dist-packages:/home/ros/arm_ws/install/arm_firmware/local/lib/python3.10/dist-packages:/home/ros/arm_ws/install/arm_controller/local/lib/python3.10/dist-packages:/opt/ros/humble/lib/python3.10/site-packages:/opt/ros/humble/local/lib/python3.10/dist-packages'), ('LC_NUMERIC', 'es_CO.UTF-8'), ('LC_PAPER', 'es_CO.UTF-8'), ('COLCON', '1'), ('VTE_VERSION', '6800'), ('CMAKE_PREFIX_PATH', '/home/ros/arm_ws/install/arm_utils:/home/ros/arm_ws/install/arm_remote:/home/ros/arm_ws/install/arm_cpp_examples:/home/ros/arm_ws/install/arm_msgs:/home/ros/arm_ws/install/arm_moveit:/home/ros/arm_ws/install/arm_firmware:/home/ros/arm_ws/install/arm_description:/home/ros/arm_ws/install/arm_controller:/home/ros/arm_ws/install/arm_bringup:/home/ros/arm_ws/install/arm_py_examples:/opt/ros/humble')]), 'shell': False}
[7.890822] (arm_msgs) StdoutLine: {'line': b'[ 96%] Built target arm_msgs__rosidl_typesupport_introspection_c__pyext\n'}
[7.897691] (-) TimerEvent: {}
[7.948028] (arm_controller) StdoutLine: {'line': b'-- Install configuration: ""\n'}
[7.948427] (arm_controller) StdoutLine: {'line': b'-- Up-to-date: /home/ros/arm_ws/install/arm_controller/share/arm_controller/arm_controller.xml\n'}
[7.951243] (arm_controller) StdoutLine: {'line': b'-- Up-to-date: /home/ros/arm_ws/install/arm_controller/share/arm_controller/environment/pythonpath.sh\n'}
[7.952081] (arm_controller) StdoutLine: {'line': b'-- Up-to-date: /home/ros/arm_ws/install/arm_controller/share/arm_controller/environment/pythonpath.dsv\n'}
[7.952224] (arm_controller) StdoutLine: {'line': b'-- Up-to-date: /home/ros/arm_ws/install/arm_controller/local/lib/python3.10/dist-packages/arm_controller-0.0.0-py3.10.egg-info\n'}
[7.955325] (arm_controller) StdoutLine: {'line': b'-- Installing: /home/ros/arm_ws/install/arm_controller/local/lib/python3.10/dist-packages/arm_controller-0.0.0-py3.10.egg-info/dependency_links.txt\n'}
[7.955593] (arm_controller) StdoutLine: {'line': b'-- Installing: /home/ros/arm_ws/install/arm_controller/local/lib/python3.10/dist-packages/arm_controller-0.0.0-py3.10.egg-info/SOURCES.txt\n'}
[7.958081] (arm_controller) StdoutLine: {'line': b'-- Installing: /home/ros/arm_ws/install/arm_controller/local/lib/python3.10/dist-packages/arm_controller-0.0.0-py3.10.egg-info/PKG-INFO\n'}
[7.963135] (arm_controller) StdoutLine: {'line': b'-- Installing: /home/ros/arm_ws/install/arm_controller/local/lib/python3.10/dist-packages/arm_controller-0.0.0-py3.10.egg-info/top_level.txt\n'}
[7.963669] (arm_controller) StdoutLine: {'line': b'-- Up-to-date: /home/ros/arm_ws/install/arm_controller/local/lib/python3.10/dist-packages/arm_controller\n'}
[7.964013] (arm_controller) StdoutLine: {'line': b'-- Up-to-date: /home/ros/arm_ws/install/arm_controller/local/lib/python3.10/dist-packages/arm_controller/slider_control.py\n'}
[7.964517] (arm_controller) StdoutLine: {'line': b'-- Up-to-date: /home/ros/arm_ws/install/arm_controller/local/lib/python3.10/dist-packages/arm_controller/__init__.py\n'}
[7.998577] (-) TimerEvent: {}
[8.105156] (-) TimerEvent: {}
[8.157113] (arm_msgs) StdoutLine: {'line': b'[100%] Built target arm_msgs__rosidl_typesupport_c__pyext\n'}
[8.205674] (-) TimerEvent: {}
[8.286615] (arm_msgs) CommandEnded: {'returncode': 0}
[8.311263] (-) TimerEvent: {}
[8.311533] (arm_controller) StdoutLine: {'line': b"Listing '/home/ros/arm_ws/install/arm_controller/local/lib/python3.10/dist-packages/arm_controller'...\n"}
[8.330399] (arm_controller) StdoutLine: {'line': b'-- Up-to-date: /home/ros/arm_ws/install/arm_controller/lib/arm_controller/slider_control\n'}
[8.330874] (arm_controller) StdoutLine: {'line': b'-- Up-to-date: /home/ros/arm_ws/install/arm_controller/lib/libarm_controller.so\n'}
[8.335956] (arm_controller) StdoutLine: {'line': b'-- Up-to-date: /home/ros/arm_ws/install/arm_controller/include/include\n'}
[8.336380] (arm_controller) StdoutLine: {'line': b'-- Up-to-date: /home/ros/arm_ws/install/arm_controller/include/include/arm_controller\n'}
[8.342069] (arm_controller) StdoutLine: {'line': b'-- Up-to-date: /home/ros/arm_ws/install/arm_controller/include/include/arm_controller/arm_interface.hpp\n'}
[8.342554] (arm_controller) StdoutLine: {'line': b'-- Up-to-date: /home/ros/arm_ws/install/arm_controller/share/arm_controller/launch\n'}
[8.342825] (arm_controller) StdoutLine: {'line': b'-- Up-to-date: /home/ros/arm_ws/install/arm_controller/share/arm_controller/launch/controller.launch.py\n'}
[8.343060] (arm_controller) StdoutLine: {'line': b'-- Up-to-date: /home/ros/arm_ws/install/arm_controller/share/arm_controller/launch/slider_controller.launch.py\n'}
[8.345013] (arm_controller) StdoutLine: {'line': b'-- Up-to-date: /home/ros/arm_ws/install/arm_controller/share/arm_controller/config\n'}
[8.345251] (arm_controller) StdoutLine: {'line': b'-- Up-to-date: /home/ros/arm_ws/install/arm_controller/share/arm_controller/config/arm_controllers.yaml\n'}
[8.345375] (arm_controller) StdoutLine: {'line': b'-- Up-to-date: /home/ros/arm_ws/install/arm_controller/lib/arm_controller/slider_control.py\n'}
[8.345484] (arm_controller) StdoutLine: {'line': b'-- Up-to-date: /home/ros/arm_ws/install/arm_controller/share/arm_controller/environment/library_path.sh\n'}
[8.348277] (arm_controller) StdoutLine: {'line': b'-- Up-to-date: /home/ros/arm_ws/install/arm_controller/share/arm_controller/environment/library_path.dsv\n'}
[8.349694] (arm_controller) StdoutLine: {'line': b'-- Up-to-date: /home/ros/arm_ws/install/arm_controller/share/ament_index/resource_index/package_run_dependencies/arm_controller\n'}
[8.356690] (arm_controller) StdoutLine: {'line': b'-- Up-to-date: /home/ros/arm_ws/install/arm_controller/share/ament_index/resource_index/parent_prefix_path/arm_controller\n'}
[8.357122] (arm_controller) StdoutLine: {'line': b'-- Up-to-date: /home/ros/arm_ws/install/arm_controller/share/arm_controller/environment/ament_prefix_path.sh\n'}
[8.357273] (arm_controller) StdoutLine: {'line': b'-- Up-to-date: /home/ros/arm_ws/install/arm_controller/share/arm_controller/environment/ament_prefix_path.dsv\n'}
[8.357444] (arm_controller) StdoutLine: {'line': b'-- Up-to-date: /home/ros/arm_ws/install/arm_controller/share/arm_controller/environment/path.sh\n'}
[8.357633] (arm_controller) StdoutLine: {'line': b'-- Up-to-date: /home/ros/arm_ws/install/arm_controller/share/arm_controller/environment/path.dsv\n'}
[8.359268] (arm_controller) StdoutLine: {'line': b'-- Up-to-date: /home/ros/arm_ws/install/arm_controller/share/arm_controller/local_setup.bash\n'}
[8.359451] (arm_controller) StdoutLine: {'line': b'-- Up-to-date: /home/ros/arm_ws/install/arm_controller/share/arm_controller/local_setup.sh\n'}
[8.359565] (arm_controller) StdoutLine: {'line': b'-- Up-to-date: /home/ros/arm_ws/install/arm_controller/share/arm_controller/local_setup.zsh\n'}
[8.359699] (arm_controller) StdoutLine: {'line': b'-- Up-to-date: /home/ros/arm_ws/install/arm_controller/share/arm_controller/local_setup.dsv\n'}
[8.359847] (arm_controller) StdoutLine: {'line': b'-- Installing: /home/ros/arm_ws/install/arm_controller/share/arm_controller/package.dsv\n'}
[8.360011] (arm_controller) StdoutLine: {'line': b'-- Up-to-date: /home/ros/arm_ws/install/arm_controller/share/ament_index/resource_index/packages/arm_controller\n'}
[8.364207] (arm_controller) StdoutLine: {'line': b'-- Up-to-date: /home/ros/arm_ws/install/arm_controller/share/ament_index/resource_index/hardware_interface__pluginlib__plugin/arm_controller\n'}
[8.364526] (arm_controller) StdoutLine: {'line': b'-- Up-to-date: /home/ros/arm_ws/install/arm_controller/share/arm_controller/cmake/ament_cmake_export_include_directories-extras.cmake\n'}
[8.368307] (arm_controller) StdoutLine: {'line': b'-- Up-to-date: /home/ros/arm_ws/install/arm_controller/share/arm_controller/cmake/ament_cmake_export_libraries-extras.cmake\n'}
[8.369977] (arm_controller) StdoutLine: {'line': b'-- Up-to-date: /home/ros/arm_ws/install/arm_controller/share/arm_controller/cmake/ament_cmake_export_dependencies-extras.cmake\n'}
[8.370419] (arm_controller) StdoutLine: {'line': b'-- Up-to-date: /home/ros/arm_ws/install/arm_controller/share/arm_controller/cmake/arm_controllerConfig.cmake\n'}
[8.370573] (arm_controller) StdoutLine: {'line': b'-- Up-to-date: /home/ros/arm_ws/install/arm_controller/share/arm_controller/cmake/arm_controllerConfig-version.cmake\n'}
[8.372889] (arm_controller) StdoutLine: {'line': b'-- Up-to-date: /home/ros/arm_ws/install/arm_controller/share/arm_controller/package.xml\n'}
[8.385665] (arm_controller) CommandEnded: {'returncode': 0}
[8.412021] (-) TimerEvent: {}
[8.528251] (-) TimerEvent: {}
[8.631888] (-) TimerEvent: {}
[8.735178] (-) TimerEvent: {}
[8.837309] (-) TimerEvent: {}
[8.942952] (-) TimerEvent: {}
[9.014356] (arm_controller) JobEnded: {'identifier': 'arm_controller', 'rc': 0}
[9.029175] (arm_description) JobStarted: {'identifier': 'arm_description'}
[9.058880] (-) TimerEvent: {}
[9.153906] (arm_description) JobProgress: {'identifier': 'arm_description', 'progress': 'cmake'}
[9.169286] (arm_description) JobProgress: {'identifier': 'arm_description', 'progress': 'build'}
[9.169486] (-) TimerEvent: {}
[9.175866] (arm_description) Command: {'cmd': ['/usr/bin/cmake', '--build', '/home/ros/arm_ws/build/arm_description', '--', '-j2', '-l2'], 'cwd': '/home/ros/arm_ws/build/arm_description', 'env': OrderedDict([('LESSOPEN', '| /usr/bin/lesspipe %s'), ('LANGUAGE', 'en_US:'), ('USER', 'ros'), ('LC_TIME', 'es_CO.UTF-8'), ('XDG_SESSION_TYPE', 'x11'), ('SHLVL', '1'), ('LD_LIBRARY_PATH', '/home/ros/arm_ws/install/arm_remote/lib:/home/ros/arm_ws/install/arm_cpp_examples/lib:/home/ros/arm_ws/install/arm_msgs/lib:/home/ros/arm_ws/install/arm_controller/lib:/usr/lib/x86_64-linux-gnu/gazebo-11/plugins:/opt/ros/humble/opt/rviz_ogre_vendor/lib:/opt/ros/humble/lib/x86_64-linux-gnu:/opt/ros/humble/lib'), ('HOME', '/home/ros'), ('OLDPWD', '/home/ros'), ('DESKTOP_SESSION', 'ubuntu-xorg'), ('ROS_PYTHON_VERSION', '3'), ('GNOME_SHELL_SESSION_MODE', 'ubuntu'), ('GTK_MODULES', 'gail:atk-bridge'), ('LC_MONETARY', 'es_CO.UTF-8'), ('MANAGERPID', '1022'), ('SYSTEMD_EXEC_PID', '1648'), ('DBUS_SESSION_BUS_ADDRESS', 'unix:path=/run/user/1000/bus'), ('COLORTERM', 'truecolor'), ('TERMINATOR_DBUS_NAME', 'net.tenshu.Terminator21a9d5db22c73a993ff0b42f64b396873'), ('GIO_LAUNCHED_DESKTOP_FILE_PID', '5308'), ('COLCON_PREFIX_PATH', '/home/ros/arm_ws/install'), ('ROS_DISTRO', 'humble'), ('GTK_IM_MODULE', 'ibus'), ('LOGNAME', 'ros'), ('JOURNAL_STREAM', '8:21986'), ('_', '/usr/bin/colcon'), ('ROS_VERSION', '2'), ('XDG_SESSION_CLASS', 'user'), ('USERNAME', 'ros'), ('TERM', 'xterm-256color'), ('GNOME_DESKTOP_SESSION_ID', 'this-is-deprecated'), ('ROS_LOCALHOST_ONLY', '0'), ('WINDOWPATH', '2'), ('PATH', '/opt/ros/humble/bin:/home/ros/.local/bin:/usr/local/sbin:/usr/local/bin:/usr/sbin:/usr/bin:/sbin:/bin:/usr/games:/usr/local/games:/snap/bin:/snap/bin'), ('SESSION_MANAGER', 'local/ros-virtual-machine:@/tmp/.ICE-unix/1380,unix/ros-virtual-machine:/tmp/.ICE-unix/1380'), ('INVOCATION_ID', 'edc79796a9204906952502603e82de6b'), ('XDG_MENU_PREFIX', 'gnome-'), ('LC_ADDRESS', 'es_CO.UTF-8'), ('XDG_RUNTIME_DIR', '/run/user/1000'), ('DISPLAY', ':0'), ('TERMINATOR_DBUS_PATH', '/net/tenshu/Terminator2'), ('LANG', 'en_US.UTF-8'), ('XDG_CURRENT_DESKTOP', 'ubuntu:GNOME'), ('IBUS_DISABLE_SNOOPER', '1'), ('LC_TELEPHONE', 'es_CO.UTF-8'), ('XMODIFIERS', '@im=ibus'), ('XDG_SESSION_DESKTOP', 'ubuntu-xorg'), ('XAUTHORITY', '/run/user/1000/gdm/Xauthority'), ('LS_COLORS', 'rs=0:di=01;34:ln=01;36:mh=00:pi=40;33:so=01;35:do=01;35:bd=40;33;01:cd=40;33;01:or=40;31;01:mi=00:su=37;41:sg=30;43:ca=30;41:tw=30;42:ow=34;42:st=37;44:ex=01;32:*.tar=01;31:*.tgz=01;31:*.arc=01;31:*.arj=01;31:*.taz=01;31:*.lha=01;31:*.lz4=01;31:*.lzh=01;31:*.lzma=01;31:*.tlz=01;31:*.txz=01;31:*.tzo=01;31:*.t7z=01;31:*.zip=01;31:*.z=01;31:*.dz=01;31:*.gz=01;31:*.lrz=01;31:*.lz=01;31:*.lzo=01;31:*.xz=01;31:*.zst=01;31:*.tzst=01;31:*.bz2=01;31:*.bz=01;31:*.tbz=01;31:*.tbz2=01;31:*.tz=01;31:*.deb=01;31:*.rpm=01;31:*.jar=01;31:*.war=01;31:*.ear=01;31:*.sar=01;31:*.rar=01;31:*.alz=01;31:*.ace=01;31:*.zoo=01;31:*.cpio=01;31:*.7z=01;31:*.rz=01;31:*.cab=01;31:*.wim=01;31:*.swm=01;31:*.dwm=01;31:*.esd=01;31:*.jpg=01;35:*.jpeg=01;35:*.mjpg=01;35:*.mjpeg=01;35:*.gif=01;35:*.bmp=01;35:*.pbm=01;35:*.pgm=01;35:*.ppm=01;35:*.tga=01;35:*.xbm=01;35:*.xpm=01;35:*.tif=01;35:*.tiff=01;35:*.png=01;35:*.svg=01;35:*.svgz=01;35:*.mng=01;35:*.pcx=01;35:*.mov=01;35:*.mpg=01;35:*.mpeg=01;35:*.m2v=01;35:*.mkv=01;35:*.webm=01;35:*.webp=01;35:*.ogm=01;35:*.mp4=01;35:*.m4v=01;35:*.mp4v=01;35:*.vob=01;35:*.qt=01;35:*.nuv=01;35:*.wmv=01;35:*.asf=01;35:*.rm=01;35:*.rmvb=01;35:*.flc=01;35:*.avi=01;35:*.fli=01;35:*.flv=01;35:*.gl=01;35:*.dl=01;35:*.xcf=01;35:*.xwd=01;35:*.yuv=01;35:*.cgm=01;35:*.emf=01;35:*.ogv=01;35:*.ogx=01;35:*.aac=00;36:*.au=00;36:*.flac=00;36:*.m4a=00;36:*.mid=00;36:*.midi=00;36:*.mka=00;36:*.mp3=00;36:*.mpc=00;36:*.ogg=00;36:*.ra=00;36:*.wav=00;36:*.oga=00;36:*.opus=00;36:*.spx=00;36:*.xspf=00;36:'), ('SSH_AGENT_LAUNCHER', 'gnome-keyring'), ('SSH_AUTH_SOCK', '/run/user/1000/keyring/ssh'), ('AMENT_PREFIX_PATH', '/home/ros/arm_ws/install/arm_utils:/home/ros/arm_ws/install/arm_remote:/home/ros/arm_ws/install/arm_py_examples:/home/ros/arm_ws/install/arm_cpp_examples:/home/ros/arm_ws/install/arm_msgs:/home/ros/arm_ws/install/arm_moveit:/home/ros/arm_ws/install/arm_firmware:/home/ros/arm_ws/install/arm_description:/home/ros/arm_ws/install/arm_controller:/home/ros/arm_ws/install/arm_bringup:/opt/ros/humble'), ('SHELL', '/bin/bash'), ('LC_NAME', 'es_CO.UTF-8'), ('TERMINATOR_UUID', 'urn:uuid:3dc62beb-5acd-4d96-bb8e-eacca3db12ac'), ('QT_ACCESSIBILITY', '1'), ('GDMSESSION', 'ubuntu-xorg'), ('LESSCLOSE', '/usr/bin/lesspipe %s %s'), ('LC_MEASUREMENT', 'es_CO.UTF-8'), ('GPG_AGENT_INFO', '/run/user/1000/gnupg/S.gpg-agent:0:1'), ('LC_IDENTIFICATION', 'es_CO.UTF-8'), ('QT_IM_MODULE', 'ibus'), ('PWD', '/home/ros/arm_ws/build/arm_description'), ('LC_ALL', 'en_US.UTF-8'), ('XDG_CONFIG_DIRS', '/etc/xdg/xdg-ubuntu-xorg:/etc/xdg'), ('XDG_DATA_DIRS', '/usr/share/ubuntu-xorg:/usr/share/gnome:/usr/local/share/:/usr/share/:/var/lib/snapd/desktop'), ('PYTHONPATH', '/home/ros/arm_ws/install/arm_utils/local/lib/python3.10/dist-packages:/home/ros/arm_ws/install/arm_remote/local/lib/python3.10/dist-packages:/home/ros/arm_ws/install/arm_py_examples/lib/python3.10/site-packages:/home/ros/arm_ws/install/arm_msgs/local/lib/python3.10/dist-packages:/home/ros/arm_ws/install/arm_firmware/local/lib/python3.10/dist-packages:/home/ros/arm_ws/install/arm_controller/local/lib/python3.10/dist-packages:/opt/ros/humble/lib/python3.10/site-packages:/opt/ros/humble/local/lib/python3.10/dist-packages'), ('LC_NUMERIC', 'es_CO.UTF-8'), ('LC_PAPER', 'es_CO.UTF-8'), ('COLCON', '1'), ('VTE_VERSION', '6800'), ('CMAKE_PREFIX_PATH', '/home/ros/arm_ws/install/arm_utils:/home/ros/arm_ws/install/arm_remote:/home/ros/arm_ws/install/arm_cpp_examples:/home/ros/arm_ws/install/arm_msgs:/home/ros/arm_ws/install/arm_moveit:/home/ros/arm_ws/install/arm_firmware:/home/ros/arm_ws/install/arm_description:/home/ros/arm_ws/install/arm_controller:/home/ros/arm_ws/install/arm_bringup:/home/ros/arm_ws/install/arm_py_examples:/opt/ros/humble')]), 'shell': False}
[9.270864] (-) TimerEvent: {}
[9.375520] (-) TimerEvent: {}
[9.481674] (-) TimerEvent: {}
[9.506569] (arm_description) CommandEnded: {'returncode': 0}
[9.583309] (-) TimerEvent: {}
[9.688056] (-) TimerEvent: {}
[9.794890] (-) TimerEvent: {}
[9.862447] (arm_description) JobProgress: {'identifier': 'arm_description', 'progress': 'install'}
[9.862667] (arm_description) Command: {'cmd': ['/usr/bin/cmake', '--install', '/home/ros/arm_ws/build/arm_description'], 'cwd': '/home/ros/arm_ws/build/arm_description', 'env': OrderedDict([('LESSOPEN', '| /usr/bin/lesspipe %s'), ('LANGUAGE', 'en_US:'), ('USER', 'ros'), ('LC_TIME', 'es_CO.UTF-8'), ('XDG_SESSION_TYPE', 'x11'), ('SHLVL', '1'), ('LD_LIBRARY_PATH', '/home/ros/arm_ws/install/arm_remote/lib:/home/ros/arm_ws/install/arm_cpp_examples/lib:/home/ros/arm_ws/install/arm_msgs/lib:/home/ros/arm_ws/install/arm_controller/lib:/usr/lib/x86_64-linux-gnu/gazebo-11/plugins:/opt/ros/humble/opt/rviz_ogre_vendor/lib:/opt/ros/humble/lib/x86_64-linux-gnu:/opt/ros/humble/lib'), ('HOME', '/home/ros'), ('OLDPWD', '/home/ros'), ('DESKTOP_SESSION', 'ubuntu-xorg'), ('ROS_PYTHON_VERSION', '3'), ('GNOME_SHELL_SESSION_MODE', 'ubuntu'), ('GTK_MODULES', 'gail:atk-bridge'), ('LC_MONETARY', 'es_CO.UTF-8'), ('MANAGERPID', '1022'), ('SYSTEMD_EXEC_PID', '1648'), ('DBUS_SESSION_BUS_ADDRESS', 'unix:path=/run/user/1000/bus'), ('COLORTERM', 'truecolor'), ('TERMINATOR_DBUS_NAME', 'net.tenshu.Terminator21a9d5db22c73a993ff0b42f64b396873'), ('GIO_LAUNCHED_DESKTOP_FILE_PID', '5308'), ('COLCON_PREFIX_PATH', '/home/ros/arm_ws/install'), ('ROS_DISTRO', 'humble'), ('GTK_IM_MODULE', 'ibus'), ('LOGNAME', 'ros'), ('JOURNAL_STREAM', '8:21986'), ('_', '/usr/bin/colcon'), ('ROS_VERSION', '2'), ('XDG_SESSION_CLASS', 'user'), ('USERNAME', 'ros'), ('TERM', 'xterm-256color'), ('GNOME_DESKTOP_SESSION_ID', 'this-is-deprecated'), ('ROS_LOCALHOST_ONLY', '0'), ('WINDOWPATH', '2'), ('PATH', '/opt/ros/humble/bin:/home/ros/.local/bin:/usr/local/sbin:/usr/local/bin:/usr/sbin:/usr/bin:/sbin:/bin:/usr/games:/usr/local/games:/snap/bin:/snap/bin'), ('SESSION_MANAGER', 'local/ros-virtual-machine:@/tmp/.ICE-unix/1380,unix/ros-virtual-machine:/tmp/.ICE-unix/1380'), ('INVOCATION_ID', 'edc79796a9204906952502603e82de6b'), ('XDG_MENU_PREFIX', 'gnome-'), ('LC_ADDRESS', 'es_CO.UTF-8'), ('XDG_RUNTIME_DIR', '/run/user/1000'), ('DISPLAY', ':0'), ('TERMINATOR_DBUS_PATH', '/net/tenshu/Terminator2'), ('LANG', 'en_US.UTF-8'), ('XDG_CURRENT_DESKTOP', 'ubuntu:GNOME'), ('IBUS_DISABLE_SNOOPER', '1'), ('LC_TELEPHONE', 'es_CO.UTF-8'), ('XMODIFIERS', '@im=ibus'), ('XDG_SESSION_DESKTOP', 'ubuntu-xorg'), ('XAUTHORITY', '/run/user/1000/gdm/Xauthority'), ('LS_COLORS', 'rs=0:di=01;34:ln=01;36:mh=00:pi=40;33:so=01;35:do=01;35:bd=40;33;01:cd=40;33;01:or=40;31;01:mi=00:su=37;41:sg=30;43:ca=30;41:tw=30;42:ow=34;42:st=37;44:ex=01;32:*.tar=01;31:*.tgz=01;31:*.arc=01;31:*.arj=01;31:*.taz=01;31:*.lha=01;31:*.lz4=01;31:*.lzh=01;31:*.lzma=01;31:*.tlz=01;31:*.txz=01;31:*.tzo=01;31:*.t7z=01;31:*.zip=01;31:*.z=01;31:*.dz=01;31:*.gz=01;31:*.lrz=01;31:*.lz=01;31:*.lzo=01;31:*.xz=01;31:*.zst=01;31:*.tzst=01;31:*.bz2=01;31:*.bz=01;31:*.tbz=01;31:*.tbz2=01;31:*.tz=01;31:*.deb=01;31:*.rpm=01;31:*.jar=01;31:*.war=01;31:*.ear=01;31:*.sar=01;31:*.rar=01;31:*.alz=01;31:*.ace=01;31:*.zoo=01;31:*.cpio=01;31:*.7z=01;31:*.rz=01;31:*.cab=01;31:*.wim=01;31:*.swm=01;31:*.dwm=01;31:*.esd=01;31:*.jpg=01;35:*.jpeg=01;35:*.mjpg=01;35:*.mjpeg=01;35:*.gif=01;35:*.bmp=01;35:*.pbm=01;35:*.pgm=01;35:*.ppm=01;35:*.tga=01;35:*.xbm=01;35:*.xpm=01;35:*.tif=01;35:*.tiff=01;35:*.png=01;35:*.svg=01;35:*.svgz=01;35:*.mng=01;35:*.pcx=01;35:*.mov=01;35:*.mpg=01;35:*.mpeg=01;35:*.m2v=01;35:*.mkv=01;35:*.webm=01;35:*.webp=01;35:*.ogm=01;35:*.mp4=01;35:*.m4v=01;35:*.mp4v=01;35:*.vob=01;35:*.qt=01;35:*.nuv=01;35:*.wmv=01;35:*.asf=01;35:*.rm=01;35:*.rmvb=01;35:*.flc=01;35:*.avi=01;35:*.fli=01;35:*.flv=01;35:*.gl=01;35:*.dl=01;35:*.xcf=01;35:*.xwd=01;35:*.yuv=01;35:*.cgm=01;35:*.emf=01;35:*.ogv=01;35:*.ogx=01;35:*.aac=00;36:*.au=00;36:*.flac=00;36:*.m4a=00;36:*.mid=00;36:*.midi=00;36:*.mka=00;36:*.mp3=00;36:*.mpc=00;36:*.ogg=00;36:*.ra=00;36:*.wav=00;36:*.oga=00;36:*.opus=00;36:*.spx=00;36:*.xspf=00;36:'), ('SSH_AGENT_LAUNCHER', 'gnome-keyring'), ('SSH_AUTH_SOCK', '/run/user/1000/keyring/ssh'), ('AMENT_PREFIX_PATH', '/home/ros/arm_ws/install/arm_utils:/home/ros/arm_ws/install/arm_remote:/home/ros/arm_ws/install/arm_py_examples:/home/ros/arm_ws/install/arm_cpp_examples:/home/ros/arm_ws/install/arm_msgs:/home/ros/arm_ws/install/arm_moveit:/home/ros/arm_ws/install/arm_firmware:/home/ros/arm_ws/install/arm_description:/home/ros/arm_ws/install/arm_controller:/home/ros/arm_ws/install/arm_bringup:/opt/ros/humble'), ('SHELL', '/bin/bash'), ('LC_NAME', 'es_CO.UTF-8'), ('TERMINATOR_UUID', 'urn:uuid:3dc62beb-5acd-4d96-bb8e-eacca3db12ac'), ('QT_ACCESSIBILITY', '1'), ('GDMSESSION', 'ubuntu-xorg'), ('LESSCLOSE', '/usr/bin/lesspipe %s %s'), ('LC_MEASUREMENT', 'es_CO.UTF-8'), ('GPG_AGENT_INFO', '/run/user/1000/gnupg/S.gpg-agent:0:1'), ('LC_IDENTIFICATION', 'es_CO.UTF-8'), ('QT_IM_MODULE', 'ibus'), ('PWD', '/home/ros/arm_ws/build/arm_description'), ('LC_ALL', 'en_US.UTF-8'), ('XDG_CONFIG_DIRS', '/etc/xdg/xdg-ubuntu-xorg:/etc/xdg'), ('XDG_DATA_DIRS', '/usr/share/ubuntu-xorg:/usr/share/gnome:/usr/local/share/:/usr/share/:/var/lib/snapd/desktop'), ('PYTHONPATH', '/home/ros/arm_ws/install/arm_utils/local/lib/python3.10/dist-packages:/home/ros/arm_ws/install/arm_remote/local/lib/python3.10/dist-packages:/home/ros/arm_ws/install/arm_py_examples/lib/python3.10/site-packages:/home/ros/arm_ws/install/arm_msgs/local/lib/python3.10/dist-packages:/home/ros/arm_ws/install/arm_firmware/local/lib/python3.10/dist-packages:/home/ros/arm_ws/install/arm_controller/local/lib/python3.10/dist-packages:/opt/ros/humble/lib/python3.10/site-packages:/opt/ros/humble/local/lib/python3.10/dist-packages'), ('LC_NUMERIC', 'es_CO.UTF-8'), ('LC_PAPER', 'es_CO.UTF-8'), ('COLCON', '1'), ('VTE_VERSION', '6800'), ('CMAKE_PREFIX_PATH', '/home/ros/arm_ws/install/arm_utils:/home/ros/arm_ws/install/arm_remote:/home/ros/arm_ws/install/arm_cpp_examples:/home/ros/arm_ws/install/arm_msgs:/home/ros/arm_ws/install/arm_moveit:/home/ros/arm_ws/install/arm_firmware:/home/ros/arm_ws/install/arm_description:/home/ros/arm_ws/install/arm_controller:/home/ros/arm_ws/install/arm_bringup:/home/ros/arm_ws/install/arm_py_examples:/opt/ros/humble')]), 'shell': False}
[9.899001] (-) TimerEvent: {}
[9.947926] (arm_description) StdoutLine: {'line': b'-- Install configuration: ""\n'}
[9.950130] (arm_description) StdoutLine: {'line': b'-- Up-to-date: /home/ros/arm_ws/install/arm_description/share/arm_description/launch\n'}
[9.950452] (arm_description) StdoutLine: {'line': b'-- Up-to-date: /home/ros/arm_ws/install/arm_description/share/arm_description/launch/display.launch.py\n'}
[9.953832] (arm_description) StdoutLine: {'line': b'-- Up-to-date: /home/ros/arm_ws/install/arm_description/share/arm_description/launch/gazebo.launch.py\n'}
[9.955549] (arm_description) StdoutLine: {'line': b'-- Up-to-date: /home/ros/arm_ws/install/arm_description/share/arm_description/meshes\n'}
[9.965886] (arm_description) StdoutLine: {'line': b'-- Up-to-date: /home/ros/arm_ws/install/arm_description/share/arm_description/meshes/triangular_link.STL\n'}
[9.969641] (arm_description) StdoutLine: {'line': b'-- Up-to-date: /home/ros/arm_ws/install/arm_description/share/arm_description/meshes/basement.STL\n'}
[9.972511] (arm_description) StdoutLine: {'line': b'-- Up-to-date: /home/ros/arm_ws/install/arm_description/share/arm_description/meshes/plate.STL\n'}
[9.983101] (arm_description) StdoutLine: {'line': b'-- Up-to-date: /home/ros/arm_ws/install/arm_description/share/arm_description/meshes/base_plate.STL\n'}
[9.983515] (arm_description) StdoutLine: {'line': b'-- Up-to-date: /home/ros/arm_ws/install/arm_description/share/arm_description/meshes/horizontal_arm.STL\n'}
[9.994045] (arm_description) StdoutLine: {'line': b'-- Up-to-date: /home/ros/arm_ws/install/arm_description/share/arm_description/meshes/right_finger.STL\n'}
[9.994384] (arm_description) StdoutLine: {'line': b'-- Up-to-date: /home/ros/arm_ws/install/arm_description/share/arm_description/meshes/vertical_drive_arm.STL\n'}
[10.006174] (-) TimerEvent: {}
[10.006952] (arm_description) StdoutLine: {'line': b'-- Up-to-date: /home/ros/arm_ws/install/arm_description/share/arm_description/meshes/forward_drive_arm.STL\n'}
[10.007389] (arm_description) StdoutLine: {'line': b'-- Up-to-date: /home/ros/arm_ws/install/arm_description/share/arm_description/meshes/link.STL\n'}
[10.007677] (arm_description) StdoutLine: {'line': b'-- Up-to-date: /home/ros/arm_ws/install/arm_description/share/arm_description/meshes/round_plate.STL\n'}
[10.015514] (arm_description) StdoutLine: {'line': b'-- Up-to-date: /home/ros/arm_ws/install/arm_description/share/arm_description/meshes/claw_support.STL\n'}
[10.017531] (arm_description) StdoutLine: {'line': b'-- Up-to-date: /home/ros/arm_ws/install/arm_description/share/arm_description/meshes/left_finger.STL\n'}
[10.017979] (arm_description) StdoutLine: {'line': b'-- Up-to-date: /home/ros/arm_ws/install/arm_description/share/arm_description/meshes/servo_plate.STL\n'}
[10.018261] (arm_description) StdoutLine: {'line': b'-- Up-to-date: /home/ros/arm_ws/install/arm_description/share/arm_description/models\n'}
[10.018505] (arm_description) StdoutLine: {'line': b'-- Up-to-date: /home/ros/arm_ws/install/arm_description/share/arm_description/models/ground_plane\n'}
[10.025676] (arm_description) StdoutLine: {'line': b'-- Up-to-date: /home/ros/arm_ws/install/arm_description/share/arm_description/models/ground_plane/model.config\n'}
[10.026138] (arm_description) StdoutLine: {'line': b'-- Up-to-date: /home/ros/arm_ws/install/arm_description/share/arm_description/models/ground_plane/model-1_4.sdf\n'}
[10.026279] (arm_description) StdoutLine: {'line': b'-- Up-to-date: /home/ros/arm_ws/install/arm_description/share/arm_description/models/ground_plane/model-1_3.sdf\n'}
[10.026395] (arm_description) StdoutLine: {'line': b'-- Up-to-date: /home/ros/arm_ws/install/arm_description/share/arm_description/models/ground_plane/model.sdf\n'}
[10.026510] (arm_description) StdoutLine: {'line': b'-- Up-to-date: /home/ros/arm_ws/install/arm_description/share/arm_description/models/ground_plane/model-1_2.sdf\n'}
[10.026709] (arm_description) StdoutLine: {'line': b'-- Up-to-date: /home/ros/arm_ws/install/arm_description/share/arm_description/models/sun\n'}
[10.027174] (arm_description) StdoutLine: {'line': b'-- Up-to-date: /home/ros/arm_ws/install/arm_description/share/arm_description/models/sun/model.config\n'}
[10.027296] (arm_description) StdoutLine: {'line': b'-- Up-to-date: /home/ros/arm_ws/install/arm_description/share/arm_description/models/sun/model-1_4.sdf\n'}
[10.027402] (arm_description) StdoutLine: {'line': b'-- Up-to-date: /home/ros/arm_ws/install/arm_description/share/arm_description/models/sun/model-1_3.sdf\n'}
[10.027504] (arm_description) StdoutLine: {'line': b'-- Up-to-date: /home/ros/arm_ws/install/arm_description/share/arm_description/models/sun/model.sdf\n'}
[10.030815] (arm_description) StdoutLine: {'line': b'-- Up-to-date: /home/ros/arm_ws/install/arm_description/share/arm_description/models/sun/model-1_2.sdf\n'}
[10.039167] (arm_description) StdoutLine: {'line': b'-- Up-to-date: /home/ros/arm_ws/install/arm_description/share/arm_description/urdf\n'}
[10.039338] (arm_description) StdoutLine: {'line': b'-- Up-to-date: /home/ros/arm_ws/install/arm_description/share/arm_description/urdf/arm_ros2_control.xacro\n'}
[10.039460] (arm_description) StdoutLine: {'line': b'-- Up-to-date: /home/ros/arm_ws/install/arm_description/share/arm_description/urdf/arm_gazebo.xacro\n'}
[10.043226] (arm_description) StdoutLine: {'line': b'-- Up-to-date: /home/ros/arm_ws/install/arm_description/share/arm_description/urdf/arm.urdf.xacro\n'}
[10.043438] (arm_description) StdoutLine: {'line': b'-- Up-to-date: /home/ros/arm_ws/install/arm_description/share/arm_description/rviz\n'}
[10.043560] (arm_description) StdoutLine: {'line': b'-- Up-to-date: /home/ros/arm_ws/install/arm_description/share/arm_description/rviz/display.rviz\n'}
[10.043670] (arm_description) StdoutLine: {'line': b'-- Up-to-date: /home/ros/arm_ws/install/arm_description/share/ament_index/resource_index/package_run_dependencies/arm_description\n'}
[10.048124] (arm_description) StdoutLine: {'line': b'-- Up-to-date: /home/ros/arm_ws/install/arm_description/share/ament_index/resource_index/parent_prefix_path/arm_description\n'}
[10.048309] (arm_description) StdoutLine: {'line': b'-- Up-to-date: /home/ros/arm_ws/install/arm_description/share/arm_description/environment/ament_prefix_path.sh\n'}
[10.048464] (arm_description) StdoutLine: {'line': b'-- Up-to-date: /home/ros/arm_ws/install/arm_description/share/arm_description/environment/ament_prefix_path.dsv\n'}
[10.048634] (arm_description) StdoutLine: {'line': b'-- Up-to-date: /home/ros/arm_ws/install/arm_description/share/arm_description/environment/path.sh\n'}
[10.049601] (arm_description) StdoutLine: {'line': b'-- Up-to-date: /home/ros/arm_ws/install/arm_description/share/arm_description/environment/path.dsv\n'}
[10.049966] (arm_description) StdoutLine: {'line': b'-- Up-to-date: /home/ros/arm_ws/install/arm_description/share/arm_description/local_setup.bash\n'}
[10.050322] (arm_description) StdoutLine: {'line': b'-- Up-to-date: /home/ros/arm_ws/install/arm_description/share/arm_description/local_setup.sh\n'}
[10.050674] (arm_description) StdoutLine: {'line': b'-- Up-to-date: /home/ros/arm_ws/install/arm_description/share/arm_description/local_setup.zsh\n'}
[10.057376] (arm_description) StdoutLine: {'line': b'-- Up-to-date: /home/ros/arm_ws/install/arm_description/share/arm_description/local_setup.dsv\n'}
[10.057787] (arm_description) StdoutLine: {'line': b'-- Installing: /home/ros/arm_ws/install/arm_description/share/arm_description/package.dsv\n'}
[10.058126] (arm_description) StdoutLine: {'line': b'-- Up-to-date: /home/ros/arm_ws/install/arm_description/share/ament_index/resource_index/packages/arm_description\n'}
[10.067148] (arm_description) StdoutLine: {'line': b'-- Up-to-date: /home/ros/arm_ws/install/arm_description/share/arm_description/cmake/arm_descriptionConfig.cmake\n'}
[10.067484] (arm_description) StdoutLine: {'line': b'-- Up-to-date: /home/ros/arm_ws/install/arm_description/share/arm_description/cmake/arm_descriptionConfig-version.cmake\n'}
[10.067632] (arm_description) StdoutLine: {'line': b'-- Up-to-date: /home/ros/arm_ws/install/arm_description/share/arm_description/package.xml\n'}
[10.073130] (arm_description) CommandEnded: {'returncode': 0}
[10.107638] (-) TimerEvent: {}
[10.209853] (-) TimerEvent: {}
[10.310891] (-) TimerEvent: {}
[10.413464] (-) TimerEvent: {}
[10.437445] (arm_description) JobEnded: {'identifier': 'arm_description', 'rc': 0}
[10.444292] (arm_firmware) JobStarted: {'identifier': 'arm_firmware'}
[10.517279] (-) TimerEvent: {}
[10.525851] (arm_firmware) JobProgress: {'identifier': 'arm_firmware', 'progress': 'cmake'}
[10.538984] (arm_firmware) JobProgress: {'identifier': 'arm_firmware', 'progress': 'build'}
[10.539262] (arm_firmware) Command: {'cmd': ['/usr/bin/cmake', '--build', '/home/ros/arm_ws/build/arm_firmware', '--', '-j2', '-l2'], 'cwd': '/home/ros/arm_ws/build/arm_firmware', 'env': OrderedDict([('LESSOPEN', '| /usr/bin/lesspipe %s'), ('LANGUAGE', 'en_US:'), ('USER', 'ros'), ('LC_TIME', 'es_CO.UTF-8'), ('XDG_SESSION_TYPE', 'x11'), ('SHLVL', '1'), ('LD_LIBRARY_PATH', '/home/ros/arm_ws/install/arm_remote/lib:/home/ros/arm_ws/install/arm_cpp_examples/lib:/home/ros/arm_ws/install/arm_msgs/lib:/home/ros/arm_ws/install/arm_controller/lib:/usr/lib/x86_64-linux-gnu/gazebo-11/plugins:/opt/ros/humble/opt/rviz_ogre_vendor/lib:/opt/ros/humble/lib/x86_64-linux-gnu:/opt/ros/humble/lib'), ('HOME', '/home/ros'), ('OLDPWD', '/home/ros'), ('DESKTOP_SESSION', 'ubuntu-xorg'), ('ROS_PYTHON_VERSION', '3'), ('GNOME_SHELL_SESSION_MODE', 'ubuntu'), ('GTK_MODULES', 'gail:atk-bridge'), ('LC_MONETARY', 'es_CO.UTF-8'), ('MANAGERPID', '1022'), ('SYSTEMD_EXEC_PID', '1648'), ('DBUS_SESSION_BUS_ADDRESS', 'unix:path=/run/user/1000/bus'), ('COLORTERM', 'truecolor'), ('TERMINATOR_DBUS_NAME', 'net.tenshu.Terminator21a9d5db22c73a993ff0b42f64b396873'), ('GIO_LAUNCHED_DESKTOP_FILE_PID', '5308'), ('COLCON_PREFIX_PATH', '/home/ros/arm_ws/install'), ('ROS_DISTRO', 'humble'), ('GTK_IM_MODULE', 'ibus'), ('LOGNAME', 'ros'), ('JOURNAL_STREAM', '8:21986'), ('_', '/usr/bin/colcon'), ('ROS_VERSION', '2'), ('XDG_SESSION_CLASS', 'user'), ('USERNAME', 'ros'), ('TERM', 'xterm-256color'), ('GNOME_DESKTOP_SESSION_ID', 'this-is-deprecated'), ('ROS_LOCALHOST_ONLY', '0'), ('WINDOWPATH', '2'), ('PATH', '/opt/ros/humble/bin:/home/ros/.local/bin:/usr/local/sbin:/usr/local/bin:/usr/sbin:/usr/bin:/sbin:/bin:/usr/games:/usr/local/games:/snap/bin:/snap/bin'), ('SESSION_MANAGER', 'local/ros-virtual-machine:@/tmp/.ICE-unix/1380,unix/ros-virtual-machine:/tmp/.ICE-unix/1380'), ('INVOCATION_ID', 'edc79796a9204906952502603e82de6b'), ('XDG_MENU_PREFIX', 'gnome-'), ('LC_ADDRESS', 'es_CO.UTF-8'), ('XDG_RUNTIME_DIR', '/run/user/1000'), ('DISPLAY', ':0'), ('TERMINATOR_DBUS_PATH', '/net/tenshu/Terminator2'), ('LANG', 'en_US.UTF-8'), ('XDG_CURRENT_DESKTOP', 'ubuntu:GNOME'), ('IBUS_DISABLE_SNOOPER', '1'), ('LC_TELEPHONE', 'es_CO.UTF-8'), ('XMODIFIERS', '@im=ibus'), ('XDG_SESSION_DESKTOP', 'ubuntu-xorg'), ('XAUTHORITY', '/run/user/1000/gdm/Xauthority'), ('LS_COLORS', 'rs=0:di=01;34:ln=01;36:mh=00:pi=40;33:so=01;35:do=01;35:bd=40;33;01:cd=40;33;01:or=40;31;01:mi=00:su=37;41:sg=30;43:ca=30;41:tw=30;42:ow=34;42:st=37;44:ex=01;32:*.tar=01;31:*.tgz=01;31:*.arc=01;31:*.arj=01;31:*.taz=01;31:*.lha=01;31:*.lz4=01;31:*.lzh=01;31:*.lzma=01;31:*.tlz=01;31:*.txz=01;31:*.tzo=01;31:*.t7z=01;31:*.zip=01;31:*.z=01;31:*.dz=01;31:*.gz=01;31:*.lrz=01;31:*.lz=01;31:*.lzo=01;31:*.xz=01;31:*.zst=01;31:*.tzst=01;31:*.bz2=01;31:*.bz=01;31:*.tbz=01;31:*.tbz2=01;31:*.tz=01;31:*.deb=01;31:*.rpm=01;31:*.jar=01;31:*.war=01;31:*.ear=01;31:*.sar=01;31:*.rar=01;31:*.alz=01;31:*.ace=01;31:*.zoo=01;31:*.cpio=01;31:*.7z=01;31:*.rz=01;31:*.cab=01;31:*.wim=01;31:*.swm=01;31:*.dwm=01;31:*.esd=01;31:*.jpg=01;35:*.jpeg=01;35:*.mjpg=01;35:*.mjpeg=01;35:*.gif=01;35:*.bmp=01;35:*.pbm=01;35:*.pgm=01;35:*.ppm=01;35:*.tga=01;35:*.xbm=01;35:*.xpm=01;35:*.tif=01;35:*.tiff=01;35:*.png=01;35:*.svg=01;35:*.svgz=01;35:*.mng=01;35:*.pcx=01;35:*.mov=01;35:*.mpg=01;35:*.mpeg=01;35:*.m2v=01;35:*.mkv=01;35:*.webm=01;35:*.webp=01;35:*.ogm=01;35:*.mp4=01;35:*.m4v=01;35:*.mp4v=01;35:*.vob=01;35:*.qt=01;35:*.nuv=01;35:*.wmv=01;35:*.asf=01;35:*.rm=01;35:*.rmvb=01;35:*.flc=01;35:*.avi=01;35:*.fli=01;35:*.flv=01;35:*.gl=01;35:*.dl=01;35:*.xcf=01;35:*.xwd=01;35:*.yuv=01;35:*.cgm=01;35:*.emf=01;35:*.ogv=01;35:*.ogx=01;35:*.aac=00;36:*.au=00;36:*.flac=00;36:*.m4a=00;36:*.mid=00;36:*.midi=00;36:*.mka=00;36:*.mp3=00;36:*.mpc=00;36:*.ogg=00;36:*.ra=00;36:*.wav=00;36:*.oga=00;36:*.opus=00;36:*.spx=00;36:*.xspf=00;36:'), ('SSH_AGENT_LAUNCHER', 'gnome-keyring'), ('SSH_AUTH_SOCK', '/run/user/1000/keyring/ssh'), ('AMENT_PREFIX_PATH', '/home/ros/arm_ws/install/arm_utils:/home/ros/arm_ws/install/arm_remote:/home/ros/arm_ws/install/arm_py_examples:/home/ros/arm_ws/install/arm_cpp_examples:/home/ros/arm_ws/install/arm_msgs:/home/ros/arm_ws/install/arm_moveit:/home/ros/arm_ws/install/arm_firmware:/home/ros/arm_ws/install/arm_description:/home/ros/arm_ws/install/arm_controller:/home/ros/arm_ws/install/arm_bringup:/opt/ros/humble'), ('SHELL', '/bin/bash'), ('LC_NAME', 'es_CO.UTF-8'), ('TERMINATOR_UUID', 'urn:uuid:3dc62beb-5acd-4d96-bb8e-eacca3db12ac'), ('QT_ACCESSIBILITY', '1'), ('GDMSESSION', 'ubuntu-xorg'), ('LESSCLOSE', '/usr/bin/lesspipe %s %s'), ('LC_MEASUREMENT', 'es_CO.UTF-8'), ('GPG_AGENT_INFO', '/run/user/1000/gnupg/S.gpg-agent:0:1'), ('LC_IDENTIFICATION', 'es_CO.UTF-8'), ('QT_IM_MODULE', 'ibus'), ('PWD', '/home/ros/arm_ws/build/arm_firmware'), ('LC_ALL', 'en_US.UTF-8'), ('XDG_CONFIG_DIRS', '/etc/xdg/xdg-ubuntu-xorg:/etc/xdg'), ('XDG_DATA_DIRS', '/usr/share/ubuntu-xorg:/usr/share/gnome:/usr/local/share/:/usr/share/:/var/lib/snapd/desktop'), ('PYTHONPATH', '/home/ros/arm_ws/install/arm_utils/local/lib/python3.10/dist-packages:/home/ros/arm_ws/install/arm_remote/local/lib/python3.10/dist-packages:/home/ros/arm_ws/install/arm_py_examples/lib/python3.10/site-packages:/home/ros/arm_ws/install/arm_msgs/local/lib/python3.10/dist-packages:/home/ros/arm_ws/install/arm_firmware/local/lib/python3.10/dist-packages:/home/ros/arm_ws/install/arm_controller/local/lib/python3.10/dist-packages:/opt/ros/humble/lib/python3.10/site-packages:/opt/ros/humble/local/lib/python3.10/dist-packages'), ('LC_NUMERIC', 'es_CO.UTF-8'), ('LC_PAPER', 'es_CO.UTF-8'), ('COLCON', '1'), ('VTE_VERSION', '6800'), ('CMAKE_PREFIX_PATH', '/home/ros/arm_ws/install/arm_utils:/home/ros/arm_ws/install/arm_remote:/home/ros/arm_ws/install/arm_cpp_examples:/home/ros/arm_ws/install/arm_msgs:/home/ros/arm_ws/install/arm_moveit:/home/ros/arm_ws/install/arm_firmware:/home/ros/arm_ws/install/arm_description:/home/ros/arm_ws/install/arm_controller:/home/ros/arm_ws/install/arm_bringup:/home/ros/arm_ws/install/arm_py_examples:/opt/ros/humble')]), 'shell': False}
[10.620032] (-) TimerEvent: {}
[10.722883] (-) TimerEvent: {}
[10.831289] (-) TimerEvent: {}
[10.935902] (-) TimerEvent: {}
[11.036460] (-) TimerEvent: {}
[11.141445] (-) TimerEvent: {}
[11.245663] (-) TimerEvent: {}
[11.255374] (arm_firmware) StdoutLine: {'line': b'[  0%] Built target ament_cmake_python_copy_arm_firmware\n'}
[11.259701] (arm_msgs) JobProgress: {'identifier': 'arm_msgs', 'progress': 'install'}
[11.263476] (arm_msgs) Command: {'cmd': ['/usr/bin/cmake', '--install', '/home/ros/arm_ws/build/arm_msgs'], 'cwd': '/home/ros/arm_ws/build/arm_msgs', 'env': OrderedDict([('LESSOPEN', '| /usr/bin/lesspipe %s'), ('LANGUAGE', 'en_US:'), ('USER', 'ros'), ('LC_TIME', 'es_CO.UTF-8'), ('XDG_SESSION_TYPE', 'x11'), ('SHLVL', '1'), ('LD_LIBRARY_PATH', '/home/ros/arm_ws/install/arm_remote/lib:/home/ros/arm_ws/install/arm_cpp_examples/lib:/home/ros/arm_ws/install/arm_msgs/lib:/home/ros/arm_ws/install/arm_controller/lib:/usr/lib/x86_64-linux-gnu/gazebo-11/plugins:/opt/ros/humble/opt/rviz_ogre_vendor/lib:/opt/ros/humble/lib/x86_64-linux-gnu:/opt/ros/humble/lib'), ('HOME', '/home/ros'), ('OLDPWD', '/home/ros'), ('DESKTOP_SESSION', 'ubuntu-xorg'), ('ROS_PYTHON_VERSION', '3'), ('GNOME_SHELL_SESSION_MODE', 'ubuntu'), ('GTK_MODULES', 'gail:atk-bridge'), ('LC_MONETARY', 'es_CO.UTF-8'), ('MANAGERPID', '1022'), ('SYSTEMD_EXEC_PID', '1648'), ('DBUS_SESSION_BUS_ADDRESS', 'unix:path=/run/user/1000/bus'), ('COLORTERM', 'truecolor'), ('TERMINATOR_DBUS_NAME', 'net.tenshu.Terminator21a9d5db22c73a993ff0b42f64b396873'), ('GIO_LAUNCHED_DESKTOP_FILE_PID', '5308'), ('COLCON_PREFIX_PATH', '/home/ros/arm_ws/install'), ('ROS_DISTRO', 'humble'), ('GTK_IM_MODULE', 'ibus'), ('LOGNAME', 'ros'), ('JOURNAL_STREAM', '8:21986'), ('_', '/usr/bin/colcon'), ('ROS_VERSION', '2'), ('XDG_SESSION_CLASS', 'user'), ('USERNAME', 'ros'), ('TERM', 'xterm-256color'), ('GNOME_DESKTOP_SESSION_ID', 'this-is-deprecated'), ('ROS_LOCALHOST_ONLY', '0'), ('WINDOWPATH', '2'), ('PATH', '/opt/ros/humble/bin:/home/ros/.local/bin:/usr/local/sbin:/usr/local/bin:/usr/sbin:/usr/bin:/sbin:/bin:/usr/games:/usr/local/games:/snap/bin:/snap/bin'), ('SESSION_MANAGER', 'local/ros-virtual-machine:@/tmp/.ICE-unix/1380,unix/ros-virtual-machine:/tmp/.ICE-unix/1380'), ('INVOCATION_ID', 'edc79796a9204906952502603e82de6b'), ('XDG_MENU_PREFIX', 'gnome-'), ('LC_ADDRESS', 'es_CO.UTF-8'), ('XDG_RUNTIME_DIR', '/run/user/1000'), ('DISPLAY', ':0'), ('TERMINATOR_DBUS_PATH', '/net/tenshu/Terminator2'), ('LANG', 'en_US.UTF-8'), ('XDG_CURRENT_DESKTOP', 'ubuntu:GNOME'), ('IBUS_DISABLE_SNOOPER', '1'), ('LC_TELEPHONE', 'es_CO.UTF-8'), ('XMODIFIERS', '@im=ibus'), ('XDG_SESSION_DESKTOP', 'ubuntu-xorg'), ('XAUTHORITY', '/run/user/1000/gdm/Xauthority'), ('LS_COLORS', 'rs=0:di=01;34:ln=01;36:mh=00:pi=40;33:so=01;35:do=01;35:bd=40;33;01:cd=40;33;01:or=40;31;01:mi=00:su=37;41:sg=30;43:ca=30;41:tw=30;42:ow=34;42:st=37;44:ex=01;32:*.tar=01;31:*.tgz=01;31:*.arc=01;31:*.arj=01;31:*.taz=01;31:*.lha=01;31:*.lz4=01;31:*.lzh=01;31:*.lzma=01;31:*.tlz=01;31:*.txz=01;31:*.tzo=01;31:*.t7z=01;31:*.zip=01;31:*.z=01;31:*.dz=01;31:*.gz=01;31:*.lrz=01;31:*.lz=01;31:*.lzo=01;31:*.xz=01;31:*.zst=01;31:*.tzst=01;31:*.bz2=01;31:*.bz=01;31:*.tbz=01;31:*.tbz2=01;31:*.tz=01;31:*.deb=01;31:*.rpm=01;31:*.jar=01;31:*.war=01;31:*.ear=01;31:*.sar=01;31:*.rar=01;31:*.alz=01;31:*.ace=01;31:*.zoo=01;31:*.cpio=01;31:*.7z=01;31:*.rz=01;31:*.cab=01;31:*.wim=01;31:*.swm=01;31:*.dwm=01;31:*.esd=01;31:*.jpg=01;35:*.jpeg=01;35:*.mjpg=01;35:*.mjpeg=01;35:*.gif=01;35:*.bmp=01;35:*.pbm=01;35:*.pgm=01;35:*.ppm=01;35:*.tga=01;35:*.xbm=01;35:*.xpm=01;35:*.tif=01;35:*.tiff=01;35:*.png=01;35:*.svg=01;35:*.svgz=01;35:*.mng=01;35:*.pcx=01;35:*.mov=01;35:*.mpg=01;35:*.mpeg=01;35:*.m2v=01;35:*.mkv=01;35:*.webm=01;35:*.webp=01;35:*.ogm=01;35:*.mp4=01;35:*.m4v=01;35:*.mp4v=01;35:*.vob=01;35:*.qt=01;35:*.nuv=01;35:*.wmv=01;35:*.asf=01;35:*.rm=01;35:*.rmvb=01;35:*.flc=01;35:*.avi=01;35:*.fli=01;35:*.flv=01;35:*.gl=01;35:*.dl=01;35:*.xcf=01;35:*.xwd=01;35:*.yuv=01;35:*.cgm=01;35:*.emf=01;35:*.ogv=01;35:*.ogx=01;35:*.aac=00;36:*.au=00;36:*.flac=00;36:*.m4a=00;36:*.mid=00;36:*.midi=00;36:*.mka=00;36:*.mp3=00;36:*.mpc=00;36:*.ogg=00;36:*.ra=00;36:*.wav=00;36:*.oga=00;36:*.opus=00;36:*.spx=00;36:*.xspf=00;36:'), ('SSH_AGENT_LAUNCHER', 'gnome-keyring'), ('SSH_AUTH_SOCK', '/run/user/1000/keyring/ssh'), ('AMENT_PREFIX_PATH', '/home/ros/arm_ws/install/arm_utils:/home/ros/arm_ws/install/arm_remote:/home/ros/arm_ws/install/arm_py_examples:/home/ros/arm_ws/install/arm_cpp_examples:/home/ros/arm_ws/install/arm_msgs:/home/ros/arm_ws/install/arm_moveit:/home/ros/arm_ws/install/arm_firmware:/home/ros/arm_ws/install/arm_description:/home/ros/arm_ws/install/arm_controller:/home/ros/arm_ws/install/arm_bringup:/opt/ros/humble'), ('SHELL', '/bin/bash'), ('LC_NAME', 'es_CO.UTF-8'), ('TERMINATOR_UUID', 'urn:uuid:3dc62beb-5acd-4d96-bb8e-eacca3db12ac'), ('QT_ACCESSIBILITY', '1'), ('GDMSESSION', 'ubuntu-xorg'), ('LESSCLOSE', '/usr/bin/lesspipe %s %s'), ('LC_MEASUREMENT', 'es_CO.UTF-8'), ('GPG_AGENT_INFO', '/run/user/1000/gnupg/S.gpg-agent:0:1'), ('LC_IDENTIFICATION', 'es_CO.UTF-8'), ('QT_IM_MODULE', 'ibus'), ('PWD', '/home/ros/arm_ws/build/arm_msgs'), ('LC_ALL', 'en_US.UTF-8'), ('XDG_CONFIG_DIRS', '/etc/xdg/xdg-ubuntu-xorg:/etc/xdg'), ('XDG_DATA_DIRS', '/usr/share/ubuntu-xorg:/usr/share/gnome:/usr/local/share/:/usr/share/:/var/lib/snapd/desktop'), ('PYTHONPATH', '/home/ros/arm_ws/install/arm_utils/local/lib/python3.10/dist-packages:/home/ros/arm_ws/install/arm_remote/local/lib/python3.10/dist-packages:/home/ros/arm_ws/install/arm_py_examples/lib/python3.10/site-packages:/home/ros/arm_ws/install/arm_msgs/local/lib/python3.10/dist-packages:/home/ros/arm_ws/install/arm_firmware/local/lib/python3.10/dist-packages:/home/ros/arm_ws/install/arm_controller/local/lib/python3.10/dist-packages:/opt/ros/humble/lib/python3.10/site-packages:/opt/ros/humble/local/lib/python3.10/dist-packages'), ('LC_NUMERIC', 'es_CO.UTF-8'), ('LC_PAPER', 'es_CO.UTF-8'), ('COLCON', '1'), ('VTE_VERSION', '6800'), ('CMAKE_PREFIX_PATH', '/home/ros/arm_ws/install/arm_utils:/home/ros/arm_ws/install/arm_remote:/home/ros/arm_ws/install/arm_cpp_examples:/home/ros/arm_ws/install/arm_msgs:/home/ros/arm_ws/install/arm_moveit:/home/ros/arm_ws/install/arm_firmware:/home/ros/arm_ws/install/arm_description:/home/ros/arm_ws/install/arm_controller:/home/ros/arm_ws/install/arm_bringup:/home/ros/arm_ws/install/arm_py_examples:/opt/ros/humble')]), 'shell': False}
[11.348239] (-) TimerEvent: {}
[11.388441] (arm_msgs) StdoutLine: {'line': b'-- Install configuration: ""\n'}
[11.389193] (arm_msgs) StdoutLine: {'line': b'-- Up-to-date: /home/ros/arm_ws/install/arm_msgs/share/ament_index/resource_index/rosidl_interfaces/arm_msgs\n'}
[11.389358] (arm_msgs) StdoutLine: {'line': b'-- Up-to-date: /home/ros/arm_ws/install/arm_msgs/include/arm_msgs/arm_msgs\n'}
[11.389488] (arm_msgs) StdoutLine: {'line': b'-- Up-to-date: /home/ros/arm_ws/install/arm_msgs/include/arm_msgs/arm_msgs/msg\n'}
[11.389699] (arm_msgs) StdoutLine: {'line': b'-- Up-to-date: /home/ros/arm_ws/install/arm_msgs/include/arm_msgs/arm_msgs/msg/rosidl_generator_c__visibility_control.h\n'}
[11.398062] (arm_msgs) StdoutLine: {'line': b'-- Up-to-date: /home/ros/arm_ws/install/arm_msgs/include/arm_msgs/arm_msgs/srv\n'}
[11.398539] (arm_msgs) StdoutLine: {'line': b'-- Up-to-date: /home/ros/arm_ws/install/arm_msgs/include/arm_msgs/arm_msgs/srv/euler_to_quaternion.h\n'}
[11.399522] (arm_msgs) StdoutLine: {'line': b'-- Up-to-date: /home/ros/arm_ws/install/arm_msgs/include/arm_msgs/arm_msgs/srv/detail\n'}
[11.399986] (arm_msgs) StdoutLine: {'line': b'-- Up-to-date: /home/ros/arm_ws/install/arm_msgs/include/arm_msgs/arm_msgs/srv/detail/quaternion_to_euler__functions.c\n'}
[11.400388] (arm_msgs) StdoutLine: {'line': b'-- Up-to-date: /home/ros/arm_ws/install/arm_msgs/include/arm_msgs/arm_msgs/srv/detail/euler_to_quaternion__functions.c\n'}
[11.408618] (arm_msgs) StdoutLine: {'line': b'-- Up-to-date: /home/ros/arm_ws/install/arm_msgs/include/arm_msgs/arm_msgs/srv/detail/quaternion_to_euler__struct.h\n'}
[11.413897] (arm_msgs) StdoutLine: {'line': b'-- Up-to-date: /home/ros/arm_ws/install/arm_msgs/include/arm_msgs/arm_msgs/srv/detail/add_two_ints__functions.c\n'}
[11.414321] (arm_msgs) StdoutLine: {'line': b'-- Up-to-date: /home/ros/arm_ws/install/arm_msgs/include/arm_msgs/arm_msgs/srv/detail/euler_to_quaternion__functions.h\n'}
[11.414543] (arm_msgs) StdoutLine: {'line': b'-- Up-to-date: /home/ros/arm_ws/install/arm_msgs/include/arm_msgs/arm_msgs/srv/detail/add_two_ints__type_support.h\n'}
[11.417169] (arm_msgs) StdoutLine: {'line': b'-- Up-to-date: /home/ros/arm_ws/install/arm_msgs/include/arm_msgs/arm_msgs/srv/detail/euler_to_quaternion__type_support.h\n'}
[11.417546] (arm_msgs) StdoutLine: {'line': b'-- Up-to-date: /home/ros/arm_ws/install/arm_msgs/include/arm_msgs/arm_msgs/srv/detail/quaternion_to_euler__functions.h\n'}
[11.419597] (arm_msgs) StdoutLine: {'line': b'-- Up-to-date: /home/ros/arm_ws/install/arm_msgs/include/arm_msgs/arm_msgs/srv/detail/quaternion_to_euler__type_support.h\n'}
[11.420157] (arm_msgs) StdoutLine: {'line': b'-- Up-to-date: /home/ros/arm_ws/install/arm_msgs/include/arm_msgs/arm_msgs/srv/detail/add_two_ints__functions.h\n'}
[11.420413] (arm_msgs) StdoutLine: {'line': b'-- Up-to-date: /home/ros/arm_ws/install/arm_msgs/include/arm_msgs/arm_msgs/srv/detail/add_two_ints__struct.h\n'}
[11.420643] (arm_msgs) StdoutLine: {'line': b'-- Up-to-date: /home/ros/arm_ws/install/arm_msgs/include/arm_msgs/arm_msgs/srv/detail/euler_to_quaternion__struct.h\n'}
[11.428593] (arm_msgs) StdoutLine: {'line': b'-- Up-to-date: /home/ros/arm_ws/install/arm_msgs/include/arm_msgs/arm_msgs/srv/add_two_ints.h\n'}
[11.428889] (arm_msgs) StdoutLine: {'line': b'-- Up-to-date: /home/ros/arm_ws/install/arm_msgs/include/arm_msgs/arm_msgs/srv/quaternion_to_euler.h\n'}
[11.429114] (arm_msgs) StdoutLine: {'line': b'-- Up-to-date: /home/ros/arm_ws/install/arm_msgs/include/arm_msgs/arm_msgs/action\n'}
[11.429275] (arm_msgs) StdoutLine: {'line': b'-- Up-to-date: /home/ros/arm_ws/install/arm_msgs/include/arm_msgs/arm_msgs/action/fibonacci.h\n'}
[11.434968] (arm_msgs) StdoutLine: {'line': b'-- Up-to-date: /home/ros/arm_ws/install/arm_msgs/include/arm_msgs/arm_msgs/action/arm_task.h\n'}
[11.435423] (arm_msgs) StdoutLine: {'line': b'-- Up-to-date: /home/ros/arm_ws/install/arm_msgs/include/arm_msgs/arm_msgs/action/detail\n'}
[11.435811] (arm_msgs) StdoutLine: {'line': b'-- Up-to-date: /home/ros/arm_ws/install/arm_msgs/include/arm_msgs/arm_msgs/action/detail/fibonacci__functions.c\n'}
[11.436091] (arm_msgs) StdoutLine: {'line': b'-- Up-to-date: /home/ros/arm_ws/install/arm_msgs/include/arm_msgs/arm_msgs/action/detail/arm_task__struct.h\n'}
[11.436317] (arm_msgs) StdoutLine: {'line': b'-- Up-to-date: /home/ros/arm_ws/install/arm_msgs/include/arm_msgs/arm_msgs/action/detail/fibonacci__functions.h\n'}
[11.436662] (arm_msgs) StdoutLine: {'line': b'-- Up-to-date: /home/ros/arm_ws/install/arm_msgs/include/arm_msgs/arm_msgs/action/detail/fibonacci__struct.h\n'}
[11.440885] (arm_msgs) StdoutLine: {'line': b'-- Up-to-date: /home/ros/arm_ws/install/arm_msgs/include/arm_msgs/arm_msgs/action/detail/arm_task__functions.c\n'}
[11.441140] (arm_msgs) StdoutLine: {'line': b'-- Up-to-date: /home/ros/arm_ws/install/arm_msgs/include/arm_msgs/arm_msgs/action/detail/arm_task__functions.h\n'}
[11.441264] (arm_msgs) StdoutLine: {'line': b'-- Up-to-date: /home/ros/arm_ws/install/arm_msgs/include/arm_msgs/arm_msgs/action/detail/arm_task__type_support.h\n'}
[11.441376] (arm_msgs) StdoutLine: {'line': b'-- Up-to-date: /home/ros/arm_ws/install/arm_msgs/include/arm_msgs/arm_msgs/action/detail/fibonacci__type_support.h\n'}
[11.441486] (arm_msgs) StdoutLine: {'line': b'-- Up-to-date: /home/ros/arm_ws/install/arm_msgs/share/arm_msgs/environment/library_path.sh\n'}
[11.441675] (arm_msgs) StdoutLine: {'line': b'-- Up-to-date: /home/ros/arm_ws/install/arm_msgs/share/arm_msgs/environment/library_path.dsv\n'}
[11.449681] (-) TimerEvent: {}
[11.450585] (arm_msgs) StdoutLine: {'line': b'-- Up-to-date: /home/ros/arm_ws/install/arm_msgs/lib/libarm_msgs__rosidl_generator_c.so\n'}
[11.450951] (arm_msgs) StdoutLine: {'line': b'-- Up-to-date: /home/ros/arm_ws/install/arm_msgs/include/arm_msgs/arm_msgs\n'}
[11.451194] (arm_msgs) StdoutLine: {'line': b'-- Up-to-date: /home/ros/arm_ws/install/arm_msgs/include/arm_msgs/arm_msgs/msg\n'}
[11.451429] (arm_msgs) StdoutLine: {'line': b'-- Up-to-date: /home/ros/arm_ws/install/arm_msgs/include/arm_msgs/arm_msgs/msg/rosidl_typesupport_fastrtps_c__visibility_control.h\n'}
[11.457464] (arm_msgs) StdoutLine: {'line': b'-- Up-to-date: /home/ros/arm_ws/install/arm_msgs/include/arm_msgs/arm_msgs/srv\n'}
[11.463573] (arm_msgs) StdoutLine: {'line': b'-- Up-to-date: /home/ros/arm_ws/install/arm_msgs/include/arm_msgs/arm_msgs/srv/detail\n'}
[11.465142] (arm_msgs) StdoutLine: {'line': b'-- Up-to-date: /home/ros/arm_ws/install/arm_msgs/include/arm_msgs/arm_msgs/srv/detail/quaternion_to_euler__rosidl_typesupport_fastrtps_c.h\n'}
[11.465319] (arm_msgs) StdoutLine: {'line': b'-- Up-to-date: /home/ros/arm_ws/install/arm_msgs/include/arm_msgs/arm_msgs/srv/detail/euler_to_quaternion__rosidl_typesupport_fastrtps_c.h\n'}
[11.465443] (arm_msgs) StdoutLine: {'line': b'-- Up-to-date: /home/ros/arm_ws/install/arm_msgs/include/arm_msgs/arm_msgs/srv/detail/add_two_ints__rosidl_typesupport_fastrtps_c.h\n'}
[11.465643] (arm_msgs) StdoutLine: {'line': b'-- Up-to-date: /home/ros/arm_ws/install/arm_msgs/include/arm_msgs/arm_msgs/action\n'}
[11.468844] (arm_msgs) StdoutLine: {'line': b'-- Up-to-date: /home/ros/arm_ws/install/arm_msgs/include/arm_msgs/arm_msgs/action/detail\n'}
[11.469188] (arm_msgs) StdoutLine: {'line': b'-- Up-to-date: /home/ros/arm_ws/install/arm_msgs/include/arm_msgs/arm_msgs/action/detail/arm_task__rosidl_typesupport_fastrtps_c.h\n'}
[11.469367] (arm_msgs) StdoutLine: {'line': b'-- Up-to-date: /home/ros/arm_ws/install/arm_msgs/include/arm_msgs/arm_msgs/action/detail/fibonacci__rosidl_typesupport_fastrtps_c.h\n'}
[11.469560] (arm_msgs) StdoutLine: {'line': b'-- Up-to-date: /home/ros/arm_ws/install/arm_msgs/lib/libarm_msgs__rosidl_typesupport_fastrtps_c.so\n'}
[11.475178] (arm_msgs) StdoutLine: {'line': b'-- Up-to-date: /home/ros/arm_ws/install/arm_msgs/include/arm_msgs/arm_msgs\n'}
[11.475885] (arm_msgs) StdoutLine: {'line': b'-- Up-to-date: /home/ros/arm_ws/install/arm_msgs/include/arm_msgs/arm_msgs/srv\n'}
[11.476093] (arm_msgs) StdoutLine: {'line': b'-- Up-to-date: /home/ros/arm_ws/install/arm_msgs/include/arm_msgs/arm_msgs/srv/euler_to_quaternion.hpp\n'}
[11.481686] (arm_msgs) StdoutLine: {'line': b'-- Up-to-date: /home/ros/arm_ws/install/arm_msgs/include/arm_msgs/arm_msgs/srv/quaternion_to_euler.hpp\n'}
[11.482131] (arm_msgs) StdoutLine: {'line': b'-- Up-to-date: /home/ros/arm_ws/install/arm_msgs/include/arm_msgs/arm_msgs/srv/detail\n'}
[11.482443] (arm_msgs) StdoutLine: {'line': b'-- Up-to-date: /home/ros/arm_ws/install/arm_msgs/include/arm_msgs/arm_msgs/srv/detail/euler_to_quaternion__traits.hpp\n'}
[11.482578] (arm_msgs) StdoutLine: {'line': b'-- Up-to-date: /home/ros/arm_ws/install/arm_msgs/include/arm_msgs/arm_msgs/srv/detail/euler_to_quaternion__struct.hpp\n'}
[11.482698] (arm_msgs) StdoutLine: {'line': b'-- Up-to-date: /home/ros/arm_ws/install/arm_msgs/include/arm_msgs/arm_msgs/srv/detail/quaternion_to_euler__struct.hpp\n'}
[11.488118] (arm_msgs) StdoutLine: {'line': b'-- Up-to-date: /home/ros/arm_ws/install/arm_msgs/include/arm_msgs/arm_msgs/srv/detail/euler_to_quaternion__builder.hpp\n'}
[11.488373] (arm_msgs) StdoutLine: {'line': b'-- Up-to-date: /home/ros/arm_ws/install/arm_msgs/include/arm_msgs/arm_msgs/srv/detail/add_two_ints__traits.hpp\n'}
[11.488585] (arm_msgs) StdoutLine: {'line': b'-- Up-to-date: /home/ros/arm_ws/install/arm_msgs/include/arm_msgs/arm_msgs/srv/detail/quaternion_to_euler__traits.hpp\n'}
[11.492631] (arm_msgs) StdoutLine: {'line': b'-- Up-to-date: /home/ros/arm_ws/install/arm_msgs/include/arm_msgs/arm_msgs/srv/detail/quaternion_to_euler__builder.hpp\n'}
[11.493506] (arm_msgs) StdoutLine: {'line': b'-- Up-to-date: /home/ros/arm_ws/install/arm_msgs/include/arm_msgs/arm_msgs/srv/detail/add_two_ints__builder.hpp\n'}
[11.493847] (arm_msgs) StdoutLine: {'line': b'-- Up-to-date: /home/ros/arm_ws/install/arm_msgs/include/arm_msgs/arm_msgs/srv/detail/add_two_ints__struct.hpp\n'}
[11.494117] (arm_msgs) StdoutLine: {'line': b'-- Up-to-date: /home/ros/arm_ws/install/arm_msgs/include/arm_msgs/arm_msgs/srv/add_two_ints.hpp\n'}
[11.494336] (arm_msgs) StdoutLine: {'line': b'-- Up-to-date: /home/ros/arm_ws/install/arm_msgs/include/arm_msgs/arm_msgs/action\n'}
[11.494555] (arm_msgs) StdoutLine: {'line': b'-- Up-to-date: /home/ros/arm_ws/install/arm_msgs/include/arm_msgs/arm_msgs/action/arm_task.hpp\n'}
[11.501256] (arm_msgs) StdoutLine: {'line': b'-- Up-to-date: /home/ros/arm_ws/install/arm_msgs/include/arm_msgs/arm_msgs/action/detail\n'}
[11.501783] (arm_msgs) StdoutLine: {'line': b'-- Up-to-date: /home/ros/arm_ws/install/arm_msgs/include/arm_msgs/arm_msgs/action/detail/fibonacci__builder.hpp\n'}
[11.502061] (arm_msgs) StdoutLine: {'line': b'-- Up-to-date: /home/ros/arm_ws/install/arm_msgs/include/arm_msgs/arm_msgs/action/detail/fibonacci__traits.hpp\n'}
[11.502227] (arm_msgs) StdoutLine: {'line': b'-- Up-to-date: /home/ros/arm_ws/install/arm_msgs/include/arm_msgs/arm_msgs/action/detail/arm_task__builder.hpp\n'}
[11.502342] (arm_msgs) StdoutLine: {'line': b'-- Up-to-date: /home/ros/arm_ws/install/arm_msgs/include/arm_msgs/arm_msgs/action/detail/arm_task__traits.hpp\n'}
[11.502448] (arm_msgs) StdoutLine: {'line': b'-- Up-to-date: /home/ros/arm_ws/install/arm_msgs/include/arm_msgs/arm_msgs/action/detail/arm_task__struct.hpp\n'}
[11.502553] (arm_msgs) StdoutLine: {'line': b'-- Up-to-date: /home/ros/arm_ws/install/arm_msgs/include/arm_msgs/arm_msgs/action/detail/fibonacci__struct.hpp\n'}
[11.502672] (arm_msgs) StdoutLine: {'line': b'-- Up-to-date: /home/ros/arm_ws/install/arm_msgs/include/arm_msgs/arm_msgs/action/fibonacci.hpp\n'}
[11.514514] (arm_msgs) StdoutLine: {'line': b'-- Up-to-date: /home/ros/arm_ws/install/arm_msgs/include/arm_msgs/arm_msgs\n'}
[11.514758] (arm_msgs) StdoutLine: {'line': b'-- Up-to-date: /home/ros/arm_ws/install/arm_msgs/include/arm_msgs/arm_msgs/msg\n'}
[11.514908] (arm_msgs) StdoutLine: {'line': b'-- Up-to-date: /home/ros/arm_ws/install/arm_msgs/include/arm_msgs/arm_msgs/msg/rosidl_typesupport_fastrtps_cpp__visibility_control.h\n'}
[11.515218] (arm_msgs) StdoutLine: {'line': b'-- Up-to-date: /home/ros/arm_ws/install/arm_msgs/include/arm_msgs/arm_msgs/srv\n'}
[11.515355] (arm_msgs) StdoutLine: {'line': b'-- Up-to-date: /home/ros/arm_ws/install/arm_msgs/include/arm_msgs/arm_msgs/srv/detail\n'}
[11.515462] (arm_msgs) StdoutLine: {'line': b'-- Up-to-date: /home/ros/arm_ws/install/arm_msgs/include/arm_msgs/arm_msgs/srv/detail/quaternion_to_euler__rosidl_typesupport_fastrtps_cpp.hpp\n'}
[11.515568] (arm_msgs) StdoutLine: {'line': b'-- Up-to-date: /home/ros/arm_ws/install/arm_msgs/include/arm_msgs/arm_msgs/srv/detail/add_two_ints__rosidl_typesupport_fastrtps_cpp.hpp\n'}
[11.515670] (arm_msgs) StdoutLine: {'line': b'-- Up-to-date: /home/ros/arm_ws/install/arm_msgs/include/arm_msgs/arm_msgs/srv/detail/dds_fastrtps\n'}
[11.517099] (arm_msgs) StdoutLine: {'line': b'-- Up-to-date: /home/ros/arm_ws/install/arm_msgs/include/arm_msgs/arm_msgs/srv/detail/euler_to_quaternion__rosidl_typesupport_fastrtps_cpp.hpp\n'}
[11.517404] (arm_msgs) StdoutLine: {'line': b'-- Up-to-date: /home/ros/arm_ws/install/arm_msgs/include/arm_msgs/arm_msgs/action\n'}
[11.517620] (arm_msgs) StdoutLine: {'line': b'-- Up-to-date: /home/ros/arm_ws/install/arm_msgs/include/arm_msgs/arm_msgs/action/detail\n'}
[11.517893] (arm_msgs) StdoutLine: {'line': b'-- Up-to-date: /home/ros/arm_ws/install/arm_msgs/include/arm_msgs/arm_msgs/action/detail/dds_fastrtps\n'}
[11.518120] (arm_msgs) StdoutLine: {'line': b'-- Up-to-date: /home/ros/arm_ws/install/arm_msgs/include/arm_msgs/arm_msgs/action/detail/fibonacci__rosidl_typesupport_fastrtps_cpp.hpp\n'}
[11.518335] (arm_msgs) StdoutLine: {'line': b'-- Up-to-date: /home/ros/arm_ws/install/arm_msgs/include/arm_msgs/arm_msgs/action/detail/arm_task__rosidl_typesupport_fastrtps_cpp.hpp\n'}
[11.518538] (arm_msgs) StdoutLine: {'line': b'-- Up-to-date: /home/ros/arm_ws/install/arm_msgs/lib/libarm_msgs__rosidl_typesupport_fastrtps_cpp.so\n'}
[11.523587] (arm_msgs) StdoutLine: {'line': b'-- Up-to-date: /home/ros/arm_ws/install/arm_msgs/include/arm_msgs/arm_msgs\n'}
[11.527882] (arm_msgs) StdoutLine: {'line': b'-- Up-to-date: /home/ros/arm_ws/install/arm_msgs/include/arm_msgs/arm_msgs/msg\n'}
[11.528347] (arm_msgs) StdoutLine: {'line': b'-- Up-to-date: /home/ros/arm_ws/install/arm_msgs/include/arm_msgs/arm_msgs/msg/rosidl_typesupport_introspection_c__visibility_control.h\n'}
[11.528580] (arm_msgs) StdoutLine: {'line': b'-- Up-to-date: /home/ros/arm_ws/install/arm_msgs/include/arm_msgs/arm_msgs/srv\n'}
[11.529359] (arm_msgs) StdoutLine: {'line': b'-- Up-to-date: /home/ros/arm_ws/install/arm_msgs/include/arm_msgs/arm_msgs/srv/detail\n'}
[11.529620] (arm_msgs) StdoutLine: {'line': b'-- Up-to-date: /home/ros/arm_ws/install/arm_msgs/include/arm_msgs/arm_msgs/srv/detail/euler_to_quaternion__rosidl_typesupport_introspection_c.h\n'}
[11.535482] (arm_msgs) StdoutLine: {'line': b'-- Up-to-date: /home/ros/arm_ws/install/arm_msgs/include/arm_msgs/arm_msgs/srv/detail/euler_to_quaternion__type_support.c\n'}
[11.540076] (arm_msgs) StdoutLine: {'line': b'-- Up-to-date: /home/ros/arm_ws/install/arm_msgs/include/arm_msgs/arm_msgs/srv/detail/quaternion_to_euler__rosidl_typesupport_introspection_c.h\n'}
[11.540272] (arm_msgs) StdoutLine: {'line': b'-- Up-to-date: /home/ros/arm_ws/install/arm_msgs/include/arm_msgs/arm_msgs/srv/detail/add_two_ints__rosidl_typesupport_introspection_c.h\n'}
[11.540393] (arm_msgs) StdoutLine: {'line': b'-- Up-to-date: /home/ros/arm_ws/install/arm_msgs/include/arm_msgs/arm_msgs/srv/detail/add_two_ints__type_support.c\n'}
[11.540526] (arm_msgs) StdoutLine: {'line': b'-- Up-to-date: /home/ros/arm_ws/install/arm_msgs/include/arm_msgs/arm_msgs/srv/detail/quaternion_to_euler__type_support.c\n'}
[11.540635] (arm_msgs) StdoutLine: {'line': b'-- Up-to-date: /home/ros/arm_ws/install/arm_msgs/include/arm_msgs/arm_msgs/action\n'}
[11.540767] (arm_msgs) StdoutLine: {'line': b'-- Up-to-date: /home/ros/arm_ws/install/arm_msgs/include/arm_msgs/arm_msgs/action/detail\n'}
[11.540891] (arm_msgs) StdoutLine: {'line': b'-- Up-to-date: /home/ros/arm_ws/install/arm_msgs/include/arm_msgs/arm_msgs/action/detail/arm_task__type_support.c\n'}
[11.540993] (arm_msgs) StdoutLine: {'line': b'-- Up-to-date: /home/ros/arm_ws/install/arm_msgs/include/arm_msgs/arm_msgs/action/detail/fibonacci__type_support.c\n'}
[11.541094] (arm_firmware) StdoutLine: {'line': b'[ 50%] Built target simple_serial_receiver\n'}
[11.541226] (arm_msgs) StdoutLine: {'line': b'-- Up-to-date: /home/ros/arm_ws/install/arm_msgs/include/arm_msgs/arm_msgs/action/detail/fibonacci__rosidl_typesupport_introspection_c.h\n'}
[11.541354] (arm_msgs) StdoutLine: {'line': b'-- Up-to-date: /home/ros/arm_ws/install/arm_msgs/include/arm_msgs/arm_msgs/action/detail/arm_task__rosidl_typesupport_introspection_c.h\n'}
[11.541458] (arm_msgs) StdoutLine: {'line': b'-- Up-to-date: /home/ros/arm_ws/install/arm_msgs/lib/libarm_msgs__rosidl_typesupport_introspection_c.so\n'}
[11.541559] (arm_msgs) StdoutLine: {'line': b'-- Up-to-date: /home/ros/arm_ws/install/arm_msgs/lib/libarm_msgs__rosidl_typesupport_c.so\n'}
[11.546978] (arm_msgs) StdoutLine: {'line': b'-- Up-to-date: /home/ros/arm_ws/install/arm_msgs/include/arm_msgs/arm_msgs\n'}
[11.547336] (arm_msgs) StdoutLine: {'line': b'-- Up-to-date: /home/ros/arm_ws/install/arm_msgs/include/arm_msgs/arm_msgs/srv\n'}
[11.547684] (arm_msgs) StdoutLine: {'line': b'-- Up-to-date: /home/ros/arm_ws/install/arm_msgs/include/arm_msgs/arm_msgs/srv/detail\n'}
[11.547961] (arm_msgs) StdoutLine: {'line': b'-- Up-to-date: /home/ros/arm_ws/install/arm_msgs/include/arm_msgs/arm_msgs/srv/detail/add_two_ints__type_support.cpp\n'}
[11.552577] (-) TimerEvent: {}
[11.556326] (arm_msgs) StdoutLine: {'line': b'-- Up-to-date: /home/ros/arm_ws/install/arm_msgs/include/arm_msgs/arm_msgs/srv/detail/quaternion_to_euler__type_support.cpp\n'}
[11.556859] (arm_msgs) StdoutLine: {'line': b'-- Up-to-date: /home/ros/arm_ws/install/arm_msgs/include/arm_msgs/arm_msgs/srv/detail/euler_to_quaternion__type_support.cpp\n'}
[11.557083] (arm_msgs) StdoutLine: {'line': b'-- Up-to-date: /home/ros/arm_ws/install/arm_msgs/include/arm_msgs/arm_msgs/srv/detail/euler_to_quaternion__rosidl_typesupport_introspection_cpp.hpp\n'}
[11.557296] (arm_msgs) StdoutLine: {'line': b'-- Up-to-date: /home/ros/arm_ws/install/arm_msgs/include/arm_msgs/arm_msgs/srv/detail/add_two_ints__rosidl_typesupport_introspection_cpp.hpp\n'}
[11.557587] (arm_msgs) StdoutLine: {'line': b'-- Up-to-date: /home/ros/arm_ws/install/arm_msgs/include/arm_msgs/arm_msgs/srv/detail/quaternion_to_euler__rosidl_typesupport_introspection_cpp.hpp\n'}
[11.563827] (arm_msgs) StdoutLine: {'line': b'-- Up-to-date: /home/ros/arm_ws/install/arm_msgs/include/arm_msgs/arm_msgs/action\n'}
[11.564084] (arm_msgs) StdoutLine: {'line': b'-- Up-to-date: /home/ros/arm_ws/install/arm_msgs/include/arm_msgs/arm_msgs/action/detail\n'}
[11.564495] (arm_msgs) StdoutLine: {'line': b'-- Up-to-date: /home/ros/arm_ws/install/arm_msgs/include/arm_msgs/arm_msgs/action/detail/fibonacci__rosidl_typesupport_introspection_cpp.hpp\n'}
[11.564772] (arm_msgs) StdoutLine: {'line': b'-- Up-to-date: /home/ros/arm_ws/install/arm_msgs/include/arm_msgs/arm_msgs/action/detail/arm_task__rosidl_typesupport_introspection_cpp.hpp\n'}
[11.572893] (arm_msgs) StdoutLine: {'line': b'-- Up-to-date: /home/ros/arm_ws/install/arm_msgs/include/arm_msgs/arm_msgs/action/detail/fibonacci__type_support.cpp\n'}
[11.573258] (arm_msgs) StdoutLine: {'line': b'-- Up-to-date: /home/ros/arm_ws/install/arm_msgs/include/arm_msgs/arm_msgs/action/detail/arm_task__type_support.cpp\n'}
[11.573437] (arm_msgs) StdoutLine: {'line': b'-- Up-to-date: /home/ros/arm_ws/install/arm_msgs/lib/libarm_msgs__rosidl_typesupport_introspection_cpp.so\n'}
[11.573555] (arm_msgs) StdoutLine: {'line': b'-- Up-to-date: /home/ros/arm_ws/install/arm_msgs/lib/libarm_msgs__rosidl_typesupport_cpp.so\n'}
[11.573664] (arm_msgs) StdoutLine: {'line': b'-- Up-to-date: /home/ros/arm_ws/install/arm_msgs/share/arm_msgs/environment/pythonpath.sh\n'}
[11.573998] (arm_msgs) StdoutLine: {'line': b'-- Up-to-date: /home/ros/arm_ws/install/arm_msgs/share/arm_msgs/environment/pythonpath.dsv\n'}
[11.574122] (arm_msgs) StdoutLine: {'line': b'-- Up-to-date: /home/ros/arm_ws/install/arm_msgs/local/lib/python3.10/dist-packages/arm_msgs-0.0.0-py3.10.egg-info\n'}
[11.574242] (arm_msgs) StdoutLine: {'line': b'-- Installing: /home/ros/arm_ws/install/arm_msgs/local/lib/python3.10/dist-packages/arm_msgs-0.0.0-py3.10.egg-info/dependency_links.txt\n'}
[11.574349] (arm_msgs) StdoutLine: {'line': b'-- Installing: /home/ros/arm_ws/install/arm_msgs/local/lib/python3.10/dist-packages/arm_msgs-0.0.0-py3.10.egg-info/SOURCES.txt\n'}
[11.574453] (arm_msgs) StdoutLine: {'line': b'-- Installing: /home/ros/arm_ws/install/arm_msgs/local/lib/python3.10/dist-packages/arm_msgs-0.0.0-py3.10.egg-info/PKG-INFO\n'}
[11.574553] (arm_msgs) StdoutLine: {'line': b'-- Installing: /home/ros/arm_ws/install/arm_msgs/local/lib/python3.10/dist-packages/arm_msgs-0.0.0-py3.10.egg-info/top_level.txt\n'}
[11.574651] (arm_msgs) StdoutLine: {'line': b'-- Up-to-date: /home/ros/arm_ws/install/arm_msgs/local/lib/python3.10/dist-packages/arm_msgs\n'}
[11.580871] (arm_msgs) StdoutLine: {'line': b'-- Up-to-date: /home/ros/arm_ws/install/arm_msgs/local/lib/python3.10/dist-packages/arm_msgs/arm_msgs_s__rosidl_typesupport_introspection_c.cpython-310-x86_64-linux-gnu.so\n'}
[11.581133] (arm_msgs) StdoutLine: {'line': b'-- Up-to-date: /home/ros/arm_ws/install/arm_msgs/local/lib/python3.10/dist-packages/arm_msgs/_arm_msgs_s.ep.rosidl_typesupport_c.c\n'}
[11.581346] (arm_msgs) StdoutLine: {'line': b'-- Up-to-date: /home/ros/arm_ws/install/arm_msgs/local/lib/python3.10/dist-packages/arm_msgs/_arm_msgs_s.ep.rosidl_typesupport_fastrtps_c.c\n'}
[11.581546] (arm_msgs) StdoutLine: {'line': b'-- Up-to-date: /home/ros/arm_ws/install/arm_msgs/local/lib/python3.10/dist-packages/arm_msgs/libarm_msgs__rosidl_generator_py.so\n'}
[11.581902] (arm_msgs) StdoutLine: {'line': b'-- Up-to-date: /home/ros/arm_ws/install/arm_msgs/local/lib/python3.10/dist-packages/arm_msgs/_arm_msgs_s.ep.rosidl_typesupport_introspection_c.c\n'}
[11.582177] (arm_msgs) StdoutLine: {'line': b'-- Up-to-date: /home/ros/arm_ws/install/arm_msgs/local/lib/python3.10/dist-packages/arm_msgs/arm_msgs_s__rosidl_typesupport_c.cpython-310-x86_64-linux-gnu.so\n'}
[11.582351] (arm_msgs) StdoutLine: {'line': b'-- Up-to-date: /home/ros/arm_ws/install/arm_msgs/local/lib/python3.10/dist-packages/arm_msgs/__init__.py\n'}
[11.582595] (arm_msgs) StdoutLine: {'line': b'-- Up-to-date: /home/ros/arm_ws/install/arm_msgs/local/lib/python3.10/dist-packages/arm_msgs/srv\n'}
[11.591747] (arm_msgs) StdoutLine: {'line': b'-- Up-to-date: /home/ros/arm_ws/install/arm_msgs/local/lib/python3.10/dist-packages/arm_msgs/srv/_add_two_ints.py\n'}
[11.592117] (arm_msgs) StdoutLine: {'line': b'-- Up-to-date: /home/ros/arm_ws/install/arm_msgs/local/lib/python3.10/dist-packages/arm_msgs/srv/_add_two_ints_s.c\n'}
[11.592340] (arm_msgs) StdoutLine: {'line': b'-- Up-to-date: /home/ros/arm_ws/install/arm_msgs/local/lib/python3.10/dist-packages/arm_msgs/srv/_quaternion_to_euler.py\n'}
[11.592511] (arm_msgs) StdoutLine: {'line': b'-- Up-to-date: /home/ros/arm_ws/install/arm_msgs/local/lib/python3.10/dist-packages/arm_msgs/srv/__init__.py\n'}
[11.596253] (arm_msgs) StdoutLine: {'line': b'-- Up-to-date: /home/ros/arm_ws/install/arm_msgs/local/lib/python3.10/dist-packages/arm_msgs/srv/_euler_to_quaternion_s.c\n'}
[11.596402] (arm_msgs) StdoutLine: {'line': b'-- Up-to-date: /home/ros/arm_ws/install/arm_msgs/local/lib/python3.10/dist-packages/arm_msgs/srv/_euler_to_quaternion.py\n'}
[11.596536] (arm_msgs) StdoutLine: {'line': b'-- Up-to-date: /home/ros/arm_ws/install/arm_msgs/local/lib/python3.10/dist-packages/arm_msgs/srv/_quaternion_to_euler_s.c\n'}
[11.596691] (arm_msgs) StdoutLine: {'line': b'-- Up-to-date: /home/ros/arm_ws/install/arm_msgs/local/lib/python3.10/dist-packages/arm_msgs/action\n'}
[11.602485] (arm_msgs) StdoutLine: {'line': b'-- Up-to-date: /home/ros/arm_ws/install/arm_msgs/local/lib/python3.10/dist-packages/arm_msgs/action/_fibonacci.py\n'}
[11.602709] (arm_msgs) StdoutLine: {'line': b'-- Up-to-date: /home/ros/arm_ws/install/arm_msgs/local/lib/python3.10/dist-packages/arm_msgs/action/_arm_task.py\n'}
[11.603566] (arm_msgs) StdoutLine: {'line': b'-- Up-to-date: /home/ros/arm_ws/install/arm_msgs/local/lib/python3.10/dist-packages/arm_msgs/action/_arm_task_s.c\n'}
[11.608362] (arm_msgs) StdoutLine: {'line': b'-- Up-to-date: /home/ros/arm_ws/install/arm_msgs/local/lib/python3.10/dist-packages/arm_msgs/action/__init__.py\n'}
[11.608702] (arm_msgs) StdoutLine: {'line': b'-- Up-to-date: /home/ros/arm_ws/install/arm_msgs/local/lib/python3.10/dist-packages/arm_msgs/action/_fibonacci_s.c\n'}
[11.609057] (arm_msgs) StdoutLine: {'line': b'-- Up-to-date: /home/ros/arm_ws/install/arm_msgs/local/lib/python3.10/dist-packages/arm_msgs/arm_msgs_s__rosidl_typesupport_fastrtps_c.cpython-310-x86_64-linux-gnu.so\n'}
[11.656107] (-) TimerEvent: {}
[11.761818] (-) TimerEvent: {}
[11.773983] (arm_firmware) StdoutLine: {'line': b'[100%] Built target simple_serial_transmitter\n'}
[11.863532] (-) TimerEvent: {}
[11.880821] (arm_msgs) StdoutLine: {'line': b"Listing '/home/ros/arm_ws/install/arm_msgs/local/lib/python3.10/dist-packages/arm_msgs'...\n"}
[11.881175] (arm_msgs) StdoutLine: {'line': b"Listing '/home/ros/arm_ws/install/arm_msgs/local/lib/python3.10/dist-packages/arm_msgs/action'...\n"}
[11.881307] (arm_msgs) StdoutLine: {'line': b"Listing '/home/ros/arm_ws/install/arm_msgs/local/lib/python3.10/dist-packages/arm_msgs/srv'...\n"}
[11.927280] (arm_msgs) StdoutLine: {'line': b'-- Up-to-date: /home/ros/arm_ws/install/arm_msgs/local/lib/python3.10/dist-packages/arm_msgs/arm_msgs_s__rosidl_typesupport_fastrtps_c.cpython-310-x86_64-linux-gnu.so\n'}
[11.933027] (arm_msgs) StdoutLine: {'line': b'-- Up-to-date: /home/ros/arm_ws/install/arm_msgs/local/lib/python3.10/dist-packages/arm_msgs/arm_msgs_s__rosidl_typesupport_introspection_c.cpython-310-x86_64-linux-gnu.so\n'}
[11.933525] (arm_msgs) StdoutLine: {'line': b'-- Up-to-date: /home/ros/arm_ws/install/arm_msgs/local/lib/python3.10/dist-packages/arm_msgs/arm_msgs_s__rosidl_typesupport_c.cpython-310-x86_64-linux-gnu.so\n'}
[11.940693] (arm_msgs) StdoutLine: {'line': b'-- Up-to-date: /home/ros/arm_ws/install/arm_msgs/lib/libarm_msgs__rosidl_generator_py.so\n'}
[11.945216] (arm_msgs) StdoutLine: {'line': b'-- Up-to-date: /home/ros/arm_ws/install/arm_msgs/share/arm_msgs/srv/AddTwoInts.idl\n'}
[11.946549] (arm_msgs) StdoutLine: {'line': b'-- Up-to-date: /home/ros/arm_ws/install/arm_msgs/share/arm_msgs/srv/EulerToQuaternion.idl\n'}
[11.946920] (arm_msgs) StdoutLine: {'line': b'-- Up-to-date: /home/ros/arm_ws/install/arm_msgs/share/arm_msgs/srv/QuaternionToEuler.idl\n'}
[11.948319] (arm_msgs) StdoutLine: {'line': b'-- Up-to-date: /home/ros/arm_ws/install/arm_msgs/share/arm_msgs/action/Fibonacci.idl\n'}
[11.948656] (arm_msgs) StdoutLine: {'line': b'-- Up-to-date: /home/ros/arm_ws/install/arm_msgs/share/arm_msgs/action/ArmTask.idl\n'}
[11.949024] (arm_msgs) StdoutLine: {'line': b'-- Up-to-date: /home/ros/arm_ws/install/arm_msgs/share/arm_msgs/srv/AddTwoInts.srv\n'}
[11.949259] (arm_msgs) StdoutLine: {'line': b'-- Up-to-date: /home/ros/arm_ws/install/arm_msgs/share/arm_msgs/srv/AddTwoInts_Request.msg\n'}
[11.949499] (arm_msgs) StdoutLine: {'line': b'-- Up-to-date: /home/ros/arm_ws/install/arm_msgs/share/arm_msgs/srv/AddTwoInts_Response.msg\n'}
[11.957361] (arm_msgs) StdoutLine: {'line': b'-- Up-to-date: /home/ros/arm_ws/install/arm_msgs/share/arm_msgs/srv/EulerToQuaternion.srv\n'}
[11.957895] (arm_msgs) StdoutLine: {'line': b'-- Up-to-date: /home/ros/arm_ws/install/arm_msgs/share/arm_msgs/srv/EulerToQuaternion_Request.msg\n'}
[11.958060] (arm_msgs) StdoutLine: {'line': b'-- Up-to-date: /home/ros/arm_ws/install/arm_msgs/share/arm_msgs/srv/EulerToQuaternion_Response.msg\n'}
[11.958210] (arm_msgs) StdoutLine: {'line': b'-- Up-to-date: /home/ros/arm_ws/install/arm_msgs/share/arm_msgs/srv/QuaternionToEuler.srv\n'}
[11.958324] (arm_msgs) StdoutLine: {'line': b'-- Up-to-date: /home/ros/arm_ws/install/arm_msgs/share/arm_msgs/srv/QuaternionToEuler_Request.msg\n'}
[11.958429] (arm_msgs) StdoutLine: {'line': b'-- Up-to-date: /home/ros/arm_ws/install/arm_msgs/share/arm_msgs/srv/QuaternionToEuler_Response.msg\n'}
[11.958536] (arm_msgs) StdoutLine: {'line': b'-- Up-to-date: /home/ros/arm_ws/install/arm_msgs/share/arm_msgs/action/Fibonacci.action\n'}
[11.958639] (arm_msgs) StdoutLine: {'line': b'-- Up-to-date: /home/ros/arm_ws/install/arm_msgs/share/arm_msgs/action/ArmTask.action\n'}
[11.958899] (arm_msgs) StdoutLine: {'line': b'-- Up-to-date: /home/ros/arm_ws/install/arm_msgs/share/ament_index/resource_index/package_run_dependencies/arm_msgs\n'}
[11.959232] (arm_msgs) StdoutLine: {'line': b'-- Up-to-date: /home/ros/arm_ws/install/arm_msgs/share/ament_index/resource_index/parent_prefix_path/arm_msgs\n'}
[11.959407] (arm_msgs) StdoutLine: {'line': b'-- Up-to-date: /home/ros/arm_ws/install/arm_msgs/share/arm_msgs/environment/ament_prefix_path.sh\n'}
[11.959520] (arm_msgs) StdoutLine: {'line': b'-- Up-to-date: /home/ros/arm_ws/install/arm_msgs/share/arm_msgs/environment/ament_prefix_path.dsv\n'}
[11.959627] (arm_msgs) StdoutLine: {'line': b'-- Up-to-date: /home/ros/arm_ws/install/arm_msgs/share/arm_msgs/environment/path.sh\n'}
[11.962506] (arm_msgs) StdoutLine: {'line': b'-- Up-to-date: /home/ros/arm_ws/install/arm_msgs/share/arm_msgs/environment/path.dsv\n'}
[11.962776] (arm_msgs) StdoutLine: {'line': b'-- Up-to-date: /home/ros/arm_ws/install/arm_msgs/share/arm_msgs/local_setup.bash\n'}
[11.965218] (-) TimerEvent: {}
[11.967775] (arm_msgs) StdoutLine: {'line': b'-- Up-to-date: /home/ros/arm_ws/install/arm_msgs/share/arm_msgs/local_setup.sh\n'}
[11.969384] (arm_msgs) StdoutLine: {'line': b'-- Up-to-date: /home/ros/arm_ws/install/arm_msgs/share/arm_msgs/local_setup.zsh\n'}
[11.972981] (arm_msgs) StdoutLine: {'line': b'-- Up-to-date: /home/ros/arm_ws/install/arm_msgs/share/arm_msgs/local_setup.dsv\n'}
[11.975602] (arm_msgs) StdoutLine: {'line': b'-- Installing: /home/ros/arm_ws/install/arm_msgs/share/arm_msgs/package.dsv\n'}
[11.975975] (arm_msgs) StdoutLine: {'line': b'-- Up-to-date: /home/ros/arm_ws/install/arm_msgs/share/ament_index/resource_index/packages/arm_msgs\n'}
[11.976214] (arm_msgs) StdoutLine: {'line': b'-- Up-to-date: /home/ros/arm_ws/install/arm_msgs/share/arm_msgs/cmake/export_arm_msgs__rosidl_generator_cExport.cmake\n'}
[11.976428] (arm_msgs) StdoutLine: {'line': b'-- Up-to-date: /home/ros/arm_ws/install/arm_msgs/share/arm_msgs/cmake/export_arm_msgs__rosidl_generator_cExport-noconfig.cmake\n'}
[11.981013] (arm_msgs) StdoutLine: {'line': b'-- Up-to-date: /home/ros/arm_ws/install/arm_msgs/share/arm_msgs/cmake/export_arm_msgs__rosidl_typesupport_fastrtps_cExport.cmake\n'}
[11.981617] (arm_msgs) StdoutLine: {'line': b'-- Up-to-date: /home/ros/arm_ws/install/arm_msgs/share/arm_msgs/cmake/export_arm_msgs__rosidl_typesupport_fastrtps_cExport-noconfig.cmake\n'}
[11.981903] (arm_msgs) StdoutLine: {'line': b'-- Up-to-date: /home/ros/arm_ws/install/arm_msgs/share/arm_msgs/cmake/export_arm_msgs__rosidl_generator_cppExport.cmake\n'}
[11.983590] (arm_msgs) StdoutLine: {'line': b'-- Up-to-date: /home/ros/arm_ws/install/arm_msgs/share/arm_msgs/cmake/export_arm_msgs__rosidl_typesupport_fastrtps_cppExport.cmake\n'}
[11.990171] (arm_msgs) StdoutLine: {'line': b'-- Up-to-date: /home/ros/arm_ws/install/arm_msgs/share/arm_msgs/cmake/export_arm_msgs__rosidl_typesupport_fastrtps_cppExport-noconfig.cmake\n'}
[11.990606] (arm_msgs) StdoutLine: {'line': b'-- Up-to-date: /home/ros/arm_ws/install/arm_msgs/share/arm_msgs/cmake/arm_msgs__rosidl_typesupport_introspection_cExport.cmake\n'}
[11.991136] (arm_msgs) StdoutLine: {'line': b'-- Up-to-date: /home/ros/arm_ws/install/arm_msgs/share/arm_msgs/cmake/arm_msgs__rosidl_typesupport_introspection_cExport-noconfig.cmake\n'}
[11.991460] (arm_msgs) StdoutLine: {'line': b'-- Up-to-date: /home/ros/arm_ws/install/arm_msgs/share/arm_msgs/cmake/arm_msgs__rosidl_typesupport_cExport.cmake\n'}
[12.000508] (arm_msgs) StdoutLine: {'line': b'-- Up-to-date: /home/ros/arm_ws/install/arm_msgs/share/arm_msgs/cmake/arm_msgs__rosidl_typesupport_cExport-noconfig.cmake\n'}
[12.001376] (arm_msgs) StdoutLine: {'line': b'-- Up-to-date: /home/ros/arm_ws/install/arm_msgs/share/arm_msgs/cmake/arm_msgs__rosidl_typesupport_introspection_cppExport.cmake\n'}
[12.001779] (arm_msgs) StdoutLine: {'line': b'-- Up-to-date: /home/ros/arm_ws/install/arm_msgs/share/arm_msgs/cmake/arm_msgs__rosidl_typesupport_introspection_cppExport-noconfig.cmake\n'}
[12.002088] (arm_msgs) StdoutLine: {'line': b'-- Up-to-date: /home/ros/arm_ws/install/arm_msgs/share/arm_msgs/cmake/arm_msgs__rosidl_typesupport_cppExport.cmake\n'}
[12.002325] (arm_msgs) StdoutLine: {'line': b'-- Up-to-date: /home/ros/arm_ws/install/arm_msgs/share/arm_msgs/cmake/arm_msgs__rosidl_typesupport_cppExport-noconfig.cmake\n'}
[12.002551] (arm_msgs) StdoutLine: {'line': b'-- Up-to-date: /home/ros/arm_ws/install/arm_msgs/share/arm_msgs/cmake/export_arm_msgs__rosidl_generator_pyExport.cmake\n'}
[12.010472] (arm_msgs) StdoutLine: {'line': b'-- Up-to-date: /home/ros/arm_ws/install/arm_msgs/share/arm_msgs/cmake/export_arm_msgs__rosidl_generator_pyExport-noconfig.cmake\n'}
[12.010898] (arm_msgs) StdoutLine: {'line': b'-- Up-to-date: /home/ros/arm_ws/install/arm_msgs/share/arm_msgs/cmake/rosidl_cmake-extras.cmake\n'}
[12.011194] (arm_msgs) StdoutLine: {'line': b'-- Up-to-date: /home/ros/arm_ws/install/arm_msgs/share/arm_msgs/cmake/ament_cmake_export_dependencies-extras.cmake\n'}
[12.011428] (arm_msgs) StdoutLine: {'line': b'-- Up-to-date: /home/ros/arm_ws/install/arm_msgs/share/arm_msgs/cmake/ament_cmake_export_include_directories-extras.cmake\n'}
[12.011638] (arm_msgs) StdoutLine: {'line': b'-- Up-to-date: /home/ros/arm_ws/install/arm_msgs/share/arm_msgs/cmake/ament_cmake_export_libraries-extras.cmake\n'}
[12.014789] (arm_msgs) StdoutLine: {'line': b'-- Up-to-date: /home/ros/arm_ws/install/arm_msgs/share/arm_msgs/cmake/ament_cmake_export_targets-extras.cmake\n'}
[12.015083] (arm_msgs) StdoutLine: {'line': b'-- Up-to-date: /home/ros/arm_ws/install/arm_msgs/share/arm_msgs/cmake/rosidl_cmake_export_typesupport_targets-extras.cmake\n'}
[12.019293] (arm_msgs) StdoutLine: {'line': b'-- Up-to-date: /home/ros/arm_ws/install/arm_msgs/share/arm_msgs/cmake/rosidl_cmake_export_typesupport_libraries-extras.cmake\n'}
[12.021839] (arm_msgs) StdoutLine: {'line': b'-- Up-to-date: /home/ros/arm_ws/install/arm_msgs/share/arm_msgs/cmake/arm_msgsConfig.cmake\n'}
[12.022305] (arm_msgs) StdoutLine: {'line': b'-- Up-to-date: /home/ros/arm_ws/install/arm_msgs/share/arm_msgs/cmake/arm_msgsConfig-version.cmake\n'}
[12.022697] (arm_msgs) StdoutLine: {'line': b'-- Up-to-date: /home/ros/arm_ws/install/arm_msgs/share/arm_msgs/package.xml\n'}
[12.031468] (arm_msgs) CommandEnded: {'returncode': 0}
[12.071171] (-) TimerEvent: {}
[12.180346] (-) TimerEvent: {}
[12.281096] (-) TimerEvent: {}
[12.382503] (-) TimerEvent: {}
[12.484309] (-) TimerEvent: {}
[12.589050] (-) TimerEvent: {}
[12.695082] (-) TimerEvent: {}
[12.798343] (-) TimerEvent: {}
[12.902867] (-) TimerEvent: {}
[13.006051] (-) TimerEvent: {}
[13.110166] (-) TimerEvent: {}
[13.213380] (-) TimerEvent: {}
[13.313841] (-) TimerEvent: {}
[13.415591] (-) TimerEvent: {}
[13.520828] (-) TimerEvent: {}
[13.622180] (-) TimerEvent: {}
[13.722851] (-) TimerEvent: {}
[13.827504] (-) TimerEvent: {}
[13.931322] (-) TimerEvent: {}
[14.032855] (-) TimerEvent: {}
[14.136891] (-) TimerEvent: {}
[14.240096] (-) TimerEvent: {}
[14.303029] (arm_firmware) StdoutLine: {'line': b'running egg_info\n'}
[14.312811] (arm_firmware) StdoutLine: {'line': b'writing arm_firmware.egg-info/PKG-INFO\n'}
[14.318975] (arm_firmware) StdoutLine: {'line': b'writing dependency_links to arm_firmware.egg-info/dependency_links.txt\n'}
[14.319422] (arm_firmware) StdoutLine: {'line': b'writing top-level names to arm_firmware.egg-info/top_level.txt\n'}
[14.330534] (arm_firmware) StdoutLine: {'line': b"reading manifest file 'arm_firmware.egg-info/SOURCES.txt'\n"}
[14.331978] (arm_firmware) StdoutLine: {'line': b"writing manifest file 'arm_firmware.egg-info/SOURCES.txt'\n"}
[14.345866] (-) TimerEvent: {}
[14.446815] (-) TimerEvent: {}
[14.540889] (arm_firmware) StdoutLine: {'line': b'[100%] Built target ament_cmake_python_build_arm_firmware_egg\n'}
[14.547266] (-) TimerEvent: {}
[14.654405] (arm_firmware) CommandEnded: {'returncode': 0}
[14.655710] (-) TimerEvent: {}
[14.764370] (-) TimerEvent: {}
[14.799259] (arm_msgs) JobEnded: {'identifier': 'arm_msgs', 'rc': 0}
[14.807870] (arm_moveit) JobStarted: {'identifier': 'arm_moveit'}
[14.866001] (-) TimerEvent: {}
[14.871126] (arm_moveit) JobProgress: {'identifier': 'arm_moveit', 'progress': 'cmake'}
[14.874838] (arm_moveit) JobProgress: {'identifier': 'arm_moveit', 'progress': 'build'}
[14.875929] (arm_moveit) Command: {'cmd': ['/usr/bin/cmake', '--build', '/home/ros/arm_ws/build/arm_moveit', '--', '-j2', '-l2'], 'cwd': '/home/ros/arm_ws/build/arm_moveit', 'env': OrderedDict([('LESSOPEN', '| /usr/bin/lesspipe %s'), ('LANGUAGE', 'en_US:'), ('USER', 'ros'), ('LC_TIME', 'es_CO.UTF-8'), ('XDG_SESSION_TYPE', 'x11'), ('SHLVL', '1'), ('LD_LIBRARY_PATH', '/home/ros/arm_ws/install/arm_remote/lib:/home/ros/arm_ws/install/arm_cpp_examples/lib:/home/ros/arm_ws/install/arm_msgs/lib:/home/ros/arm_ws/install/arm_controller/lib:/usr/lib/x86_64-linux-gnu/gazebo-11/plugins:/opt/ros/humble/opt/rviz_ogre_vendor/lib:/opt/ros/humble/lib/x86_64-linux-gnu:/opt/ros/humble/lib'), ('HOME', '/home/ros'), ('OLDPWD', '/home/ros'), ('DESKTOP_SESSION', 'ubuntu-xorg'), ('ROS_PYTHON_VERSION', '3'), ('GNOME_SHELL_SESSION_MODE', 'ubuntu'), ('GTK_MODULES', 'gail:atk-bridge'), ('LC_MONETARY', 'es_CO.UTF-8'), ('MANAGERPID', '1022'), ('SYSTEMD_EXEC_PID', '1648'), ('DBUS_SESSION_BUS_ADDRESS', 'unix:path=/run/user/1000/bus'), ('COLORTERM', 'truecolor'), ('TERMINATOR_DBUS_NAME', 'net.tenshu.Terminator21a9d5db22c73a993ff0b42f64b396873'), ('GIO_LAUNCHED_DESKTOP_FILE_PID', '5308'), ('COLCON_PREFIX_PATH', '/home/ros/arm_ws/install'), ('ROS_DISTRO', 'humble'), ('GTK_IM_MODULE', 'ibus'), ('LOGNAME', 'ros'), ('JOURNAL_STREAM', '8:21986'), ('_', '/usr/bin/colcon'), ('ROS_VERSION', '2'), ('XDG_SESSION_CLASS', 'user'), ('USERNAME', 'ros'), ('TERM', 'xterm-256color'), ('GNOME_DESKTOP_SESSION_ID', 'this-is-deprecated'), ('ROS_LOCALHOST_ONLY', '0'), ('WINDOWPATH', '2'), ('PATH', '/opt/ros/humble/bin:/home/ros/.local/bin:/usr/local/sbin:/usr/local/bin:/usr/sbin:/usr/bin:/sbin:/bin:/usr/games:/usr/local/games:/snap/bin:/snap/bin'), ('SESSION_MANAGER', 'local/ros-virtual-machine:@/tmp/.ICE-unix/1380,unix/ros-virtual-machine:/tmp/.ICE-unix/1380'), ('INVOCATION_ID', 'edc79796a9204906952502603e82de6b'), ('XDG_MENU_PREFIX', 'gnome-'), ('LC_ADDRESS', 'es_CO.UTF-8'), ('XDG_RUNTIME_DIR', '/run/user/1000'), ('DISPLAY', ':0'), ('TERMINATOR_DBUS_PATH', '/net/tenshu/Terminator2'), ('LANG', 'en_US.UTF-8'), ('XDG_CURRENT_DESKTOP', 'ubuntu:GNOME'), ('IBUS_DISABLE_SNOOPER', '1'), ('LC_TELEPHONE', 'es_CO.UTF-8'), ('XMODIFIERS', '@im=ibus'), ('XDG_SESSION_DESKTOP', 'ubuntu-xorg'), ('XAUTHORITY', '/run/user/1000/gdm/Xauthority'), ('LS_COLORS', 'rs=0:di=01;34:ln=01;36:mh=00:pi=40;33:so=01;35:do=01;35:bd=40;33;01:cd=40;33;01:or=40;31;01:mi=00:su=37;41:sg=30;43:ca=30;41:tw=30;42:ow=34;42:st=37;44:ex=01;32:*.tar=01;31:*.tgz=01;31:*.arc=01;31:*.arj=01;31:*.taz=01;31:*.lha=01;31:*.lz4=01;31:*.lzh=01;31:*.lzma=01;31:*.tlz=01;31:*.txz=01;31:*.tzo=01;31:*.t7z=01;31:*.zip=01;31:*.z=01;31:*.dz=01;31:*.gz=01;31:*.lrz=01;31:*.lz=01;31:*.lzo=01;31:*.xz=01;31:*.zst=01;31:*.tzst=01;31:*.bz2=01;31:*.bz=01;31:*.tbz=01;31:*.tbz2=01;31:*.tz=01;31:*.deb=01;31:*.rpm=01;31:*.jar=01;31:*.war=01;31:*.ear=01;31:*.sar=01;31:*.rar=01;31:*.alz=01;31:*.ace=01;31:*.zoo=01;31:*.cpio=01;31:*.7z=01;31:*.rz=01;31:*.cab=01;31:*.wim=01;31:*.swm=01;31:*.dwm=01;31:*.esd=01;31:*.jpg=01;35:*.jpeg=01;35:*.mjpg=01;35:*.mjpeg=01;35:*.gif=01;35:*.bmp=01;35:*.pbm=01;35:*.pgm=01;35:*.ppm=01;35:*.tga=01;35:*.xbm=01;35:*.xpm=01;35:*.tif=01;35:*.tiff=01;35:*.png=01;35:*.svg=01;35:*.svgz=01;35:*.mng=01;35:*.pcx=01;35:*.mov=01;35:*.mpg=01;35:*.mpeg=01;35:*.m2v=01;35:*.mkv=01;35:*.webm=01;35:*.webp=01;35:*.ogm=01;35:*.mp4=01;35:*.m4v=01;35:*.mp4v=01;35:*.vob=01;35:*.qt=01;35:*.nuv=01;35:*.wmv=01;35:*.asf=01;35:*.rm=01;35:*.rmvb=01;35:*.flc=01;35:*.avi=01;35:*.fli=01;35:*.flv=01;35:*.gl=01;35:*.dl=01;35:*.xcf=01;35:*.xwd=01;35:*.yuv=01;35:*.cgm=01;35:*.emf=01;35:*.ogv=01;35:*.ogx=01;35:*.aac=00;36:*.au=00;36:*.flac=00;36:*.m4a=00;36:*.mid=00;36:*.midi=00;36:*.mka=00;36:*.mp3=00;36:*.mpc=00;36:*.ogg=00;36:*.ra=00;36:*.wav=00;36:*.oga=00;36:*.opus=00;36:*.spx=00;36:*.xspf=00;36:'), ('SSH_AGENT_LAUNCHER', 'gnome-keyring'), ('SSH_AUTH_SOCK', '/run/user/1000/keyring/ssh'), ('AMENT_PREFIX_PATH', '/home/ros/arm_ws/install/arm_utils:/home/ros/arm_ws/install/arm_remote:/home/ros/arm_ws/install/arm_py_examples:/home/ros/arm_ws/install/arm_cpp_examples:/home/ros/arm_ws/install/arm_msgs:/home/ros/arm_ws/install/arm_moveit:/home/ros/arm_ws/install/arm_firmware:/home/ros/arm_ws/install/arm_description:/home/ros/arm_ws/install/arm_controller:/home/ros/arm_ws/install/arm_bringup:/opt/ros/humble'), ('SHELL', '/bin/bash'), ('LC_NAME', 'es_CO.UTF-8'), ('TERMINATOR_UUID', 'urn:uuid:3dc62beb-5acd-4d96-bb8e-eacca3db12ac'), ('QT_ACCESSIBILITY', '1'), ('GDMSESSION', 'ubuntu-xorg'), ('LESSCLOSE', '/usr/bin/lesspipe %s %s'), ('LC_MEASUREMENT', 'es_CO.UTF-8'), ('GPG_AGENT_INFO', '/run/user/1000/gnupg/S.gpg-agent:0:1'), ('LC_IDENTIFICATION', 'es_CO.UTF-8'), ('QT_IM_MODULE', 'ibus'), ('PWD', '/home/ros/arm_ws/build/arm_moveit'), ('LC_ALL', 'en_US.UTF-8'), ('XDG_CONFIG_DIRS', '/etc/xdg/xdg-ubuntu-xorg:/etc/xdg'), ('XDG_DATA_DIRS', '/usr/share/ubuntu-xorg:/usr/share/gnome:/usr/local/share/:/usr/share/:/var/lib/snapd/desktop'), ('PYTHONPATH', '/home/ros/arm_ws/install/arm_utils/local/lib/python3.10/dist-packages:/home/ros/arm_ws/install/arm_remote/local/lib/python3.10/dist-packages:/home/ros/arm_ws/install/arm_py_examples/lib/python3.10/site-packages:/home/ros/arm_ws/install/arm_msgs/local/lib/python3.10/dist-packages:/home/ros/arm_ws/install/arm_firmware/local/lib/python3.10/dist-packages:/home/ros/arm_ws/install/arm_controller/local/lib/python3.10/dist-packages:/opt/ros/humble/lib/python3.10/site-packages:/opt/ros/humble/local/lib/python3.10/dist-packages'), ('LC_NUMERIC', 'es_CO.UTF-8'), ('LC_PAPER', 'es_CO.UTF-8'), ('COLCON', '1'), ('VTE_VERSION', '6800'), ('CMAKE_PREFIX_PATH', '/home/ros/arm_ws/install/arm_utils:/home/ros/arm_ws/install/arm_remote:/home/ros/arm_ws/install/arm_cpp_examples:/home/ros/arm_ws/install/arm_msgs:/home/ros/arm_ws/install/arm_moveit:/home/ros/arm_ws/install/arm_firmware:/home/ros/arm_ws/install/arm_description:/home/ros/arm_ws/install/arm_controller:/home/ros/arm_ws/install/arm_bringup:/home/ros/arm_ws/install/arm_py_examples:/opt/ros/humble')]), 'shell': False}
[14.971912] (-) TimerEvent: {}
[15.073842] (-) TimerEvent: {}
[15.174404] (-) TimerEvent: {}
[15.242922] (arm_firmware) JobProgress: {'identifier': 'arm_firmware', 'progress': 'install'}
[15.253461] (arm_firmware) Command: {'cmd': ['/usr/bin/cmake', '--install', '/home/ros/arm_ws/build/arm_firmware'], 'cwd': '/home/ros/arm_ws/build/arm_firmware', 'env': OrderedDict([('LESSOPEN', '| /usr/bin/lesspipe %s'), ('LANGUAGE', 'en_US:'), ('USER', 'ros'), ('LC_TIME', 'es_CO.UTF-8'), ('XDG_SESSION_TYPE', 'x11'), ('SHLVL', '1'), ('LD_LIBRARY_PATH', '/home/ros/arm_ws/install/arm_remote/lib:/home/ros/arm_ws/install/arm_cpp_examples/lib:/home/ros/arm_ws/install/arm_msgs/lib:/home/ros/arm_ws/install/arm_controller/lib:/usr/lib/x86_64-linux-gnu/gazebo-11/plugins:/opt/ros/humble/opt/rviz_ogre_vendor/lib:/opt/ros/humble/lib/x86_64-linux-gnu:/opt/ros/humble/lib'), ('HOME', '/home/ros'), ('OLDPWD', '/home/ros'), ('DESKTOP_SESSION', 'ubuntu-xorg'), ('ROS_PYTHON_VERSION', '3'), ('GNOME_SHELL_SESSION_MODE', 'ubuntu'), ('GTK_MODULES', 'gail:atk-bridge'), ('LC_MONETARY', 'es_CO.UTF-8'), ('MANAGERPID', '1022'), ('SYSTEMD_EXEC_PID', '1648'), ('DBUS_SESSION_BUS_ADDRESS', 'unix:path=/run/user/1000/bus'), ('COLORTERM', 'truecolor'), ('TERMINATOR_DBUS_NAME', 'net.tenshu.Terminator21a9d5db22c73a993ff0b42f64b396873'), ('GIO_LAUNCHED_DESKTOP_FILE_PID', '5308'), ('COLCON_PREFIX_PATH', '/home/ros/arm_ws/install'), ('ROS_DISTRO', 'humble'), ('GTK_IM_MODULE', 'ibus'), ('LOGNAME', 'ros'), ('JOURNAL_STREAM', '8:21986'), ('_', '/usr/bin/colcon'), ('ROS_VERSION', '2'), ('XDG_SESSION_CLASS', 'user'), ('USERNAME', 'ros'), ('TERM', 'xterm-256color'), ('GNOME_DESKTOP_SESSION_ID', 'this-is-deprecated'), ('ROS_LOCALHOST_ONLY', '0'), ('WINDOWPATH', '2'), ('PATH', '/opt/ros/humble/bin:/home/ros/.local/bin:/usr/local/sbin:/usr/local/bin:/usr/sbin:/usr/bin:/sbin:/bin:/usr/games:/usr/local/games:/snap/bin:/snap/bin'), ('SESSION_MANAGER', 'local/ros-virtual-machine:@/tmp/.ICE-unix/1380,unix/ros-virtual-machine:/tmp/.ICE-unix/1380'), ('INVOCATION_ID', 'edc79796a9204906952502603e82de6b'), ('XDG_MENU_PREFIX', 'gnome-'), ('LC_ADDRESS', 'es_CO.UTF-8'), ('XDG_RUNTIME_DIR', '/run/user/1000'), ('DISPLAY', ':0'), ('TERMINATOR_DBUS_PATH', '/net/tenshu/Terminator2'), ('LANG', 'en_US.UTF-8'), ('XDG_CURRENT_DESKTOP', 'ubuntu:GNOME'), ('IBUS_DISABLE_SNOOPER', '1'), ('LC_TELEPHONE', 'es_CO.UTF-8'), ('XMODIFIERS', '@im=ibus'), ('XDG_SESSION_DESKTOP', 'ubuntu-xorg'), ('XAUTHORITY', '/run/user/1000/gdm/Xauthority'), ('LS_COLORS', 'rs=0:di=01;34:ln=01;36:mh=00:pi=40;33:so=01;35:do=01;35:bd=40;33;01:cd=40;33;01:or=40;31;01:mi=00:su=37;41:sg=30;43:ca=30;41:tw=30;42:ow=34;42:st=37;44:ex=01;32:*.tar=01;31:*.tgz=01;31:*.arc=01;31:*.arj=01;31:*.taz=01;31:*.lha=01;31:*.lz4=01;31:*.lzh=01;31:*.lzma=01;31:*.tlz=01;31:*.txz=01;31:*.tzo=01;31:*.t7z=01;31:*.zip=01;31:*.z=01;31:*.dz=01;31:*.gz=01;31:*.lrz=01;31:*.lz=01;31:*.lzo=01;31:*.xz=01;31:*.zst=01;31:*.tzst=01;31:*.bz2=01;31:*.bz=01;31:*.tbz=01;31:*.tbz2=01;31:*.tz=01;31:*.deb=01;31:*.rpm=01;31:*.jar=01;31:*.war=01;31:*.ear=01;31:*.sar=01;31:*.rar=01;31:*.alz=01;31:*.ace=01;31:*.zoo=01;31:*.cpio=01;31:*.7z=01;31:*.rz=01;31:*.cab=01;31:*.wim=01;31:*.swm=01;31:*.dwm=01;31:*.esd=01;31:*.jpg=01;35:*.jpeg=01;35:*.mjpg=01;35:*.mjpeg=01;35:*.gif=01;35:*.bmp=01;35:*.pbm=01;35:*.pgm=01;35:*.ppm=01;35:*.tga=01;35:*.xbm=01;35:*.xpm=01;35:*.tif=01;35:*.tiff=01;35:*.png=01;35:*.svg=01;35:*.svgz=01;35:*.mng=01;35:*.pcx=01;35:*.mov=01;35:*.mpg=01;35:*.mpeg=01;35:*.m2v=01;35:*.mkv=01;35:*.webm=01;35:*.webp=01;35:*.ogm=01;35:*.mp4=01;35:*.m4v=01;35:*.mp4v=01;35:*.vob=01;35:*.qt=01;35:*.nuv=01;35:*.wmv=01;35:*.asf=01;35:*.rm=01;35:*.rmvb=01;35:*.flc=01;35:*.avi=01;35:*.fli=01;35:*.flv=01;35:*.gl=01;35:*.dl=01;35:*.xcf=01;35:*.xwd=01;35:*.yuv=01;35:*.cgm=01;35:*.emf=01;35:*.ogv=01;35:*.ogx=01;35:*.aac=00;36:*.au=00;36:*.flac=00;36:*.m4a=00;36:*.mid=00;36:*.midi=00;36:*.mka=00;36:*.mp3=00;36:*.mpc=00;36:*.ogg=00;36:*.ra=00;36:*.wav=00;36:*.oga=00;36:*.opus=00;36:*.spx=00;36:*.xspf=00;36:'), ('SSH_AGENT_LAUNCHER', 'gnome-keyring'), ('SSH_AUTH_SOCK', '/run/user/1000/keyring/ssh'), ('AMENT_PREFIX_PATH', '/home/ros/arm_ws/install/arm_utils:/home/ros/arm_ws/install/arm_remote:/home/ros/arm_ws/install/arm_py_examples:/home/ros/arm_ws/install/arm_cpp_examples:/home/ros/arm_ws/install/arm_msgs:/home/ros/arm_ws/install/arm_moveit:/home/ros/arm_ws/install/arm_firmware:/home/ros/arm_ws/install/arm_description:/home/ros/arm_ws/install/arm_controller:/home/ros/arm_ws/install/arm_bringup:/opt/ros/humble'), ('SHELL', '/bin/bash'), ('LC_NAME', 'es_CO.UTF-8'), ('TERMINATOR_UUID', 'urn:uuid:3dc62beb-5acd-4d96-bb8e-eacca3db12ac'), ('QT_ACCESSIBILITY', '1'), ('GDMSESSION', 'ubuntu-xorg'), ('LESSCLOSE', '/usr/bin/lesspipe %s %s'), ('LC_MEASUREMENT', 'es_CO.UTF-8'), ('GPG_AGENT_INFO', '/run/user/1000/gnupg/S.gpg-agent:0:1'), ('LC_IDENTIFICATION', 'es_CO.UTF-8'), ('QT_IM_MODULE', 'ibus'), ('PWD', '/home/ros/arm_ws/build/arm_firmware'), ('LC_ALL', 'en_US.UTF-8'), ('XDG_CONFIG_DIRS', '/etc/xdg/xdg-ubuntu-xorg:/etc/xdg'), ('XDG_DATA_DIRS', '/usr/share/ubuntu-xorg:/usr/share/gnome:/usr/local/share/:/usr/share/:/var/lib/snapd/desktop'), ('PYTHONPATH', '/home/ros/arm_ws/install/arm_utils/local/lib/python3.10/dist-packages:/home/ros/arm_ws/install/arm_remote/local/lib/python3.10/dist-packages:/home/ros/arm_ws/install/arm_py_examples/lib/python3.10/site-packages:/home/ros/arm_ws/install/arm_msgs/local/lib/python3.10/dist-packages:/home/ros/arm_ws/install/arm_firmware/local/lib/python3.10/dist-packages:/home/ros/arm_ws/install/arm_controller/local/lib/python3.10/dist-packages:/opt/ros/humble/lib/python3.10/site-packages:/opt/ros/humble/local/lib/python3.10/dist-packages'), ('LC_NUMERIC', 'es_CO.UTF-8'), ('LC_PAPER', 'es_CO.UTF-8'), ('COLCON', '1'), ('VTE_VERSION', '6800'), ('CMAKE_PREFIX_PATH', '/home/ros/arm_ws/install/arm_utils:/home/ros/arm_ws/install/arm_remote:/home/ros/arm_ws/install/arm_cpp_examples:/home/ros/arm_ws/install/arm_msgs:/home/ros/arm_ws/install/arm_moveit:/home/ros/arm_ws/install/arm_firmware:/home/ros/arm_ws/install/arm_description:/home/ros/arm_ws/install/arm_controller:/home/ros/arm_ws/install/arm_bringup:/home/ros/arm_ws/install/arm_py_examples:/opt/ros/humble')]), 'shell': False}
[15.275394] (-) TimerEvent: {}
[15.332949] (arm_moveit) CommandEnded: {'returncode': 0}
[15.373058] (arm_firmware) StdoutLine: {'line': b'-- Install configuration: ""\n'}
[15.373686] (arm_firmware) StdoutLine: {'line': b'-- Up-to-date: /home/ros/arm_ws/install/arm_firmware/share/arm_firmware/environment/pythonpath.sh\n'}
[15.380092] (-) TimerEvent: {}
[15.384030] (arm_firmware) StdoutLine: {'line': b'-- Up-to-date: /home/ros/arm_ws/install/arm_firmware/share/arm_firmware/environment/pythonpath.dsv\n'}
[15.384476] (arm_firmware) StdoutLine: {'line': b'-- Up-to-date: /home/ros/arm_ws/install/arm_firmware/local/lib/python3.10/dist-packages/arm_firmware-0.0.0-py3.10.egg-info\n'}
[15.386916] (arm_firmware) StdoutLine: {'line': b'-- Installing: /home/ros/arm_ws/install/arm_firmware/local/lib/python3.10/dist-packages/arm_firmware-0.0.0-py3.10.egg-info/dependency_links.txt\n'}
[15.388479] (arm_firmware) StdoutLine: {'line': b'-- Installing: /home/ros/arm_ws/install/arm_firmware/local/lib/python3.10/dist-packages/arm_firmware-0.0.0-py3.10.egg-info/SOURCES.txt\n'}
[15.391631] (arm_firmware) StdoutLine: {'line': b'-- Installing: /home/ros/arm_ws/install/arm_firmware/local/lib/python3.10/dist-packages/arm_firmware-0.0.0-py3.10.egg-info/PKG-INFO\n'}
[15.398574] (arm_firmware) StdoutLine: {'line': b'-- Installing: /home/ros/arm_ws/install/arm_firmware/local/lib/python3.10/dist-packages/arm_firmware-0.0.0-py3.10.egg-info/top_level.txt\n'}
[15.398938] (arm_firmware) StdoutLine: {'line': b'-- Up-to-date: /home/ros/arm_ws/install/arm_firmware/local/lib/python3.10/dist-packages/arm_firmware\n'}
[15.399142] (arm_firmware) StdoutLine: {'line': b'-- Up-to-date: /home/ros/arm_ws/install/arm_firmware/local/lib/python3.10/dist-packages/arm_firmware/simple_serial_transmitter.py\n'}
[15.399293] (arm_firmware) StdoutLine: {'line': b'-- Up-to-date: /home/ros/arm_ws/install/arm_firmware/local/lib/python3.10/dist-packages/arm_firmware/__init__.py\n'}
[15.399410] (arm_firmware) StdoutLine: {'line': b'-- Up-to-date: /home/ros/arm_ws/install/arm_firmware/local/lib/python3.10/dist-packages/arm_firmware/simple_serial_receiver.py\n'}
[15.482000] (-) TimerEvent: {}
[15.586953] (-) TimerEvent: {}
[15.693834] (-) TimerEvent: {}
[15.771817] (arm_moveit) JobProgress: {'identifier': 'arm_moveit', 'progress': 'install'}
[15.772036] (arm_moveit) Command: {'cmd': ['/usr/bin/cmake', '--install', '/home/ros/arm_ws/build/arm_moveit'], 'cwd': '/home/ros/arm_ws/build/arm_moveit', 'env': OrderedDict([('LESSOPEN', '| /usr/bin/lesspipe %s'), ('LANGUAGE', 'en_US:'), ('USER', 'ros'), ('LC_TIME', 'es_CO.UTF-8'), ('XDG_SESSION_TYPE', 'x11'), ('SHLVL', '1'), ('LD_LIBRARY_PATH', '/home/ros/arm_ws/install/arm_remote/lib:/home/ros/arm_ws/install/arm_cpp_examples/lib:/home/ros/arm_ws/install/arm_msgs/lib:/home/ros/arm_ws/install/arm_controller/lib:/usr/lib/x86_64-linux-gnu/gazebo-11/plugins:/opt/ros/humble/opt/rviz_ogre_vendor/lib:/opt/ros/humble/lib/x86_64-linux-gnu:/opt/ros/humble/lib'), ('HOME', '/home/ros'), ('OLDPWD', '/home/ros'), ('DESKTOP_SESSION', 'ubuntu-xorg'), ('ROS_PYTHON_VERSION', '3'), ('GNOME_SHELL_SESSION_MODE', 'ubuntu'), ('GTK_MODULES', 'gail:atk-bridge'), ('LC_MONETARY', 'es_CO.UTF-8'), ('MANAGERPID', '1022'), ('SYSTEMD_EXEC_PID', '1648'), ('DBUS_SESSION_BUS_ADDRESS', 'unix:path=/run/user/1000/bus'), ('COLORTERM', 'truecolor'), ('TERMINATOR_DBUS_NAME', 'net.tenshu.Terminator21a9d5db22c73a993ff0b42f64b396873'), ('GIO_LAUNCHED_DESKTOP_FILE_PID', '5308'), ('COLCON_PREFIX_PATH', '/home/ros/arm_ws/install'), ('ROS_DISTRO', 'humble'), ('GTK_IM_MODULE', 'ibus'), ('LOGNAME', 'ros'), ('JOURNAL_STREAM', '8:21986'), ('_', '/usr/bin/colcon'), ('ROS_VERSION', '2'), ('XDG_SESSION_CLASS', 'user'), ('USERNAME', 'ros'), ('TERM', 'xterm-256color'), ('GNOME_DESKTOP_SESSION_ID', 'this-is-deprecated'), ('ROS_LOCALHOST_ONLY', '0'), ('WINDOWPATH', '2'), ('PATH', '/opt/ros/humble/bin:/home/ros/.local/bin:/usr/local/sbin:/usr/local/bin:/usr/sbin:/usr/bin:/sbin:/bin:/usr/games:/usr/local/games:/snap/bin:/snap/bin'), ('SESSION_MANAGER', 'local/ros-virtual-machine:@/tmp/.ICE-unix/1380,unix/ros-virtual-machine:/tmp/.ICE-unix/1380'), ('INVOCATION_ID', 'edc79796a9204906952502603e82de6b'), ('XDG_MENU_PREFIX', 'gnome-'), ('LC_ADDRESS', 'es_CO.UTF-8'), ('XDG_RUNTIME_DIR', '/run/user/1000'), ('DISPLAY', ':0'), ('TERMINATOR_DBUS_PATH', '/net/tenshu/Terminator2'), ('LANG', 'en_US.UTF-8'), ('XDG_CURRENT_DESKTOP', 'ubuntu:GNOME'), ('IBUS_DISABLE_SNOOPER', '1'), ('LC_TELEPHONE', 'es_CO.UTF-8'), ('XMODIFIERS', '@im=ibus'), ('XDG_SESSION_DESKTOP', 'ubuntu-xorg'), ('XAUTHORITY', '/run/user/1000/gdm/Xauthority'), ('LS_COLORS', 'rs=0:di=01;34:ln=01;36:mh=00:pi=40;33:so=01;35:do=01;35:bd=40;33;01:cd=40;33;01:or=40;31;01:mi=00:su=37;41:sg=30;43:ca=30;41:tw=30;42:ow=34;42:st=37;44:ex=01;32:*.tar=01;31:*.tgz=01;31:*.arc=01;31:*.arj=01;31:*.taz=01;31:*.lha=01;31:*.lz4=01;31:*.lzh=01;31:*.lzma=01;31:*.tlz=01;31:*.txz=01;31:*.tzo=01;31:*.t7z=01;31:*.zip=01;31:*.z=01;31:*.dz=01;31:*.gz=01;31:*.lrz=01;31:*.lz=01;31:*.lzo=01;31:*.xz=01;31:*.zst=01;31:*.tzst=01;31:*.bz2=01;31:*.bz=01;31:*.tbz=01;31:*.tbz2=01;31:*.tz=01;31:*.deb=01;31:*.rpm=01;31:*.jar=01;31:*.war=01;31:*.ear=01;31:*.sar=01;31:*.rar=01;31:*.alz=01;31:*.ace=01;31:*.zoo=01;31:*.cpio=01;31:*.7z=01;31:*.rz=01;31:*.cab=01;31:*.wim=01;31:*.swm=01;31:*.dwm=01;31:*.esd=01;31:*.jpg=01;35:*.jpeg=01;35:*.mjpg=01;35:*.mjpeg=01;35:*.gif=01;35:*.bmp=01;35:*.pbm=01;35:*.pgm=01;35:*.ppm=01;35:*.tga=01;35:*.xbm=01;35:*.xpm=01;35:*.tif=01;35:*.tiff=01;35:*.png=01;35:*.svg=01;35:*.svgz=01;35:*.mng=01;35:*.pcx=01;35:*.mov=01;35:*.mpg=01;35:*.mpeg=01;35:*.m2v=01;35:*.mkv=01;35:*.webm=01;35:*.webp=01;35:*.ogm=01;35:*.mp4=01;35:*.m4v=01;35:*.mp4v=01;35:*.vob=01;35:*.qt=01;35:*.nuv=01;35:*.wmv=01;35:*.asf=01;35:*.rm=01;35:*.rmvb=01;35:*.flc=01;35:*.avi=01;35:*.fli=01;35:*.flv=01;35:*.gl=01;35:*.dl=01;35:*.xcf=01;35:*.xwd=01;35:*.yuv=01;35:*.cgm=01;35:*.emf=01;35:*.ogv=01;35:*.ogx=01;35:*.aac=00;36:*.au=00;36:*.flac=00;36:*.m4a=00;36:*.mid=00;36:*.midi=00;36:*.mka=00;36:*.mp3=00;36:*.mpc=00;36:*.ogg=00;36:*.ra=00;36:*.wav=00;36:*.oga=00;36:*.opus=00;36:*.spx=00;36:*.xspf=00;36:'), ('SSH_AGENT_LAUNCHER', 'gnome-keyring'), ('SSH_AUTH_SOCK', '/run/user/1000/keyring/ssh'), ('AMENT_PREFIX_PATH', '/home/ros/arm_ws/install/arm_utils:/home/ros/arm_ws/install/arm_remote:/home/ros/arm_ws/install/arm_py_examples:/home/ros/arm_ws/install/arm_cpp_examples:/home/ros/arm_ws/install/arm_msgs:/home/ros/arm_ws/install/arm_moveit:/home/ros/arm_ws/install/arm_firmware:/home/ros/arm_ws/install/arm_description:/home/ros/arm_ws/install/arm_controller:/home/ros/arm_ws/install/arm_bringup:/opt/ros/humble'), ('SHELL', '/bin/bash'), ('LC_NAME', 'es_CO.UTF-8'), ('TERMINATOR_UUID', 'urn:uuid:3dc62beb-5acd-4d96-bb8e-eacca3db12ac'), ('QT_ACCESSIBILITY', '1'), ('GDMSESSION', 'ubuntu-xorg'), ('LESSCLOSE', '/usr/bin/lesspipe %s %s'), ('LC_MEASUREMENT', 'es_CO.UTF-8'), ('GPG_AGENT_INFO', '/run/user/1000/gnupg/S.gpg-agent:0:1'), ('LC_IDENTIFICATION', 'es_CO.UTF-8'), ('QT_IM_MODULE', 'ibus'), ('PWD', '/home/ros/arm_ws/build/arm_moveit'), ('LC_ALL', 'en_US.UTF-8'), ('XDG_CONFIG_DIRS', '/etc/xdg/xdg-ubuntu-xorg:/etc/xdg'), ('XDG_DATA_DIRS', '/usr/share/ubuntu-xorg:/usr/share/gnome:/usr/local/share/:/usr/share/:/var/lib/snapd/desktop'), ('PYTHONPATH', '/home/ros/arm_ws/install/arm_utils/local/lib/python3.10/dist-packages:/home/ros/arm_ws/install/arm_remote/local/lib/python3.10/dist-packages:/home/ros/arm_ws/install/arm_py_examples/lib/python3.10/site-packages:/home/ros/arm_ws/install/arm_msgs/local/lib/python3.10/dist-packages:/home/ros/arm_ws/install/arm_firmware/local/lib/python3.10/dist-packages:/home/ros/arm_ws/install/arm_controller/local/lib/python3.10/dist-packages:/opt/ros/humble/lib/python3.10/site-packages:/opt/ros/humble/local/lib/python3.10/dist-packages'), ('LC_NUMERIC', 'es_CO.UTF-8'), ('LC_PAPER', 'es_CO.UTF-8'), ('COLCON', '1'), ('VTE_VERSION', '6800'), ('CMAKE_PREFIX_PATH', '/home/ros/arm_ws/install/arm_utils:/home/ros/arm_ws/install/arm_remote:/home/ros/arm_ws/install/arm_cpp_examples:/home/ros/arm_ws/install/arm_msgs:/home/ros/arm_ws/install/arm_moveit:/home/ros/arm_ws/install/arm_firmware:/home/ros/arm_ws/install/arm_description:/home/ros/arm_ws/install/arm_controller:/home/ros/arm_ws/install/arm_bringup:/home/ros/arm_ws/install/arm_py_examples:/opt/ros/humble')]), 'shell': False}
[15.789939] (arm_firmware) StdoutLine: {'line': b"Listing '/home/ros/arm_ws/install/arm_firmware/local/lib/python3.10/dist-packages/arm_firmware'...\n"}
[15.795017] (-) TimerEvent: {}
[15.813892] (arm_firmware) StdoutLine: {'line': b'-- Up-to-date: /home/ros/arm_ws/install/arm_firmware/lib/arm_firmware/simple_serial_receiver\n'}
[15.828855] (arm_firmware) StdoutLine: {'line': b'-- Up-to-date: /home/ros/arm_ws/install/arm_firmware/lib/arm_firmware/simple_serial_transmitter\n'}
[15.829451] (arm_firmware) StdoutLine: {'line': b'-- Up-to-date: /home/ros/arm_ws/install/arm_firmware/lib/arm_firmware/simple_serial_transmitter.py\n'}
[15.835896] (arm_firmware) StdoutLine: {'line': b'-- Up-to-date: /home/ros/arm_ws/install/arm_firmware/lib/arm_firmware/simple_serial_receiver.py\n'}
[15.837266] (arm_firmware) StdoutLine: {'line': b'-- Up-to-date: /home/ros/arm_ws/install/arm_firmware/share/ament_index/resource_index/package_run_dependencies/arm_firmware\n'}
[15.837611] (arm_firmware) StdoutLine: {'line': b'-- Up-to-date: /home/ros/arm_ws/install/arm_firmware/share/ament_index/resource_index/parent_prefix_path/arm_firmware\n'}
[15.844382] (arm_firmware) StdoutLine: {'line': b'-- Up-to-date: /home/ros/arm_ws/install/arm_firmware/share/arm_firmware/environment/ament_prefix_path.sh\n'}
[15.845533] (arm_firmware) StdoutLine: {'line': b'-- Up-to-date: /home/ros/arm_ws/install/arm_firmware/share/arm_firmware/environment/ament_prefix_path.dsv\n'}
[15.849266] (arm_firmware) StdoutLine: {'line': b'-- Up-to-date: /home/ros/arm_ws/install/arm_firmware/share/arm_firmware/environment/path.sh\n'}
[15.851705] (arm_firmware) StdoutLine: {'line': b'-- Up-to-date: /home/ros/arm_ws/install/arm_firmware/share/arm_firmware/environment/path.dsv\n'}
[15.853382] (arm_firmware) StdoutLine: {'line': b'-- Up-to-date: /home/ros/arm_ws/install/arm_firmware/share/arm_firmware/local_setup.bash\n'}
[15.853671] (arm_firmware) StdoutLine: {'line': b'-- Up-to-date: /home/ros/arm_ws/install/arm_firmware/share/arm_firmware/local_setup.sh\n'}
[15.854130] (arm_firmware) StdoutLine: {'line': b'-- Up-to-date: /home/ros/arm_ws/install/arm_firmware/share/arm_firmware/local_setup.zsh\n'}
[15.854341] (arm_firmware) StdoutLine: {'line': b'-- Up-to-date: /home/ros/arm_ws/install/arm_firmware/share/arm_firmware/local_setup.dsv\n'}
[15.854460] (arm_firmware) StdoutLine: {'line': b'-- Installing: /home/ros/arm_ws/install/arm_firmware/share/arm_firmware/package.dsv\n'}
[15.854567] (arm_firmware) StdoutLine: {'line': b'-- Up-to-date: /home/ros/arm_ws/install/arm_firmware/share/ament_index/resource_index/packages/arm_firmware\n'}
[15.862443] (arm_firmware) StdoutLine: {'line': b'-- Up-to-date: /home/ros/arm_ws/install/arm_firmware/share/arm_firmware/cmake/arm_firmwareConfig.cmake\n'}
[15.866980] (arm_firmware) StdoutLine: {'line': b'-- Up-to-date: /home/ros/arm_ws/install/arm_firmware/share/arm_firmware/cmake/arm_firmwareConfig-version.cmake\n'}
[15.868210] (arm_firmware) StdoutLine: {'line': b'-- Up-to-date: /home/ros/arm_ws/install/arm_firmware/share/arm_firmware/package.xml\n'}
[15.868617] (arm_moveit) StdoutLine: {'line': b'-- Install configuration: ""\n'}
[15.868852] (arm_moveit) StdoutLine: {'line': b'-- Up-to-date: /home/ros/arm_ws/install/arm_moveit/share/arm_moveit/launch\n'}
[15.869106] (arm_moveit) StdoutLine: {'line': b'-- Up-to-date: /home/ros/arm_ws/install/arm_moveit/share/arm_moveit/launch/moveit.launch.py\n'}
[15.869231] (arm_moveit) StdoutLine: {'line': b'-- Up-to-date: /home/ros/arm_ws/install/arm_moveit/share/arm_moveit/config\n'}
[15.869342] (arm_moveit) StdoutLine: {'line': b'-- Up-to-date: /home/ros/arm_ws/install/arm_moveit/share/arm_moveit/config/initial_positions.yaml\n'}
[15.869495] (arm_moveit) StdoutLine: {'line': b'-- Up-to-date: /home/ros/arm_ws/install/arm_moveit/share/arm_moveit/config/moveit_controllers.yaml\n'}
[15.869605] (arm_moveit) StdoutLine: {'line': b'-- Up-to-date: /home/ros/arm_ws/install/arm_moveit/share/arm_moveit/config/pilz_cartesian_limits.yaml\n'}
[15.870010] (arm_moveit) StdoutLine: {'line': b'-- Up-to-date: /home/ros/arm_ws/install/arm_moveit/share/arm_moveit/config/kinematics.yaml\n'}
[15.870352] (arm_moveit) StdoutLine: {'line': b'-- Up-to-date: /home/ros/arm_ws/install/arm_moveit/share/arm_moveit/config/arm.srdf\n'}
[15.870522] (arm_moveit) StdoutLine: {'line': b'-- Up-to-date: /home/ros/arm_ws/install/arm_moveit/share/arm_moveit/config/moveit.rviz\n'}
[15.875293] (arm_moveit) StdoutLine: {'line': b'-- Up-to-date: /home/ros/arm_ws/install/arm_moveit/share/arm_moveit/config/joint_limits.yaml\n'}
[15.880586] (arm_moveit) StdoutLine: {'line': b'-- Up-to-date: /home/ros/arm_ws/install/arm_moveit/share/ament_index/resource_index/package_run_dependencies/arm_moveit\n'}
[15.883370] (arm_moveit) StdoutLine: {'line': b'-- Up-to-date: /home/ros/arm_ws/install/arm_moveit/share/ament_index/resource_index/parent_prefix_path/arm_moveit\n'}
[15.883983] (arm_moveit) StdoutLine: {'line': b'-- Up-to-date: /home/ros/arm_ws/install/arm_moveit/share/arm_moveit/environment/ament_prefix_path.sh\n'}
[15.884215] (arm_moveit) StdoutLine: {'line': b'-- Up-to-date: /home/ros/arm_ws/install/arm_moveit/share/arm_moveit/environment/ament_prefix_path.dsv\n'}
[15.884339] (arm_moveit) StdoutLine: {'line': b'-- Up-to-date: /home/ros/arm_ws/install/arm_moveit/share/arm_moveit/environment/path.sh\n'}
[15.884483] (arm_moveit) StdoutLine: {'line': b'-- Up-to-date: /home/ros/arm_ws/install/arm_moveit/share/arm_moveit/environment/path.dsv\n'}
[15.885795] (arm_moveit) StdoutLine: {'line': b'-- Up-to-date: /home/ros/arm_ws/install/arm_moveit/share/arm_moveit/local_setup.bash\n'}
[15.886108] (arm_moveit) StdoutLine: {'line': b'-- Up-to-date: /home/ros/arm_ws/install/arm_moveit/share/arm_moveit/local_setup.sh\n'}
[15.886315] (arm_moveit) StdoutLine: {'line': b'-- Up-to-date: /home/ros/arm_ws/install/arm_moveit/share/arm_moveit/local_setup.zsh\n'}
[15.886479] (arm_moveit) StdoutLine: {'line': b'-- Up-to-date: /home/ros/arm_ws/install/arm_moveit/share/arm_moveit/local_setup.dsv\n'}
[15.886632] (arm_moveit) StdoutLine: {'line': b'-- Installing: /home/ros/arm_ws/install/arm_moveit/share/arm_moveit/package.dsv\n'}
[15.892745] (arm_moveit) StdoutLine: {'line': b'-- Up-to-date: /home/ros/arm_ws/install/arm_moveit/share/ament_index/resource_index/packages/arm_moveit\n'}
[15.895454] (-) TimerEvent: {}
[15.897015] (arm_moveit) StdoutLine: {'line': b'-- Up-to-date: /home/ros/arm_ws/install/arm_moveit/share/arm_moveit/cmake/arm_moveitConfig.cmake\n'}
[15.897817] (arm_moveit) StdoutLine: {'line': b'-- Up-to-date: /home/ros/arm_ws/install/arm_moveit/share/arm_moveit/cmake/arm_moveitConfig-version.cmake\n'}
[15.898145] (arm_moveit) StdoutLine: {'line': b'-- Up-to-date: /home/ros/arm_ws/install/arm_moveit/share/arm_moveit/package.xml\n'}
[15.900049] (arm_firmware) CommandEnded: {'returncode': 0}
[15.976948] (arm_moveit) CommandEnded: {'returncode': 0}
[16.005207] (-) TimerEvent: {}
[16.108172] (-) TimerEvent: {}
[16.208639] (-) TimerEvent: {}
[16.311887] (-) TimerEvent: {}
[16.414952] (-) TimerEvent: {}
[16.524758] (-) TimerEvent: {}
[16.612079] (arm_moveit) JobEnded: {'identifier': 'arm_moveit', 'rc': 0}
[16.621764] (arm_cpp_examples) JobStarted: {'identifier': 'arm_cpp_examples'}
[16.635755] (-) TimerEvent: {}
[16.743838] (-) TimerEvent: {}
[16.797298] (arm_firmware) JobEnded: {'identifier': 'arm_firmware', 'rc': 0}
[16.805206] (arm_py_examples) JobStarted: {'identifier': 'arm_py_examples'}
[16.843995] (-) TimerEvent: {}
[16.872573] (arm_cpp_examples) JobProgress: {'identifier': 'arm_cpp_examples', 'progress': 'cmake'}
[16.877503] (arm_cpp_examples) JobProgress: {'identifier': 'arm_cpp_examples', 'progress': 'build'}
[16.881973] (arm_cpp_examples) Command: {'cmd': ['/usr/bin/cmake', '--build', '/home/ros/arm_ws/build/arm_cpp_examples', '--', '-j2', '-l2'], 'cwd': '/home/ros/arm_ws/build/arm_cpp_examples', 'env': OrderedDict([('LESSOPEN', '| /usr/bin/lesspipe %s'), ('LANGUAGE', 'en_US:'), ('USER', 'ros'), ('LC_TIME', 'es_CO.UTF-8'), ('XDG_SESSION_TYPE', 'x11'), ('SHLVL', '1'), ('LD_LIBRARY_PATH', '/home/ros/arm_ws/install/arm_msgs/lib:/home/ros/arm_ws/install/arm_remote/lib:/home/ros/arm_ws/install/arm_cpp_examples/lib:/home/ros/arm_ws/install/arm_controller/lib:/usr/lib/x86_64-linux-gnu/gazebo-11/plugins:/opt/ros/humble/opt/rviz_ogre_vendor/lib:/opt/ros/humble/lib/x86_64-linux-gnu:/opt/ros/humble/lib'), ('HOME', '/home/ros'), ('OLDPWD', '/home/ros'), ('DESKTOP_SESSION', 'ubuntu-xorg'), ('ROS_PYTHON_VERSION', '3'), ('GNOME_SHELL_SESSION_MODE', 'ubuntu'), ('GTK_MODULES', 'gail:atk-bridge'), ('LC_MONETARY', 'es_CO.UTF-8'), ('MANAGERPID', '1022'), ('SYSTEMD_EXEC_PID', '1648'), ('DBUS_SESSION_BUS_ADDRESS', 'unix:path=/run/user/1000/bus'), ('COLORTERM', 'truecolor'), ('TERMINATOR_DBUS_NAME', 'net.tenshu.Terminator21a9d5db22c73a993ff0b42f64b396873'), ('GIO_LAUNCHED_DESKTOP_FILE_PID', '5308'), ('COLCON_PREFIX_PATH', '/home/ros/arm_ws/install'), ('ROS_DISTRO', 'humble'), ('GTK_IM_MODULE', 'ibus'), ('LOGNAME', 'ros'), ('JOURNAL_STREAM', '8:21986'), ('_', '/usr/bin/colcon'), ('ROS_VERSION', '2'), ('XDG_SESSION_CLASS', 'user'), ('USERNAME', 'ros'), ('TERM', 'xterm-256color'), ('GNOME_DESKTOP_SESSION_ID', 'this-is-deprecated'), ('ROS_LOCALHOST_ONLY', '0'), ('WINDOWPATH', '2'), ('PATH', '/opt/ros/humble/bin:/home/ros/.local/bin:/usr/local/sbin:/usr/local/bin:/usr/sbin:/usr/bin:/sbin:/bin:/usr/games:/usr/local/games:/snap/bin:/snap/bin'), ('SESSION_MANAGER', 'local/ros-virtual-machine:@/tmp/.ICE-unix/1380,unix/ros-virtual-machine:/tmp/.ICE-unix/1380'), ('INVOCATION_ID', 'edc79796a9204906952502603e82de6b'), ('XDG_MENU_PREFIX', 'gnome-'), ('LC_ADDRESS', 'es_CO.UTF-8'), ('XDG_RUNTIME_DIR', '/run/user/1000'), ('DISPLAY', ':0'), ('TERMINATOR_DBUS_PATH', '/net/tenshu/Terminator2'), ('LANG', 'en_US.UTF-8'), ('XDG_CURRENT_DESKTOP', 'ubuntu:GNOME'), ('IBUS_DISABLE_SNOOPER', '1'), ('LC_TELEPHONE', 'es_CO.UTF-8'), ('XMODIFIERS', '@im=ibus'), ('XDG_SESSION_DESKTOP', 'ubuntu-xorg'), ('XAUTHORITY', '/run/user/1000/gdm/Xauthority'), ('LS_COLORS', 'rs=0:di=01;34:ln=01;36:mh=00:pi=40;33:so=01;35:do=01;35:bd=40;33;01:cd=40;33;01:or=40;31;01:mi=00:su=37;41:sg=30;43:ca=30;41:tw=30;42:ow=34;42:st=37;44:ex=01;32:*.tar=01;31:*.tgz=01;31:*.arc=01;31:*.arj=01;31:*.taz=01;31:*.lha=01;31:*.lz4=01;31:*.lzh=01;31:*.lzma=01;31:*.tlz=01;31:*.txz=01;31:*.tzo=01;31:*.t7z=01;31:*.zip=01;31:*.z=01;31:*.dz=01;31:*.gz=01;31:*.lrz=01;31:*.lz=01;31:*.lzo=01;31:*.xz=01;31:*.zst=01;31:*.tzst=01;31:*.bz2=01;31:*.bz=01;31:*.tbz=01;31:*.tbz2=01;31:*.tz=01;31:*.deb=01;31:*.rpm=01;31:*.jar=01;31:*.war=01;31:*.ear=01;31:*.sar=01;31:*.rar=01;31:*.alz=01;31:*.ace=01;31:*.zoo=01;31:*.cpio=01;31:*.7z=01;31:*.rz=01;31:*.cab=01;31:*.wim=01;31:*.swm=01;31:*.dwm=01;31:*.esd=01;31:*.jpg=01;35:*.jpeg=01;35:*.mjpg=01;35:*.mjpeg=01;35:*.gif=01;35:*.bmp=01;35:*.pbm=01;35:*.pgm=01;35:*.ppm=01;35:*.tga=01;35:*.xbm=01;35:*.xpm=01;35:*.tif=01;35:*.tiff=01;35:*.png=01;35:*.svg=01;35:*.svgz=01;35:*.mng=01;35:*.pcx=01;35:*.mov=01;35:*.mpg=01;35:*.mpeg=01;35:*.m2v=01;35:*.mkv=01;35:*.webm=01;35:*.webp=01;35:*.ogm=01;35:*.mp4=01;35:*.m4v=01;35:*.mp4v=01;35:*.vob=01;35:*.qt=01;35:*.nuv=01;35:*.wmv=01;35:*.asf=01;35:*.rm=01;35:*.rmvb=01;35:*.flc=01;35:*.avi=01;35:*.fli=01;35:*.flv=01;35:*.gl=01;35:*.dl=01;35:*.xcf=01;35:*.xwd=01;35:*.yuv=01;35:*.cgm=01;35:*.emf=01;35:*.ogv=01;35:*.ogx=01;35:*.aac=00;36:*.au=00;36:*.flac=00;36:*.m4a=00;36:*.mid=00;36:*.midi=00;36:*.mka=00;36:*.mp3=00;36:*.mpc=00;36:*.ogg=00;36:*.ra=00;36:*.wav=00;36:*.oga=00;36:*.opus=00;36:*.spx=00;36:*.xspf=00;36:'), ('SSH_AGENT_LAUNCHER', 'gnome-keyring'), ('SSH_AUTH_SOCK', '/run/user/1000/keyring/ssh'), ('AMENT_PREFIX_PATH', '/home/ros/arm_ws/install/arm_utils:/home/ros/arm_ws/install/arm_remote:/home/ros/arm_ws/install/arm_py_examples:/home/ros/arm_ws/install/arm_cpp_examples:/home/ros/arm_ws/install/arm_msgs:/home/ros/arm_ws/install/arm_moveit:/home/ros/arm_ws/install/arm_firmware:/home/ros/arm_ws/install/arm_description:/home/ros/arm_ws/install/arm_controller:/home/ros/arm_ws/install/arm_bringup:/opt/ros/humble'), ('SHELL', '/bin/bash'), ('LC_NAME', 'es_CO.UTF-8'), ('TERMINATOR_UUID', 'urn:uuid:3dc62beb-5acd-4d96-bb8e-eacca3db12ac'), ('QT_ACCESSIBILITY', '1'), ('GDMSESSION', 'ubuntu-xorg'), ('LESSCLOSE', '/usr/bin/lesspipe %s %s'), ('LC_MEASUREMENT', 'es_CO.UTF-8'), ('GPG_AGENT_INFO', '/run/user/1000/gnupg/S.gpg-agent:0:1'), ('LC_IDENTIFICATION', 'es_CO.UTF-8'), ('QT_IM_MODULE', 'ibus'), ('PWD', '/home/ros/arm_ws/build/arm_cpp_examples'), ('LC_ALL', 'en_US.UTF-8'), ('XDG_CONFIG_DIRS', '/etc/xdg/xdg-ubuntu-xorg:/etc/xdg'), ('XDG_DATA_DIRS', '/usr/share/ubuntu-xorg:/usr/share/gnome:/usr/local/share/:/usr/share/:/var/lib/snapd/desktop'), ('PYTHONPATH', '/home/ros/arm_ws/install/arm_utils/local/lib/python3.10/dist-packages:/home/ros/arm_ws/install/arm_remote/local/lib/python3.10/dist-packages:/home/ros/arm_ws/install/arm_py_examples/lib/python3.10/site-packages:/home/ros/arm_ws/install/arm_msgs/local/lib/python3.10/dist-packages:/home/ros/arm_ws/install/arm_firmware/local/lib/python3.10/dist-packages:/home/ros/arm_ws/install/arm_controller/local/lib/python3.10/dist-packages:/opt/ros/humble/lib/python3.10/site-packages:/opt/ros/humble/local/lib/python3.10/dist-packages'), ('LC_NUMERIC', 'es_CO.UTF-8'), ('LC_PAPER', 'es_CO.UTF-8'), ('COLCON', '1'), ('VTE_VERSION', '6800'), ('CMAKE_PREFIX_PATH', '/home/ros/arm_ws/install/arm_msgs:/home/ros/arm_ws/install/arm_utils:/home/ros/arm_ws/install/arm_remote:/home/ros/arm_ws/install/arm_cpp_examples:/home/ros/arm_ws/install/arm_moveit:/home/ros/arm_ws/install/arm_firmware:/home/ros/arm_ws/install/arm_description:/home/ros/arm_ws/install/arm_controller:/home/ros/arm_ws/install/arm_bringup:/home/ros/arm_ws/install/arm_py_examples:/opt/ros/humble')]), 'shell': False}
[16.945357] (-) TimerEvent: {}
[17.049143] (-) TimerEvent: {}
[17.156595] (-) TimerEvent: {}
[17.261069] (-) TimerEvent: {}
[17.362993] (-) TimerEvent: {}
[17.465621] (-) TimerEvent: {}
[17.570852] (-) TimerEvent: {}
[17.629193] (arm_cpp_examples) StdoutLine: {'line': b'[  9%] Built target simple_publisher\n'}
[17.671859] (-) TimerEvent: {}
[17.774019] (-) TimerEvent: {}
[17.878366] (-) TimerEvent: {}
[17.920970] (arm_cpp_examples) StdoutLine: {'line': b'[ 18%] Built target simple_subscriber\n'}
[17.980227] (-) TimerEvent: {}
[18.081830] (-) TimerEvent: {}
[18.132747] (arm_cpp_examples) StdoutLine: {'line': b'[ 27%] Built target simple_parameter\n'}
[18.183078] (-) TimerEvent: {}
[18.284195] (-) TimerEvent: {}
[18.314284] (arm_cpp_examples) StdoutLine: {'line': b'[ 36%] Built target simple_service_server\n'}
[18.384945] (-) TimerEvent: {}
[18.488892] (-) TimerEvent: {}
[18.596343] (-) TimerEvent: {}
[18.597880] (arm_cpp_examples) StdoutLine: {'line': b'[ 45%] Built target simple_service_client\n'}
[18.696475] (-) TimerEvent: {}
[18.800877] (-) TimerEvent: {}
[18.902432] (-) TimerEvent: {}
[18.907445] (arm_cpp_examples) StdoutLine: {'line': b'[ 54%] Built target simple_action_server\n'}
[19.003535] (-) TimerEvent: {}
[19.108874] (-) TimerEvent: {}
[19.194806] (arm_cpp_examples) StdoutLine: {'line': b'[ 63%] Built target simple_action_server_node\n'}
[19.212688] (-) TimerEvent: {}
[19.315177] (-) TimerEvent: {}
[19.424178] (-) TimerEvent: {}
[19.526848] (-) TimerEvent: {}
[19.554134] (arm_cpp_examples) StdoutLine: {'line': b'[ 72%] Built target simple_action_client\n'}
[19.629082] (-) TimerEvent: {}
[19.733712] (-) TimerEvent: {}
[19.788492] (arm_cpp_examples) StdoutLine: {'line': b'[ 81%] Built target simple_action_client_node\n'}
[19.836396] (-) TimerEvent: {}
[19.942578] (-) TimerEvent: {}
[20.043809] (-) TimerEvent: {}
[20.115095] (arm_cpp_examples) StdoutLine: {'line': b'[ 90%] Built target simple_moveit_interface\n'}
[20.146024] (-) TimerEvent: {}
[20.249159] (-) TimerEvent: {}
[20.336014] (arm_cpp_examples) StdoutLine: {'line': b'[100%] Built target simple_lifecycle_node\n'}
[20.353424] (-) TimerEvent: {}
[20.459700] (arm_cpp_examples) CommandEnded: {'returncode': 0}
[20.467618] (-) TimerEvent: {}
[20.571992] (-) TimerEvent: {}
[20.674454] (-) TimerEvent: {}
[20.775836] (-) TimerEvent: {}
[20.878349] (-) TimerEvent: {}
[20.980910] (-) TimerEvent: {}
[21.087573] (-) TimerEvent: {}
[21.189885] (-) TimerEvent: {}
[21.291070] (-) TimerEvent: {}
[21.393154] (-) TimerEvent: {}
[21.499873] (-) TimerEvent: {}
[21.556118] (arm_cpp_examples) JobProgress: {'identifier': 'arm_cpp_examples', 'progress': 'install'}
[21.565357] (arm_cpp_examples) Command: {'cmd': ['/usr/bin/cmake', '--install', '/home/ros/arm_ws/build/arm_cpp_examples'], 'cwd': '/home/ros/arm_ws/build/arm_cpp_examples', 'env': OrderedDict([('LESSOPEN', '| /usr/bin/lesspipe %s'), ('LANGUAGE', 'en_US:'), ('USER', 'ros'), ('LC_TIME', 'es_CO.UTF-8'), ('XDG_SESSION_TYPE', 'x11'), ('SHLVL', '1'), ('LD_LIBRARY_PATH', '/home/ros/arm_ws/install/arm_msgs/lib:/home/ros/arm_ws/install/arm_remote/lib:/home/ros/arm_ws/install/arm_cpp_examples/lib:/home/ros/arm_ws/install/arm_controller/lib:/usr/lib/x86_64-linux-gnu/gazebo-11/plugins:/opt/ros/humble/opt/rviz_ogre_vendor/lib:/opt/ros/humble/lib/x86_64-linux-gnu:/opt/ros/humble/lib'), ('HOME', '/home/ros'), ('OLDPWD', '/home/ros'), ('DESKTOP_SESSION', 'ubuntu-xorg'), ('ROS_PYTHON_VERSION', '3'), ('GNOME_SHELL_SESSION_MODE', 'ubuntu'), ('GTK_MODULES', 'gail:atk-bridge'), ('LC_MONETARY', 'es_CO.UTF-8'), ('MANAGERPID', '1022'), ('SYSTEMD_EXEC_PID', '1648'), ('DBUS_SESSION_BUS_ADDRESS', 'unix:path=/run/user/1000/bus'), ('COLORTERM', 'truecolor'), ('TERMINATOR_DBUS_NAME', 'net.tenshu.Terminator21a9d5db22c73a993ff0b42f64b396873'), ('GIO_LAUNCHED_DESKTOP_FILE_PID', '5308'), ('COLCON_PREFIX_PATH', '/home/ros/arm_ws/install'), ('ROS_DISTRO', 'humble'), ('GTK_IM_MODULE', 'ibus'), ('LOGNAME', 'ros'), ('JOURNAL_STREAM', '8:21986'), ('_', '/usr/bin/colcon'), ('ROS_VERSION', '2'), ('XDG_SESSION_CLASS', 'user'), ('USERNAME', 'ros'), ('TERM', 'xterm-256color'), ('GNOME_DESKTOP_SESSION_ID', 'this-is-deprecated'), ('ROS_LOCALHOST_ONLY', '0'), ('WINDOWPATH', '2'), ('PATH', '/opt/ros/humble/bin:/home/ros/.local/bin:/usr/local/sbin:/usr/local/bin:/usr/sbin:/usr/bin:/sbin:/bin:/usr/games:/usr/local/games:/snap/bin:/snap/bin'), ('SESSION_MANAGER', 'local/ros-virtual-machine:@/tmp/.ICE-unix/1380,unix/ros-virtual-machine:/tmp/.ICE-unix/1380'), ('INVOCATION_ID', 'edc79796a9204906952502603e82de6b'), ('XDG_MENU_PREFIX', 'gnome-'), ('LC_ADDRESS', 'es_CO.UTF-8'), ('XDG_RUNTIME_DIR', '/run/user/1000'), ('DISPLAY', ':0'), ('TERMINATOR_DBUS_PATH', '/net/tenshu/Terminator2'), ('LANG', 'en_US.UTF-8'), ('XDG_CURRENT_DESKTOP', 'ubuntu:GNOME'), ('IBUS_DISABLE_SNOOPER', '1'), ('LC_TELEPHONE', 'es_CO.UTF-8'), ('XMODIFIERS', '@im=ibus'), ('XDG_SESSION_DESKTOP', 'ubuntu-xorg'), ('XAUTHORITY', '/run/user/1000/gdm/Xauthority'), ('LS_COLORS', 'rs=0:di=01;34:ln=01;36:mh=00:pi=40;33:so=01;35:do=01;35:bd=40;33;01:cd=40;33;01:or=40;31;01:mi=00:su=37;41:sg=30;43:ca=30;41:tw=30;42:ow=34;42:st=37;44:ex=01;32:*.tar=01;31:*.tgz=01;31:*.arc=01;31:*.arj=01;31:*.taz=01;31:*.lha=01;31:*.lz4=01;31:*.lzh=01;31:*.lzma=01;31:*.tlz=01;31:*.txz=01;31:*.tzo=01;31:*.t7z=01;31:*.zip=01;31:*.z=01;31:*.dz=01;31:*.gz=01;31:*.lrz=01;31:*.lz=01;31:*.lzo=01;31:*.xz=01;31:*.zst=01;31:*.tzst=01;31:*.bz2=01;31:*.bz=01;31:*.tbz=01;31:*.tbz2=01;31:*.tz=01;31:*.deb=01;31:*.rpm=01;31:*.jar=01;31:*.war=01;31:*.ear=01;31:*.sar=01;31:*.rar=01;31:*.alz=01;31:*.ace=01;31:*.zoo=01;31:*.cpio=01;31:*.7z=01;31:*.rz=01;31:*.cab=01;31:*.wim=01;31:*.swm=01;31:*.dwm=01;31:*.esd=01;31:*.jpg=01;35:*.jpeg=01;35:*.mjpg=01;35:*.mjpeg=01;35:*.gif=01;35:*.bmp=01;35:*.pbm=01;35:*.pgm=01;35:*.ppm=01;35:*.tga=01;35:*.xbm=01;35:*.xpm=01;35:*.tif=01;35:*.tiff=01;35:*.png=01;35:*.svg=01;35:*.svgz=01;35:*.mng=01;35:*.pcx=01;35:*.mov=01;35:*.mpg=01;35:*.mpeg=01;35:*.m2v=01;35:*.mkv=01;35:*.webm=01;35:*.webp=01;35:*.ogm=01;35:*.mp4=01;35:*.m4v=01;35:*.mp4v=01;35:*.vob=01;35:*.qt=01;35:*.nuv=01;35:*.wmv=01;35:*.asf=01;35:*.rm=01;35:*.rmvb=01;35:*.flc=01;35:*.avi=01;35:*.fli=01;35:*.flv=01;35:*.gl=01;35:*.dl=01;35:*.xcf=01;35:*.xwd=01;35:*.yuv=01;35:*.cgm=01;35:*.emf=01;35:*.ogv=01;35:*.ogx=01;35:*.aac=00;36:*.au=00;36:*.flac=00;36:*.m4a=00;36:*.mid=00;36:*.midi=00;36:*.mka=00;36:*.mp3=00;36:*.mpc=00;36:*.ogg=00;36:*.ra=00;36:*.wav=00;36:*.oga=00;36:*.opus=00;36:*.spx=00;36:*.xspf=00;36:'), ('SSH_AGENT_LAUNCHER', 'gnome-keyring'), ('SSH_AUTH_SOCK', '/run/user/1000/keyring/ssh'), ('AMENT_PREFIX_PATH', '/home/ros/arm_ws/install/arm_utils:/home/ros/arm_ws/install/arm_remote:/home/ros/arm_ws/install/arm_py_examples:/home/ros/arm_ws/install/arm_cpp_examples:/home/ros/arm_ws/install/arm_msgs:/home/ros/arm_ws/install/arm_moveit:/home/ros/arm_ws/install/arm_firmware:/home/ros/arm_ws/install/arm_description:/home/ros/arm_ws/install/arm_controller:/home/ros/arm_ws/install/arm_bringup:/opt/ros/humble'), ('SHELL', '/bin/bash'), ('LC_NAME', 'es_CO.UTF-8'), ('TERMINATOR_UUID', 'urn:uuid:3dc62beb-5acd-4d96-bb8e-eacca3db12ac'), ('QT_ACCESSIBILITY', '1'), ('GDMSESSION', 'ubuntu-xorg'), ('LESSCLOSE', '/usr/bin/lesspipe %s %s'), ('LC_MEASUREMENT', 'es_CO.UTF-8'), ('GPG_AGENT_INFO', '/run/user/1000/gnupg/S.gpg-agent:0:1'), ('LC_IDENTIFICATION', 'es_CO.UTF-8'), ('QT_IM_MODULE', 'ibus'), ('PWD', '/home/ros/arm_ws/build/arm_cpp_examples'), ('LC_ALL', 'en_US.UTF-8'), ('XDG_CONFIG_DIRS', '/etc/xdg/xdg-ubuntu-xorg:/etc/xdg'), ('XDG_DATA_DIRS', '/usr/share/ubuntu-xorg:/usr/share/gnome:/usr/local/share/:/usr/share/:/var/lib/snapd/desktop'), ('PYTHONPATH', '/home/ros/arm_ws/install/arm_utils/local/lib/python3.10/dist-packages:/home/ros/arm_ws/install/arm_remote/local/lib/python3.10/dist-packages:/home/ros/arm_ws/install/arm_py_examples/lib/python3.10/site-packages:/home/ros/arm_ws/install/arm_msgs/local/lib/python3.10/dist-packages:/home/ros/arm_ws/install/arm_firmware/local/lib/python3.10/dist-packages:/home/ros/arm_ws/install/arm_controller/local/lib/python3.10/dist-packages:/opt/ros/humble/lib/python3.10/site-packages:/opt/ros/humble/local/lib/python3.10/dist-packages'), ('LC_NUMERIC', 'es_CO.UTF-8'), ('LC_PAPER', 'es_CO.UTF-8'), ('COLCON', '1'), ('VTE_VERSION', '6800'), ('CMAKE_PREFIX_PATH', '/home/ros/arm_ws/install/arm_msgs:/home/ros/arm_ws/install/arm_utils:/home/ros/arm_ws/install/arm_remote:/home/ros/arm_ws/install/arm_cpp_examples:/home/ros/arm_ws/install/arm_moveit:/home/ros/arm_ws/install/arm_firmware:/home/ros/arm_ws/install/arm_description:/home/ros/arm_ws/install/arm_controller:/home/ros/arm_ws/install/arm_bringup:/home/ros/arm_ws/install/arm_py_examples:/opt/ros/humble')]), 'shell': False}
[21.602969] (-) TimerEvent: {}
[21.617975] (arm_cpp_examples) StdoutLine: {'line': b'-- Install configuration: ""\n'}
[21.622943] (arm_cpp_examples) StdoutLine: {'line': b'-- Up-to-date: /home/ros/arm_ws/install/arm_cpp_examples/lib/arm_cpp_examples/simple_action_server_node\n'}
[21.623674] (arm_cpp_examples) StdoutLine: {'line': b'-- Up-to-date: /home/ros/arm_ws/install/arm_cpp_examples/lib/arm_cpp_examples/simple_action_client_node\n'}
[21.632973] (arm_cpp_examples) StdoutLine: {'line': b'-- Up-to-date: /home/ros/arm_ws/install/arm_cpp_examples/lib/arm_cpp_examples/simple_publisher\n'}
[21.633480] (arm_cpp_examples) StdoutLine: {'line': b'-- Up-to-date: /home/ros/arm_ws/install/arm_cpp_examples/lib/arm_cpp_examples/simple_subscriber\n'}
[21.633743] (arm_cpp_examples) StdoutLine: {'line': b'-- Up-to-date: /home/ros/arm_ws/install/arm_cpp_examples/lib/arm_cpp_examples/simple_parameter\n'}
[21.640838] (arm_cpp_examples) StdoutLine: {'line': b'-- Up-to-date: /home/ros/arm_ws/install/arm_cpp_examples/lib/arm_cpp_examples/simple_service_server\n'}
[21.642982] (arm_cpp_examples) StdoutLine: {'line': b'-- Up-to-date: /home/ros/arm_ws/install/arm_cpp_examples/lib/arm_cpp_examples/simple_service_client\n'}
[21.643349] (arm_cpp_examples) StdoutLine: {'line': b'-- Up-to-date: /home/ros/arm_ws/install/arm_cpp_examples/lib/arm_cpp_examples/simple_moveit_interface\n'}
[21.652392] (arm_cpp_examples) StdoutLine: {'line': b'-- Up-to-date: /home/ros/arm_ws/install/arm_cpp_examples/lib/arm_cpp_examples/simple_lifecycle_node\n'}
[21.655063] (arm_cpp_examples) StdoutLine: {'line': b'-- Up-to-date: /home/ros/arm_ws/install/arm_cpp_examples/lib/libsimple_action_server.so\n'}
[21.655340] (arm_cpp_examples) StdoutLine: {'line': b'-- Up-to-date: /home/ros/arm_ws/install/arm_cpp_examples/lib/libsimple_action_client.so\n'}
[21.655512] (arm_cpp_examples) StdoutLine: {'line': b'-- Up-to-date: /home/ros/arm_ws/install/arm_cpp_examples/share/ament_index/resource_index/package_run_dependencies/arm_cpp_examples\n'}
[21.655965] (arm_cpp_examples) StdoutLine: {'line': b'-- Up-to-date: /home/ros/arm_ws/install/arm_cpp_examples/share/ament_index/resource_index/parent_prefix_path/arm_cpp_examples\n'}
[21.656154] (arm_cpp_examples) StdoutLine: {'line': b'-- Up-to-date: /home/ros/arm_ws/install/arm_cpp_examples/share/arm_cpp_examples/environment/ament_prefix_path.sh\n'}
[21.656395] (arm_cpp_examples) StdoutLine: {'line': b'-- Up-to-date: /home/ros/arm_ws/install/arm_cpp_examples/share/arm_cpp_examples/environment/ament_prefix_path.dsv\n'}
[21.656542] (arm_cpp_examples) StdoutLine: {'line': b'-- Up-to-date: /home/ros/arm_ws/install/arm_cpp_examples/share/arm_cpp_examples/environment/path.sh\n'}
[21.656655] (arm_cpp_examples) StdoutLine: {'line': b'-- Up-to-date: /home/ros/arm_ws/install/arm_cpp_examples/share/arm_cpp_examples/environment/path.dsv\n'}
[21.656806] (arm_cpp_examples) StdoutLine: {'line': b'-- Up-to-date: /home/ros/arm_ws/install/arm_cpp_examples/share/arm_cpp_examples/local_setup.bash\n'}
[21.656920] (arm_cpp_examples) StdoutLine: {'line': b'-- Up-to-date: /home/ros/arm_ws/install/arm_cpp_examples/share/arm_cpp_examples/local_setup.sh\n'}
[21.657041] (arm_cpp_examples) StdoutLine: {'line': b'-- Up-to-date: /home/ros/arm_ws/install/arm_cpp_examples/share/arm_cpp_examples/local_setup.zsh\n'}
[21.657219] (arm_cpp_examples) StdoutLine: {'line': b'-- Up-to-date: /home/ros/arm_ws/install/arm_cpp_examples/share/arm_cpp_examples/local_setup.dsv\n'}
[21.657332] (arm_cpp_examples) StdoutLine: {'line': b'-- Installing: /home/ros/arm_ws/install/arm_cpp_examples/share/arm_cpp_examples/package.dsv\n'}
[21.657545] (arm_cpp_examples) StdoutLine: {'line': b'-- Up-to-date: /home/ros/arm_ws/install/arm_cpp_examples/share/ament_index/resource_index/packages/arm_cpp_examples\n'}
[21.668062] (arm_cpp_examples) StdoutLine: {'line': b'-- Up-to-date: /home/ros/arm_ws/install/arm_cpp_examples/share/ament_index/resource_index/rclcpp_components/arm_cpp_examples\n'}
[21.675040] (arm_cpp_examples) StdoutLine: {'line': b'-- Up-to-date: /home/ros/arm_ws/install/arm_cpp_examples/share/arm_cpp_examples/cmake/arm_cpp_examplesConfig.cmake\n'}
[21.675385] (arm_cpp_examples) StdoutLine: {'line': b'-- Up-to-date: /home/ros/arm_ws/install/arm_cpp_examples/share/arm_cpp_examples/cmake/arm_cpp_examplesConfig-version.cmake\n'}
[21.675612] (arm_cpp_examples) StdoutLine: {'line': b'-- Up-to-date: /home/ros/arm_ws/install/arm_cpp_examples/share/arm_cpp_examples/package.xml\n'}
[21.676679] (arm_cpp_examples) CommandEnded: {'returncode': 0}
[21.706804] (-) TimerEvent: {}
[21.808251] (-) TimerEvent: {}
[21.911856] (-) TimerEvent: {}
[22.018361] (-) TimerEvent: {}
[22.121310] (-) TimerEvent: {}
[22.222660] (-) TimerEvent: {}
[22.325604] (-) TimerEvent: {}
[22.429006] (-) TimerEvent: {}
[22.529746] (-) TimerEvent: {}
[22.634490] (-) TimerEvent: {}
[22.737632] (-) TimerEvent: {}
[22.844476] (-) TimerEvent: {}
[22.947308] (arm_cpp_examples) JobEnded: {'identifier': 'arm_cpp_examples', 'rc': 0}
[22.951064] (-) TimerEvent: {}
[22.963944] (arm_remote) JobStarted: {'identifier': 'arm_remote'}
[23.054599] (-) TimerEvent: {}
[23.131014] (arm_remote) JobProgress: {'identifier': 'arm_remote', 'progress': 'cmake'}
[23.147776] (arm_remote) JobProgress: {'identifier': 'arm_remote', 'progress': 'build'}
[23.147937] (arm_remote) Command: {'cmd': ['/usr/bin/cmake', '--build', '/home/ros/arm_ws/build/arm_remote', '--', '-j2', '-l2'], 'cwd': '/home/ros/arm_ws/build/arm_remote', 'env': OrderedDict([('LESSOPEN', '| /usr/bin/lesspipe %s'), ('LANGUAGE', 'en_US:'), ('USER', 'ros'), ('LC_TIME', 'es_CO.UTF-8'), ('XDG_SESSION_TYPE', 'x11'), ('SHLVL', '1'), ('LD_LIBRARY_PATH', '/home/ros/arm_ws/install/arm_msgs/lib:/home/ros/arm_ws/install/arm_remote/lib:/home/ros/arm_ws/install/arm_cpp_examples/lib:/home/ros/arm_ws/install/arm_controller/lib:/usr/lib/x86_64-linux-gnu/gazebo-11/plugins:/opt/ros/humble/opt/rviz_ogre_vendor/lib:/opt/ros/humble/lib/x86_64-linux-gnu:/opt/ros/humble/lib'), ('HOME', '/home/ros'), ('OLDPWD', '/home/ros'), ('DESKTOP_SESSION', 'ubuntu-xorg'), ('ROS_PYTHON_VERSION', '3'), ('GNOME_SHELL_SESSION_MODE', 'ubuntu'), ('GTK_MODULES', 'gail:atk-bridge'), ('LC_MONETARY', 'es_CO.UTF-8'), ('MANAGERPID', '1022'), ('SYSTEMD_EXEC_PID', '1648'), ('DBUS_SESSION_BUS_ADDRESS', 'unix:path=/run/user/1000/bus'), ('COLORTERM', 'truecolor'), ('TERMINATOR_DBUS_NAME', 'net.tenshu.Terminator21a9d5db22c73a993ff0b42f64b396873'), ('GIO_LAUNCHED_DESKTOP_FILE_PID', '5308'), ('COLCON_PREFIX_PATH', '/home/ros/arm_ws/install'), ('ROS_DISTRO', 'humble'), ('GTK_IM_MODULE', 'ibus'), ('LOGNAME', 'ros'), ('JOURNAL_STREAM', '8:21986'), ('_', '/usr/bin/colcon'), ('ROS_VERSION', '2'), ('XDG_SESSION_CLASS', 'user'), ('USERNAME', 'ros'), ('TERM', 'xterm-256color'), ('GNOME_DESKTOP_SESSION_ID', 'this-is-deprecated'), ('ROS_LOCALHOST_ONLY', '0'), ('WINDOWPATH', '2'), ('PATH', '/opt/ros/humble/bin:/home/ros/.local/bin:/usr/local/sbin:/usr/local/bin:/usr/sbin:/usr/bin:/sbin:/bin:/usr/games:/usr/local/games:/snap/bin:/snap/bin'), ('SESSION_MANAGER', 'local/ros-virtual-machine:@/tmp/.ICE-unix/1380,unix/ros-virtual-machine:/tmp/.ICE-unix/1380'), ('INVOCATION_ID', 'edc79796a9204906952502603e82de6b'), ('XDG_MENU_PREFIX', 'gnome-'), ('LC_ADDRESS', 'es_CO.UTF-8'), ('XDG_RUNTIME_DIR', '/run/user/1000'), ('DISPLAY', ':0'), ('TERMINATOR_DBUS_PATH', '/net/tenshu/Terminator2'), ('LANG', 'en_US.UTF-8'), ('XDG_CURRENT_DESKTOP', 'ubuntu:GNOME'), ('IBUS_DISABLE_SNOOPER', '1'), ('LC_TELEPHONE', 'es_CO.UTF-8'), ('XMODIFIERS', '@im=ibus'), ('XDG_SESSION_DESKTOP', 'ubuntu-xorg'), ('XAUTHORITY', '/run/user/1000/gdm/Xauthority'), ('LS_COLORS', 'rs=0:di=01;34:ln=01;36:mh=00:pi=40;33:so=01;35:do=01;35:bd=40;33;01:cd=40;33;01:or=40;31;01:mi=00:su=37;41:sg=30;43:ca=30;41:tw=30;42:ow=34;42:st=37;44:ex=01;32:*.tar=01;31:*.tgz=01;31:*.arc=01;31:*.arj=01;31:*.taz=01;31:*.lha=01;31:*.lz4=01;31:*.lzh=01;31:*.lzma=01;31:*.tlz=01;31:*.txz=01;31:*.tzo=01;31:*.t7z=01;31:*.zip=01;31:*.z=01;31:*.dz=01;31:*.gz=01;31:*.lrz=01;31:*.lz=01;31:*.lzo=01;31:*.xz=01;31:*.zst=01;31:*.tzst=01;31:*.bz2=01;31:*.bz=01;31:*.tbz=01;31:*.tbz2=01;31:*.tz=01;31:*.deb=01;31:*.rpm=01;31:*.jar=01;31:*.war=01;31:*.ear=01;31:*.sar=01;31:*.rar=01;31:*.alz=01;31:*.ace=01;31:*.zoo=01;31:*.cpio=01;31:*.7z=01;31:*.rz=01;31:*.cab=01;31:*.wim=01;31:*.swm=01;31:*.dwm=01;31:*.esd=01;31:*.jpg=01;35:*.jpeg=01;35:*.mjpg=01;35:*.mjpeg=01;35:*.gif=01;35:*.bmp=01;35:*.pbm=01;35:*.pgm=01;35:*.ppm=01;35:*.tga=01;35:*.xbm=01;35:*.xpm=01;35:*.tif=01;35:*.tiff=01;35:*.png=01;35:*.svg=01;35:*.svgz=01;35:*.mng=01;35:*.pcx=01;35:*.mov=01;35:*.mpg=01;35:*.mpeg=01;35:*.m2v=01;35:*.mkv=01;35:*.webm=01;35:*.webp=01;35:*.ogm=01;35:*.mp4=01;35:*.m4v=01;35:*.mp4v=01;35:*.vob=01;35:*.qt=01;35:*.nuv=01;35:*.wmv=01;35:*.asf=01;35:*.rm=01;35:*.rmvb=01;35:*.flc=01;35:*.avi=01;35:*.fli=01;35:*.flv=01;35:*.gl=01;35:*.dl=01;35:*.xcf=01;35:*.xwd=01;35:*.yuv=01;35:*.cgm=01;35:*.emf=01;35:*.ogv=01;35:*.ogx=01;35:*.aac=00;36:*.au=00;36:*.flac=00;36:*.m4a=00;36:*.mid=00;36:*.midi=00;36:*.mka=00;36:*.mp3=00;36:*.mpc=00;36:*.ogg=00;36:*.ra=00;36:*.wav=00;36:*.oga=00;36:*.opus=00;36:*.spx=00;36:*.xspf=00;36:'), ('SSH_AGENT_LAUNCHER', 'gnome-keyring'), ('SSH_AUTH_SOCK', '/run/user/1000/keyring/ssh'), ('AMENT_PREFIX_PATH', '/home/ros/arm_ws/install/arm_utils:/home/ros/arm_ws/install/arm_remote:/home/ros/arm_ws/install/arm_py_examples:/home/ros/arm_ws/install/arm_cpp_examples:/home/ros/arm_ws/install/arm_msgs:/home/ros/arm_ws/install/arm_moveit:/home/ros/arm_ws/install/arm_firmware:/home/ros/arm_ws/install/arm_description:/home/ros/arm_ws/install/arm_controller:/home/ros/arm_ws/install/arm_bringup:/opt/ros/humble'), ('SHELL', '/bin/bash'), ('LC_NAME', 'es_CO.UTF-8'), ('TERMINATOR_UUID', 'urn:uuid:3dc62beb-5acd-4d96-bb8e-eacca3db12ac'), ('QT_ACCESSIBILITY', '1'), ('GDMSESSION', 'ubuntu-xorg'), ('LESSCLOSE', '/usr/bin/lesspipe %s %s'), ('LC_MEASUREMENT', 'es_CO.UTF-8'), ('GPG_AGENT_INFO', '/run/user/1000/gnupg/S.gpg-agent:0:1'), ('LC_IDENTIFICATION', 'es_CO.UTF-8'), ('QT_IM_MODULE', 'ibus'), ('PWD', '/home/ros/arm_ws/build/arm_remote'), ('LC_ALL', 'en_US.UTF-8'), ('XDG_CONFIG_DIRS', '/etc/xdg/xdg-ubuntu-xorg:/etc/xdg'), ('XDG_DATA_DIRS', '/usr/share/ubuntu-xorg:/usr/share/gnome:/usr/local/share/:/usr/share/:/var/lib/snapd/desktop'), ('PYTHONPATH', '/home/ros/arm_ws/install/arm_utils/local/lib/python3.10/dist-packages:/home/ros/arm_ws/install/arm_remote/local/lib/python3.10/dist-packages:/home/ros/arm_ws/install/arm_py_examples/lib/python3.10/site-packages:/home/ros/arm_ws/install/arm_msgs/local/lib/python3.10/dist-packages:/home/ros/arm_ws/install/arm_firmware/local/lib/python3.10/dist-packages:/home/ros/arm_ws/install/arm_controller/local/lib/python3.10/dist-packages:/opt/ros/humble/lib/python3.10/site-packages:/opt/ros/humble/local/lib/python3.10/dist-packages'), ('LC_NUMERIC', 'es_CO.UTF-8'), ('LC_PAPER', 'es_CO.UTF-8'), ('COLCON', '1'), ('VTE_VERSION', '6800'), ('CMAKE_PREFIX_PATH', '/home/ros/arm_ws/install/arm_msgs:/home/ros/arm_ws/install/arm_utils:/home/ros/arm_ws/install/arm_remote:/home/ros/arm_ws/install/arm_cpp_examples:/home/ros/arm_ws/install/arm_moveit:/home/ros/arm_ws/install/arm_firmware:/home/ros/arm_ws/install/arm_description:/home/ros/arm_ws/install/arm_controller:/home/ros/arm_ws/install/arm_bringup:/home/ros/arm_ws/install/arm_py_examples:/opt/ros/humble')]), 'shell': False}
[23.155711] (-) TimerEvent: {}
[23.266072] (-) TimerEvent: {}
[23.367843] (-) TimerEvent: {}
[23.468557] (-) TimerEvent: {}
[23.573841] (-) TimerEvent: {}
[23.674996] (-) TimerEvent: {}
[23.780054] (-) TimerEvent: {}
[23.870869] (arm_remote) StdoutLine: {'line': b'[ 25%] \x1b[32mBuilding CXX object CMakeFiles/task_server.dir/src/task_server.cpp.o\x1b[0m\n'}
[23.882658] (-) TimerEvent: {}
[23.987660] (-) TimerEvent: {}
[24.064999] (arm_py_examples) Command: {'cmd': ['/usr/bin/python3', '-W', 'ignore:setup.py install is deprecated', 'setup.py', 'egg_info', '--egg-base', '../../build/arm_py_examples', 'build', '--build-base', '/home/ros/arm_ws/build/arm_py_examples/build', 'install', '--record', '/home/ros/arm_ws/build/arm_py_examples/install.log', '--single-version-externally-managed', 'install_data'], 'cwd': '/home/ros/arm_ws/src/arm_py_examples', 'env': {'LESSOPEN': '| /usr/bin/lesspipe %s', 'LANGUAGE': 'en_US:', 'USER': 'ros', 'LC_TIME': 'es_CO.UTF-8', 'XDG_SESSION_TYPE': 'x11', 'SHLVL': '1', 'LD_LIBRARY_PATH': '/home/ros/arm_ws/install/arm_msgs/lib:/home/ros/arm_ws/install/arm_remote/lib:/home/ros/arm_ws/install/arm_cpp_examples/lib:/home/ros/arm_ws/install/arm_controller/lib:/usr/lib/x86_64-linux-gnu/gazebo-11/plugins:/opt/ros/humble/opt/rviz_ogre_vendor/lib:/opt/ros/humble/lib/x86_64-linux-gnu:/opt/ros/humble/lib', 'HOME': '/home/ros', 'OLDPWD': '/home/ros', 'DESKTOP_SESSION': 'ubuntu-xorg', 'ROS_PYTHON_VERSION': '3', 'GNOME_SHELL_SESSION_MODE': 'ubuntu', 'GTK_MODULES': 'gail:atk-bridge', 'LC_MONETARY': 'es_CO.UTF-8', 'MANAGERPID': '1022', 'SYSTEMD_EXEC_PID': '1648', 'DBUS_SESSION_BUS_ADDRESS': 'unix:path=/run/user/1000/bus', 'COLORTERM': 'truecolor', 'TERMINATOR_DBUS_NAME': 'net.tenshu.Terminator21a9d5db22c73a993ff0b42f64b396873', 'GIO_LAUNCHED_DESKTOP_FILE_PID': '5308', 'COLCON_PREFIX_PATH': '/home/ros/arm_ws/install', 'ROS_DISTRO': 'humble', 'GTK_IM_MODULE': 'ibus', 'LOGNAME': 'ros', 'JOURNAL_STREAM': '8:21986', '_': '/usr/bin/colcon', 'ROS_VERSION': '2', 'XDG_SESSION_CLASS': 'user', 'USERNAME': 'ros', 'TERM': 'xterm-256color', 'GNOME_DESKTOP_SESSION_ID': 'this-is-deprecated', 'ROS_LOCALHOST_ONLY': '0', 'WINDOWPATH': '2', 'PATH': '/opt/ros/humble/bin:/home/ros/.local/bin:/usr/local/sbin:/usr/local/bin:/usr/sbin:/usr/bin:/sbin:/bin:/usr/games:/usr/local/games:/snap/bin:/snap/bin', 'SESSION_MANAGER': 'local/ros-virtual-machine:@/tmp/.ICE-unix/1380,unix/ros-virtual-machine:/tmp/.ICE-unix/1380', 'INVOCATION_ID': 'edc79796a9204906952502603e82de6b', 'XDG_MENU_PREFIX': 'gnome-', 'LC_ADDRESS': 'es_CO.UTF-8', 'XDG_RUNTIME_DIR': '/run/user/1000', 'DISPLAY': ':0', 'TERMINATOR_DBUS_PATH': '/net/tenshu/Terminator2', 'LANG': 'en_US.UTF-8', 'XDG_CURRENT_DESKTOP': 'ubuntu:GNOME', 'IBUS_DISABLE_SNOOPER': '1', 'LC_TELEPHONE': 'es_CO.UTF-8', 'XMODIFIERS': '@im=ibus', 'XDG_SESSION_DESKTOP': 'ubuntu-xorg', 'XAUTHORITY': '/run/user/1000/gdm/Xauthority', 'LS_COLORS': 'rs=0:di=01;34:ln=01;36:mh=00:pi=40;33:so=01;35:do=01;35:bd=40;33;01:cd=40;33;01:or=40;31;01:mi=00:su=37;41:sg=30;43:ca=30;41:tw=30;42:ow=34;42:st=37;44:ex=01;32:*.tar=01;31:*.tgz=01;31:*.arc=01;31:*.arj=01;31:*.taz=01;31:*.lha=01;31:*.lz4=01;31:*.lzh=01;31:*.lzma=01;31:*.tlz=01;31:*.txz=01;31:*.tzo=01;31:*.t7z=01;31:*.zip=01;31:*.z=01;31:*.dz=01;31:*.gz=01;31:*.lrz=01;31:*.lz=01;31:*.lzo=01;31:*.xz=01;31:*.zst=01;31:*.tzst=01;31:*.bz2=01;31:*.bz=01;31:*.tbz=01;31:*.tbz2=01;31:*.tz=01;31:*.deb=01;31:*.rpm=01;31:*.jar=01;31:*.war=01;31:*.ear=01;31:*.sar=01;31:*.rar=01;31:*.alz=01;31:*.ace=01;31:*.zoo=01;31:*.cpio=01;31:*.7z=01;31:*.rz=01;31:*.cab=01;31:*.wim=01;31:*.swm=01;31:*.dwm=01;31:*.esd=01;31:*.jpg=01;35:*.jpeg=01;35:*.mjpg=01;35:*.mjpeg=01;35:*.gif=01;35:*.bmp=01;35:*.pbm=01;35:*.pgm=01;35:*.ppm=01;35:*.tga=01;35:*.xbm=01;35:*.xpm=01;35:*.tif=01;35:*.tiff=01;35:*.png=01;35:*.svg=01;35:*.svgz=01;35:*.mng=01;35:*.pcx=01;35:*.mov=01;35:*.mpg=01;35:*.mpeg=01;35:*.m2v=01;35:*.mkv=01;35:*.webm=01;35:*.webp=01;35:*.ogm=01;35:*.mp4=01;35:*.m4v=01;35:*.mp4v=01;35:*.vob=01;35:*.qt=01;35:*.nuv=01;35:*.wmv=01;35:*.asf=01;35:*.rm=01;35:*.rmvb=01;35:*.flc=01;35:*.avi=01;35:*.fli=01;35:*.flv=01;35:*.gl=01;35:*.dl=01;35:*.xcf=01;35:*.xwd=01;35:*.yuv=01;35:*.cgm=01;35:*.emf=01;35:*.ogv=01;35:*.ogx=01;35:*.aac=00;36:*.au=00;36:*.flac=00;36:*.m4a=00;36:*.mid=00;36:*.midi=00;36:*.mka=00;36:*.mp3=00;36:*.mpc=00;36:*.ogg=00;36:*.ra=00;36:*.wav=00;36:*.oga=00;36:*.opus=00;36:*.spx=00;36:*.xspf=00;36:', 'SSH_AGENT_LAUNCHER': 'gnome-keyring', 'SSH_AUTH_SOCK': '/run/user/1000/keyring/ssh', 'AMENT_PREFIX_PATH': '/home/ros/arm_ws/install/arm_utils:/home/ros/arm_ws/install/arm_remote:/home/ros/arm_ws/install/arm_py_examples:/home/ros/arm_ws/install/arm_cpp_examples:/home/ros/arm_ws/install/arm_msgs:/home/ros/arm_ws/install/arm_moveit:/home/ros/arm_ws/install/arm_firmware:/home/ros/arm_ws/install/arm_description:/home/ros/arm_ws/install/arm_controller:/home/ros/arm_ws/install/arm_bringup:/opt/ros/humble', 'SHELL': '/bin/bash', 'LC_NAME': 'es_CO.UTF-8', 'TERMINATOR_UUID': 'urn:uuid:3dc62beb-5acd-4d96-bb8e-eacca3db12ac', 'QT_ACCESSIBILITY': '1', 'GDMSESSION': 'ubuntu-xorg', 'LESSCLOSE': '/usr/bin/lesspipe %s %s', 'LC_MEASUREMENT': 'es_CO.UTF-8', 'GPG_AGENT_INFO': '/run/user/1000/gnupg/S.gpg-agent:0:1', 'LC_IDENTIFICATION': 'es_CO.UTF-8', 'QT_IM_MODULE': 'ibus', 'PWD': '/home/ros/arm_ws/build/arm_py_examples', 'LC_ALL': 'en_US.UTF-8', 'XDG_CONFIG_DIRS': '/etc/xdg/xdg-ubuntu-xorg:/etc/xdg', 'XDG_DATA_DIRS': '/usr/share/ubuntu-xorg:/usr/share/gnome:/usr/local/share/:/usr/share/:/var/lib/snapd/desktop', 'PYTHONPATH': '/home/ros/arm_ws/build/arm_py_examples/prefix_override:/usr/lib/python3/dist-packages/colcon_core/task/python/colcon_distutils_commands:/home/ros/arm_ws/install/arm_py_examples/lib/python3.10/site-packages:/home/ros/arm_ws/install/arm_utils/local/lib/python3.10/dist-packages:/home/ros/arm_ws/install/arm_remote/local/lib/python3.10/dist-packages:/home/ros/arm_ws/install/arm_py_examples/lib/python3.10/site-packages:/home/ros/arm_ws/install/arm_msgs/local/lib/python3.10/dist-packages:/home/ros/arm_ws/install/arm_firmware/local/lib/python3.10/dist-packages:/home/ros/arm_ws/install/arm_controller/local/lib/python3.10/dist-packages:/opt/ros/humble/lib/python3.10/site-packages:/opt/ros/humble/local/lib/python3.10/dist-packages', 'LC_NUMERIC': 'es_CO.UTF-8', 'LC_PAPER': 'es_CO.UTF-8', 'COLCON': '1', 'VTE_VERSION': '6800', 'CMAKE_PREFIX_PATH': '/home/ros/arm_ws/install/arm_msgs:/home/ros/arm_ws/install/arm_utils:/home/ros/arm_ws/install/arm_remote:/home/ros/arm_ws/install/arm_cpp_examples:/home/ros/arm_ws/install/arm_moveit:/home/ros/arm_ws/install/arm_firmware:/home/ros/arm_ws/install/arm_description:/home/ros/arm_ws/install/arm_controller:/home/ros/arm_ws/install/arm_bringup'}, 'shell': False}
[24.091223] (-) TimerEvent: {}
[24.194882] (-) TimerEvent: {}
[24.295672] (-) TimerEvent: {}
[24.398896] (-) TimerEvent: {}
[24.502904] (-) TimerEvent: {}
[24.605783] (-) TimerEvent: {}
[24.706553] (-) TimerEvent: {}
[24.810796] (-) TimerEvent: {}
[24.913827] (-) TimerEvent: {}
[25.014359] (-) TimerEvent: {}
[25.116849] (-) TimerEvent: {}
[25.221873] (-) TimerEvent: {}
[25.322596] (-) TimerEvent: {}
[25.426950] (-) TimerEvent: {}
[25.531101] (-) TimerEvent: {}
[25.636889] (-) TimerEvent: {}
[25.743008] (-) TimerEvent: {}
[25.845825] (-) TimerEvent: {}
[25.948995] (-) TimerEvent: {}
[26.051492] (-) TimerEvent: {}
[26.160838] (-) TimerEvent: {}
[26.263828] (-) TimerEvent: {}
[26.371508] (-) TimerEvent: {}
[26.480352] (-) TimerEvent: {}
[26.587641] (-) TimerEvent: {}
[26.700928] (-) TimerEvent: {}
[26.810865] (-) TimerEvent: {}
[26.844272] (arm_py_examples) StdoutLine: {'line': b'running egg_info\n'}
[26.847654] (arm_py_examples) StdoutLine: {'line': b'writing ../../build/arm_py_examples/arm_py_examples.egg-info/PKG-INFO\n'}
[26.858765] (arm_py_examples) StdoutLine: {'line': b'writing dependency_links to ../../build/arm_py_examples/arm_py_examples.egg-info/dependency_links.txt\n'}
[26.859247] (arm_py_examples) StdoutLine: {'line': b'writing entry points to ../../build/arm_py_examples/arm_py_examples.egg-info/entry_points.txt\n'}
[26.860818] (arm_py_examples) StdoutLine: {'line': b'writing requirements to ../../build/arm_py_examples/arm_py_examples.egg-info/requires.txt\n'}
[26.865790] (arm_py_examples) StdoutLine: {'line': b'writing top-level names to ../../build/arm_py_examples/arm_py_examples.egg-info/top_level.txt\n'}
[26.887958] (arm_py_examples) StdoutLine: {'line': b"reading manifest file '../../build/arm_py_examples/arm_py_examples.egg-info/SOURCES.txt'\n"}
[26.901922] (arm_py_examples) StdoutLine: {'line': b"writing manifest file '../../build/arm_py_examples/arm_py_examples.egg-info/SOURCES.txt'\n"}
[26.902558] (arm_py_examples) StdoutLine: {'line': b'running build\n'}
[26.902947] (arm_py_examples) StdoutLine: {'line': b'running build_py\n'}
[26.903226] (arm_py_examples) StdoutLine: {'line': b'running install\n'}
[26.906828] (arm_py_examples) StdoutLine: {'line': b'running install_lib\n'}
[26.910962] (-) TimerEvent: {}
[26.923339] (arm_py_examples) StdoutLine: {'line': b'running install_data\n'}
[26.927886] (arm_py_examples) StdoutLine: {'line': b'running install_egg_info\n'}
[26.945508] (arm_py_examples) StdoutLine: {'line': b"removing '/home/ros/arm_ws/install/arm_py_examples/lib/python3.10/site-packages/arm_py_examples-0.0.0-py3.10.egg-info' (and everything under it)\n"}
[26.958038] (arm_py_examples) StdoutLine: {'line': b'Copying ../../build/arm_py_examples/arm_py_examples.egg-info to /home/ros/arm_ws/install/arm_py_examples/lib/python3.10/site-packages/arm_py_examples-0.0.0-py3.10.egg-info\n'}
[26.968272] (arm_py_examples) StdoutLine: {'line': b'running install_scripts\n'}
[27.012917] (-) TimerEvent: {}
[27.117995] (-) TimerEvent: {}
[27.125020] (arm_py_examples) StdoutLine: {'line': b'Installing simple_action_client script to /home/ros/arm_ws/install/arm_py_examples/lib/arm_py_examples\n'}
[27.129785] (arm_py_examples) StdoutLine: {'line': b'Installing simple_action_server script to /home/ros/arm_ws/install/arm_py_examples/lib/arm_py_examples\n'}
[27.133216] (arm_py_examples) StdoutLine: {'line': b'Installing simple_parameter script to /home/ros/arm_ws/install/arm_py_examples/lib/arm_py_examples\n'}
[27.133568] (arm_py_examples) StdoutLine: {'line': b'Installing simple_publisher script to /home/ros/arm_ws/install/arm_py_examples/lib/arm_py_examples\n'}
[27.137323] (arm_py_examples) StdoutLine: {'line': b'Installing simple_service_client script to /home/ros/arm_ws/install/arm_py_examples/lib/arm_py_examples\n'}
[27.137760] (arm_py_examples) StdoutLine: {'line': b'Installing simple_service_server script to /home/ros/arm_ws/install/arm_py_examples/lib/arm_py_examples\n'}
[27.143806] (arm_py_examples) StdoutLine: {'line': b'Installing simple_subscriber script to /home/ros/arm_ws/install/arm_py_examples/lib/arm_py_examples\n'}
[27.144214] (arm_py_examples) StdoutLine: {'line': b"writing list of installed files to '/home/ros/arm_ws/build/arm_py_examples/install.log'\n"}
[27.218940] (-) TimerEvent: {}
[27.321929] (-) TimerEvent: {}
[27.338490] (arm_py_examples) CommandEnded: {'returncode': 0}
[27.425648] (-) TimerEvent: {}
[27.428697] (arm_py_examples) JobEnded: {'identifier': 'arm_py_examples', 'rc': 0}
[27.495453] (arm_utils) JobStarted: {'identifier': 'arm_utils'}
[27.531106] (-) TimerEvent: {}
[27.586231] (arm_utils) JobProgress: {'identifier': 'arm_utils', 'progress': 'cmake'}
[27.615850] (arm_utils) JobProgress: {'identifier': 'arm_utils', 'progress': 'build'}
[27.616042] (arm_utils) Command: {'cmd': ['/usr/bin/cmake', '--build', '/home/ros/arm_ws/build/arm_utils', '--', '-j2', '-l2'], 'cwd': '/home/ros/arm_ws/build/arm_utils', 'env': OrderedDict([('LESSOPEN', '| /usr/bin/lesspipe %s'), ('LANGUAGE', 'en_US:'), ('USER', 'ros'), ('LC_TIME', 'es_CO.UTF-8'), ('XDG_SESSION_TYPE', 'x11'), ('SHLVL', '1'), ('LD_LIBRARY_PATH', '/home/ros/arm_ws/install/arm_msgs/lib:/home/ros/arm_ws/install/arm_remote/lib:/home/ros/arm_ws/install/arm_cpp_examples/lib:/home/ros/arm_ws/install/arm_controller/lib:/usr/lib/x86_64-linux-gnu/gazebo-11/plugins:/opt/ros/humble/opt/rviz_ogre_vendor/lib:/opt/ros/humble/lib/x86_64-linux-gnu:/opt/ros/humble/lib'), ('HOME', '/home/ros'), ('OLDPWD', '/home/ros'), ('DESKTOP_SESSION', 'ubuntu-xorg'), ('ROS_PYTHON_VERSION', '3'), ('GNOME_SHELL_SESSION_MODE', 'ubuntu'), ('GTK_MODULES', 'gail:atk-bridge'), ('LC_MONETARY', 'es_CO.UTF-8'), ('MANAGERPID', '1022'), ('SYSTEMD_EXEC_PID', '1648'), ('DBUS_SESSION_BUS_ADDRESS', 'unix:path=/run/user/1000/bus'), ('COLORTERM', 'truecolor'), ('TERMINATOR_DBUS_NAME', 'net.tenshu.Terminator21a9d5db22c73a993ff0b42f64b396873'), ('GIO_LAUNCHED_DESKTOP_FILE_PID', '5308'), ('COLCON_PREFIX_PATH', '/home/ros/arm_ws/install'), ('ROS_DISTRO', 'humble'), ('GTK_IM_MODULE', 'ibus'), ('LOGNAME', 'ros'), ('JOURNAL_STREAM', '8:21986'), ('_', '/usr/bin/colcon'), ('ROS_VERSION', '2'), ('XDG_SESSION_CLASS', 'user'), ('USERNAME', 'ros'), ('TERM', 'xterm-256color'), ('GNOME_DESKTOP_SESSION_ID', 'this-is-deprecated'), ('ROS_LOCALHOST_ONLY', '0'), ('WINDOWPATH', '2'), ('PATH', '/opt/ros/humble/bin:/home/ros/.local/bin:/usr/local/sbin:/usr/local/bin:/usr/sbin:/usr/bin:/sbin:/bin:/usr/games:/usr/local/games:/snap/bin:/snap/bin'), ('SESSION_MANAGER', 'local/ros-virtual-machine:@/tmp/.ICE-unix/1380,unix/ros-virtual-machine:/tmp/.ICE-unix/1380'), ('INVOCATION_ID', 'edc79796a9204906952502603e82de6b'), ('XDG_MENU_PREFIX', 'gnome-'), ('LC_ADDRESS', 'es_CO.UTF-8'), ('XDG_RUNTIME_DIR', '/run/user/1000'), ('DISPLAY', ':0'), ('TERMINATOR_DBUS_PATH', '/net/tenshu/Terminator2'), ('LANG', 'en_US.UTF-8'), ('XDG_CURRENT_DESKTOP', 'ubuntu:GNOME'), ('IBUS_DISABLE_SNOOPER', '1'), ('LC_TELEPHONE', 'es_CO.UTF-8'), ('XMODIFIERS', '@im=ibus'), ('XDG_SESSION_DESKTOP', 'ubuntu-xorg'), ('XAUTHORITY', '/run/user/1000/gdm/Xauthority'), ('LS_COLORS', 'rs=0:di=01;34:ln=01;36:mh=00:pi=40;33:so=01;35:do=01;35:bd=40;33;01:cd=40;33;01:or=40;31;01:mi=00:su=37;41:sg=30;43:ca=30;41:tw=30;42:ow=34;42:st=37;44:ex=01;32:*.tar=01;31:*.tgz=01;31:*.arc=01;31:*.arj=01;31:*.taz=01;31:*.lha=01;31:*.lz4=01;31:*.lzh=01;31:*.lzma=01;31:*.tlz=01;31:*.txz=01;31:*.tzo=01;31:*.t7z=01;31:*.zip=01;31:*.z=01;31:*.dz=01;31:*.gz=01;31:*.lrz=01;31:*.lz=01;31:*.lzo=01;31:*.xz=01;31:*.zst=01;31:*.tzst=01;31:*.bz2=01;31:*.bz=01;31:*.tbz=01;31:*.tbz2=01;31:*.tz=01;31:*.deb=01;31:*.rpm=01;31:*.jar=01;31:*.war=01;31:*.ear=01;31:*.sar=01;31:*.rar=01;31:*.alz=01;31:*.ace=01;31:*.zoo=01;31:*.cpio=01;31:*.7z=01;31:*.rz=01;31:*.cab=01;31:*.wim=01;31:*.swm=01;31:*.dwm=01;31:*.esd=01;31:*.jpg=01;35:*.jpeg=01;35:*.mjpg=01;35:*.mjpeg=01;35:*.gif=01;35:*.bmp=01;35:*.pbm=01;35:*.pgm=01;35:*.ppm=01;35:*.tga=01;35:*.xbm=01;35:*.xpm=01;35:*.tif=01;35:*.tiff=01;35:*.png=01;35:*.svg=01;35:*.svgz=01;35:*.mng=01;35:*.pcx=01;35:*.mov=01;35:*.mpg=01;35:*.mpeg=01;35:*.m2v=01;35:*.mkv=01;35:*.webm=01;35:*.webp=01;35:*.ogm=01;35:*.mp4=01;35:*.m4v=01;35:*.mp4v=01;35:*.vob=01;35:*.qt=01;35:*.nuv=01;35:*.wmv=01;35:*.asf=01;35:*.rm=01;35:*.rmvb=01;35:*.flc=01;35:*.avi=01;35:*.fli=01;35:*.flv=01;35:*.gl=01;35:*.dl=01;35:*.xcf=01;35:*.xwd=01;35:*.yuv=01;35:*.cgm=01;35:*.emf=01;35:*.ogv=01;35:*.ogx=01;35:*.aac=00;36:*.au=00;36:*.flac=00;36:*.m4a=00;36:*.mid=00;36:*.midi=00;36:*.mka=00;36:*.mp3=00;36:*.mpc=00;36:*.ogg=00;36:*.ra=00;36:*.wav=00;36:*.oga=00;36:*.opus=00;36:*.spx=00;36:*.xspf=00;36:'), ('SSH_AGENT_LAUNCHER', 'gnome-keyring'), ('SSH_AUTH_SOCK', '/run/user/1000/keyring/ssh'), ('AMENT_PREFIX_PATH', '/home/ros/arm_ws/install/arm_utils:/home/ros/arm_ws/install/arm_remote:/home/ros/arm_ws/install/arm_py_examples:/home/ros/arm_ws/install/arm_cpp_examples:/home/ros/arm_ws/install/arm_msgs:/home/ros/arm_ws/install/arm_moveit:/home/ros/arm_ws/install/arm_firmware:/home/ros/arm_ws/install/arm_description:/home/ros/arm_ws/install/arm_controller:/home/ros/arm_ws/install/arm_bringup:/opt/ros/humble'), ('SHELL', '/bin/bash'), ('LC_NAME', 'es_CO.UTF-8'), ('TERMINATOR_UUID', 'urn:uuid:3dc62beb-5acd-4d96-bb8e-eacca3db12ac'), ('QT_ACCESSIBILITY', '1'), ('GDMSESSION', 'ubuntu-xorg'), ('LESSCLOSE', '/usr/bin/lesspipe %s %s'), ('LC_MEASUREMENT', 'es_CO.UTF-8'), ('GPG_AGENT_INFO', '/run/user/1000/gnupg/S.gpg-agent:0:1'), ('LC_IDENTIFICATION', 'es_CO.UTF-8'), ('QT_IM_MODULE', 'ibus'), ('PWD', '/home/ros/arm_ws/build/arm_utils'), ('LC_ALL', 'en_US.UTF-8'), ('XDG_CONFIG_DIRS', '/etc/xdg/xdg-ubuntu-xorg:/etc/xdg'), ('XDG_DATA_DIRS', '/usr/share/ubuntu-xorg:/usr/share/gnome:/usr/local/share/:/usr/share/:/var/lib/snapd/desktop'), ('PYTHONPATH', '/home/ros/arm_ws/install/arm_utils/local/lib/python3.10/dist-packages:/home/ros/arm_ws/install/arm_remote/local/lib/python3.10/dist-packages:/home/ros/arm_ws/install/arm_py_examples/lib/python3.10/site-packages:/home/ros/arm_ws/install/arm_msgs/local/lib/python3.10/dist-packages:/home/ros/arm_ws/install/arm_firmware/local/lib/python3.10/dist-packages:/home/ros/arm_ws/install/arm_controller/local/lib/python3.10/dist-packages:/opt/ros/humble/lib/python3.10/site-packages:/opt/ros/humble/local/lib/python3.10/dist-packages'), ('LC_NUMERIC', 'es_CO.UTF-8'), ('LC_PAPER', 'es_CO.UTF-8'), ('COLCON', '1'), ('VTE_VERSION', '6800'), ('CMAKE_PREFIX_PATH', '/home/ros/arm_ws/install/arm_msgs:/home/ros/arm_ws/install/arm_utils:/home/ros/arm_ws/install/arm_remote:/home/ros/arm_ws/install/arm_cpp_examples:/home/ros/arm_ws/install/arm_moveit:/home/ros/arm_ws/install/arm_firmware:/home/ros/arm_ws/install/arm_description:/home/ros/arm_ws/install/arm_controller:/home/ros/arm_ws/install/arm_bringup:/home/ros/arm_ws/install/arm_py_examples:/opt/ros/humble')]), 'shell': False}
[27.632139] (-) TimerEvent: {}
[27.733509] (-) TimerEvent: {}
[27.838069] (-) TimerEvent: {}
[27.941852] (-) TimerEvent: {}
[28.049839] (-) TimerEvent: {}
[28.152025] (-) TimerEvent: {}
[28.228511] (arm_utils) StdoutLine: {'line': b'[100%] Built target angle_conversion\n'}
[28.252257] (-) TimerEvent: {}
[28.356256] (-) TimerEvent: {}
[28.459550] (-) TimerEvent: {}
[28.490861] (arm_utils) StdoutLine: {'line': b'[100%] Built target ament_cmake_python_copy_arm_utils\n'}
[28.571863] (-) TimerEvent: {}
[28.672924] (-) TimerEvent: {}
[28.777148] (-) TimerEvent: {}
[28.880931] (-) TimerEvent: {}
[28.984681] (-) TimerEvent: {}
[29.087635] (-) TimerEvent: {}
[29.189466] (-) TimerEvent: {}
[29.292684] (-) TimerEvent: {}
[29.395155] (-) TimerEvent: {}
[29.496860] (-) TimerEvent: {}
[29.598881] (-) TimerEvent: {}
[29.702584] (-) TimerEvent: {}
[29.803555] (-) TimerEvent: {}
[29.907344] (-) TimerEvent: {}
[30.009226] (-) TimerEvent: {}
[30.113872] (-) TimerEvent: {}
[30.215887] (-) TimerEvent: {}
[30.316592] (-) TimerEvent: {}
[30.421339] (-) TimerEvent: {}
[30.526845] (-) TimerEvent: {}
[30.629354] (-) TimerEvent: {}
[30.735950] (-) TimerEvent: {}
[30.841943] (-) TimerEvent: {}
[30.943158] (-) TimerEvent: {}
[31.044640] (-) TimerEvent: {}
[31.153299] (-) TimerEvent: {}
[31.255340] (-) TimerEvent: {}
[31.361548] (-) TimerEvent: {}
[31.467123] (-) TimerEvent: {}
[31.573947] (-) TimerEvent: {}
[31.629557] (arm_utils) StdoutLine: {'line': b'running egg_info\n'}
[31.645451] (arm_utils) StdoutLine: {'line': b'writing arm_utils.egg-info/PKG-INFO\n'}
[31.648902] (arm_utils) StdoutLine: {'line': b'writing dependency_links to arm_utils.egg-info/dependency_links.txt\n'}
[31.649478] (arm_utils) StdoutLine: {'line': b'writing top-level names to arm_utils.egg-info/top_level.txt\n'}
[31.672577] (arm_utils) StdoutLine: {'line': b"reading manifest file 'arm_utils.egg-info/SOURCES.txt'\n"}
[31.674670] (-) TimerEvent: {}
[31.679965] (arm_utils) StdoutLine: {'line': b"writing manifest file 'arm_utils.egg-info/SOURCES.txt'\n"}
[31.776040] (-) TimerEvent: {}
[31.879192] (-) TimerEvent: {}
[31.982290] (-) TimerEvent: {}
[32.034344] (arm_utils) StdoutLine: {'line': b'[100%] Built target ament_cmake_python_build_arm_utils_egg\n'}
[32.082838] (-) TimerEvent: {}
[32.125495] (arm_utils) CommandEnded: {'returncode': 0}
[32.184859] (-) TimerEvent: {}
[32.287484] (-) TimerEvent: {}
[32.393896] (-) TimerEvent: {}
[32.509362] (arm_utils) JobProgress: {'identifier': 'arm_utils', 'progress': 'install'}
[32.509523] (-) TimerEvent: {}
[32.511949] (arm_utils) Command: {'cmd': ['/usr/bin/cmake', '--install', '/home/ros/arm_ws/build/arm_utils'], 'cwd': '/home/ros/arm_ws/build/arm_utils', 'env': OrderedDict([('LESSOPEN', '| /usr/bin/lesspipe %s'), ('LANGUAGE', 'en_US:'), ('USER', 'ros'), ('LC_TIME', 'es_CO.UTF-8'), ('XDG_SESSION_TYPE', 'x11'), ('SHLVL', '1'), ('LD_LIBRARY_PATH', '/home/ros/arm_ws/install/arm_msgs/lib:/home/ros/arm_ws/install/arm_remote/lib:/home/ros/arm_ws/install/arm_cpp_examples/lib:/home/ros/arm_ws/install/arm_controller/lib:/usr/lib/x86_64-linux-gnu/gazebo-11/plugins:/opt/ros/humble/opt/rviz_ogre_vendor/lib:/opt/ros/humble/lib/x86_64-linux-gnu:/opt/ros/humble/lib'), ('HOME', '/home/ros'), ('OLDPWD', '/home/ros'), ('DESKTOP_SESSION', 'ubuntu-xorg'), ('ROS_PYTHON_VERSION', '3'), ('GNOME_SHELL_SESSION_MODE', 'ubuntu'), ('GTK_MODULES', 'gail:atk-bridge'), ('LC_MONETARY', 'es_CO.UTF-8'), ('MANAGERPID', '1022'), ('SYSTEMD_EXEC_PID', '1648'), ('DBUS_SESSION_BUS_ADDRESS', 'unix:path=/run/user/1000/bus'), ('COLORTERM', 'truecolor'), ('TERMINATOR_DBUS_NAME', 'net.tenshu.Terminator21a9d5db22c73a993ff0b42f64b396873'), ('GIO_LAUNCHED_DESKTOP_FILE_PID', '5308'), ('COLCON_PREFIX_PATH', '/home/ros/arm_ws/install'), ('ROS_DISTRO', 'humble'), ('GTK_IM_MODULE', 'ibus'), ('LOGNAME', 'ros'), ('JOURNAL_STREAM', '8:21986'), ('_', '/usr/bin/colcon'), ('ROS_VERSION', '2'), ('XDG_SESSION_CLASS', 'user'), ('USERNAME', 'ros'), ('TERM', 'xterm-256color'), ('GNOME_DESKTOP_SESSION_ID', 'this-is-deprecated'), ('ROS_LOCALHOST_ONLY', '0'), ('WINDOWPATH', '2'), ('PATH', '/opt/ros/humble/bin:/home/ros/.local/bin:/usr/local/sbin:/usr/local/bin:/usr/sbin:/usr/bin:/sbin:/bin:/usr/games:/usr/local/games:/snap/bin:/snap/bin'), ('SESSION_MANAGER', 'local/ros-virtual-machine:@/tmp/.ICE-unix/1380,unix/ros-virtual-machine:/tmp/.ICE-unix/1380'), ('INVOCATION_ID', 'edc79796a9204906952502603e82de6b'), ('XDG_MENU_PREFIX', 'gnome-'), ('LC_ADDRESS', 'es_CO.UTF-8'), ('XDG_RUNTIME_DIR', '/run/user/1000'), ('DISPLAY', ':0'), ('TERMINATOR_DBUS_PATH', '/net/tenshu/Terminator2'), ('LANG', 'en_US.UTF-8'), ('XDG_CURRENT_DESKTOP', 'ubuntu:GNOME'), ('IBUS_DISABLE_SNOOPER', '1'), ('LC_TELEPHONE', 'es_CO.UTF-8'), ('XMODIFIERS', '@im=ibus'), ('XDG_SESSION_DESKTOP', 'ubuntu-xorg'), ('XAUTHORITY', '/run/user/1000/gdm/Xauthority'), ('LS_COLORS', 'rs=0:di=01;34:ln=01;36:mh=00:pi=40;33:so=01;35:do=01;35:bd=40;33;01:cd=40;33;01:or=40;31;01:mi=00:su=37;41:sg=30;43:ca=30;41:tw=30;42:ow=34;42:st=37;44:ex=01;32:*.tar=01;31:*.tgz=01;31:*.arc=01;31:*.arj=01;31:*.taz=01;31:*.lha=01;31:*.lz4=01;31:*.lzh=01;31:*.lzma=01;31:*.tlz=01;31:*.txz=01;31:*.tzo=01;31:*.t7z=01;31:*.zip=01;31:*.z=01;31:*.dz=01;31:*.gz=01;31:*.lrz=01;31:*.lz=01;31:*.lzo=01;31:*.xz=01;31:*.zst=01;31:*.tzst=01;31:*.bz2=01;31:*.bz=01;31:*.tbz=01;31:*.tbz2=01;31:*.tz=01;31:*.deb=01;31:*.rpm=01;31:*.jar=01;31:*.war=01;31:*.ear=01;31:*.sar=01;31:*.rar=01;31:*.alz=01;31:*.ace=01;31:*.zoo=01;31:*.cpio=01;31:*.7z=01;31:*.rz=01;31:*.cab=01;31:*.wim=01;31:*.swm=01;31:*.dwm=01;31:*.esd=01;31:*.jpg=01;35:*.jpeg=01;35:*.mjpg=01;35:*.mjpeg=01;35:*.gif=01;35:*.bmp=01;35:*.pbm=01;35:*.pgm=01;35:*.ppm=01;35:*.tga=01;35:*.xbm=01;35:*.xpm=01;35:*.tif=01;35:*.tiff=01;35:*.png=01;35:*.svg=01;35:*.svgz=01;35:*.mng=01;35:*.pcx=01;35:*.mov=01;35:*.mpg=01;35:*.mpeg=01;35:*.m2v=01;35:*.mkv=01;35:*.webm=01;35:*.webp=01;35:*.ogm=01;35:*.mp4=01;35:*.m4v=01;35:*.mp4v=01;35:*.vob=01;35:*.qt=01;35:*.nuv=01;35:*.wmv=01;35:*.asf=01;35:*.rm=01;35:*.rmvb=01;35:*.flc=01;35:*.avi=01;35:*.fli=01;35:*.flv=01;35:*.gl=01;35:*.dl=01;35:*.xcf=01;35:*.xwd=01;35:*.yuv=01;35:*.cgm=01;35:*.emf=01;35:*.ogv=01;35:*.ogx=01;35:*.aac=00;36:*.au=00;36:*.flac=00;36:*.m4a=00;36:*.mid=00;36:*.midi=00;36:*.mka=00;36:*.mp3=00;36:*.mpc=00;36:*.ogg=00;36:*.ra=00;36:*.wav=00;36:*.oga=00;36:*.opus=00;36:*.spx=00;36:*.xspf=00;36:'), ('SSH_AGENT_LAUNCHER', 'gnome-keyring'), ('SSH_AUTH_SOCK', '/run/user/1000/keyring/ssh'), ('AMENT_PREFIX_PATH', '/home/ros/arm_ws/install/arm_utils:/home/ros/arm_ws/install/arm_remote:/home/ros/arm_ws/install/arm_py_examples:/home/ros/arm_ws/install/arm_cpp_examples:/home/ros/arm_ws/install/arm_msgs:/home/ros/arm_ws/install/arm_moveit:/home/ros/arm_ws/install/arm_firmware:/home/ros/arm_ws/install/arm_description:/home/ros/arm_ws/install/arm_controller:/home/ros/arm_ws/install/arm_bringup:/opt/ros/humble'), ('SHELL', '/bin/bash'), ('LC_NAME', 'es_CO.UTF-8'), ('TERMINATOR_UUID', 'urn:uuid:3dc62beb-5acd-4d96-bb8e-eacca3db12ac'), ('QT_ACCESSIBILITY', '1'), ('GDMSESSION', 'ubuntu-xorg'), ('LESSCLOSE', '/usr/bin/lesspipe %s %s'), ('LC_MEASUREMENT', 'es_CO.UTF-8'), ('GPG_AGENT_INFO', '/run/user/1000/gnupg/S.gpg-agent:0:1'), ('LC_IDENTIFICATION', 'es_CO.UTF-8'), ('QT_IM_MODULE', 'ibus'), ('PWD', '/home/ros/arm_ws/build/arm_utils'), ('LC_ALL', 'en_US.UTF-8'), ('XDG_CONFIG_DIRS', '/etc/xdg/xdg-ubuntu-xorg:/etc/xdg'), ('XDG_DATA_DIRS', '/usr/share/ubuntu-xorg:/usr/share/gnome:/usr/local/share/:/usr/share/:/var/lib/snapd/desktop'), ('PYTHONPATH', '/home/ros/arm_ws/install/arm_utils/local/lib/python3.10/dist-packages:/home/ros/arm_ws/install/arm_remote/local/lib/python3.10/dist-packages:/home/ros/arm_ws/install/arm_py_examples/lib/python3.10/site-packages:/home/ros/arm_ws/install/arm_msgs/local/lib/python3.10/dist-packages:/home/ros/arm_ws/install/arm_firmware/local/lib/python3.10/dist-packages:/home/ros/arm_ws/install/arm_controller/local/lib/python3.10/dist-packages:/opt/ros/humble/lib/python3.10/site-packages:/opt/ros/humble/local/lib/python3.10/dist-packages'), ('LC_NUMERIC', 'es_CO.UTF-8'), ('LC_PAPER', 'es_CO.UTF-8'), ('COLCON', '1'), ('VTE_VERSION', '6800'), ('CMAKE_PREFIX_PATH', '/home/ros/arm_ws/install/arm_msgs:/home/ros/arm_ws/install/arm_utils:/home/ros/arm_ws/install/arm_remote:/home/ros/arm_ws/install/arm_cpp_examples:/home/ros/arm_ws/install/arm_moveit:/home/ros/arm_ws/install/arm_firmware:/home/ros/arm_ws/install/arm_description:/home/ros/arm_ws/install/arm_controller:/home/ros/arm_ws/install/arm_bringup:/home/ros/arm_ws/install/arm_py_examples:/opt/ros/humble')]), 'shell': False}
[32.612029] (-) TimerEvent: {}
[32.620846] (arm_utils) StdoutLine: {'line': b'-- Install configuration: ""\n'}
[32.621567] (arm_utils) StdoutLine: {'line': b'-- Up-to-date: /home/ros/arm_ws/install/arm_utils/share/arm_utils/environment/pythonpath.sh\n'}
[32.621999] (arm_utils) StdoutLine: {'line': b'-- Up-to-date: /home/ros/arm_ws/install/arm_utils/share/arm_utils/environment/pythonpath.dsv\n'}
[32.627909] (arm_utils) StdoutLine: {'line': b'-- Up-to-date: /home/ros/arm_ws/install/arm_utils/local/lib/python3.10/dist-packages/arm_utils-0.0.0-py3.10.egg-info\n'}
[32.628474] (arm_utils) StdoutLine: {'line': b'-- Installing: /home/ros/arm_ws/install/arm_utils/local/lib/python3.10/dist-packages/arm_utils-0.0.0-py3.10.egg-info/dependency_links.txt\n'}
[32.629811] (arm_utils) StdoutLine: {'line': b'-- Installing: /home/ros/arm_ws/install/arm_utils/local/lib/python3.10/dist-packages/arm_utils-0.0.0-py3.10.egg-info/SOURCES.txt\n'}
[32.632768] (arm_utils) StdoutLine: {'line': b'-- Installing: /home/ros/arm_ws/install/arm_utils/local/lib/python3.10/dist-packages/arm_utils-0.0.0-py3.10.egg-info/PKG-INFO\n'}
[32.636227] (arm_utils) StdoutLine: {'line': b'-- Installing: /home/ros/arm_ws/install/arm_utils/local/lib/python3.10/dist-packages/arm_utils-0.0.0-py3.10.egg-info/top_level.txt\n'}
[32.641162] (arm_utils) StdoutLine: {'line': b'-- Up-to-date: /home/ros/arm_ws/install/arm_utils/local/lib/python3.10/dist-packages/arm_utils\n'}
[32.644599] (arm_utils) StdoutLine: {'line': b'-- Up-to-date: /home/ros/arm_ws/install/arm_utils/local/lib/python3.10/dist-packages/arm_utils/__init__.py\n'}
[32.648622] (arm_utils) StdoutLine: {'line': b'-- Up-to-date: /home/ros/arm_ws/install/arm_utils/local/lib/python3.10/dist-packages/arm_utils/angle_conversion.py\n'}
[32.714853] (-) TimerEvent: {}
[32.822854] (-) TimerEvent: {}
[32.925843] (-) TimerEvent: {}
[33.026987] (-) TimerEvent: {}
[33.052990] (arm_utils) StdoutLine: {'line': b"Listing '/home/ros/arm_ws/install/arm_utils/local/lib/python3.10/dist-packages/arm_utils'...\n"}
[33.104634] (arm_utils) StdoutLine: {'line': b'-- Up-to-date: /home/ros/arm_ws/install/arm_utils/lib/arm_utils/angle_conversion\n'}
[33.110071] (arm_utils) StdoutLine: {'line': b'-- Up-to-date: /home/ros/arm_ws/install/arm_utils/lib/arm_utils/angle_conversion.py\n'}
[33.110668] (arm_utils) StdoutLine: {'line': b'-- Up-to-date: /home/ros/arm_ws/install/arm_utils/share/ament_index/resource_index/package_run_dependencies/arm_utils\n'}
[33.111069] (arm_utils) StdoutLine: {'line': b'-- Up-to-date: /home/ros/arm_ws/install/arm_utils/share/ament_index/resource_index/parent_prefix_path/arm_utils\n'}
[33.111364] (arm_utils) StdoutLine: {'line': b'-- Up-to-date: /home/ros/arm_ws/install/arm_utils/share/arm_utils/environment/ament_prefix_path.sh\n'}
[33.115857] (arm_utils) StdoutLine: {'line': b'-- Up-to-date: /home/ros/arm_ws/install/arm_utils/share/arm_utils/environment/ament_prefix_path.dsv\n'}
[33.116558] (arm_utils) StdoutLine: {'line': b'-- Up-to-date: /home/ros/arm_ws/install/arm_utils/share/arm_utils/environment/path.sh\n'}
[33.116994] (arm_utils) StdoutLine: {'line': b'-- Up-to-date: /home/ros/arm_ws/install/arm_utils/share/arm_utils/environment/path.dsv\n'}
[33.117167] (arm_utils) StdoutLine: {'line': b'-- Up-to-date: /home/ros/arm_ws/install/arm_utils/share/arm_utils/local_setup.bash\n'}
[33.117288] (arm_utils) StdoutLine: {'line': b'-- Up-to-date: /home/ros/arm_ws/install/arm_utils/share/arm_utils/local_setup.sh\n'}
[33.120223] (arm_utils) StdoutLine: {'line': b'-- Up-to-date: /home/ros/arm_ws/install/arm_utils/share/arm_utils/local_setup.zsh\n'}
[33.123316] (arm_utils) StdoutLine: {'line': b'-- Up-to-date: /home/ros/arm_ws/install/arm_utils/share/arm_utils/local_setup.dsv\n'}
[33.123564] (arm_utils) StdoutLine: {'line': b'-- Installing: /home/ros/arm_ws/install/arm_utils/share/arm_utils/package.dsv\n'}
[33.138085] (-) TimerEvent: {}
[33.138493] (arm_utils) StdoutLine: {'line': b'-- Up-to-date: /home/ros/arm_ws/install/arm_utils/share/ament_index/resource_index/packages/arm_utils\n'}
[33.138905] (arm_utils) StdoutLine: {'line': b'-- Up-to-date: /home/ros/arm_ws/install/arm_utils/share/arm_utils/cmake/arm_utilsConfig.cmake\n'}
[33.140300] (arm_utils) StdoutLine: {'line': b'-- Up-to-date: /home/ros/arm_ws/install/arm_utils/share/arm_utils/cmake/arm_utilsConfig-version.cmake\n'}
[33.140635] (arm_utils) StdoutLine: {'line': b'-- Up-to-date: /home/ros/arm_ws/install/arm_utils/share/arm_utils/package.xml\n'}
[33.159111] (arm_utils) CommandEnded: {'returncode': 0}
[33.242822] (-) TimerEvent: {}
[33.346866] (-) TimerEvent: {}
[33.447709] (-) TimerEvent: {}
[33.559982] (-) TimerEvent: {}
[33.662243] (-) TimerEvent: {}
[33.764432] (-) TimerEvent: {}
[33.873867] (-) TimerEvent: {}
[33.900992] (arm_utils) JobEnded: {'identifier': 'arm_utils', 'rc': 0}
[33.974036] (-) TimerEvent: {}
[34.076557] (-) TimerEvent: {}
[34.184360] (-) TimerEvent: {}
[34.287909] (-) TimerEvent: {}
[34.389856] (-) TimerEvent: {}
[34.492315] (-) TimerEvent: {}
[34.595662] (-) TimerEvent: {}
[34.698178] (-) TimerEvent: {}
[34.803622] (-) TimerEvent: {}
[34.906369] (-) TimerEvent: {}
[35.008853] (-) TimerEvent: {}
[35.112385] (-) TimerEvent: {}
[35.220031] (-) TimerEvent: {}
[35.322067] (-) TimerEvent: {}
[35.425224] (-) TimerEvent: {}
[35.530451] (-) TimerEvent: {}
[35.634155] (-) TimerEvent: {}
[35.736182] (-) TimerEvent: {}
[35.839938] (-) TimerEvent: {}
[35.945295] (-) TimerEvent: {}
[36.048945] (-) TimerEvent: {}
[36.151999] (-) TimerEvent: {}
[36.253522] (-) TimerEvent: {}
[36.356245] (-) TimerEvent: {}
[36.458375] (-) TimerEvent: {}
[36.562460] (-) TimerEvent: {}
[36.668657] (-) TimerEvent: {}
[36.772667] (-) TimerEvent: {}
[36.874845] (-) TimerEvent: {}
[36.975592] (-) TimerEvent: {}
[37.081989] (-) TimerEvent: {}
[37.185048] (-) TimerEvent: {}
[37.288951] (-) TimerEvent: {}
[37.393437] (-) TimerEvent: {}
[37.498241] (-) TimerEvent: {}
[37.601012] (-) TimerEvent: {}
[37.703835] (-) TimerEvent: {}
[37.805365] (-) TimerEvent: {}
[37.907034] (-) TimerEvent: {}
[38.009857] (-) TimerEvent: {}
[38.114861] (-) TimerEvent: {}
[38.215526] (-) TimerEvent: {}
[38.318312] (-) TimerEvent: {}
[38.421866] (-) TimerEvent: {}
[38.523550] (-) TimerEvent: {}
[38.626897] (-) TimerEvent: {}
[38.728878] (-) TimerEvent: {}
[38.831857] (-) TimerEvent: {}
[38.934149] (-) TimerEvent: {}
[39.036855] (-) TimerEvent: {}
[39.139862] (-) TimerEvent: {}
[39.240878] (-) TimerEvent: {}
[39.342925] (-) TimerEvent: {}
[39.445226] (-) TimerEvent: {}
[39.548534] (-) TimerEvent: {}
[39.652175] (-) TimerEvent: {}
[39.756127] (-) TimerEvent: {}
[39.858860] (-) TimerEvent: {}
[39.959966] (-) TimerEvent: {}
[40.062550] (-) TimerEvent: {}
[40.166120] (-) TimerEvent: {}
[40.268856] (-) TimerEvent: {}
[40.369695] (-) TimerEvent: {}
[40.473313] (-) TimerEvent: {}
[40.575849] (-) TimerEvent: {}
[40.676394] (-) TimerEvent: {}
[40.778836] (-) TimerEvent: {}
[40.881941] (-) TimerEvent: {}
[40.983951] (-) TimerEvent: {}
[41.086881] (-) TimerEvent: {}
[41.189890] (-) TimerEvent: {}
[41.292478] (-) TimerEvent: {}
[41.395952] (-) TimerEvent: {}
[41.498994] (-) TimerEvent: {}
[41.603005] (-) TimerEvent: {}
[41.705903] (-) TimerEvent: {}
[41.806370] (-) TimerEvent: {}
[41.909189] (-) TimerEvent: {}
[42.012093] (-) TimerEvent: {}
[42.114170] (-) TimerEvent: {}
[42.216845] (-) TimerEvent: {}
[42.320034] (-) TimerEvent: {}
[42.420802] (-) TimerEvent: {}
[42.524854] (-) TimerEvent: {}
[42.625535] (-) TimerEvent: {}
[42.728885] (-) TimerEvent: {}
[42.829385] (-) TimerEvent: {}
[42.931245] (-) TimerEvent: {}
[43.032827] (-) TimerEvent: {}
[43.134821] (-) TimerEvent: {}
[43.236092] (-) TimerEvent: {}
[43.338817] (-) TimerEvent: {}
[43.439947] (-) TimerEvent: {}
[43.542864] (-) TimerEvent: {}
[43.643839] (-) TimerEvent: {}
[43.746966] (-) TimerEvent: {}
[43.850842] (-) TimerEvent: {}
[43.953842] (-) TimerEvent: {}
[44.054377] (-) TimerEvent: {}
[44.156014] (-) TimerEvent: {}
[44.259120] (-) TimerEvent: {}
[44.363478] (-) TimerEvent: {}
[44.465868] (-) TimerEvent: {}
[44.569438] (-) TimerEvent: {}
[44.669969] (-) TimerEvent: {}
[44.770946] (-) TimerEvent: {}
[44.874163] (-) TimerEvent: {}
[44.974911] (-) TimerEvent: {}
[45.076251] (-) TimerEvent: {}
[45.184859] (-) TimerEvent: {}
[45.289199] (-) TimerEvent: {}
[45.392114] (-) TimerEvent: {}
[45.495617] (-) TimerEvent: {}
[45.601857] (-) TimerEvent: {}
[45.703580] (-) TimerEvent: {}
[45.806030] (-) TimerEvent: {}
[45.908899] (-) TimerEvent: {}
[46.010962] (-) TimerEvent: {}
[46.114848] (-) TimerEvent: {}
[46.216875] (-) TimerEvent: {}
[46.319893] (-) TimerEvent: {}
[46.423091] (-) TimerEvent: {}
[46.524868] (-) TimerEvent: {}
[46.627921] (-) TimerEvent: {}
[46.728348] (-) TimerEvent: {}
[46.829331] (-) TimerEvent: {}
[46.931917] (-) TimerEvent: {}
[47.034069] (-) TimerEvent: {}
[47.135611] (-) TimerEvent: {}
[47.237630] (-) TimerEvent: {}
[47.340059] (-) TimerEvent: {}
[47.441917] (-) TimerEvent: {}
[47.544848] (-) TimerEvent: {}
[47.645435] (-) TimerEvent: {}
[47.746512] (-) TimerEvent: {}
[47.848844] (-) TimerEvent: {}
[47.952071] (-) TimerEvent: {}
[48.053971] (-) TimerEvent: {}
[48.156851] (-) TimerEvent: {}
[48.259218] (-) TimerEvent: {}
[48.359637] (-) TimerEvent: {}
[48.461844] (-) TimerEvent: {}
[48.562503] (-) TimerEvent: {}
[48.664885] (-) TimerEvent: {}
[48.766256] (-) TimerEvent: {}
[48.869949] (-) TimerEvent: {}
[48.973823] (-) TimerEvent: {}
[49.076123] (-) TimerEvent: {}
[49.177939] (-) TimerEvent: {}
[49.278446] (-) TimerEvent: {}
[49.381250] (-) TimerEvent: {}
[49.482520] (-) TimerEvent: {}
[49.585160] (-) TimerEvent: {}
[49.689858] (-) TimerEvent: {}
[49.790397] (-) TimerEvent: {}
[49.892996] (-) TimerEvent: {}
[49.993575] (-) TimerEvent: {}
[50.095857] (-) TimerEvent: {}
[50.198224] (-) TimerEvent: {}
[50.301961] (-) TimerEvent: {}
[50.405490] (-) TimerEvent: {}
[50.510842] (-) TimerEvent: {}
[50.611347] (-) TimerEvent: {}
[50.712940] (-) TimerEvent: {}
[50.815815] (-) TimerEvent: {}
[50.918836] (-) TimerEvent: {}
[51.022137] (-) TimerEvent: {}
[51.123856] (-) TimerEvent: {}
[51.224653] (-) TimerEvent: {}
[51.328652] (-) TimerEvent: {}
[51.430171] (-) TimerEvent: {}
[51.532839] (-) TimerEvent: {}
[51.633324] (-) TimerEvent: {}
[51.736101] (-) TimerEvent: {}
[51.837860] (-) TimerEvent: {}
[51.939421] (-) TimerEvent: {}
[52.040820] (-) TimerEvent: {}
[52.143851] (-) TimerEvent: {}
[52.244864] (-) TimerEvent: {}
[52.346809] (-) TimerEvent: {}
[52.449978] (-) TimerEvent: {}
[52.551157] (-) TimerEvent: {}
[52.652204] (-) TimerEvent: {}
[52.753085] (-) TimerEvent: {}
[52.855077] (-) TimerEvent: {}
[52.957829] (-) TimerEvent: {}
[53.059120] (-) TimerEvent: {}
[53.160189] (-) TimerEvent: {}
[53.263083] (-) TimerEvent: {}
[53.366952] (-) TimerEvent: {}
[53.470950] (-) TimerEvent: {}
[53.572286] (-) TimerEvent: {}
[53.674175] (-) TimerEvent: {}
[53.776510] (-) TimerEvent: {}
[53.879361] (-) TimerEvent: {}
[53.985071] (-) TimerEvent: {}
[54.088406] (-) TimerEvent: {}
[54.189470] (-) TimerEvent: {}
[54.290718] (-) TimerEvent: {}
[54.391682] (-) TimerEvent: {}
[54.494347] (-) TimerEvent: {}
[54.595936] (-) TimerEvent: {}
[54.696770] (-) TimerEvent: {}
[54.800346] (-) TimerEvent: {}
[54.902925] (-) TimerEvent: {}
[55.006100] (-) TimerEvent: {}
[55.106587] (-) TimerEvent: {}
[55.207783] (-) TimerEvent: {}
[55.309925] (-) TimerEvent: {}
[55.410773] (-) TimerEvent: {}
[55.513830] (-) TimerEvent: {}
[55.614796] (-) TimerEvent: {}
[55.715647] (-) TimerEvent: {}
[55.816875] (-) TimerEvent: {}
[55.920864] (-) TimerEvent: {}
[56.021884] (-) TimerEvent: {}
[56.122833] (-) TimerEvent: {}
[56.223522] (-) TimerEvent: {}
[56.324199] (-) TimerEvent: {}
[56.426151] (-) TimerEvent: {}
[56.529172] (-) TimerEvent: {}
[56.630493] (-) TimerEvent: {}
[56.733340] (-) TimerEvent: {}
[56.834685] (-) TimerEvent: {}
[56.937882] (-) TimerEvent: {}
[57.040468] (-) TimerEvent: {}
[57.142267] (-) TimerEvent: {}
[57.245058] (-) TimerEvent: {}
[57.345614] (-) TimerEvent: {}
[57.449176] (-) TimerEvent: {}
[57.550859] (-) TimerEvent: {}
[57.654086] (-) TimerEvent: {}
[57.754653] (-) TimerEvent: {}
[57.857040] (-) TimerEvent: {}
[57.957851] (-) TimerEvent: {}
[58.059418] (-) TimerEvent: {}
[58.162245] (-) TimerEvent: {}
[58.264137] (-) TimerEvent: {}
[58.366875] (-) TimerEvent: {}
[58.470984] (-) TimerEvent: {}
[58.574354] (-) TimerEvent: {}
[58.675048] (-) TimerEvent: {}
[58.775621] (-) TimerEvent: {}
[58.879299] (-) TimerEvent: {}
[58.980086] (-) TimerEvent: {}
[59.083848] (-) TimerEvent: {}
[59.184856] (-) TimerEvent: {}
[59.286829] (-) TimerEvent: {}
[59.389147] (-) TimerEvent: {}
[59.492104] (-) TimerEvent: {}
[59.595070] (-) TimerEvent: {}
[59.696535] (-) TimerEvent: {}
[59.800249] (-) TimerEvent: {}
[59.901971] (-) TimerEvent: {}
[60.006969] (-) TimerEvent: {}
[60.107584] (-) TimerEvent: {}
[60.209128] (-) TimerEvent: {}
[60.312654] (-) TimerEvent: {}
[60.415546] (-) TimerEvent: {}
[60.517562] (-) TimerEvent: {}
[60.622884] (-) TimerEvent: {}
[60.723448] (-) TimerEvent: {}
[60.824250] (-) TimerEvent: {}
[60.926839] (-) TimerEvent: {}
[61.027624] (-) TimerEvent: {}
[61.131641] (-) TimerEvent: {}
[61.235923] (-) TimerEvent: {}
[61.339850] (-) TimerEvent: {}
[61.440406] (-) TimerEvent: {}
[61.542831] (-) TimerEvent: {}
[61.645142] (-) TimerEvent: {}
[61.746637] (-) TimerEvent: {}
[61.857212] (-) TimerEvent: {}
[61.958894] (-) TimerEvent: {}
[62.064230] (-) TimerEvent: {}
[62.170503] (-) TimerEvent: {}
[62.271968] (-) TimerEvent: {}
[62.373920] (-) TimerEvent: {}
[62.476365] (-) TimerEvent: {}
[62.577971] (-) TimerEvent: {}
[62.679621] (-) TimerEvent: {}
[62.780397] (-) TimerEvent: {}
[62.881835] (-) TimerEvent: {}
[62.983361] (-) TimerEvent: {}
[63.085889] (-) TimerEvent: {}
[63.186833] (-) TimerEvent: {}
[63.287578] (-) TimerEvent: {}
[63.390936] (-) TimerEvent: {}
[63.493457] (-) TimerEvent: {}
[63.595105] (-) TimerEvent: {}
[63.698184] (-) TimerEvent: {}
[63.799150] (-) TimerEvent: {}
[63.900829] (-) TimerEvent: {}
[64.005112] (-) TimerEvent: {}
[64.106355] (-) TimerEvent: {}
[64.209439] (-) TimerEvent: {}
[64.311849] (-) TimerEvent: {}
[64.414707] (-) TimerEvent: {}
[64.516002] (-) TimerEvent: {}
[64.619064] (-) TimerEvent: {}
[64.720953] (-) TimerEvent: {}
[64.823300] (-) TimerEvent: {}
[64.924875] (-) TimerEvent: {}
[65.028836] (-) TimerEvent: {}
[65.130443] (-) TimerEvent: {}
[65.232400] (-) TimerEvent: {}
[65.334838] (-) TimerEvent: {}
[65.436893] (-) TimerEvent: {}
[65.538947] (-) TimerEvent: {}
[65.641380] (-) TimerEvent: {}
[65.741884] (-) TimerEvent: {}
[65.844801] (-) TimerEvent: {}
[65.949061] (-) TimerEvent: {}
[66.050193] (-) TimerEvent: {}
[66.152339] (-) TimerEvent: {}
[66.255058] (-) TimerEvent: {}
[66.356509] (-) TimerEvent: {}
[66.458868] (-) TimerEvent: {}
[66.560086] (-) TimerEvent: {}
[66.663305] (-) TimerEvent: {}
[66.764691] (-) TimerEvent: {}
[66.866599] (-) TimerEvent: {}
[66.969443] (-) TimerEvent: {}
[67.070654] (-) TimerEvent: {}
[67.172171] (-) TimerEvent: {}
[67.275809] (-) TimerEvent: {}
[67.379191] (-) TimerEvent: {}
[67.482264] (-) TimerEvent: {}
[67.584867] (-) TimerEvent: {}
[67.688193] (-) TimerEvent: {}
[67.788706] (-) TimerEvent: {}
[67.890060] (-) TimerEvent: {}
[67.991188] (-) TimerEvent: {}
[68.092101] (-) TimerEvent: {}
[68.195475] (-) TimerEvent: {}
[68.296266] (-) TimerEvent: {}
[68.399621] (-) TimerEvent: {}
[68.501839] (-) TimerEvent: {}
[68.605259] (-) TimerEvent: {}
[68.705751] (-) TimerEvent: {}
[68.809064] (-) TimerEvent: {}
[68.910836] (-) TimerEvent: {}
[69.013127] (-) TimerEvent: {}
[69.116240] (-) TimerEvent: {}
[69.218308] (-) TimerEvent: {}
[69.321424] (-) TimerEvent: {}
[69.422622] (-) TimerEvent: {}
[69.524834] (-) TimerEvent: {}
[69.625678] (-) TimerEvent: {}
[69.731583] (-) TimerEvent: {}
[69.833108] (-) TimerEvent: {}
[69.934678] (-) TimerEvent: {}
[70.039412] (-) TimerEvent: {}
[70.140949] (-) TimerEvent: {}
[70.245013] (-) TimerEvent: {}
[70.345455] (-) TimerEvent: {}
[70.447187] (-) TimerEvent: {}
[70.550239] (-) TimerEvent: {}
[70.651289] (-) TimerEvent: {}
[70.754062] (-) TimerEvent: {}
[70.854620] (-) TimerEvent: {}
[70.956262] (-) TimerEvent: {}
[71.060143] (-) TimerEvent: {}
[71.161953] (-) TimerEvent: {}
[71.264850] (-) TimerEvent: {}
[71.366301] (-) TimerEvent: {}
[71.469880] (-) TimerEvent: {}
[71.571318] (-) TimerEvent: {}
[71.675971] (-) TimerEvent: {}
[71.778044] (-) TimerEvent: {}
[71.878694] (-) TimerEvent: {}
[71.982343] (-) TimerEvent: {}
[72.084621] (-) TimerEvent: {}
[72.189313] (-) TimerEvent: {}
[72.290450] (-) TimerEvent: {}
[72.391619] (-) TimerEvent: {}
[72.400692] (arm_remote) StdoutLine: {'line': b'[ 50%] \x1b[32m\x1b[1mLinking CXX shared library libtask_server.so\x1b[0m\n'}
[72.492857] (-) TimerEvent: {}
[72.594879] (-) TimerEvent: {}
[72.697543] (-) TimerEvent: {}
[72.803444] (-) TimerEvent: {}
[72.906411] (-) TimerEvent: {}
[73.007077] (-) TimerEvent: {}
[73.111559] (-) TimerEvent: {}
[73.215902] (-) TimerEvent: {}
[73.317704] (-) TimerEvent: {}
[73.421133] (-) TimerEvent: {}
[73.522266] (-) TimerEvent: {}
[73.625660] (-) TimerEvent: {}
[73.727677] (-) TimerEvent: {}
[73.830448] (-) TimerEvent: {}
[73.933451] (-) TimerEvent: {}
[74.037171] (-) TimerEvent: {}
[74.094046] (arm_remote) StdoutLine: {'line': b'[ 50%] Built target task_server\n'}
[74.140843] (-) TimerEvent: {}
[74.246787] (-) TimerEvent: {}
[74.282682] (arm_remote) StdoutLine: {'line': b'[100%] Built target task_server_node\n'}
[74.353840] (-) TimerEvent: {}
[74.455866] (-) TimerEvent: {}
[74.543897] (arm_remote) StdoutLine: {'line': b'[100%] Built target ament_cmake_python_copy_arm_remote\n'}
[74.556845] (-) TimerEvent: {}
[74.659362] (-) TimerEvent: {}
[74.762400] (-) TimerEvent: {}
[74.866888] (-) TimerEvent: {}
[74.968562] (-) TimerEvent: {}
[75.070916] (-) TimerEvent: {}
[75.172825] (-) TimerEvent: {}
[75.273336] (-) TimerEvent: {}
[75.376387] (-) TimerEvent: {}
[75.477103] (-) TimerEvent: {}
[75.579182] (-) TimerEvent: {}
[75.683174] (-) TimerEvent: {}
[75.723803] (arm_remote) StdoutLine: {'line': b'running egg_info\n'}
[75.728144] (arm_remote) StdoutLine: {'line': b'writing arm_remote.egg-info/PKG-INFO\n'}
[75.731103] (arm_remote) StdoutLine: {'line': b'writing dependency_links to arm_remote.egg-info/dependency_links.txt\n'}
[75.733043] (arm_remote) StdoutLine: {'line': b'writing top-level names to arm_remote.egg-info/top_level.txt\n'}
[75.741149] (arm_remote) StdoutLine: {'line': b"reading manifest file 'arm_remote.egg-info/SOURCES.txt'\n"}
[75.743777] (arm_remote) StdoutLine: {'line': b"writing manifest file 'arm_remote.egg-info/SOURCES.txt'\n"}
[75.783882] (-) TimerEvent: {}
[75.866682] (arm_remote) StdoutLine: {'line': b'[100%] Built target ament_cmake_python_build_arm_remote_egg\n'}
[75.884081] (-) TimerEvent: {}
[75.920446] (arm_remote) CommandEnded: {'returncode': 0}
[75.989179] (-) TimerEvent: {}
[76.090149] (-) TimerEvent: {}
[76.190977] (-) TimerEvent: {}
[76.293095] (-) TimerEvent: {}
[76.331360] (arm_remote) JobProgress: {'identifier': 'arm_remote', 'progress': 'install'}
[76.344544] (arm_remote) Command: {'cmd': ['/usr/bin/cmake', '--install', '/home/ros/arm_ws/build/arm_remote'], 'cwd': '/home/ros/arm_ws/build/arm_remote', 'env': OrderedDict([('LESSOPEN', '| /usr/bin/lesspipe %s'), ('LANGUAGE', 'en_US:'), ('USER', 'ros'), ('LC_TIME', 'es_CO.UTF-8'), ('XDG_SESSION_TYPE', 'x11'), ('SHLVL', '1'), ('LD_LIBRARY_PATH', '/home/ros/arm_ws/install/arm_msgs/lib:/home/ros/arm_ws/install/arm_remote/lib:/home/ros/arm_ws/install/arm_cpp_examples/lib:/home/ros/arm_ws/install/arm_controller/lib:/usr/lib/x86_64-linux-gnu/gazebo-11/plugins:/opt/ros/humble/opt/rviz_ogre_vendor/lib:/opt/ros/humble/lib/x86_64-linux-gnu:/opt/ros/humble/lib'), ('HOME', '/home/ros'), ('OLDPWD', '/home/ros'), ('DESKTOP_SESSION', 'ubuntu-xorg'), ('ROS_PYTHON_VERSION', '3'), ('GNOME_SHELL_SESSION_MODE', 'ubuntu'), ('GTK_MODULES', 'gail:atk-bridge'), ('LC_MONETARY', 'es_CO.UTF-8'), ('MANAGERPID', '1022'), ('SYSTEMD_EXEC_PID', '1648'), ('DBUS_SESSION_BUS_ADDRESS', 'unix:path=/run/user/1000/bus'), ('COLORTERM', 'truecolor'), ('TERMINATOR_DBUS_NAME', 'net.tenshu.Terminator21a9d5db22c73a993ff0b42f64b396873'), ('GIO_LAUNCHED_DESKTOP_FILE_PID', '5308'), ('COLCON_PREFIX_PATH', '/home/ros/arm_ws/install'), ('ROS_DISTRO', 'humble'), ('GTK_IM_MODULE', 'ibus'), ('LOGNAME', 'ros'), ('JOURNAL_STREAM', '8:21986'), ('_', '/usr/bin/colcon'), ('ROS_VERSION', '2'), ('XDG_SESSION_CLASS', 'user'), ('USERNAME', 'ros'), ('TERM', 'xterm-256color'), ('GNOME_DESKTOP_SESSION_ID', 'this-is-deprecated'), ('ROS_LOCALHOST_ONLY', '0'), ('WINDOWPATH', '2'), ('PATH', '/opt/ros/humble/bin:/home/ros/.local/bin:/usr/local/sbin:/usr/local/bin:/usr/sbin:/usr/bin:/sbin:/bin:/usr/games:/usr/local/games:/snap/bin:/snap/bin'), ('SESSION_MANAGER', 'local/ros-virtual-machine:@/tmp/.ICE-unix/1380,unix/ros-virtual-machine:/tmp/.ICE-unix/1380'), ('INVOCATION_ID', 'edc79796a9204906952502603e82de6b'), ('XDG_MENU_PREFIX', 'gnome-'), ('LC_ADDRESS', 'es_CO.UTF-8'), ('XDG_RUNTIME_DIR', '/run/user/1000'), ('DISPLAY', ':0'), ('TERMINATOR_DBUS_PATH', '/net/tenshu/Terminator2'), ('LANG', 'en_US.UTF-8'), ('XDG_CURRENT_DESKTOP', 'ubuntu:GNOME'), ('IBUS_DISABLE_SNOOPER', '1'), ('LC_TELEPHONE', 'es_CO.UTF-8'), ('XMODIFIERS', '@im=ibus'), ('XDG_SESSION_DESKTOP', 'ubuntu-xorg'), ('XAUTHORITY', '/run/user/1000/gdm/Xauthority'), ('LS_COLORS', 'rs=0:di=01;34:ln=01;36:mh=00:pi=40;33:so=01;35:do=01;35:bd=40;33;01:cd=40;33;01:or=40;31;01:mi=00:su=37;41:sg=30;43:ca=30;41:tw=30;42:ow=34;42:st=37;44:ex=01;32:*.tar=01;31:*.tgz=01;31:*.arc=01;31:*.arj=01;31:*.taz=01;31:*.lha=01;31:*.lz4=01;31:*.lzh=01;31:*.lzma=01;31:*.tlz=01;31:*.txz=01;31:*.tzo=01;31:*.t7z=01;31:*.zip=01;31:*.z=01;31:*.dz=01;31:*.gz=01;31:*.lrz=01;31:*.lz=01;31:*.lzo=01;31:*.xz=01;31:*.zst=01;31:*.tzst=01;31:*.bz2=01;31:*.bz=01;31:*.tbz=01;31:*.tbz2=01;31:*.tz=01;31:*.deb=01;31:*.rpm=01;31:*.jar=01;31:*.war=01;31:*.ear=01;31:*.sar=01;31:*.rar=01;31:*.alz=01;31:*.ace=01;31:*.zoo=01;31:*.cpio=01;31:*.7z=01;31:*.rz=01;31:*.cab=01;31:*.wim=01;31:*.swm=01;31:*.dwm=01;31:*.esd=01;31:*.jpg=01;35:*.jpeg=01;35:*.mjpg=01;35:*.mjpeg=01;35:*.gif=01;35:*.bmp=01;35:*.pbm=01;35:*.pgm=01;35:*.ppm=01;35:*.tga=01;35:*.xbm=01;35:*.xpm=01;35:*.tif=01;35:*.tiff=01;35:*.png=01;35:*.svg=01;35:*.svgz=01;35:*.mng=01;35:*.pcx=01;35:*.mov=01;35:*.mpg=01;35:*.mpeg=01;35:*.m2v=01;35:*.mkv=01;35:*.webm=01;35:*.webp=01;35:*.ogm=01;35:*.mp4=01;35:*.m4v=01;35:*.mp4v=01;35:*.vob=01;35:*.qt=01;35:*.nuv=01;35:*.wmv=01;35:*.asf=01;35:*.rm=01;35:*.rmvb=01;35:*.flc=01;35:*.avi=01;35:*.fli=01;35:*.flv=01;35:*.gl=01;35:*.dl=01;35:*.xcf=01;35:*.xwd=01;35:*.yuv=01;35:*.cgm=01;35:*.emf=01;35:*.ogv=01;35:*.ogx=01;35:*.aac=00;36:*.au=00;36:*.flac=00;36:*.m4a=00;36:*.mid=00;36:*.midi=00;36:*.mka=00;36:*.mp3=00;36:*.mpc=00;36:*.ogg=00;36:*.ra=00;36:*.wav=00;36:*.oga=00;36:*.opus=00;36:*.spx=00;36:*.xspf=00;36:'), ('SSH_AGENT_LAUNCHER', 'gnome-keyring'), ('SSH_AUTH_SOCK', '/run/user/1000/keyring/ssh'), ('AMENT_PREFIX_PATH', '/home/ros/arm_ws/install/arm_utils:/home/ros/arm_ws/install/arm_remote:/home/ros/arm_ws/install/arm_py_examples:/home/ros/arm_ws/install/arm_cpp_examples:/home/ros/arm_ws/install/arm_msgs:/home/ros/arm_ws/install/arm_moveit:/home/ros/arm_ws/install/arm_firmware:/home/ros/arm_ws/install/arm_description:/home/ros/arm_ws/install/arm_controller:/home/ros/arm_ws/install/arm_bringup:/opt/ros/humble'), ('SHELL', '/bin/bash'), ('LC_NAME', 'es_CO.UTF-8'), ('TERMINATOR_UUID', 'urn:uuid:3dc62beb-5acd-4d96-bb8e-eacca3db12ac'), ('QT_ACCESSIBILITY', '1'), ('GDMSESSION', 'ubuntu-xorg'), ('LESSCLOSE', '/usr/bin/lesspipe %s %s'), ('LC_MEASUREMENT', 'es_CO.UTF-8'), ('GPG_AGENT_INFO', '/run/user/1000/gnupg/S.gpg-agent:0:1'), ('LC_IDENTIFICATION', 'es_CO.UTF-8'), ('QT_IM_MODULE', 'ibus'), ('PWD', '/home/ros/arm_ws/build/arm_remote'), ('LC_ALL', 'en_US.UTF-8'), ('XDG_CONFIG_DIRS', '/etc/xdg/xdg-ubuntu-xorg:/etc/xdg'), ('XDG_DATA_DIRS', '/usr/share/ubuntu-xorg:/usr/share/gnome:/usr/local/share/:/usr/share/:/var/lib/snapd/desktop'), ('PYTHONPATH', '/home/ros/arm_ws/install/arm_utils/local/lib/python3.10/dist-packages:/home/ros/arm_ws/install/arm_remote/local/lib/python3.10/dist-packages:/home/ros/arm_ws/install/arm_py_examples/lib/python3.10/site-packages:/home/ros/arm_ws/install/arm_msgs/local/lib/python3.10/dist-packages:/home/ros/arm_ws/install/arm_firmware/local/lib/python3.10/dist-packages:/home/ros/arm_ws/install/arm_controller/local/lib/python3.10/dist-packages:/opt/ros/humble/lib/python3.10/site-packages:/opt/ros/humble/local/lib/python3.10/dist-packages'), ('LC_NUMERIC', 'es_CO.UTF-8'), ('LC_PAPER', 'es_CO.UTF-8'), ('COLCON', '1'), ('VTE_VERSION', '6800'), ('CMAKE_PREFIX_PATH', '/home/ros/arm_ws/install/arm_msgs:/home/ros/arm_ws/install/arm_utils:/home/ros/arm_ws/install/arm_remote:/home/ros/arm_ws/install/arm_cpp_examples:/home/ros/arm_ws/install/arm_moveit:/home/ros/arm_ws/install/arm_firmware:/home/ros/arm_ws/install/arm_description:/home/ros/arm_ws/install/arm_controller:/home/ros/arm_ws/install/arm_bringup:/home/ros/arm_ws/install/arm_py_examples:/opt/ros/humble')]), 'shell': False}
[76.394868] (-) TimerEvent: {}
[76.409356] (arm_remote) StdoutLine: {'line': b'-- Install configuration: ""\n'}
[76.412584] (arm_remote) StdoutLine: {'line': b'-- Up-to-date: /home/ros/arm_ws/install/arm_remote/lib/arm_remote/task_server_node\n'}
[76.415240] (arm_remote) StdoutLine: {'line': b'-- Up-to-date: /home/ros/arm_ws/install/arm_remote/share/arm_remote/environment/pythonpath.sh\n'}
[76.417817] (arm_remote) StdoutLine: {'line': b'-- Up-to-date: /home/ros/arm_ws/install/arm_remote/share/arm_remote/environment/pythonpath.dsv\n'}
[76.419145] (arm_remote) StdoutLine: {'line': b'-- Up-to-date: /home/ros/arm_ws/install/arm_remote/local/lib/python3.10/dist-packages/arm_remote-0.0.0-py3.10.egg-info\n'}
[76.419446] (arm_remote) StdoutLine: {'line': b'-- Installing: /home/ros/arm_ws/install/arm_remote/local/lib/python3.10/dist-packages/arm_remote-0.0.0-py3.10.egg-info/dependency_links.txt\n'}
[76.419685] (arm_remote) StdoutLine: {'line': b'-- Installing: /home/ros/arm_ws/install/arm_remote/local/lib/python3.10/dist-packages/arm_remote-0.0.0-py3.10.egg-info/SOURCES.txt\n'}
[76.424708] (arm_remote) StdoutLine: {'line': b'-- Installing: /home/ros/arm_ws/install/arm_remote/local/lib/python3.10/dist-packages/arm_remote-0.0.0-py3.10.egg-info/PKG-INFO\n'}
[76.425238] (arm_remote) StdoutLine: {'line': b'-- Installing: /home/ros/arm_ws/install/arm_remote/local/lib/python3.10/dist-packages/arm_remote-0.0.0-py3.10.egg-info/top_level.txt\n'}
[76.425656] (arm_remote) StdoutLine: {'line': b'-- Up-to-date: /home/ros/arm_ws/install/arm_remote/local/lib/python3.10/dist-packages/arm_remote\n'}
[76.426011] (arm_remote) StdoutLine: {'line': b'-- Up-to-date: /home/ros/arm_ws/install/arm_remote/local/lib/python3.10/dist-packages/arm_remote/alexa_interface.py\n'}
[76.428772] (arm_remote) StdoutLine: {'line': b'-- Up-to-date: /home/ros/arm_ws/install/arm_remote/local/lib/python3.10/dist-packages/arm_remote/__init__.py\n'}
[76.494994] (-) TimerEvent: {}
[76.575493] (arm_remote) StdoutLine: {'line': b"Listing '/home/ros/arm_ws/install/arm_remote/local/lib/python3.10/dist-packages/arm_remote'...\n"}
[76.594334] (arm_remote) StdoutLine: {'line': b'-- Up-to-date: /home/ros/arm_ws/install/arm_remote/share/arm_remote/launch\n'}
[76.594629] (arm_remote) StdoutLine: {'line': b'-- Up-to-date: /home/ros/arm_ws/install/arm_remote/share/arm_remote/launch/remote_interface.launch.py\n'}
[76.596468] (arm_remote) StdoutLine: {'line': b'-- Installing: /home/ros/arm_ws/install/arm_remote/lib/libtask_server.so\n'}
[76.596784] (-) TimerEvent: {}
[76.604333] (arm_remote) StdoutLine: {'line': b'-- Set runtime path of "/home/ros/arm_ws/install/arm_remote/lib/libtask_server.so" to ""\n'}
[76.604754] (arm_remote) StdoutLine: {'line': b'-- Up-to-date: /home/ros/arm_ws/install/arm_remote/lib/arm_remote/alexa_interface.py\n'}
[76.608061] (arm_remote) StdoutLine: {'line': b'-- Up-to-date: /home/ros/arm_ws/install/arm_remote/share/ament_index/resource_index/package_run_dependencies/arm_remote\n'}
[76.608458] (arm_remote) StdoutLine: {'line': b'-- Up-to-date: /home/ros/arm_ws/install/arm_remote/share/ament_index/resource_index/parent_prefix_path/arm_remote\n'}
[76.608797] (arm_remote) StdoutLine: {'line': b'-- Up-to-date: /home/ros/arm_ws/install/arm_remote/share/arm_remote/environment/ament_prefix_path.sh\n'}
[76.608932] (arm_remote) StdoutLine: {'line': b'-- Up-to-date: /home/ros/arm_ws/install/arm_remote/share/arm_remote/environment/ament_prefix_path.dsv\n'}
[76.609044] (arm_remote) StdoutLine: {'line': b'-- Up-to-date: /home/ros/arm_ws/install/arm_remote/share/arm_remote/environment/path.sh\n'}
[76.609154] (arm_remote) StdoutLine: {'line': b'-- Up-to-date: /home/ros/arm_ws/install/arm_remote/share/arm_remote/environment/path.dsv\n'}
[76.609348] (arm_remote) StdoutLine: {'line': b'-- Up-to-date: /home/ros/arm_ws/install/arm_remote/share/arm_remote/local_setup.bash\n'}
[76.609653] (arm_remote) StdoutLine: {'line': b'-- Up-to-date: /home/ros/arm_ws/install/arm_remote/share/arm_remote/local_setup.sh\n'}
[76.611089] (arm_remote) StdoutLine: {'line': b'-- Up-to-date: /home/ros/arm_ws/install/arm_remote/share/arm_remote/local_setup.zsh\n'}
[76.611247] (arm_remote) StdoutLine: {'line': b'-- Up-to-date: /home/ros/arm_ws/install/arm_remote/share/arm_remote/local_setup.dsv\n'}
[76.611363] (arm_remote) StdoutLine: {'line': b'-- Installing: /home/ros/arm_ws/install/arm_remote/share/arm_remote/package.dsv\n'}
[76.611472] (arm_remote) StdoutLine: {'line': b'-- Up-to-date: /home/ros/arm_ws/install/arm_remote/share/ament_index/resource_index/packages/arm_remote\n'}
[76.615868] (arm_remote) StdoutLine: {'line': b'-- Up-to-date: /home/ros/arm_ws/install/arm_remote/share/ament_index/resource_index/rclcpp_components/arm_remote\n'}
[76.616525] (arm_remote) StdoutLine: {'line': b'-- Up-to-date: /home/ros/arm_ws/install/arm_remote/share/arm_remote/cmake/arm_remoteConfig.cmake\n'}
[76.616828] (arm_remote) StdoutLine: {'line': b'-- Up-to-date: /home/ros/arm_ws/install/arm_remote/share/arm_remote/cmake/arm_remoteConfig-version.cmake\n'}
[76.616970] (arm_remote) StdoutLine: {'line': b'-- Up-to-date: /home/ros/arm_ws/install/arm_remote/share/arm_remote/package.xml\n'}
[76.624364] (arm_remote) CommandEnded: {'returncode': 0}
[76.698106] (-) TimerEvent: {}
[76.803275] (-) TimerEvent: {}
[76.905331] (-) TimerEvent: {}
[77.006254] (-) TimerEvent: {}
[77.096889] (arm_remote) JobEnded: {'identifier': 'arm_remote', 'rc': 0}
[77.103631] (-) EventReactorShutdown: {}
