[0.326s] DEBUG:colcon:Command line arguments: ['/usr/bin/colcon', 'build']
[0.326s] DEBUG:colcon:Parsed command line arguments: Namespace(log_base=None, log_level=None, verb_name='build', build_base='build', install_base='install', merge_install=False, symlink_install=False, test_result_base=None, continue_on_error=False, executor='parallel', parallel_workers=2, event_handlers=None, ignore_user_meta=False, metas=['./colcon.meta'], base_paths=['.'], packages_ignore=None, packages_ignore_regex=None, paths=None, packages_up_to=None, packages_up_to_regex=None, packages_above=None, packages_above_and_dependencies=None, packages_above_depth=None, packages_select_by_dep=None, packages_skip_by_dep=None, packages_skip_up_to=None, packages_select_build_failed=False, packages_skip_build_finished=False, packages_select_test_failures=False, packages_skip_test_passed=False, packages_select=None, packages_skip=None, packages_select_regex=None, packages_skip_regex=None, packages_start=None, packages_end=None, allow_overriding=[], cmake_args=None, cmake_target=None, cmake_target_skip_unavailable=False, cmake_clean_cache=False, cmake_clean_first=False, cmake_force_configure=False, ament_cmake_args=None, catkin_cmake_args=None, catkin_skip_building_tests=False, verb_parser=<colcon_defaults.argument_parser.defaults.DefaultArgumentsDecorator object at 0x7c1e8d260fa0>, verb_extension=<colcon_core.verb.build.BuildVerb object at 0x7c1e8d260a90>, main=<bound method BuildVerb.main of <colcon_core.verb.build.BuildVerb object at 0x7c1e8d260a90>>)
[1.215s] Level 1:colcon.colcon_core.package_discovery:discover_packages(colcon_meta) check parameters
[1.217s] Level 1:colcon.colcon_core.package_discovery:discover_packages(recursive) check parameters
[1.218s] Level 1:colcon.colcon_core.package_discovery:discover_packages(ignore) check parameters
[1.218s] Level 1:colcon.colcon_core.package_discovery:discover_packages(path) check parameters
[1.218s] Level 1:colcon.colcon_core.package_discovery:discover_packages(colcon_meta) discover
[1.218s] Level 1:colcon.colcon_core.package_discovery:discover_packages(recursive) discover
[1.219s] INFO:colcon.colcon_core.package_discovery:Crawling recursively for packages in '/home/ros/arm_ws'
[1.219s] Level 1:colcon.colcon_core.package_identification:_identify(.) by extensions ['ignore', 'ignore_ament_install']
[1.220s] Level 1:colcon.colcon_core.package_identification:_identify(.) by extension 'ignore'
[1.220s] Level 1:colcon.colcon_core.package_identification:_identify(.) by extension 'ignore_ament_install'
[1.220s] Level 1:colcon.colcon_core.package_identification:_identify(.) by extensions ['colcon_pkg']
[1.221s] Level 1:colcon.colcon_core.package_identification:_identify(.) by extension 'colcon_pkg'
[1.221s] Level 1:colcon.colcon_core.package_identification:_identify(.) by extensions ['colcon_meta']
[1.221s] Level 1:colcon.colcon_core.package_identification:_identify(.) by extension 'colcon_meta'
[1.221s] Level 1:colcon.colcon_core.package_identification:_identify(.) by extensions ['ros']
[1.222s] Level 1:colcon.colcon_core.package_identification:_identify(.) by extension 'ros'
[1.282s] Level 1:colcon.colcon_core.package_identification:_identify(.) by extensions ['cmake', 'python']
[1.282s] Level 1:colcon.colcon_core.package_identification:_identify(.) by extension 'cmake'
[1.282s] Level 1:colcon.colcon_core.package_identification:_identify(.) by extension 'python'
[1.283s] Level 1:colcon.colcon_core.package_identification:_identify(.) by extensions ['python_setup_py']
[1.283s] Level 1:colcon.colcon_core.package_identification:_identify(.) by extension 'python_setup_py'
[1.284s] Level 1:colcon.colcon_core.package_identification:_identify(build) by extensions ['ignore', 'ignore_ament_install']
[1.285s] Level 1:colcon.colcon_core.package_identification:_identify(build) by extension 'ignore'
[1.285s] Level 1:colcon.colcon_core.package_identification:_identify(build) ignored
[1.286s] Level 1:colcon.colcon_core.package_identification:_identify(install) by extensions ['ignore', 'ignore_ament_install']
[1.287s] Level 1:colcon.colcon_core.package_identification:_identify(install) by extension 'ignore'
[1.287s] Level 1:colcon.colcon_core.package_identification:_identify(install) ignored
[1.288s] Level 1:colcon.colcon_core.package_identification:_identify(log) by extensions ['ignore', 'ignore_ament_install']
[1.289s] Level 1:colcon.colcon_core.package_identification:_identify(log) by extension 'ignore'
[1.289s] Level 1:colcon.colcon_core.package_identification:_identify(log) ignored
[1.290s] Level 1:colcon.colcon_core.package_identification:_identify(src) by extensions ['ignore', 'ignore_ament_install']
[1.291s] Level 1:colcon.colcon_core.package_identification:_identify(src) by extension 'ignore'
[1.291s] Level 1:colcon.colcon_core.package_identification:_identify(src) by extension 'ignore_ament_install'
[1.292s] Level 1:colcon.colcon_core.package_identification:_identify(src) by extensions ['colcon_pkg']
[1.292s] Level 1:colcon.colcon_core.package_identification:_identify(src) by extension 'colcon_pkg'
[1.293s] Level 1:colcon.colcon_core.package_identification:_identify(src) by extensions ['colcon_meta']
[1.293s] Level 1:colcon.colcon_core.package_identification:_identify(src) by extension 'colcon_meta'
[1.293s] Level 1:colcon.colcon_core.package_identification:_identify(src) by extensions ['ros']
[1.293s] Level 1:colcon.colcon_core.package_identification:_identify(src) by extension 'ros'
[1.294s] Level 1:colcon.colcon_core.package_identification:_identify(src) by extensions ['cmake', 'python']
[1.294s] Level 1:colcon.colcon_core.package_identification:_identify(src) by extension 'cmake'
[1.295s] Level 1:colcon.colcon_core.package_identification:_identify(src) by extension 'python'
[1.295s] Level 1:colcon.colcon_core.package_identification:_identify(src) by extensions ['python_setup_py']
[1.295s] Level 1:colcon.colcon_core.package_identification:_identify(src) by extension 'python_setup_py'
[1.295s] Level 1:colcon.colcon_core.package_identification:_identify(src/arm_bringup) by extensions ['ignore', 'ignore_ament_install']
[1.296s] Level 1:colcon.colcon_core.package_identification:_identify(src/arm_bringup) by extension 'ignore'
[1.297s] Level 1:colcon.colcon_core.package_identification:_identify(src/arm_bringup) by extension 'ignore_ament_install'
[1.297s] Level 1:colcon.colcon_core.package_identification:_identify(src/arm_bringup) by extensions ['colcon_pkg']
[1.297s] Level 1:colcon.colcon_core.package_identification:_identify(src/arm_bringup) by extension 'colcon_pkg'
[1.297s] Level 1:colcon.colcon_core.package_identification:_identify(src/arm_bringup) by extensions ['colcon_meta']
[1.297s] Level 1:colcon.colcon_core.package_identification:_identify(src/arm_bringup) by extension 'colcon_meta'
[1.297s] Level 1:colcon.colcon_core.package_identification:_identify(src/arm_bringup) by extensions ['ros']
[1.297s] Level 1:colcon.colcon_core.package_identification:_identify(src/arm_bringup) by extension 'ros'
[1.309s] DEBUG:colcon.colcon_core.package_identification:Package 'src/arm_bringup' with type 'ros.ament_cmake' and name 'arm_bringup'
[1.309s] Level 1:colcon.colcon_core.package_identification:_identify(src/arm_controller) by extensions ['ignore', 'ignore_ament_install']
[1.310s] Level 1:colcon.colcon_core.package_identification:_identify(src/arm_controller) by extension 'ignore'
[1.310s] Level 1:colcon.colcon_core.package_identification:_identify(src/arm_controller) by extension 'ignore_ament_install'
[1.310s] Level 1:colcon.colcon_core.package_identification:_identify(src/arm_controller) by extensions ['colcon_pkg']
[1.310s] Level 1:colcon.colcon_core.package_identification:_identify(src/arm_controller) by extension 'colcon_pkg'
[1.310s] Level 1:colcon.colcon_core.package_identification:_identify(src/arm_controller) by extensions ['colcon_meta']
[1.310s] Level 1:colcon.colcon_core.package_identification:_identify(src/arm_controller) by extension 'colcon_meta'
[1.311s] Level 1:colcon.colcon_core.package_identification:_identify(src/arm_controller) by extensions ['ros']
[1.312s] Level 1:colcon.colcon_core.package_identification:_identify(src/arm_controller) by extension 'ros'
[1.321s] DEBUG:colcon.colcon_core.package_identification:Package 'src/arm_controller' with type 'ros.ament_cmake' and name 'arm_controller'
[1.321s] Level 1:colcon.colcon_core.package_identification:_identify(src/arm_cpp_examples) by extensions ['ignore', 'ignore_ament_install']
[1.322s] Level 1:colcon.colcon_core.package_identification:_identify(src/arm_cpp_examples) by extension 'ignore'
[1.323s] Level 1:colcon.colcon_core.package_identification:_identify(src/arm_cpp_examples) by extension 'ignore_ament_install'
[1.323s] Level 1:colcon.colcon_core.package_identification:_identify(src/arm_cpp_examples) by extensions ['colcon_pkg']
[1.323s] Level 1:colcon.colcon_core.package_identification:_identify(src/arm_cpp_examples) by extension 'colcon_pkg'
[1.323s] Level 1:colcon.colcon_core.package_identification:_identify(src/arm_cpp_examples) by extensions ['colcon_meta']
[1.324s] Level 1:colcon.colcon_core.package_identification:_identify(src/arm_cpp_examples) by extension 'colcon_meta'
[1.325s] Level 1:colcon.colcon_core.package_identification:_identify(src/arm_cpp_examples) by extensions ['ros']
[1.326s] Level 1:colcon.colcon_core.package_identification:_identify(src/arm_cpp_examples) by extension 'ros'
[1.333s] DEBUG:colcon.colcon_core.package_identification:Package 'src/arm_cpp_examples' with type 'ros.ament_cmake' and name 'arm_cpp_examples'
[1.334s] Level 1:colcon.colcon_core.package_identification:_identify(src/arm_description) by extensions ['ignore', 'ignore_ament_install']
[1.334s] Level 1:colcon.colcon_core.package_identification:_identify(src/arm_description) by extension 'ignore'
[1.334s] Level 1:colcon.colcon_core.package_identification:_identify(src/arm_description) by extension 'ignore_ament_install'
[1.334s] Level 1:colcon.colcon_core.package_identification:_identify(src/arm_description) by extensions ['colcon_pkg']
[1.335s] Level 1:colcon.colcon_core.package_identification:_identify(src/arm_description) by extension 'colcon_pkg'
[1.335s] Level 1:colcon.colcon_core.package_identification:_identify(src/arm_description) by extensions ['colcon_meta']
[1.335s] Level 1:colcon.colcon_core.package_identification:_identify(src/arm_description) by extension 'colcon_meta'
[1.335s] Level 1:colcon.colcon_core.package_identification:_identify(src/arm_description) by extensions ['ros']
[1.335s] Level 1:colcon.colcon_core.package_identification:_identify(src/arm_description) by extension 'ros'
[1.337s] DEBUG:colcon.colcon_core.package_identification:Package 'src/arm_description' with type 'ros.ament_cmake' and name 'arm_description'
[1.337s] Level 1:colcon.colcon_core.package_identification:_identify(src/arm_firmware) by extensions ['ignore', 'ignore_ament_install']
[1.338s] Level 1:colcon.colcon_core.package_identification:_identify(src/arm_firmware) by extension 'ignore'
[1.338s] Level 1:colcon.colcon_core.package_identification:_identify(src/arm_firmware) by extension 'ignore_ament_install'
[1.339s] Level 1:colcon.colcon_core.package_identification:_identify(src/arm_firmware) by extensions ['colcon_pkg']
[1.339s] Level 1:colcon.colcon_core.package_identification:_identify(src/arm_firmware) by extension 'colcon_pkg'
[1.340s] Level 1:colcon.colcon_core.package_identification:_identify(src/arm_firmware) by extensions ['colcon_meta']
[1.340s] Level 1:colcon.colcon_core.package_identification:_identify(src/arm_firmware) by extension 'colcon_meta'
[1.341s] Level 1:colcon.colcon_core.package_identification:_identify(src/arm_firmware) by extensions ['ros']
[1.341s] Level 1:colcon.colcon_core.package_identification:_identify(src/arm_firmware) by extension 'ros'
[1.346s] DEBUG:colcon.colcon_core.package_identification:Package 'src/arm_firmware' with type 'ros.ament_cmake' and name 'arm_firmware'
[1.347s] Level 1:colcon.colcon_core.package_identification:_identify(src/arm_moveit) by extensions ['ignore', 'ignore_ament_install']
[1.347s] Level 1:colcon.colcon_core.package_identification:_identify(src/arm_moveit) by extension 'ignore'
[1.347s] Level 1:colcon.colcon_core.package_identification:_identify(src/arm_moveit) by extension 'ignore_ament_install'
[1.347s] Level 1:colcon.colcon_core.package_identification:_identify(src/arm_moveit) by extensions ['colcon_pkg']
[1.348s] Level 1:colcon.colcon_core.package_identification:_identify(src/arm_moveit) by extension 'colcon_pkg'
[1.349s] Level 1:colcon.colcon_core.package_identification:_identify(src/arm_moveit) by extensions ['colcon_meta']
[1.349s] Level 1:colcon.colcon_core.package_identification:_identify(src/arm_moveit) by extension 'colcon_meta'
[1.350s] Level 1:colcon.colcon_core.package_identification:_identify(src/arm_moveit) by extensions ['ros']
[1.350s] Level 1:colcon.colcon_core.package_identification:_identify(src/arm_moveit) by extension 'ros'
[1.357s] DEBUG:colcon.colcon_core.package_identification:Package 'src/arm_moveit' with type 'ros.ament_cmake' and name 'arm_moveit'
[1.358s] Level 1:colcon.colcon_core.package_identification:_identify(src/arm_msgs) by extensions ['ignore', 'ignore_ament_install']
[1.359s] Level 1:colcon.colcon_core.package_identification:_identify(src/arm_msgs) by extension 'ignore'
[1.359s] Level 1:colcon.colcon_core.package_identification:_identify(src/arm_msgs) by extension 'ignore_ament_install'
[1.359s] Level 1:colcon.colcon_core.package_identification:_identify(src/arm_msgs) by extensions ['colcon_pkg']
[1.360s] Level 1:colcon.colcon_core.package_identification:_identify(src/arm_msgs) by extension 'colcon_pkg'
[1.360s] Level 1:colcon.colcon_core.package_identification:_identify(src/arm_msgs) by extensions ['colcon_meta']
[1.360s] Level 1:colcon.colcon_core.package_identification:_identify(src/arm_msgs) by extension 'colcon_meta'
[1.360s] Level 1:colcon.colcon_core.package_identification:_identify(src/arm_msgs) by extensions ['ros']
[1.360s] Level 1:colcon.colcon_core.package_identification:_identify(src/arm_msgs) by extension 'ros'
[1.363s] DEBUG:colcon.colcon_core.package_identification:Package 'src/arm_msgs' with type 'ros.ament_cmake' and name 'arm_msgs'
[1.363s] Level 1:colcon.colcon_core.package_identification:_identify(src/arm_py_examples) by extensions ['ignore', 'ignore_ament_install']
[1.364s] Level 1:colcon.colcon_core.package_identification:_identify(src/arm_py_examples) by extension 'ignore'
[1.365s] Level 1:colcon.colcon_core.package_identification:_identify(src/arm_py_examples) by extension 'ignore_ament_install'
[1.365s] Level 1:colcon.colcon_core.package_identification:_identify(src/arm_py_examples) by extensions ['colcon_pkg']
[1.365s] Level 1:colcon.colcon_core.package_identification:_identify(src/arm_py_examples) by extension 'colcon_pkg'
[1.365s] Level 1:colcon.colcon_core.package_identification:_identify(src/arm_py_examples) by extensions ['colcon_meta']
[1.365s] Level 1:colcon.colcon_core.package_identification:_identify(src/arm_py_examples) by extension 'colcon_meta'
[1.365s] Level 1:colcon.colcon_core.package_identification:_identify(src/arm_py_examples) by extensions ['ros']
[1.365s] Level 1:colcon.colcon_core.package_identification:_identify(src/arm_py_examples) by extension 'ros'
[1.367s] DEBUG:colcon.colcon_core.package_identification:Package 'src/arm_py_examples' with type 'ros.ament_python' and name 'arm_py_examples'
[1.368s] Level 1:colcon.colcon_core.package_identification:_identify(src/arm_remote) by extensions ['ignore', 'ignore_ament_install']
[1.368s] Level 1:colcon.colcon_core.package_identification:_identify(src/arm_remote) by extension 'ignore'
[1.368s] Level 1:colcon.colcon_core.package_identification:_identify(src/arm_remote) by extension 'ignore_ament_install'
[1.368s] Level 1:colcon.colcon_core.package_identification:_identify(src/arm_remote) by extensions ['colcon_pkg']
[1.368s] Level 1:colcon.colcon_core.package_identification:_identify(src/arm_remote) by extension 'colcon_pkg'
[1.368s] Level 1:colcon.colcon_core.package_identification:_identify(src/arm_remote) by extensions ['colcon_meta']
[1.368s] Level 1:colcon.colcon_core.package_identification:_identify(src/arm_remote) by extension 'colcon_meta'
[1.369s] Level 1:colcon.colcon_core.package_identification:_identify(src/arm_remote) by extensions ['ros']
[1.369s] Level 1:colcon.colcon_core.package_identification:_identify(src/arm_remote) by extension 'ros'
[1.375s] DEBUG:colcon.colcon_core.package_identification:Package 'src/arm_remote' with type 'ros.ament_cmake' and name 'arm_remote'
[1.376s] Level 1:colcon.colcon_core.package_identification:_identify(src/arm_utils) by extensions ['ignore', 'ignore_ament_install']
[1.376s] Level 1:colcon.colcon_core.package_identification:_identify(src/arm_utils) by extension 'ignore'
[1.377s] Level 1:colcon.colcon_core.package_identification:_identify(src/arm_utils) by extension 'ignore_ament_install'
[1.378s] Level 1:colcon.colcon_core.package_identification:_identify(src/arm_utils) by extensions ['colcon_pkg']
[1.378s] Level 1:colcon.colcon_core.package_identification:_identify(src/arm_utils) by extension 'colcon_pkg'
[1.381s] Level 1:colcon.colcon_core.package_identification:_identify(src/arm_utils) by extensions ['colcon_meta']
[1.381s] Level 1:colcon.colcon_core.package_identification:_identify(src/arm_utils) by extension 'colcon_meta'
[1.382s] Level 1:colcon.colcon_core.package_identification:_identify(src/arm_utils) by extensions ['ros']
[1.382s] Level 1:colcon.colcon_core.package_identification:_identify(src/arm_utils) by extension 'ros'
[1.387s] DEBUG:colcon.colcon_core.package_identification:Package 'src/arm_utils' with type 'ros.ament_cmake' and name 'arm_utils'
[1.387s] Level 1:colcon.colcon_core.package_discovery:discover_packages(recursive) using defaults
[1.387s] Level 1:colcon.colcon_core.package_discovery:discover_packages(ignore) discover
[1.387s] Level 1:colcon.colcon_core.package_discovery:discover_packages(ignore) using defaults
[1.387s] Level 1:colcon.colcon_core.package_discovery:discover_packages(path) discover
[1.387s] Level 1:colcon.colcon_core.package_discovery:discover_packages(path) using defaults
[1.529s] Level 1:colcon.colcon_core.package_discovery:discover_packages(prefix_path) check parameters
[1.529s] Level 1:colcon.colcon_core.package_discovery:discover_packages(prefix_path) discover
[1.546s] DEBUG:colcon.colcon_installed_package_information.package_discovery:Found 10 installed packages in /home/ros/arm_ws/install
[1.553s] DEBUG:colcon.colcon_installed_package_information.package_discovery:Found 429 installed packages in /opt/ros/humble
[1.565s] Level 1:colcon.colcon_core.package_discovery:discover_packages(prefix_path) using defaults
[1.840s] Level 5:colcon.colcon_core.verb:set package 'arm_bringup' build argument 'cmake_args' from command line to 'None'
[1.840s] Level 5:colcon.colcon_core.verb:set package 'arm_bringup' build argument 'cmake_target' from command line to 'None'
[1.840s] Level 5:colcon.colcon_core.verb:set package 'arm_bringup' build argument 'cmake_target_skip_unavailable' from command line to 'False'
[1.841s] Level 5:colcon.colcon_core.verb:set package 'arm_bringup' build argument 'cmake_clean_cache' from command line to 'False'
[1.841s] Level 5:colcon.colcon_core.verb:set package 'arm_bringup' build argument 'cmake_clean_first' from command line to 'False'
[1.841s] Level 5:colcon.colcon_core.verb:set package 'arm_bringup' build argument 'cmake_force_configure' from command line to 'False'
[1.841s] Level 5:colcon.colcon_core.verb:set package 'arm_bringup' build argument 'ament_cmake_args' from command line to 'None'
[1.841s] Level 5:colcon.colcon_core.verb:set package 'arm_bringup' build argument 'catkin_cmake_args' from command line to 'None'
[1.841s] Level 5:colcon.colcon_core.verb:set package 'arm_bringup' build argument 'catkin_skip_building_tests' from command line to 'False'
[1.841s] DEBUG:colcon.colcon_core.verb:Building package 'arm_bringup' with the following arguments: {'ament_cmake_args': None, 'build_base': '/home/ros/arm_ws/build/arm_bringup', 'catkin_cmake_args': None, 'catkin_skip_building_tests': False, 'cmake_args': None, 'cmake_clean_cache': False, 'cmake_clean_first': False, 'cmake_force_configure': False, 'cmake_target': None, 'cmake_target_skip_unavailable': False, 'install_base': '/home/ros/arm_ws/install/arm_bringup', 'merge_install': False, 'path': '/home/ros/arm_ws/src/arm_bringup', 'symlink_install': False, 'test_result_base': None}
[1.843s] Level 5:colcon.colcon_core.verb:set package 'arm_controller' build argument 'cmake_args' from command line to 'None'
[1.843s] Level 5:colcon.colcon_core.verb:set package 'arm_controller' build argument 'cmake_target' from command line to 'None'
[1.844s] Level 5:colcon.colcon_core.verb:set package 'arm_controller' build argument 'cmake_target_skip_unavailable' from command line to 'False'
[1.844s] Level 5:colcon.colcon_core.verb:set package 'arm_controller' build argument 'cmake_clean_cache' from command line to 'False'
[1.844s] Level 5:colcon.colcon_core.verb:set package 'arm_controller' build argument 'cmake_clean_first' from command line to 'False'
[1.844s] Level 5:colcon.colcon_core.verb:set package 'arm_controller' build argument 'cmake_force_configure' from command line to 'False'
[1.844s] Level 5:colcon.colcon_core.verb:set package 'arm_controller' build argument 'ament_cmake_args' from command line to 'None'
[1.844s] Level 5:colcon.colcon_core.verb:set package 'arm_controller' build argument 'catkin_cmake_args' from command line to 'None'
[1.844s] Level 5:colcon.colcon_core.verb:set package 'arm_controller' build argument 'catkin_skip_building_tests' from command line to 'False'
[1.844s] DEBUG:colcon.colcon_core.verb:Building package 'arm_controller' with the following arguments: {'ament_cmake_args': None, 'build_base': '/home/ros/arm_ws/build/arm_controller', 'catkin_cmake_args': None, 'catkin_skip_building_tests': False, 'cmake_args': None, 'cmake_clean_cache': False, 'cmake_clean_first': False, 'cmake_force_configure': False, 'cmake_target': None, 'cmake_target_skip_unavailable': False, 'install_base': '/home/ros/arm_ws/install/arm_controller', 'merge_install': False, 'path': '/home/ros/arm_ws/src/arm_controller', 'symlink_install': False, 'test_result_base': None}
[1.846s] Level 5:colcon.colcon_core.verb:set package 'arm_description' build argument 'cmake_args' from command line to 'None'
[1.846s] Level 5:colcon.colcon_core.verb:set package 'arm_description' build argument 'cmake_target' from command line to 'None'
[1.846s] Level 5:colcon.colcon_core.verb:set package 'arm_description' build argument 'cmake_target_skip_unavailable' from command line to 'False'
[1.846s] Level 5:colcon.colcon_core.verb:set package 'arm_description' build argument 'cmake_clean_cache' from command line to 'False'
[1.846s] Level 5:colcon.colcon_core.verb:set package 'arm_description' build argument 'cmake_clean_first' from command line to 'False'
[1.846s] Level 5:colcon.colcon_core.verb:set package 'arm_description' build argument 'cmake_force_configure' from command line to 'False'
[1.847s] Level 5:colcon.colcon_core.verb:set package 'arm_description' build argument 'ament_cmake_args' from command line to 'None'
[1.847s] Level 5:colcon.colcon_core.verb:set package 'arm_description' build argument 'catkin_cmake_args' from command line to 'None'
[1.847s] Level 5:colcon.colcon_core.verb:set package 'arm_description' build argument 'catkin_skip_building_tests' from command line to 'False'
[1.847s] DEBUG:colcon.colcon_core.verb:Building package 'arm_description' with the following arguments: {'ament_cmake_args': None, 'build_base': '/home/ros/arm_ws/build/arm_description', 'catkin_cmake_args': None, 'catkin_skip_building_tests': False, 'cmake_args': None, 'cmake_clean_cache': False, 'cmake_clean_first': False, 'cmake_force_configure': False, 'cmake_target': None, 'cmake_target_skip_unavailable': False, 'install_base': '/home/ros/arm_ws/install/arm_description', 'merge_install': False, 'path': '/home/ros/arm_ws/src/arm_description', 'symlink_install': False, 'test_result_base': None}
[1.849s] Level 5:colcon.colcon_core.verb:set package 'arm_firmware' build argument 'cmake_args' from command line to 'None'
[1.849s] Level 5:colcon.colcon_core.verb:set package 'arm_firmware' build argument 'cmake_target' from command line to 'None'
[1.849s] Level 5:colcon.colcon_core.verb:set package 'arm_firmware' build argument 'cmake_target_skip_unavailable' from command line to 'False'
[1.850s] Level 5:colcon.colcon_core.verb:set package 'arm_firmware' build argument 'cmake_clean_cache' from command line to 'False'
[1.850s] Level 5:colcon.colcon_core.verb:set package 'arm_firmware' build argument 'cmake_clean_first' from command line to 'False'
[1.850s] Level 5:colcon.colcon_core.verb:set package 'arm_firmware' build argument 'cmake_force_configure' from command line to 'False'
[1.850s] Level 5:colcon.colcon_core.verb:set package 'arm_firmware' build argument 'ament_cmake_args' from command line to 'None'
[1.850s] Level 5:colcon.colcon_core.verb:set package 'arm_firmware' build argument 'catkin_cmake_args' from command line to 'None'
[1.850s] Level 5:colcon.colcon_core.verb:set package 'arm_firmware' build argument 'catkin_skip_building_tests' from command line to 'False'
[1.850s] DEBUG:colcon.colcon_core.verb:Building package 'arm_firmware' with the following arguments: {'ament_cmake_args': None, 'build_base': '/home/ros/arm_ws/build/arm_firmware', 'catkin_cmake_args': None, 'catkin_skip_building_tests': False, 'cmake_args': None, 'cmake_clean_cache': False, 'cmake_clean_first': False, 'cmake_force_configure': False, 'cmake_target': None, 'cmake_target_skip_unavailable': False, 'install_base': '/home/ros/arm_ws/install/arm_firmware', 'merge_install': False, 'path': '/home/ros/arm_ws/src/arm_firmware', 'symlink_install': False, 'test_result_base': None}
[1.853s] Level 5:colcon.colcon_core.verb:set package 'arm_moveit' build argument 'cmake_args' from command line to 'None'
[1.853s] Level 5:colcon.colcon_core.verb:set package 'arm_moveit' build argument 'cmake_target' from command line to 'None'
[1.853s] Level 5:colcon.colcon_core.verb:set package 'arm_moveit' build argument 'cmake_target_skip_unavailable' from command line to 'False'
[1.854s] Level 5:colcon.colcon_core.verb:set package 'arm_moveit' build argument 'cmake_clean_cache' from command line to 'False'
[1.854s] Level 5:colcon.colcon_core.verb:set package 'arm_moveit' build argument 'cmake_clean_first' from command line to 'False'
[1.854s] Level 5:colcon.colcon_core.verb:set package 'arm_moveit' build argument 'cmake_force_configure' from command line to 'False'
[1.854s] Level 5:colcon.colcon_core.verb:set package 'arm_moveit' build argument 'ament_cmake_args' from command line to 'None'
[1.854s] Level 5:colcon.colcon_core.verb:set package 'arm_moveit' build argument 'catkin_cmake_args' from command line to 'None'
[1.854s] Level 5:colcon.colcon_core.verb:set package 'arm_moveit' build argument 'catkin_skip_building_tests' from command line to 'False'
[1.855s] DEBUG:colcon.colcon_core.verb:Building package 'arm_moveit' with the following arguments: {'ament_cmake_args': None, 'build_base': '/home/ros/arm_ws/build/arm_moveit', 'catkin_cmake_args': None, 'catkin_skip_building_tests': False, 'cmake_args': None, 'cmake_clean_cache': False, 'cmake_clean_first': False, 'cmake_force_configure': False, 'cmake_target': None, 'cmake_target_skip_unavailable': False, 'install_base': '/home/ros/arm_ws/install/arm_moveit', 'merge_install': False, 'path': '/home/ros/arm_ws/src/arm_moveit', 'symlink_install': False, 'test_result_base': None}
[1.856s] Level 5:colcon.colcon_core.verb:set package 'arm_msgs' build argument 'cmake_args' from command line to 'None'
[1.857s] Level 5:colcon.colcon_core.verb:set package 'arm_msgs' build argument 'cmake_target' from command line to 'None'
[1.857s] Level 5:colcon.colcon_core.verb:set package 'arm_msgs' build argument 'cmake_target_skip_unavailable' from command line to 'False'
[1.857s] Level 5:colcon.colcon_core.verb:set package 'arm_msgs' build argument 'cmake_clean_cache' from command line to 'False'
[1.857s] Level 5:colcon.colcon_core.verb:set package 'arm_msgs' build argument 'cmake_clean_first' from command line to 'False'
[1.857s] Level 5:colcon.colcon_core.verb:set package 'arm_msgs' build argument 'cmake_force_configure' from command line to 'False'
[1.857s] Level 5:colcon.colcon_core.verb:set package 'arm_msgs' build argument 'ament_cmake_args' from command line to 'None'
[1.857s] Level 5:colcon.colcon_core.verb:set package 'arm_msgs' build argument 'catkin_cmake_args' from command line to 'None'
[1.857s] Level 5:colcon.colcon_core.verb:set package 'arm_msgs' build argument 'catkin_skip_building_tests' from command line to 'False'
[1.857s] DEBUG:colcon.colcon_core.verb:Building package 'arm_msgs' with the following arguments: {'ament_cmake_args': None, 'build_base': '/home/ros/arm_ws/build/arm_msgs', 'catkin_cmake_args': None, 'catkin_skip_building_tests': False, 'cmake_args': None, 'cmake_clean_cache': False, 'cmake_clean_first': False, 'cmake_force_configure': False, 'cmake_target': None, 'cmake_target_skip_unavailable': False, 'install_base': '/home/ros/arm_ws/install/arm_msgs', 'merge_install': False, 'path': '/home/ros/arm_ws/src/arm_msgs', 'symlink_install': False, 'test_result_base': None}
[1.859s] Level 5:colcon.colcon_core.verb:set package 'arm_cpp_examples' build argument 'cmake_args' from command line to 'None'
[1.859s] Level 5:colcon.colcon_core.verb:set package 'arm_cpp_examples' build argument 'cmake_target' from command line to 'None'
[1.859s] Level 5:colcon.colcon_core.verb:set package 'arm_cpp_examples' build argument 'cmake_target_skip_unavailable' from command line to 'False'
[1.860s] Level 5:colcon.colcon_core.verb:set package 'arm_cpp_examples' build argument 'cmake_clean_cache' from command line to 'False'
[1.860s] Level 5:colcon.colcon_core.verb:set package 'arm_cpp_examples' build argument 'cmake_clean_first' from command line to 'False'
[1.860s] Level 5:colcon.colcon_core.verb:set package 'arm_cpp_examples' build argument 'cmake_force_configure' from command line to 'False'
[1.860s] Level 5:colcon.colcon_core.verb:set package 'arm_cpp_examples' build argument 'ament_cmake_args' from command line to 'None'
[1.860s] Level 5:colcon.colcon_core.verb:set package 'arm_cpp_examples' build argument 'catkin_cmake_args' from command line to 'None'
[1.860s] Level 5:colcon.colcon_core.verb:set package 'arm_cpp_examples' build argument 'catkin_skip_building_tests' from command line to 'False'
[1.860s] DEBUG:colcon.colcon_core.verb:Building package 'arm_cpp_examples' with the following arguments: {'ament_cmake_args': None, 'build_base': '/home/ros/arm_ws/build/arm_cpp_examples', 'catkin_cmake_args': None, 'catkin_skip_building_tests': False, 'cmake_args': None, 'cmake_clean_cache': False, 'cmake_clean_first': False, 'cmake_force_configure': False, 'cmake_target': None, 'cmake_target_skip_unavailable': False, 'install_base': '/home/ros/arm_ws/install/arm_cpp_examples', 'merge_install': False, 'path': '/home/ros/arm_ws/src/arm_cpp_examples', 'symlink_install': False, 'test_result_base': None}
[1.862s] Level 5:colcon.colcon_core.verb:set package 'arm_py_examples' build argument 'cmake_args' from command line to 'None'
[1.862s] Level 5:colcon.colcon_core.verb:set package 'arm_py_examples' build argument 'cmake_target' from command line to 'None'
[1.862s] Level 5:colcon.colcon_core.verb:set package 'arm_py_examples' build argument 'cmake_target_skip_unavailable' from command line to 'False'
[1.862s] Level 5:colcon.colcon_core.verb:set package 'arm_py_examples' build argument 'cmake_clean_cache' from command line to 'False'
[1.862s] Level 5:colcon.colcon_core.verb:set package 'arm_py_examples' build argument 'cmake_clean_first' from command line to 'False'
[1.862s] Level 5:colcon.colcon_core.verb:set package 'arm_py_examples' build argument 'cmake_force_configure' from command line to 'False'
[1.862s] Level 5:colcon.colcon_core.verb:set package 'arm_py_examples' build argument 'ament_cmake_args' from command line to 'None'
[1.862s] Level 5:colcon.colcon_core.verb:set package 'arm_py_examples' build argument 'catkin_cmake_args' from command line to 'None'
[1.862s] Level 5:colcon.colcon_core.verb:set package 'arm_py_examples' build argument 'catkin_skip_building_tests' from command line to 'False'
[1.863s] DEBUG:colcon.colcon_core.verb:Building package 'arm_py_examples' with the following arguments: {'ament_cmake_args': None, 'build_base': '/home/ros/arm_ws/build/arm_py_examples', 'catkin_cmake_args': None, 'catkin_skip_building_tests': False, 'cmake_args': None, 'cmake_clean_cache': False, 'cmake_clean_first': False, 'cmake_force_configure': False, 'cmake_target': None, 'cmake_target_skip_unavailable': False, 'install_base': '/home/ros/arm_ws/install/arm_py_examples', 'merge_install': False, 'path': '/home/ros/arm_ws/src/arm_py_examples', 'symlink_install': False, 'test_result_base': None}
[1.864s] Level 5:colcon.colcon_core.verb:set package 'arm_remote' build argument 'cmake_args' from command line to 'None'
[1.864s] Level 5:colcon.colcon_core.verb:set package 'arm_remote' build argument 'cmake_target' from command line to 'None'
[1.864s] Level 5:colcon.colcon_core.verb:set package 'arm_remote' build argument 'cmake_target_skip_unavailable' from command line to 'False'
[1.864s] Level 5:colcon.colcon_core.verb:set package 'arm_remote' build argument 'cmake_clean_cache' from command line to 'False'
[1.864s] Level 5:colcon.colcon_core.verb:set package 'arm_remote' build argument 'cmake_clean_first' from command line to 'False'
[1.865s] Level 5:colcon.colcon_core.verb:set package 'arm_remote' build argument 'cmake_force_configure' from command line to 'False'
[1.866s] Level 5:colcon.colcon_core.verb:set package 'arm_remote' build argument 'ament_cmake_args' from command line to 'None'
[1.867s] Level 5:colcon.colcon_core.verb:set package 'arm_remote' build argument 'catkin_cmake_args' from command line to 'None'
[1.867s] Level 5:colcon.colcon_core.verb:set package 'arm_remote' build argument 'catkin_skip_building_tests' from command line to 'False'
[1.867s] DEBUG:colcon.colcon_core.verb:Building package 'arm_remote' with the following arguments: {'ament_cmake_args': None, 'build_base': '/home/ros/arm_ws/build/arm_remote', 'catkin_cmake_args': None, 'catkin_skip_building_tests': False, 'cmake_args': None, 'cmake_clean_cache': False, 'cmake_clean_first': False, 'cmake_force_configure': False, 'cmake_target': None, 'cmake_target_skip_unavailable': False, 'install_base': '/home/ros/arm_ws/install/arm_remote', 'merge_install': False, 'path': '/home/ros/arm_ws/src/arm_remote', 'symlink_install': False, 'test_result_base': None}
[1.869s] Level 5:colcon.colcon_core.verb:set package 'arm_utils' build argument 'cmake_args' from command line to 'None'
[1.869s] Level 5:colcon.colcon_core.verb:set package 'arm_utils' build argument 'cmake_target' from command line to 'None'
[1.869s] Level 5:colcon.colcon_core.verb:set package 'arm_utils' build argument 'cmake_target_skip_unavailable' from command line to 'False'
[1.869s] Level 5:colcon.colcon_core.verb:set package 'arm_utils' build argument 'cmake_clean_cache' from command line to 'False'
[1.869s] Level 5:colcon.colcon_core.verb:set package 'arm_utils' build argument 'cmake_clean_first' from command line to 'False'
[1.869s] Level 5:colcon.colcon_core.verb:set package 'arm_utils' build argument 'cmake_force_configure' from command line to 'False'
[1.869s] Level 5:colcon.colcon_core.verb:set package 'arm_utils' build argument 'ament_cmake_args' from command line to 'None'
[1.870s] Level 5:colcon.colcon_core.verb:set package 'arm_utils' build argument 'catkin_cmake_args' from command line to 'None'
[1.870s] Level 5:colcon.colcon_core.verb:set package 'arm_utils' build argument 'catkin_skip_building_tests' from command line to 'False'
[1.870s] DEBUG:colcon.colcon_core.verb:Building package 'arm_utils' with the following arguments: {'ament_cmake_args': None, 'build_base': '/home/ros/arm_ws/build/arm_utils', 'catkin_cmake_args': None, 'catkin_skip_building_tests': False, 'cmake_args': None, 'cmake_clean_cache': False, 'cmake_clean_first': False, 'cmake_force_configure': False, 'cmake_target': None, 'cmake_target_skip_unavailable': False, 'install_base': '/home/ros/arm_ws/install/arm_utils', 'merge_install': False, 'path': '/home/ros/arm_ws/src/arm_utils', 'symlink_install': False, 'test_result_base': None}
[1.871s] INFO:colcon.colcon_core.executor:Executing jobs using 'parallel' executor
[1.875s] DEBUG:colcon.colcon_parallel_executor.executor.parallel:run_until_complete
[1.876s] INFO:colcon.colcon_ros.task.ament_cmake.build:Building ROS package in '/home/ros/arm_ws/src/arm_msgs' with build type 'ament_cmake'
[1.876s] INFO:colcon.colcon_cmake.task.cmake.build:Building CMake package in '/home/ros/arm_ws/src/arm_msgs'
[1.887s] INFO:colcon.colcon_core.plugin_system:Skipping extension 'colcon_core.shell.bat': Not used on non-Windows systems
[1.888s] INFO:colcon.colcon_core.shell:Skip shell extension 'powershell' for command environment: Not usable outside of PowerShell
[1.888s] DEBUG:colcon.colcon_core.shell:Skip shell extension 'dsv' for command environment
[1.904s] INFO:colcon.colcon_ros.task.ament_cmake.build:Building ROS package in '/home/ros/arm_ws/src/arm_bringup' with build type 'ament_cmake'
[1.905s] INFO:colcon.colcon_cmake.task.cmake.build:Building CMake package in '/home/ros/arm_ws/src/arm_bringup'
[1.906s] INFO:colcon.colcon_core.shell:Skip shell extension 'powershell' for command environment: Not usable outside of PowerShell
[1.906s] DEBUG:colcon.colcon_core.shell:Skip shell extension 'dsv' for command environment
[1.972s] DEBUG:colcon.colcon_core.event_handler.log_command:Invoking command in '/home/ros/arm_ws/build/arm_msgs': CMAKE_PREFIX_PATH=${CMAKE_PREFIX_PATH}:/home/ros/arm_ws/install/arm_py_examples:/opt/ros/humble /usr/bin/cmake --build /home/ros/arm_ws/build/arm_msgs -- -j2 -l2
[2.036s] DEBUG:colcon.colcon_core.event_handler.log_command:Invoking command in '/home/ros/arm_ws/build/arm_bringup': CMAKE_PREFIX_PATH=${CMAKE_PREFIX_PATH}:/home/ros/arm_ws/install/arm_py_examples:/opt/ros/humble /usr/bin/cmake --build /home/ros/arm_ws/build/arm_bringup -- -j2 -l2
[2.464s] DEBUG:colcon.colcon_core.event_handler.log_command:Invoked command in '/home/ros/arm_ws/build/arm_bringup' returned '0': CMAKE_PREFIX_PATH=${CMAKE_PREFIX_PATH}:/home/ros/arm_ws/install/arm_py_examples:/opt/ros/humble /usr/bin/cmake --build /home/ros/arm_ws/build/arm_bringup -- -j2 -l2
[2.995s] DEBUG:colcon.colcon_core.event_handler.log_command:Invoking command in '/home/ros/arm_ws/build/arm_bringup': CMAKE_PREFIX_PATH=${CMAKE_PREFIX_PATH}:/home/ros/arm_ws/install/arm_py_examples:/opt/ros/humble /usr/bin/cmake --install /home/ros/arm_ws/build/arm_bringup
[3.123s] Level 1:colcon.colcon_core.environment:create_environment_scripts_only(arm_bringup)
[3.124s] DEBUG:colcon.colcon_core.event_handler.log_command:Invoked command in '/home/ros/arm_ws/build/arm_bringup' returned '0': CMAKE_PREFIX_PATH=${CMAKE_PREFIX_PATH}:/home/ros/arm_ws/install/arm_py_examples:/opt/ros/humble /usr/bin/cmake --install /home/ros/arm_ws/build/arm_bringup
[3.168s] Level 1:colcon.colcon_core.environment:checking '/home/ros/arm_ws/install/arm_bringup' for CMake module files
[3.173s] Level 1:colcon.colcon_core.environment:checking '/home/ros/arm_ws/install/arm_bringup' for CMake config files
[3.174s] Level 1:colcon.colcon_core.shell:create_environment_hook('arm_bringup', 'cmake_prefix_path')
[3.178s] INFO:colcon.colcon_core.shell:Creating environment hook '/home/ros/arm_ws/install/arm_bringup/share/arm_bringup/hook/cmake_prefix_path.ps1'
[3.186s] INFO:colcon.colcon_core.shell:Creating environment descriptor '/home/ros/arm_ws/install/arm_bringup/share/arm_bringup/hook/cmake_prefix_path.dsv'
[3.194s] INFO:colcon.colcon_core.shell:Creating environment hook '/home/ros/arm_ws/install/arm_bringup/share/arm_bringup/hook/cmake_prefix_path.sh'
[3.216s] Level 1:colcon.colcon_core.environment:checking '/home/ros/arm_ws/install/arm_bringup/bin'
[3.217s] Level 1:colcon.colcon_core.environment:checking '/home/ros/arm_ws/install/arm_bringup/lib/pkgconfig/arm_bringup.pc'
[3.217s] Level 1:colcon.colcon_core.environment:checking '/home/ros/arm_ws/install/arm_bringup/lib/python3.10/site-packages'
[3.218s] Level 1:colcon.colcon_core.environment:checking '/home/ros/arm_ws/install/arm_bringup/bin'
[3.223s] INFO:colcon.colcon_core.shell:Creating package script '/home/ros/arm_ws/install/arm_bringup/share/arm_bringup/package.ps1'
[3.240s] INFO:colcon.colcon_core.shell:Creating package descriptor '/home/ros/arm_ws/install/arm_bringup/share/arm_bringup/package.dsv'
[3.251s] INFO:colcon.colcon_core.shell:Creating package script '/home/ros/arm_ws/install/arm_bringup/share/arm_bringup/package.sh'
[3.263s] INFO:colcon.colcon_core.shell:Creating package script '/home/ros/arm_ws/install/arm_bringup/share/arm_bringup/package.bash'
[3.272s] INFO:colcon.colcon_core.shell:Creating package script '/home/ros/arm_ws/install/arm_bringup/share/arm_bringup/package.zsh'
[3.280s] Level 1:colcon.colcon_core.environment:create_file_with_runtime_dependencies(/home/ros/arm_ws/install/arm_bringup/share/colcon-core/packages/arm_bringup)
[3.668s] Level 1:colcon.colcon_core.environment:create_environment_scripts_only(arm_bringup)
[3.669s] Level 1:colcon.colcon_core.environment:checking '/home/ros/arm_ws/install/arm_bringup' for CMake module files
[3.675s] Level 1:colcon.colcon_core.environment:checking '/home/ros/arm_ws/install/arm_bringup' for CMake config files
[3.679s] Level 1:colcon.colcon_core.shell:create_environment_hook('arm_bringup', 'cmake_prefix_path')
[3.680s] INFO:colcon.colcon_core.shell:Creating environment hook '/home/ros/arm_ws/install/arm_bringup/share/arm_bringup/hook/cmake_prefix_path.ps1'
[3.691s] INFO:colcon.colcon_core.shell:Creating environment descriptor '/home/ros/arm_ws/install/arm_bringup/share/arm_bringup/hook/cmake_prefix_path.dsv'
[3.697s] INFO:colcon.colcon_core.shell:Creating environment hook '/home/ros/arm_ws/install/arm_bringup/share/arm_bringup/hook/cmake_prefix_path.sh'
[3.702s] Level 1:colcon.colcon_core.environment:checking '/home/ros/arm_ws/install/arm_bringup/bin'
[3.706s] Level 1:colcon.colcon_core.environment:checking '/home/ros/arm_ws/install/arm_bringup/lib/pkgconfig/arm_bringup.pc'
[3.707s] Level 1:colcon.colcon_core.environment:checking '/home/ros/arm_ws/install/arm_bringup/lib/python3.10/site-packages'
[3.708s] Level 1:colcon.colcon_core.environment:checking '/home/ros/arm_ws/install/arm_bringup/bin'
[3.713s] INFO:colcon.colcon_core.shell:Creating package script '/home/ros/arm_ws/install/arm_bringup/share/arm_bringup/package.ps1'
[3.720s] INFO:colcon.colcon_core.shell:Creating package descriptor '/home/ros/arm_ws/install/arm_bringup/share/arm_bringup/package.dsv'
[3.735s] INFO:colcon.colcon_core.shell:Creating package script '/home/ros/arm_ws/install/arm_bringup/share/arm_bringup/package.sh'
[3.742s] INFO:colcon.colcon_core.shell:Creating package script '/home/ros/arm_ws/install/arm_bringup/share/arm_bringup/package.bash'
[3.751s] INFO:colcon.colcon_core.shell:Creating package script '/home/ros/arm_ws/install/arm_bringup/share/arm_bringup/package.zsh'
[3.758s] Level 1:colcon.colcon_core.environment:create_file_with_runtime_dependencies(/home/ros/arm_ws/install/arm_bringup/share/colcon-core/packages/arm_bringup)
[3.767s] INFO:colcon.colcon_ros.task.ament_cmake.build:Building ROS package in '/home/ros/arm_ws/src/arm_controller' with build type 'ament_cmake'
[3.767s] INFO:colcon.colcon_cmake.task.cmake.build:Building CMake package in '/home/ros/arm_ws/src/arm_controller'
[3.770s] INFO:colcon.colcon_core.shell:Skip shell extension 'powershell' for command environment: Not usable outside of PowerShell
[3.770s] DEBUG:colcon.colcon_core.shell:Skip shell extension 'dsv' for command environment
[3.865s] DEBUG:colcon.colcon_core.event_handler.log_command:Invoking command in '/home/ros/arm_ws/build/arm_controller': CMAKE_PREFIX_PATH=${CMAKE_PREFIX_PATH}:/home/ros/arm_ws/install/arm_py_examples:/opt/ros/humble /usr/bin/cmake --build /home/ros/arm_ws/build/arm_controller -- -j2 -l2
[9.178s] DEBUG:colcon.colcon_core.event_handler.log_command:Invoked command in '/home/ros/arm_ws/build/arm_controller' returned '0': CMAKE_PREFIX_PATH=${CMAKE_PREFIX_PATH}:/home/ros/arm_ws/install/arm_py_examples:/opt/ros/humble /usr/bin/cmake --build /home/ros/arm_ws/build/arm_controller -- -j2 -l2
[9.691s] DEBUG:colcon.colcon_core.event_handler.log_command:Invoking command in '/home/ros/arm_ws/build/arm_controller': CMAKE_PREFIX_PATH=${CMAKE_PREFIX_PATH}:/home/ros/arm_ws/install/arm_py_examples:/opt/ros/humble /usr/bin/cmake --install /home/ros/arm_ws/build/arm_controller
[10.164s] DEBUG:colcon.colcon_core.event_handler.log_command:Invoked command in '/home/ros/arm_ws/build/arm_msgs' returned '0': CMAKE_PREFIX_PATH=${CMAKE_PREFIX_PATH}:/home/ros/arm_ws/install/arm_py_examples:/opt/ros/humble /usr/bin/cmake --build /home/ros/arm_ws/build/arm_msgs -- -j2 -l2
[10.259s] Level 1:colcon.colcon_core.environment:create_environment_scripts_only(arm_controller)
[10.263s] DEBUG:colcon.colcon_core.event_handler.log_command:Invoked command in '/home/ros/arm_ws/build/arm_controller' returned '0': CMAKE_PREFIX_PATH=${CMAKE_PREFIX_PATH}:/home/ros/arm_ws/install/arm_py_examples:/opt/ros/humble /usr/bin/cmake --install /home/ros/arm_ws/build/arm_controller
[10.265s] Level 1:colcon.colcon_core.environment:checking '/home/ros/arm_ws/install/arm_controller' for CMake module files
[10.268s] Level 1:colcon.colcon_core.environment:checking '/home/ros/arm_ws/install/arm_controller' for CMake config files
[10.274s] Level 1:colcon.colcon_core.shell:create_environment_hook('arm_controller', 'cmake_prefix_path')
[10.276s] INFO:colcon.colcon_core.shell:Creating environment hook '/home/ros/arm_ws/install/arm_controller/share/arm_controller/hook/cmake_prefix_path.ps1'
[10.283s] INFO:colcon.colcon_core.shell:Creating environment descriptor '/home/ros/arm_ws/install/arm_controller/share/arm_controller/hook/cmake_prefix_path.dsv'
[10.285s] INFO:colcon.colcon_core.shell:Creating environment hook '/home/ros/arm_ws/install/arm_controller/share/arm_controller/hook/cmake_prefix_path.sh'
[10.290s] Level 1:colcon.colcon_core.environment:checking '/home/ros/arm_ws/install/arm_controller/lib'
[10.295s] Level 1:colcon.colcon_core.shell:create_environment_hook('arm_controller', 'ld_library_path_lib')
[10.296s] INFO:colcon.colcon_core.shell:Creating environment hook '/home/ros/arm_ws/install/arm_controller/share/arm_controller/hook/ld_library_path_lib.ps1'
[10.300s] INFO:colcon.colcon_core.shell:Creating environment descriptor '/home/ros/arm_ws/install/arm_controller/share/arm_controller/hook/ld_library_path_lib.dsv'
[10.304s] INFO:colcon.colcon_core.shell:Creating environment hook '/home/ros/arm_ws/install/arm_controller/share/arm_controller/hook/ld_library_path_lib.sh'
[10.309s] Level 1:colcon.colcon_core.environment:checking '/home/ros/arm_ws/install/arm_controller/bin'
[10.310s] Level 1:colcon.colcon_core.environment:checking '/home/ros/arm_ws/install/arm_controller/lib/pkgconfig/arm_controller.pc'
[10.311s] Level 1:colcon.colcon_core.environment:checking '/home/ros/arm_ws/install/arm_controller/lib/python3.10/site-packages'
[10.314s] Level 1:colcon.colcon_core.environment:checking '/home/ros/arm_ws/install/arm_controller/bin'
[10.319s] INFO:colcon.colcon_core.shell:Creating package script '/home/ros/arm_ws/install/arm_controller/share/arm_controller/package.ps1'
[10.331s] INFO:colcon.colcon_core.shell:Creating package descriptor '/home/ros/arm_ws/install/arm_controller/share/arm_controller/package.dsv'
[10.337s] INFO:colcon.colcon_core.shell:Creating package script '/home/ros/arm_ws/install/arm_controller/share/arm_controller/package.sh'
[10.342s] INFO:colcon.colcon_core.shell:Creating package script '/home/ros/arm_ws/install/arm_controller/share/arm_controller/package.bash'
[10.345s] INFO:colcon.colcon_core.shell:Creating package script '/home/ros/arm_ws/install/arm_controller/share/arm_controller/package.zsh'
[10.349s] Level 1:colcon.colcon_core.environment:create_file_with_runtime_dependencies(/home/ros/arm_ws/install/arm_controller/share/colcon-core/packages/arm_controller)
[10.796s] Level 1:colcon.colcon_core.environment:create_environment_scripts_only(arm_controller)
[10.799s] Level 1:colcon.colcon_core.environment:checking '/home/ros/arm_ws/install/arm_controller' for CMake module files
[10.803s] Level 1:colcon.colcon_core.environment:checking '/home/ros/arm_ws/install/arm_controller' for CMake config files
[10.803s] Level 1:colcon.colcon_core.shell:create_environment_hook('arm_controller', 'cmake_prefix_path')
[10.807s] INFO:colcon.colcon_core.shell:Creating environment hook '/home/ros/arm_ws/install/arm_controller/share/arm_controller/hook/cmake_prefix_path.ps1'
[10.811s] INFO:colcon.colcon_core.shell:Creating environment descriptor '/home/ros/arm_ws/install/arm_controller/share/arm_controller/hook/cmake_prefix_path.dsv'
[10.819s] INFO:colcon.colcon_core.shell:Creating environment hook '/home/ros/arm_ws/install/arm_controller/share/arm_controller/hook/cmake_prefix_path.sh'
[10.825s] Level 1:colcon.colcon_core.environment:checking '/home/ros/arm_ws/install/arm_controller/lib'
[10.827s] Level 1:colcon.colcon_core.shell:create_environment_hook('arm_controller', 'ld_library_path_lib')
[10.831s] INFO:colcon.colcon_core.shell:Creating environment hook '/home/ros/arm_ws/install/arm_controller/share/arm_controller/hook/ld_library_path_lib.ps1'
[10.835s] INFO:colcon.colcon_core.shell:Creating environment descriptor '/home/ros/arm_ws/install/arm_controller/share/arm_controller/hook/ld_library_path_lib.dsv'
[10.841s] INFO:colcon.colcon_core.shell:Creating environment hook '/home/ros/arm_ws/install/arm_controller/share/arm_controller/hook/ld_library_path_lib.sh'
[10.844s] Level 1:colcon.colcon_core.environment:checking '/home/ros/arm_ws/install/arm_controller/bin'
[10.845s] Level 1:colcon.colcon_core.environment:checking '/home/ros/arm_ws/install/arm_controller/lib/pkgconfig/arm_controller.pc'
[10.852s] Level 1:colcon.colcon_core.environment:checking '/home/ros/arm_ws/install/arm_controller/lib/python3.10/site-packages'
[10.853s] Level 1:colcon.colcon_core.environment:checking '/home/ros/arm_ws/install/arm_controller/bin'
[10.855s] INFO:colcon.colcon_core.shell:Creating package script '/home/ros/arm_ws/install/arm_controller/share/arm_controller/package.ps1'
[10.860s] INFO:colcon.colcon_core.shell:Creating package descriptor '/home/ros/arm_ws/install/arm_controller/share/arm_controller/package.dsv'
[10.868s] INFO:colcon.colcon_core.shell:Creating package script '/home/ros/arm_ws/install/arm_controller/share/arm_controller/package.sh'
[10.872s] INFO:colcon.colcon_core.shell:Creating package script '/home/ros/arm_ws/install/arm_controller/share/arm_controller/package.bash'
[10.877s] INFO:colcon.colcon_core.shell:Creating package script '/home/ros/arm_ws/install/arm_controller/share/arm_controller/package.zsh'
[10.885s] Level 1:colcon.colcon_core.environment:create_file_with_runtime_dependencies(/home/ros/arm_ws/install/arm_controller/share/colcon-core/packages/arm_controller)
[10.888s] INFO:colcon.colcon_ros.task.ament_cmake.build:Building ROS package in '/home/ros/arm_ws/src/arm_description' with build type 'ament_cmake'
[10.890s] INFO:colcon.colcon_cmake.task.cmake.build:Building CMake package in '/home/ros/arm_ws/src/arm_description'
[10.892s] INFO:colcon.colcon_core.shell:Skip shell extension 'powershell' for command environment: Not usable outside of PowerShell
[10.894s] DEBUG:colcon.colcon_core.shell:Skip shell extension 'dsv' for command environment
[11.061s] DEBUG:colcon.colcon_core.event_handler.log_command:Invoking command in '/home/ros/arm_ws/build/arm_description': CMAKE_PREFIX_PATH=${CMAKE_PREFIX_PATH}:/home/ros/arm_ws/install/arm_py_examples:/opt/ros/humble /usr/bin/cmake --build /home/ros/arm_ws/build/arm_description -- -j2 -l2
[11.383s] DEBUG:colcon.colcon_core.event_handler.log_command:Invoked command in '/home/ros/arm_ws/build/arm_description' returned '0': CMAKE_PREFIX_PATH=${CMAKE_PREFIX_PATH}:/home/ros/arm_ws/install/arm_py_examples:/opt/ros/humble /usr/bin/cmake --build /home/ros/arm_ws/build/arm_description -- -j2 -l2
[11.737s] DEBUG:colcon.colcon_core.event_handler.log_command:Invoking command in '/home/ros/arm_ws/build/arm_description': CMAKE_PREFIX_PATH=${CMAKE_PREFIX_PATH}:/home/ros/arm_ws/install/arm_py_examples:/opt/ros/humble /usr/bin/cmake --install /home/ros/arm_ws/build/arm_description
[11.850s] Level 1:colcon.colcon_core.environment:create_environment_scripts_only(arm_description)
[11.856s] Level 1:colcon.colcon_core.environment:checking '/home/ros/arm_ws/install/arm_description' for CMake module files
[11.871s] Level 1:colcon.colcon_core.environment:checking '/home/ros/arm_ws/install/arm_description' for CMake config files
[11.872s] Level 1:colcon.colcon_core.shell:create_environment_hook('arm_description', 'cmake_prefix_path')
[11.872s] INFO:colcon.colcon_core.shell:Creating environment hook '/home/ros/arm_ws/install/arm_description/share/arm_description/hook/cmake_prefix_path.ps1'
[11.905s] INFO:colcon.colcon_core.shell:Creating environment descriptor '/home/ros/arm_ws/install/arm_description/share/arm_description/hook/cmake_prefix_path.dsv'
[11.910s] INFO:colcon.colcon_core.shell:Creating environment hook '/home/ros/arm_ws/install/arm_description/share/arm_description/hook/cmake_prefix_path.sh'
[11.919s] Level 1:colcon.colcon_core.environment:checking '/home/ros/arm_ws/install/arm_description/bin'
[11.919s] Level 1:colcon.colcon_core.environment:checking '/home/ros/arm_ws/install/arm_description/lib/pkgconfig/arm_description.pc'
[11.920s] Level 1:colcon.colcon_core.environment:checking '/home/ros/arm_ws/install/arm_description/lib/python3.10/site-packages'
[11.927s] Level 1:colcon.colcon_core.environment:checking '/home/ros/arm_ws/install/arm_description/bin'
[11.930s] INFO:colcon.colcon_core.shell:Creating package script '/home/ros/arm_ws/install/arm_description/share/arm_description/package.ps1'
[11.943s] INFO:colcon.colcon_core.shell:Creating package descriptor '/home/ros/arm_ws/install/arm_description/share/arm_description/package.dsv'
[11.948s] DEBUG:colcon.colcon_core.event_handler.log_command:Invoked command in '/home/ros/arm_ws/build/arm_description' returned '0': CMAKE_PREFIX_PATH=${CMAKE_PREFIX_PATH}:/home/ros/arm_ws/install/arm_py_examples:/opt/ros/humble /usr/bin/cmake --install /home/ros/arm_ws/build/arm_description
[11.950s] INFO:colcon.colcon_core.shell:Creating package script '/home/ros/arm_ws/install/arm_description/share/arm_description/package.sh'
[11.954s] INFO:colcon.colcon_core.shell:Creating package script '/home/ros/arm_ws/install/arm_description/share/arm_description/package.bash'
[11.958s] INFO:colcon.colcon_core.shell:Creating package script '/home/ros/arm_ws/install/arm_description/share/arm_description/package.zsh'
[11.962s] Level 1:colcon.colcon_core.environment:create_file_with_runtime_dependencies(/home/ros/arm_ws/install/arm_description/share/colcon-core/packages/arm_description)
[12.257s] Level 1:colcon.colcon_core.environment:create_environment_scripts_only(arm_description)
[12.258s] Level 1:colcon.colcon_core.environment:checking '/home/ros/arm_ws/install/arm_description' for CMake module files
[12.266s] Level 1:colcon.colcon_core.environment:checking '/home/ros/arm_ws/install/arm_description' for CMake config files
[12.267s] Level 1:colcon.colcon_core.shell:create_environment_hook('arm_description', 'cmake_prefix_path')
[12.269s] INFO:colcon.colcon_core.shell:Creating environment hook '/home/ros/arm_ws/install/arm_description/share/arm_description/hook/cmake_prefix_path.ps1'
[12.273s] INFO:colcon.colcon_core.shell:Creating environment descriptor '/home/ros/arm_ws/install/arm_description/share/arm_description/hook/cmake_prefix_path.dsv'
[12.278s] INFO:colcon.colcon_core.shell:Creating environment hook '/home/ros/arm_ws/install/arm_description/share/arm_description/hook/cmake_prefix_path.sh'
[12.283s] Level 1:colcon.colcon_core.environment:checking '/home/ros/arm_ws/install/arm_description/bin'
[12.284s] Level 1:colcon.colcon_core.environment:checking '/home/ros/arm_ws/install/arm_description/lib/pkgconfig/arm_description.pc'
[12.286s] Level 1:colcon.colcon_core.environment:checking '/home/ros/arm_ws/install/arm_description/lib/python3.10/site-packages'
[12.287s] Level 1:colcon.colcon_core.environment:checking '/home/ros/arm_ws/install/arm_description/bin'
[12.291s] INFO:colcon.colcon_core.shell:Creating package script '/home/ros/arm_ws/install/arm_description/share/arm_description/package.ps1'
[12.293s] INFO:colcon.colcon_core.shell:Creating package descriptor '/home/ros/arm_ws/install/arm_description/share/arm_description/package.dsv'
[12.297s] INFO:colcon.colcon_core.shell:Creating package script '/home/ros/arm_ws/install/arm_description/share/arm_description/package.sh'
[12.302s] INFO:colcon.colcon_core.shell:Creating package script '/home/ros/arm_ws/install/arm_description/share/arm_description/package.bash'
[12.305s] INFO:colcon.colcon_core.shell:Creating package script '/home/ros/arm_ws/install/arm_description/share/arm_description/package.zsh'
[12.309s] Level 1:colcon.colcon_core.environment:create_file_with_runtime_dependencies(/home/ros/arm_ws/install/arm_description/share/colcon-core/packages/arm_description)
[12.313s] INFO:colcon.colcon_ros.task.ament_cmake.build:Building ROS package in '/home/ros/arm_ws/src/arm_firmware' with build type 'ament_cmake'
[12.321s] INFO:colcon.colcon_cmake.task.cmake.build:Building CMake package in '/home/ros/arm_ws/src/arm_firmware'
[12.322s] INFO:colcon.colcon_core.shell:Skip shell extension 'powershell' for command environment: Not usable outside of PowerShell
[12.322s] DEBUG:colcon.colcon_core.shell:Skip shell extension 'dsv' for command environment
[12.431s] DEBUG:colcon.colcon_core.event_handler.log_command:Invoking command in '/home/ros/arm_ws/build/arm_firmware': CMAKE_PREFIX_PATH=${CMAKE_PREFIX_PATH}:/home/ros/arm_ws/install/arm_py_examples:/opt/ros/humble /usr/bin/cmake --build /home/ros/arm_ws/build/arm_firmware -- -j2 -l2
[13.138s] DEBUG:colcon.colcon_core.event_handler.log_command:Invoking command in '/home/ros/arm_ws/build/arm_msgs': CMAKE_PREFIX_PATH=${CMAKE_PREFIX_PATH}:/home/ros/arm_ws/install/arm_py_examples:/opt/ros/humble /usr/bin/cmake --install /home/ros/arm_ws/build/arm_msgs
[13.901s] Level 1:colcon.colcon_core.environment:create_environment_scripts_only(arm_msgs)
[13.903s] Level 1:colcon.colcon_core.environment:checking '/home/ros/arm_ws/install/arm_msgs' for CMake module files
[13.906s] DEBUG:colcon.colcon_core.event_handler.log_command:Invoked command in '/home/ros/arm_ws/build/arm_msgs' returned '0': CMAKE_PREFIX_PATH=${CMAKE_PREFIX_PATH}:/home/ros/arm_ws/install/arm_py_examples:/opt/ros/humble /usr/bin/cmake --install /home/ros/arm_ws/build/arm_msgs
[13.910s] Level 1:colcon.colcon_core.environment:checking '/home/ros/arm_ws/install/arm_msgs' for CMake config files
[13.911s] Level 1:colcon.colcon_core.shell:create_environment_hook('arm_msgs', 'cmake_prefix_path')
[13.915s] INFO:colcon.colcon_core.shell:Creating environment hook '/home/ros/arm_ws/install/arm_msgs/share/arm_msgs/hook/cmake_prefix_path.ps1'
[13.919s] INFO:colcon.colcon_core.shell:Creating environment descriptor '/home/ros/arm_ws/install/arm_msgs/share/arm_msgs/hook/cmake_prefix_path.dsv'
[13.921s] INFO:colcon.colcon_core.shell:Creating environment hook '/home/ros/arm_ws/install/arm_msgs/share/arm_msgs/hook/cmake_prefix_path.sh'
[13.931s] Level 1:colcon.colcon_core.environment:checking '/home/ros/arm_ws/install/arm_msgs/lib'
[13.935s] Level 1:colcon.colcon_core.shell:create_environment_hook('arm_msgs', 'ld_library_path_lib')
[13.936s] INFO:colcon.colcon_core.shell:Creating environment hook '/home/ros/arm_ws/install/arm_msgs/share/arm_msgs/hook/ld_library_path_lib.ps1'
[13.940s] INFO:colcon.colcon_core.shell:Creating environment descriptor '/home/ros/arm_ws/install/arm_msgs/share/arm_msgs/hook/ld_library_path_lib.dsv'
[13.950s] INFO:colcon.colcon_core.shell:Creating environment hook '/home/ros/arm_ws/install/arm_msgs/share/arm_msgs/hook/ld_library_path_lib.sh'
[13.953s] Level 1:colcon.colcon_core.environment:checking '/home/ros/arm_ws/install/arm_msgs/bin'
[13.955s] Level 1:colcon.colcon_core.environment:checking '/home/ros/arm_ws/install/arm_msgs/lib/pkgconfig/arm_msgs.pc'
[13.955s] Level 1:colcon.colcon_core.environment:checking '/home/ros/arm_ws/install/arm_msgs/lib/python3.10/site-packages'
[13.958s] Level 1:colcon.colcon_core.environment:checking '/home/ros/arm_ws/install/arm_msgs/bin'
[13.962s] INFO:colcon.colcon_core.shell:Creating package script '/home/ros/arm_ws/install/arm_msgs/share/arm_msgs/package.ps1'
[13.970s] INFO:colcon.colcon_core.shell:Creating package descriptor '/home/ros/arm_ws/install/arm_msgs/share/arm_msgs/package.dsv'
[13.979s] INFO:colcon.colcon_core.shell:Creating package script '/home/ros/arm_ws/install/arm_msgs/share/arm_msgs/package.sh'
[13.984s] INFO:colcon.colcon_core.shell:Creating package script '/home/ros/arm_ws/install/arm_msgs/share/arm_msgs/package.bash'
[13.986s] INFO:colcon.colcon_core.shell:Creating package script '/home/ros/arm_ws/install/arm_msgs/share/arm_msgs/package.zsh'
[13.994s] Level 1:colcon.colcon_core.environment:create_file_with_runtime_dependencies(/home/ros/arm_ws/install/arm_msgs/share/colcon-core/packages/arm_msgs)
[16.529s] DEBUG:colcon.colcon_core.event_handler.log_command:Invoked command in '/home/ros/arm_ws/build/arm_firmware' returned '0': CMAKE_PREFIX_PATH=${CMAKE_PREFIX_PATH}:/home/ros/arm_ws/install/arm_py_examples:/opt/ros/humble /usr/bin/cmake --build /home/ros/arm_ws/build/arm_firmware -- -j2 -l2
[16.573s] Level 1:colcon.colcon_core.environment:create_environment_scripts_only(arm_msgs)
[16.581s] Level 1:colcon.colcon_core.environment:checking '/home/ros/arm_ws/install/arm_msgs' for CMake module files
[16.582s] Level 1:colcon.colcon_core.environment:checking '/home/ros/arm_ws/install/arm_msgs' for CMake config files
[16.586s] Level 1:colcon.colcon_core.shell:create_environment_hook('arm_msgs', 'cmake_prefix_path')
[16.588s] INFO:colcon.colcon_core.shell:Creating environment hook '/home/ros/arm_ws/install/arm_msgs/share/arm_msgs/hook/cmake_prefix_path.ps1'
[16.597s] INFO:colcon.colcon_core.shell:Creating environment descriptor '/home/ros/arm_ws/install/arm_msgs/share/arm_msgs/hook/cmake_prefix_path.dsv'
[16.600s] INFO:colcon.colcon_core.shell:Creating environment hook '/home/ros/arm_ws/install/arm_msgs/share/arm_msgs/hook/cmake_prefix_path.sh'
[16.606s] Level 1:colcon.colcon_core.environment:checking '/home/ros/arm_ws/install/arm_msgs/lib'
[16.608s] Level 1:colcon.colcon_core.shell:create_environment_hook('arm_msgs', 'ld_library_path_lib')
[16.611s] INFO:colcon.colcon_core.shell:Creating environment hook '/home/ros/arm_ws/install/arm_msgs/share/arm_msgs/hook/ld_library_path_lib.ps1'
[16.615s] INFO:colcon.colcon_core.shell:Creating environment descriptor '/home/ros/arm_ws/install/arm_msgs/share/arm_msgs/hook/ld_library_path_lib.dsv'
[16.619s] INFO:colcon.colcon_core.shell:Creating environment hook '/home/ros/arm_ws/install/arm_msgs/share/arm_msgs/hook/ld_library_path_lib.sh'
[16.622s] Level 1:colcon.colcon_core.environment:checking '/home/ros/arm_ws/install/arm_msgs/bin'
[16.625s] Level 1:colcon.colcon_core.environment:checking '/home/ros/arm_ws/install/arm_msgs/lib/pkgconfig/arm_msgs.pc'
[16.626s] Level 1:colcon.colcon_core.environment:checking '/home/ros/arm_ws/install/arm_msgs/lib/python3.10/site-packages'
[16.629s] Level 1:colcon.colcon_core.environment:checking '/home/ros/arm_ws/install/arm_msgs/bin'
[16.631s] INFO:colcon.colcon_core.shell:Creating package script '/home/ros/arm_ws/install/arm_msgs/share/arm_msgs/package.ps1'
[16.636s] INFO:colcon.colcon_core.shell:Creating package descriptor '/home/ros/arm_ws/install/arm_msgs/share/arm_msgs/package.dsv'
[16.644s] INFO:colcon.colcon_core.shell:Creating package script '/home/ros/arm_ws/install/arm_msgs/share/arm_msgs/package.sh'
[16.650s] INFO:colcon.colcon_core.shell:Creating package script '/home/ros/arm_ws/install/arm_msgs/share/arm_msgs/package.bash'
[16.654s] INFO:colcon.colcon_core.shell:Creating package script '/home/ros/arm_ws/install/arm_msgs/share/arm_msgs/package.zsh'
[16.665s] Level 1:colcon.colcon_core.environment:create_file_with_runtime_dependencies(/home/ros/arm_ws/install/arm_msgs/share/colcon-core/packages/arm_msgs)
[16.672s] INFO:colcon.colcon_ros.task.ament_cmake.build:Building ROS package in '/home/ros/arm_ws/src/arm_moveit' with build type 'ament_cmake'
[16.676s] INFO:colcon.colcon_cmake.task.cmake.build:Building CMake package in '/home/ros/arm_ws/src/arm_moveit'
[16.677s] INFO:colcon.colcon_core.shell:Skip shell extension 'powershell' for command environment: Not usable outside of PowerShell
[16.677s] DEBUG:colcon.colcon_core.shell:Skip shell extension 'dsv' for command environment
[16.753s] DEBUG:colcon.colcon_core.event_handler.log_command:Invoking command in '/home/ros/arm_ws/build/arm_moveit': CMAKE_PREFIX_PATH=${CMAKE_PREFIX_PATH}:/home/ros/arm_ws/install/arm_py_examples:/opt/ros/humble /usr/bin/cmake --build /home/ros/arm_ws/build/arm_moveit -- -j2 -l2
[17.128s] DEBUG:colcon.colcon_core.event_handler.log_command:Invoking command in '/home/ros/arm_ws/build/arm_firmware': CMAKE_PREFIX_PATH=${CMAKE_PREFIX_PATH}:/home/ros/arm_ws/install/arm_py_examples:/opt/ros/humble /usr/bin/cmake --install /home/ros/arm_ws/build/arm_firmware
[17.216s] DEBUG:colcon.colcon_core.event_handler.log_command:Invoked command in '/home/ros/arm_ws/build/arm_moveit' returned '0': CMAKE_PREFIX_PATH=${CMAKE_PREFIX_PATH}:/home/ros/arm_ws/install/arm_py_examples:/opt/ros/humble /usr/bin/cmake --build /home/ros/arm_ws/build/arm_moveit -- -j2 -l2
[17.656s] DEBUG:colcon.colcon_core.event_handler.log_command:Invoking command in '/home/ros/arm_ws/build/arm_moveit': CMAKE_PREFIX_PATH=${CMAKE_PREFIX_PATH}:/home/ros/arm_ws/install/arm_py_examples:/opt/ros/humble /usr/bin/cmake --install /home/ros/arm_ws/build/arm_moveit
[17.762s] Level 1:colcon.colcon_core.environment:create_environment_scripts_only(arm_firmware)
[17.766s] Level 1:colcon.colcon_core.environment:checking '/home/ros/arm_ws/install/arm_firmware' for CMake module files
[17.774s] Level 1:colcon.colcon_core.environment:checking '/home/ros/arm_ws/install/arm_firmware' for CMake config files
[17.775s] Level 1:colcon.colcon_core.shell:create_environment_hook('arm_firmware', 'cmake_prefix_path')
[17.776s] INFO:colcon.colcon_core.shell:Creating environment hook '/home/ros/arm_ws/install/arm_firmware/share/arm_firmware/hook/cmake_prefix_path.ps1'
[17.777s] DEBUG:colcon.colcon_core.event_handler.log_command:Invoked command in '/home/ros/arm_ws/build/arm_firmware' returned '0': CMAKE_PREFIX_PATH=${CMAKE_PREFIX_PATH}:/home/ros/arm_ws/install/arm_py_examples:/opt/ros/humble /usr/bin/cmake --install /home/ros/arm_ws/build/arm_firmware
[17.783s] INFO:colcon.colcon_core.shell:Creating environment descriptor '/home/ros/arm_ws/install/arm_firmware/share/arm_firmware/hook/cmake_prefix_path.dsv'
[17.788s] INFO:colcon.colcon_core.shell:Creating environment hook '/home/ros/arm_ws/install/arm_firmware/share/arm_firmware/hook/cmake_prefix_path.sh'
[17.794s] Level 1:colcon.colcon_core.environment:checking '/home/ros/arm_ws/install/arm_firmware/lib'
[17.794s] Level 1:colcon.colcon_core.environment:checking '/home/ros/arm_ws/install/arm_firmware/bin'
[17.797s] Level 1:colcon.colcon_core.environment:checking '/home/ros/arm_ws/install/arm_firmware/lib/pkgconfig/arm_firmware.pc'
[17.798s] Level 1:colcon.colcon_core.environment:checking '/home/ros/arm_ws/install/arm_firmware/lib/python3.10/site-packages'
[17.803s] Level 1:colcon.colcon_core.environment:checking '/home/ros/arm_ws/install/arm_firmware/bin'
[17.805s] INFO:colcon.colcon_core.shell:Creating package script '/home/ros/arm_ws/install/arm_firmware/share/arm_firmware/package.ps1'
[17.812s] INFO:colcon.colcon_core.shell:Creating package descriptor '/home/ros/arm_ws/install/arm_firmware/share/arm_firmware/package.dsv'
[17.816s] INFO:colcon.colcon_core.shell:Creating package script '/home/ros/arm_ws/install/arm_firmware/share/arm_firmware/package.sh'
[17.820s] INFO:colcon.colcon_core.shell:Creating package script '/home/ros/arm_ws/install/arm_firmware/share/arm_firmware/package.bash'
[17.825s] INFO:colcon.colcon_core.shell:Creating package script '/home/ros/arm_ws/install/arm_firmware/share/arm_firmware/package.zsh'
[17.831s] Level 1:colcon.colcon_core.environment:create_file_with_runtime_dependencies(/home/ros/arm_ws/install/arm_firmware/share/colcon-core/packages/arm_firmware)
[17.845s] Level 1:colcon.colcon_core.environment:create_environment_scripts_only(arm_moveit)
[17.847s] Level 1:colcon.colcon_core.environment:checking '/home/ros/arm_ws/install/arm_moveit' for CMake module files
[17.852s] DEBUG:colcon.colcon_core.event_handler.log_command:Invoked command in '/home/ros/arm_ws/build/arm_moveit' returned '0': CMAKE_PREFIX_PATH=${CMAKE_PREFIX_PATH}:/home/ros/arm_ws/install/arm_py_examples:/opt/ros/humble /usr/bin/cmake --install /home/ros/arm_ws/build/arm_moveit
[17.856s] Level 1:colcon.colcon_core.environment:checking '/home/ros/arm_ws/install/arm_moveit' for CMake config files
[17.860s] Level 1:colcon.colcon_core.shell:create_environment_hook('arm_moveit', 'cmake_prefix_path')
[17.863s] INFO:colcon.colcon_core.shell:Creating environment hook '/home/ros/arm_ws/install/arm_moveit/share/arm_moveit/hook/cmake_prefix_path.ps1'
[17.871s] INFO:colcon.colcon_core.shell:Creating environment descriptor '/home/ros/arm_ws/install/arm_moveit/share/arm_moveit/hook/cmake_prefix_path.dsv'
[17.875s] INFO:colcon.colcon_core.shell:Creating environment hook '/home/ros/arm_ws/install/arm_moveit/share/arm_moveit/hook/cmake_prefix_path.sh'
[17.883s] Level 1:colcon.colcon_core.environment:checking '/home/ros/arm_ws/install/arm_moveit/bin'
[17.883s] Level 1:colcon.colcon_core.environment:checking '/home/ros/arm_ws/install/arm_moveit/lib/pkgconfig/arm_moveit.pc'
[17.886s] Level 1:colcon.colcon_core.environment:checking '/home/ros/arm_ws/install/arm_moveit/lib/python3.10/site-packages'
[17.887s] Level 1:colcon.colcon_core.environment:checking '/home/ros/arm_ws/install/arm_moveit/bin'
[17.889s] INFO:colcon.colcon_core.shell:Creating package script '/home/ros/arm_ws/install/arm_moveit/share/arm_moveit/package.ps1'
[17.894s] INFO:colcon.colcon_core.shell:Creating package descriptor '/home/ros/arm_ws/install/arm_moveit/share/arm_moveit/package.dsv'
[17.899s] INFO:colcon.colcon_core.shell:Creating package script '/home/ros/arm_ws/install/arm_moveit/share/arm_moveit/package.sh'
[17.903s] INFO:colcon.colcon_core.shell:Creating package script '/home/ros/arm_ws/install/arm_moveit/share/arm_moveit/package.bash'
[17.909s] INFO:colcon.colcon_core.shell:Creating package script '/home/ros/arm_ws/install/arm_moveit/share/arm_moveit/package.zsh'
[17.914s] Level 1:colcon.colcon_core.environment:create_file_with_runtime_dependencies(/home/ros/arm_ws/install/arm_moveit/share/colcon-core/packages/arm_moveit)
[18.378s] Level 1:colcon.colcon_core.environment:create_environment_scripts_only(arm_moveit)
[18.383s] Level 1:colcon.colcon_core.environment:checking '/home/ros/arm_ws/install/arm_moveit' for CMake module files
[18.389s] Level 1:colcon.colcon_core.environment:checking '/home/ros/arm_ws/install/arm_moveit' for CMake config files
[18.397s] Level 1:colcon.colcon_core.shell:create_environment_hook('arm_moveit', 'cmake_prefix_path')
[18.403s] INFO:colcon.colcon_core.shell:Creating environment hook '/home/ros/arm_ws/install/arm_moveit/share/arm_moveit/hook/cmake_prefix_path.ps1'
[18.416s] INFO:colcon.colcon_core.shell:Creating environment descriptor '/home/ros/arm_ws/install/arm_moveit/share/arm_moveit/hook/cmake_prefix_path.dsv'
[18.426s] INFO:colcon.colcon_core.shell:Creating environment hook '/home/ros/arm_ws/install/arm_moveit/share/arm_moveit/hook/cmake_prefix_path.sh'
[18.431s] Level 1:colcon.colcon_core.environment:checking '/home/ros/arm_ws/install/arm_moveit/bin'
[18.432s] Level 1:colcon.colcon_core.environment:checking '/home/ros/arm_ws/install/arm_moveit/lib/pkgconfig/arm_moveit.pc'
[18.433s] Level 1:colcon.colcon_core.environment:checking '/home/ros/arm_ws/install/arm_moveit/lib/python3.10/site-packages'
[18.434s] Level 1:colcon.colcon_core.environment:checking '/home/ros/arm_ws/install/arm_moveit/bin'
[18.440s] INFO:colcon.colcon_core.shell:Creating package script '/home/ros/arm_ws/install/arm_moveit/share/arm_moveit/package.ps1'
[18.451s] INFO:colcon.colcon_core.shell:Creating package descriptor '/home/ros/arm_ws/install/arm_moveit/share/arm_moveit/package.dsv'
[18.462s] INFO:colcon.colcon_core.shell:Creating package script '/home/ros/arm_ws/install/arm_moveit/share/arm_moveit/package.sh'
[18.464s] INFO:colcon.colcon_core.shell:Creating package script '/home/ros/arm_ws/install/arm_moveit/share/arm_moveit/package.bash'
[18.468s] INFO:colcon.colcon_core.shell:Creating package script '/home/ros/arm_ws/install/arm_moveit/share/arm_moveit/package.zsh'
[18.476s] Level 1:colcon.colcon_core.environment:create_file_with_runtime_dependencies(/home/ros/arm_ws/install/arm_moveit/share/colcon-core/packages/arm_moveit)
[18.479s] INFO:colcon.colcon_ros.task.ament_cmake.build:Building ROS package in '/home/ros/arm_ws/src/arm_cpp_examples' with build type 'ament_cmake'
[18.480s] INFO:colcon.colcon_cmake.task.cmake.build:Building CMake package in '/home/ros/arm_ws/src/arm_cpp_examples'
[18.482s] INFO:colcon.colcon_core.shell:Skip shell extension 'powershell' for command environment: Not usable outside of PowerShell
[18.483s] DEBUG:colcon.colcon_core.shell:Skip shell extension 'dsv' for command environment
[18.549s] Level 1:colcon.colcon_core.environment:create_environment_scripts_only(arm_firmware)
[18.557s] Level 1:colcon.colcon_core.environment:checking '/home/ros/arm_ws/install/arm_firmware' for CMake module files
[18.571s] Level 1:colcon.colcon_core.environment:checking '/home/ros/arm_ws/install/arm_firmware' for CMake config files
[18.576s] Level 1:colcon.colcon_core.shell:create_environment_hook('arm_firmware', 'cmake_prefix_path')
[18.582s] INFO:colcon.colcon_core.shell:Creating environment hook '/home/ros/arm_ws/install/arm_firmware/share/arm_firmware/hook/cmake_prefix_path.ps1'
[18.595s] INFO:colcon.colcon_core.shell:Creating environment descriptor '/home/ros/arm_ws/install/arm_firmware/share/arm_firmware/hook/cmake_prefix_path.dsv'
[18.607s] INFO:colcon.colcon_core.shell:Creating environment hook '/home/ros/arm_ws/install/arm_firmware/share/arm_firmware/hook/cmake_prefix_path.sh'
[18.625s] Level 1:colcon.colcon_core.environment:checking '/home/ros/arm_ws/install/arm_firmware/lib'
[18.626s] Level 1:colcon.colcon_core.environment:checking '/home/ros/arm_ws/install/arm_firmware/bin'
[18.626s] Level 1:colcon.colcon_core.environment:checking '/home/ros/arm_ws/install/arm_firmware/lib/pkgconfig/arm_firmware.pc'
[18.629s] Level 1:colcon.colcon_core.environment:checking '/home/ros/arm_ws/install/arm_firmware/lib/python3.10/site-packages'
[18.630s] Level 1:colcon.colcon_core.environment:checking '/home/ros/arm_ws/install/arm_firmware/bin'
[18.636s] INFO:colcon.colcon_core.shell:Creating package script '/home/ros/arm_ws/install/arm_firmware/share/arm_firmware/package.ps1'
[18.646s] INFO:colcon.colcon_core.shell:Creating package descriptor '/home/ros/arm_ws/install/arm_firmware/share/arm_firmware/package.dsv'
[18.650s] INFO:colcon.colcon_core.shell:Creating package script '/home/ros/arm_ws/install/arm_firmware/share/arm_firmware/package.sh'
[18.656s] INFO:colcon.colcon_core.shell:Creating package script '/home/ros/arm_ws/install/arm_firmware/share/arm_firmware/package.bash'
[18.662s] INFO:colcon.colcon_core.shell:Creating package script '/home/ros/arm_ws/install/arm_firmware/share/arm_firmware/package.zsh'
[18.667s] Level 1:colcon.colcon_core.environment:create_file_with_runtime_dependencies(/home/ros/arm_ws/install/arm_firmware/share/colcon-core/packages/arm_firmware)
[18.670s] INFO:colcon.colcon_ros.task.ament_python.build:Building ROS package in '/home/ros/arm_ws/src/arm_py_examples' with build type 'ament_python'
[18.672s] Level 1:colcon.colcon_core.shell:create_environment_hook('arm_py_examples', 'ament_prefix_path')
[18.673s] INFO:colcon.colcon_core.shell:Creating environment hook '/home/ros/arm_ws/install/arm_py_examples/share/arm_py_examples/hook/ament_prefix_path.ps1'
[18.681s] INFO:colcon.colcon_core.shell:Creating environment descriptor '/home/ros/arm_ws/install/arm_py_examples/share/arm_py_examples/hook/ament_prefix_path.dsv'
[18.684s] INFO:colcon.colcon_core.shell:Creating environment hook '/home/ros/arm_ws/install/arm_py_examples/share/arm_py_examples/hook/ament_prefix_path.sh'
[18.687s] INFO:colcon.colcon_core.shell:Skip shell extension 'powershell' for command environment: Not usable outside of PowerShell
[18.687s] DEBUG:colcon.colcon_core.shell:Skip shell extension 'dsv' for command environment
[18.781s] DEBUG:colcon.colcon_core.event_handler.log_command:Invoking command in '/home/ros/arm_ws/build/arm_cpp_examples': CMAKE_PREFIX_PATH=/home/ros/arm_ws/install/arm_msgs:/home/ros/arm_ws/install/arm_utils:/home/ros/arm_ws/install/arm_remote:/home/ros/arm_ws/install/arm_cpp_examples:/home/ros/arm_ws/install/arm_moveit:/home/ros/arm_ws/install/arm_firmware:/home/ros/arm_ws/install/arm_description:/home/ros/arm_ws/install/arm_controller:/home/ros/arm_ws/install/arm_bringup:/home/ros/arm_ws/install/arm_py_examples:/opt/ros/humble LD_LIBRARY_PATH=/home/ros/arm_ws/install/arm_msgs/lib:/home/ros/arm_ws/install/arm_remote/lib:/home/ros/arm_ws/install/arm_cpp_examples/lib:/home/ros/arm_ws/install/arm_controller/lib:/usr/lib/x86_64-linux-gnu/gazebo-11/plugins:/opt/ros/humble/opt/rviz_ogre_vendor/lib:/opt/ros/humble/lib/x86_64-linux-gnu:/opt/ros/humble/lib /usr/bin/cmake --build /home/ros/arm_ws/build/arm_cpp_examples -- -j2 -l2
[22.100s] INFO:colcon.colcon_core.task.python.build:Building Python package in '/home/ros/arm_ws/src/arm_py_examples'
[22.106s] INFO:colcon.colcon_core.shell:Skip shell extension 'powershell' for command environment: Not usable outside of PowerShell
[22.107s] DEBUG:colcon.colcon_core.shell:Skip shell extension 'dsv' for command environment
[22.338s] DEBUG:colcon.colcon_core.event_handler.log_command:Invoked command in '/home/ros/arm_ws/build/arm_cpp_examples' returned '0': CMAKE_PREFIX_PATH=/home/ros/arm_ws/install/arm_msgs:/home/ros/arm_ws/install/arm_utils:/home/ros/arm_ws/install/arm_remote:/home/ros/arm_ws/install/arm_cpp_examples:/home/ros/arm_ws/install/arm_moveit:/home/ros/arm_ws/install/arm_firmware:/home/ros/arm_ws/install/arm_description:/home/ros/arm_ws/install/arm_controller:/home/ros/arm_ws/install/arm_bringup:/home/ros/arm_ws/install/arm_py_examples:/opt/ros/humble LD_LIBRARY_PATH=/home/ros/arm_ws/install/arm_msgs/lib:/home/ros/arm_ws/install/arm_remote/lib:/home/ros/arm_ws/install/arm_cpp_examples/lib:/home/ros/arm_ws/install/arm_controller/lib:/usr/lib/x86_64-linux-gnu/gazebo-11/plugins:/opt/ros/humble/opt/rviz_ogre_vendor/lib:/opt/ros/humble/lib/x86_64-linux-gnu:/opt/ros/humble/lib /usr/bin/cmake --build /home/ros/arm_ws/build/arm_cpp_examples -- -j2 -l2
[23.453s] DEBUG:colcon.colcon_core.event_handler.log_command:Invoking command in '/home/ros/arm_ws/build/arm_cpp_examples': CMAKE_PREFIX_PATH=/home/ros/arm_ws/install/arm_msgs:/home/ros/arm_ws/install/arm_utils:/home/ros/arm_ws/install/arm_remote:/home/ros/arm_ws/install/arm_cpp_examples:/home/ros/arm_ws/install/arm_moveit:/home/ros/arm_ws/install/arm_firmware:/home/ros/arm_ws/install/arm_description:/home/ros/arm_ws/install/arm_controller:/home/ros/arm_ws/install/arm_bringup:/home/ros/arm_ws/install/arm_py_examples:/opt/ros/humble LD_LIBRARY_PATH=/home/ros/arm_ws/install/arm_msgs/lib:/home/ros/arm_ws/install/arm_remote/lib:/home/ros/arm_ws/install/arm_cpp_examples/lib:/home/ros/arm_ws/install/arm_controller/lib:/usr/lib/x86_64-linux-gnu/gazebo-11/plugins:/opt/ros/humble/opt/rviz_ogre_vendor/lib:/opt/ros/humble/lib/x86_64-linux-gnu:/opt/ros/humble/lib /usr/bin/cmake --install /home/ros/arm_ws/build/arm_cpp_examples
[23.545s] Level 1:colcon.colcon_core.environment:create_environment_scripts_only(arm_cpp_examples)
[23.547s] Level 1:colcon.colcon_core.environment:checking '/home/ros/arm_ws/install/arm_cpp_examples' for CMake module files
[23.553s] DEBUG:colcon.colcon_core.event_handler.log_command:Invoked command in '/home/ros/arm_ws/build/arm_cpp_examples' returned '0': CMAKE_PREFIX_PATH=/home/ros/arm_ws/install/arm_msgs:/home/ros/arm_ws/install/arm_utils:/home/ros/arm_ws/install/arm_remote:/home/ros/arm_ws/install/arm_cpp_examples:/home/ros/arm_ws/install/arm_moveit:/home/ros/arm_ws/install/arm_firmware:/home/ros/arm_ws/install/arm_description:/home/ros/arm_ws/install/arm_controller:/home/ros/arm_ws/install/arm_bringup:/home/ros/arm_ws/install/arm_py_examples:/opt/ros/humble LD_LIBRARY_PATH=/home/ros/arm_ws/install/arm_msgs/lib:/home/ros/arm_ws/install/arm_remote/lib:/home/ros/arm_ws/install/arm_cpp_examples/lib:/home/ros/arm_ws/install/arm_controller/lib:/usr/lib/x86_64-linux-gnu/gazebo-11/plugins:/opt/ros/humble/opt/rviz_ogre_vendor/lib:/opt/ros/humble/lib/x86_64-linux-gnu:/opt/ros/humble/lib /usr/bin/cmake --install /home/ros/arm_ws/build/arm_cpp_examples
[23.555s] Level 1:colcon.colcon_core.environment:checking '/home/ros/arm_ws/install/arm_cpp_examples' for CMake config files
[23.559s] Level 1:colcon.colcon_core.shell:create_environment_hook('arm_cpp_examples', 'cmake_prefix_path')
[23.560s] INFO:colcon.colcon_core.shell:Creating environment hook '/home/ros/arm_ws/install/arm_cpp_examples/share/arm_cpp_examples/hook/cmake_prefix_path.ps1'
[23.569s] INFO:colcon.colcon_core.shell:Creating environment descriptor '/home/ros/arm_ws/install/arm_cpp_examples/share/arm_cpp_examples/hook/cmake_prefix_path.dsv'
[23.573s] INFO:colcon.colcon_core.shell:Creating environment hook '/home/ros/arm_ws/install/arm_cpp_examples/share/arm_cpp_examples/hook/cmake_prefix_path.sh'
[23.580s] Level 1:colcon.colcon_core.environment:checking '/home/ros/arm_ws/install/arm_cpp_examples/lib'
[23.581s] Level 1:colcon.colcon_core.shell:create_environment_hook('arm_cpp_examples', 'ld_library_path_lib')
[23.583s] INFO:colcon.colcon_core.shell:Creating environment hook '/home/ros/arm_ws/install/arm_cpp_examples/share/arm_cpp_examples/hook/ld_library_path_lib.ps1'
[23.590s] INFO:colcon.colcon_core.shell:Creating environment descriptor '/home/ros/arm_ws/install/arm_cpp_examples/share/arm_cpp_examples/hook/ld_library_path_lib.dsv'
[23.598s] INFO:colcon.colcon_core.shell:Creating environment hook '/home/ros/arm_ws/install/arm_cpp_examples/share/arm_cpp_examples/hook/ld_library_path_lib.sh'
[23.604s] Level 1:colcon.colcon_core.environment:checking '/home/ros/arm_ws/install/arm_cpp_examples/bin'
[23.607s] Level 1:colcon.colcon_core.environment:checking '/home/ros/arm_ws/install/arm_cpp_examples/lib/pkgconfig/arm_cpp_examples.pc'
[23.608s] Level 1:colcon.colcon_core.environment:checking '/home/ros/arm_ws/install/arm_cpp_examples/lib/python3.10/site-packages'
[23.611s] Level 1:colcon.colcon_core.environment:checking '/home/ros/arm_ws/install/arm_cpp_examples/bin'
[23.612s] INFO:colcon.colcon_core.shell:Creating package script '/home/ros/arm_ws/install/arm_cpp_examples/share/arm_cpp_examples/package.ps1'
[23.618s] INFO:colcon.colcon_core.shell:Creating package descriptor '/home/ros/arm_ws/install/arm_cpp_examples/share/arm_cpp_examples/package.dsv'
[23.624s] INFO:colcon.colcon_core.shell:Creating package script '/home/ros/arm_ws/install/arm_cpp_examples/share/arm_cpp_examples/package.sh'
[23.628s] INFO:colcon.colcon_core.shell:Creating package script '/home/ros/arm_ws/install/arm_cpp_examples/share/arm_cpp_examples/package.bash'
[23.633s] INFO:colcon.colcon_core.shell:Creating package script '/home/ros/arm_ws/install/arm_cpp_examples/share/arm_cpp_examples/package.zsh'
[23.639s] Level 1:colcon.colcon_core.environment:create_file_with_runtime_dependencies(/home/ros/arm_ws/install/arm_cpp_examples/share/colcon-core/packages/arm_cpp_examples)
[24.708s] Level 1:colcon.colcon_core.environment:create_environment_scripts_only(arm_cpp_examples)
[24.710s] Level 1:colcon.colcon_core.environment:checking '/home/ros/arm_ws/install/arm_cpp_examples' for CMake module files
[24.717s] Level 1:colcon.colcon_core.environment:checking '/home/ros/arm_ws/install/arm_cpp_examples' for CMake config files
[24.723s] Level 1:colcon.colcon_core.shell:create_environment_hook('arm_cpp_examples', 'cmake_prefix_path')
[24.724s] INFO:colcon.colcon_core.shell:Creating environment hook '/home/ros/arm_ws/install/arm_cpp_examples/share/arm_cpp_examples/hook/cmake_prefix_path.ps1'
[24.727s] INFO:colcon.colcon_core.shell:Creating environment descriptor '/home/ros/arm_ws/install/arm_cpp_examples/share/arm_cpp_examples/hook/cmake_prefix_path.dsv'
[24.733s] INFO:colcon.colcon_core.shell:Creating environment hook '/home/ros/arm_ws/install/arm_cpp_examples/share/arm_cpp_examples/hook/cmake_prefix_path.sh'
[24.741s] Level 1:colcon.colcon_core.environment:checking '/home/ros/arm_ws/install/arm_cpp_examples/lib'
[24.741s] Level 1:colcon.colcon_core.shell:create_environment_hook('arm_cpp_examples', 'ld_library_path_lib')
[24.743s] INFO:colcon.colcon_core.shell:Creating environment hook '/home/ros/arm_ws/install/arm_cpp_examples/share/arm_cpp_examples/hook/ld_library_path_lib.ps1'
[24.749s] INFO:colcon.colcon_core.shell:Creating environment descriptor '/home/ros/arm_ws/install/arm_cpp_examples/share/arm_cpp_examples/hook/ld_library_path_lib.dsv'
[24.764s] INFO:colcon.colcon_core.shell:Creating environment hook '/home/ros/arm_ws/install/arm_cpp_examples/share/arm_cpp_examples/hook/ld_library_path_lib.sh'
[24.774s] Level 1:colcon.colcon_core.environment:checking '/home/ros/arm_ws/install/arm_cpp_examples/bin'
[24.774s] Level 1:colcon.colcon_core.environment:checking '/home/ros/arm_ws/install/arm_cpp_examples/lib/pkgconfig/arm_cpp_examples.pc'
[24.779s] Level 1:colcon.colcon_core.environment:checking '/home/ros/arm_ws/install/arm_cpp_examples/lib/python3.10/site-packages'
[24.782s] Level 1:colcon.colcon_core.environment:checking '/home/ros/arm_ws/install/arm_cpp_examples/bin'
[24.784s] INFO:colcon.colcon_core.shell:Creating package script '/home/ros/arm_ws/install/arm_cpp_examples/share/arm_cpp_examples/package.ps1'
[24.793s] INFO:colcon.colcon_core.shell:Creating package descriptor '/home/ros/arm_ws/install/arm_cpp_examples/share/arm_cpp_examples/package.dsv'
[24.800s] INFO:colcon.colcon_core.shell:Creating package script '/home/ros/arm_ws/install/arm_cpp_examples/share/arm_cpp_examples/package.sh'
[24.806s] INFO:colcon.colcon_core.shell:Creating package script '/home/ros/arm_ws/install/arm_cpp_examples/share/arm_cpp_examples/package.bash'
[24.811s] INFO:colcon.colcon_core.shell:Creating package script '/home/ros/arm_ws/install/arm_cpp_examples/share/arm_cpp_examples/package.zsh'
[24.818s] Level 1:colcon.colcon_core.environment:create_file_with_runtime_dependencies(/home/ros/arm_ws/install/arm_cpp_examples/share/colcon-core/packages/arm_cpp_examples)
[24.825s] INFO:colcon.colcon_ros.task.ament_cmake.build:Building ROS package in '/home/ros/arm_ws/src/arm_remote' with build type 'ament_cmake'
[24.825s] INFO:colcon.colcon_cmake.task.cmake.build:Building CMake package in '/home/ros/arm_ws/src/arm_remote'
[24.828s] INFO:colcon.colcon_core.shell:Skip shell extension 'powershell' for command environment: Not usable outside of PowerShell
[24.829s] DEBUG:colcon.colcon_core.shell:Skip shell extension 'dsv' for command environment
[25.023s] DEBUG:colcon.colcon_core.event_handler.log_command:Invoking command in '/home/ros/arm_ws/build/arm_remote': CMAKE_PREFIX_PATH=/home/ros/arm_ws/install/arm_msgs:/home/ros/arm_ws/install/arm_utils:/home/ros/arm_ws/install/arm_remote:/home/ros/arm_ws/install/arm_cpp_examples:/home/ros/arm_ws/install/arm_moveit:/home/ros/arm_ws/install/arm_firmware:/home/ros/arm_ws/install/arm_description:/home/ros/arm_ws/install/arm_controller:/home/ros/arm_ws/install/arm_bringup:/home/ros/arm_ws/install/arm_py_examples:/opt/ros/humble LD_LIBRARY_PATH=/home/ros/arm_ws/install/arm_msgs/lib:/home/ros/arm_ws/install/arm_remote/lib:/home/ros/arm_ws/install/arm_cpp_examples/lib:/home/ros/arm_ws/install/arm_controller/lib:/usr/lib/x86_64-linux-gnu/gazebo-11/plugins:/opt/ros/humble/opt/rviz_ogre_vendor/lib:/opt/ros/humble/lib/x86_64-linux-gnu:/opt/ros/humble/lib /usr/bin/cmake --build /home/ros/arm_ws/build/arm_remote -- -j2 -l2
[25.954s] DEBUG:colcon.colcon_core.event_handler.log_command:Invoking command in '/home/ros/arm_ws/src/arm_py_examples': CMAKE_PREFIX_PATH=/home/ros/arm_ws/install/arm_msgs:/home/ros/arm_ws/install/arm_utils:/home/ros/arm_ws/install/arm_remote:/home/ros/arm_ws/install/arm_cpp_examples:/home/ros/arm_ws/install/arm_moveit:/home/ros/arm_ws/install/arm_firmware:/home/ros/arm_ws/install/arm_description:/home/ros/arm_ws/install/arm_controller:/home/ros/arm_ws/install/arm_bringup LD_LIBRARY_PATH=/home/ros/arm_ws/install/arm_msgs/lib:/home/ros/arm_ws/install/arm_remote/lib:/home/ros/arm_ws/install/arm_cpp_examples/lib:/home/ros/arm_ws/install/arm_controller/lib:/usr/lib/x86_64-linux-gnu/gazebo-11/plugins:/opt/ros/humble/opt/rviz_ogre_vendor/lib:/opt/ros/humble/lib/x86_64-linux-gnu:/opt/ros/humble/lib PYTHONPATH=/home/ros/arm_ws/build/arm_py_examples/prefix_override:/usr/lib/python3/dist-packages/colcon_core/task/python/colcon_distutils_commands:/home/ros/arm_ws/install/arm_py_examples/lib/python3.10/site-packages:${PYTHONPATH} /usr/bin/python3 -W ignore:setup.py install is deprecated setup.py egg_info --egg-base ../../build/arm_py_examples build --build-base /home/ros/arm_ws/build/arm_py_examples/build install --record /home/ros/arm_ws/build/arm_py_examples/install.log --single-version-externally-managed install_data
[29.211s] Level 1:colcon.colcon_core.environment:checking '/home/ros/arm_ws/install/arm_py_examples' for CMake module files
[29.215s] DEBUG:colcon.colcon_core.event_handler.log_command:Invoked command in '/home/ros/arm_ws/src/arm_py_examples' returned '0': CMAKE_PREFIX_PATH=/home/ros/arm_ws/install/arm_msgs:/home/ros/arm_ws/install/arm_utils:/home/ros/arm_ws/install/arm_remote:/home/ros/arm_ws/install/arm_cpp_examples:/home/ros/arm_ws/install/arm_moveit:/home/ros/arm_ws/install/arm_firmware:/home/ros/arm_ws/install/arm_description:/home/ros/arm_ws/install/arm_controller:/home/ros/arm_ws/install/arm_bringup LD_LIBRARY_PATH=/home/ros/arm_ws/install/arm_msgs/lib:/home/ros/arm_ws/install/arm_remote/lib:/home/ros/arm_ws/install/arm_cpp_examples/lib:/home/ros/arm_ws/install/arm_controller/lib:/usr/lib/x86_64-linux-gnu/gazebo-11/plugins:/opt/ros/humble/opt/rviz_ogre_vendor/lib:/opt/ros/humble/lib/x86_64-linux-gnu:/opt/ros/humble/lib PYTHONPATH=/home/ros/arm_ws/build/arm_py_examples/prefix_override:/usr/lib/python3/dist-packages/colcon_core/task/python/colcon_distutils_commands:/home/ros/arm_ws/install/arm_py_examples/lib/python3.10/site-packages:${PYTHONPATH} /usr/bin/python3 -W ignore:setup.py install is deprecated setup.py egg_info --egg-base ../../build/arm_py_examples build --build-base /home/ros/arm_ws/build/arm_py_examples/build install --record /home/ros/arm_ws/build/arm_py_examples/install.log --single-version-externally-managed install_data
[29.217s] Level 1:colcon.colcon_core.environment:checking '/home/ros/arm_ws/install/arm_py_examples' for CMake config files
[29.223s] Level 1:colcon.colcon_core.environment:checking '/home/ros/arm_ws/install/arm_py_examples/lib'
[29.224s] Level 1:colcon.colcon_core.environment:checking '/home/ros/arm_ws/install/arm_py_examples/bin'
[29.225s] Level 1:colcon.colcon_core.environment:checking '/home/ros/arm_ws/install/arm_py_examples/lib/pkgconfig/arm_py_examples.pc'
[29.228s] Level 1:colcon.colcon_core.environment:checking '/home/ros/arm_ws/install/arm_py_examples/lib/python3.10/site-packages'
[29.229s] Level 1:colcon.colcon_core.shell:create_environment_hook('arm_py_examples', 'pythonpath')
[29.230s] INFO:colcon.colcon_core.shell:Creating environment hook '/home/ros/arm_ws/install/arm_py_examples/share/arm_py_examples/hook/pythonpath.ps1'
[29.237s] INFO:colcon.colcon_core.shell:Creating environment descriptor '/home/ros/arm_ws/install/arm_py_examples/share/arm_py_examples/hook/pythonpath.dsv'
[29.244s] INFO:colcon.colcon_core.shell:Creating environment hook '/home/ros/arm_ws/install/arm_py_examples/share/arm_py_examples/hook/pythonpath.sh'
[29.253s] Level 1:colcon.colcon_core.environment:checking '/home/ros/arm_ws/install/arm_py_examples/bin'
[29.253s] Level 1:colcon.colcon_core.environment:create_environment_scripts_only(arm_py_examples)
[29.259s] INFO:colcon.colcon_core.shell:Creating package script '/home/ros/arm_ws/install/arm_py_examples/share/arm_py_examples/package.ps1'
[29.272s] INFO:colcon.colcon_core.shell:Creating package descriptor '/home/ros/arm_ws/install/arm_py_examples/share/arm_py_examples/package.dsv'
[29.277s] INFO:colcon.colcon_core.shell:Creating package script '/home/ros/arm_ws/install/arm_py_examples/share/arm_py_examples/package.sh'
[29.282s] INFO:colcon.colcon_core.shell:Creating package script '/home/ros/arm_ws/install/arm_py_examples/share/arm_py_examples/package.bash'
[29.288s] INFO:colcon.colcon_core.shell:Creating package script '/home/ros/arm_ws/install/arm_py_examples/share/arm_py_examples/package.zsh'
[29.295s] Level 1:colcon.colcon_core.environment:create_file_with_runtime_dependencies(/home/ros/arm_ws/install/arm_py_examples/share/colcon-core/packages/arm_py_examples)
[29.302s] INFO:colcon.colcon_ros.task.ament_cmake.build:Building ROS package in '/home/ros/arm_ws/src/arm_utils' with build type 'ament_cmake'
[29.303s] INFO:colcon.colcon_cmake.task.cmake.build:Building CMake package in '/home/ros/arm_ws/src/arm_utils'
[29.304s] INFO:colcon.colcon_core.shell:Skip shell extension 'powershell' for command environment: Not usable outside of PowerShell
[29.304s] DEBUG:colcon.colcon_core.shell:Skip shell extension 'dsv' for command environment
[29.496s] DEBUG:colcon.colcon_core.event_handler.log_command:Invoking command in '/home/ros/arm_ws/build/arm_utils': CMAKE_PREFIX_PATH=/home/ros/arm_ws/install/arm_msgs:/home/ros/arm_ws/install/arm_utils:/home/ros/arm_ws/install/arm_remote:/home/ros/arm_ws/install/arm_cpp_examples:/home/ros/arm_ws/install/arm_moveit:/home/ros/arm_ws/install/arm_firmware:/home/ros/arm_ws/install/arm_description:/home/ros/arm_ws/install/arm_controller:/home/ros/arm_ws/install/arm_bringup:/home/ros/arm_ws/install/arm_py_examples:/opt/ros/humble LD_LIBRARY_PATH=/home/ros/arm_ws/install/arm_msgs/lib:/home/ros/arm_ws/install/arm_remote/lib:/home/ros/arm_ws/install/arm_cpp_examples/lib:/home/ros/arm_ws/install/arm_controller/lib:/usr/lib/x86_64-linux-gnu/gazebo-11/plugins:/opt/ros/humble/opt/rviz_ogre_vendor/lib:/opt/ros/humble/lib/x86_64-linux-gnu:/opt/ros/humble/lib /usr/bin/cmake --build /home/ros/arm_ws/build/arm_utils -- -j2 -l2
[34.022s] DEBUG:colcon.colcon_core.event_handler.log_command:Invoked command in '/home/ros/arm_ws/build/arm_utils' returned '0': CMAKE_PREFIX_PATH=/home/ros/arm_ws/install/arm_msgs:/home/ros/arm_ws/install/arm_utils:/home/ros/arm_ws/install/arm_remote:/home/ros/arm_ws/install/arm_cpp_examples:/home/ros/arm_ws/install/arm_moveit:/home/ros/arm_ws/install/arm_firmware:/home/ros/arm_ws/install/arm_description:/home/ros/arm_ws/install/arm_controller:/home/ros/arm_ws/install/arm_bringup:/home/ros/arm_ws/install/arm_py_examples:/opt/ros/humble LD_LIBRARY_PATH=/home/ros/arm_ws/install/arm_msgs/lib:/home/ros/arm_ws/install/arm_remote/lib:/home/ros/arm_ws/install/arm_cpp_examples/lib:/home/ros/arm_ws/install/arm_controller/lib:/usr/lib/x86_64-linux-gnu/gazebo-11/plugins:/opt/ros/humble/opt/rviz_ogre_vendor/lib:/opt/ros/humble/lib/x86_64-linux-gnu:/opt/ros/humble/lib /usr/bin/cmake --build /home/ros/arm_ws/build/arm_utils -- -j2 -l2
[34.389s] DEBUG:colcon.colcon_core.event_handler.log_command:Invoking command in '/home/ros/arm_ws/build/arm_utils': CMAKE_PREFIX_PATH=/home/ros/arm_ws/install/arm_msgs:/home/ros/arm_ws/install/arm_utils:/home/ros/arm_ws/install/arm_remote:/home/ros/arm_ws/install/arm_cpp_examples:/home/ros/arm_ws/install/arm_moveit:/home/ros/arm_ws/install/arm_firmware:/home/ros/arm_ws/install/arm_description:/home/ros/arm_ws/install/arm_controller:/home/ros/arm_ws/install/arm_bringup:/home/ros/arm_ws/install/arm_py_examples:/opt/ros/humble LD_LIBRARY_PATH=/home/ros/arm_ws/install/arm_msgs/lib:/home/ros/arm_ws/install/arm_remote/lib:/home/ros/arm_ws/install/arm_cpp_examples/lib:/home/ros/arm_ws/install/arm_controller/lib:/usr/lib/x86_64-linux-gnu/gazebo-11/plugins:/opt/ros/humble/opt/rviz_ogre_vendor/lib:/opt/ros/humble/lib/x86_64-linux-gnu:/opt/ros/humble/lib /usr/bin/cmake --install /home/ros/arm_ws/build/arm_utils
[35.022s] Level 1:colcon.colcon_core.environment:create_environment_scripts_only(arm_utils)
[35.024s] Level 1:colcon.colcon_core.environment:checking '/home/ros/arm_ws/install/arm_utils' for CMake module files
[35.033s] DEBUG:colcon.colcon_core.event_handler.log_command:Invoked command in '/home/ros/arm_ws/build/arm_utils' returned '0': CMAKE_PREFIX_PATH=/home/ros/arm_ws/install/arm_msgs:/home/ros/arm_ws/install/arm_utils:/home/ros/arm_ws/install/arm_remote:/home/ros/arm_ws/install/arm_cpp_examples:/home/ros/arm_ws/install/arm_moveit:/home/ros/arm_ws/install/arm_firmware:/home/ros/arm_ws/install/arm_description:/home/ros/arm_ws/install/arm_controller:/home/ros/arm_ws/install/arm_bringup:/home/ros/arm_ws/install/arm_py_examples:/opt/ros/humble LD_LIBRARY_PATH=/home/ros/arm_ws/install/arm_msgs/lib:/home/ros/arm_ws/install/arm_remote/lib:/home/ros/arm_ws/install/arm_cpp_examples/lib:/home/ros/arm_ws/install/arm_controller/lib:/usr/lib/x86_64-linux-gnu/gazebo-11/plugins:/opt/ros/humble/opt/rviz_ogre_vendor/lib:/opt/ros/humble/lib/x86_64-linux-gnu:/opt/ros/humble/lib /usr/bin/cmake --install /home/ros/arm_ws/build/arm_utils
[35.038s] Level 1:colcon.colcon_core.environment:checking '/home/ros/arm_ws/install/arm_utils' for CMake config files
[35.039s] Level 1:colcon.colcon_core.shell:create_environment_hook('arm_utils', 'cmake_prefix_path')
[35.044s] INFO:colcon.colcon_core.shell:Creating environment hook '/home/ros/arm_ws/install/arm_utils/share/arm_utils/hook/cmake_prefix_path.ps1'
[35.056s] INFO:colcon.colcon_core.shell:Creating environment descriptor '/home/ros/arm_ws/install/arm_utils/share/arm_utils/hook/cmake_prefix_path.dsv'
[35.065s] INFO:colcon.colcon_core.shell:Creating environment hook '/home/ros/arm_ws/install/arm_utils/share/arm_utils/hook/cmake_prefix_path.sh'
[35.076s] Level 1:colcon.colcon_core.environment:checking '/home/ros/arm_ws/install/arm_utils/lib'
[35.079s] Level 1:colcon.colcon_core.environment:checking '/home/ros/arm_ws/install/arm_utils/bin'
[35.079s] Level 1:colcon.colcon_core.environment:checking '/home/ros/arm_ws/install/arm_utils/lib/pkgconfig/arm_utils.pc'
[35.085s] Level 1:colcon.colcon_core.environment:checking '/home/ros/arm_ws/install/arm_utils/lib/python3.10/site-packages'
[35.089s] Level 1:colcon.colcon_core.environment:checking '/home/ros/arm_ws/install/arm_utils/bin'
[35.093s] INFO:colcon.colcon_core.shell:Creating package script '/home/ros/arm_ws/install/arm_utils/share/arm_utils/package.ps1'
[35.100s] INFO:colcon.colcon_core.shell:Creating package descriptor '/home/ros/arm_ws/install/arm_utils/share/arm_utils/package.dsv'
[35.108s] INFO:colcon.colcon_core.shell:Creating package script '/home/ros/arm_ws/install/arm_utils/share/arm_utils/package.sh'
[35.115s] INFO:colcon.colcon_core.shell:Creating package script '/home/ros/arm_ws/install/arm_utils/share/arm_utils/package.bash'
[35.119s] INFO:colcon.colcon_core.shell:Creating package script '/home/ros/arm_ws/install/arm_utils/share/arm_utils/package.zsh'
[35.124s] Level 1:colcon.colcon_core.environment:create_file_with_runtime_dependencies(/home/ros/arm_ws/install/arm_utils/share/colcon-core/packages/arm_utils)
[35.680s] Level 1:colcon.colcon_core.environment:create_environment_scripts_only(arm_utils)
[35.685s] Level 1:colcon.colcon_core.environment:checking '/home/ros/arm_ws/install/arm_utils' for CMake module files
[35.693s] Level 1:colcon.colcon_core.environment:checking '/home/ros/arm_ws/install/arm_utils' for CMake config files
[35.698s] Level 1:colcon.colcon_core.shell:create_environment_hook('arm_utils', 'cmake_prefix_path')
[35.701s] INFO:colcon.colcon_core.shell:Creating environment hook '/home/ros/arm_ws/install/arm_utils/share/arm_utils/hook/cmake_prefix_path.ps1'
[35.707s] INFO:colcon.colcon_core.shell:Creating environment descriptor '/home/ros/arm_ws/install/arm_utils/share/arm_utils/hook/cmake_prefix_path.dsv'
[35.715s] INFO:colcon.colcon_core.shell:Creating environment hook '/home/ros/arm_ws/install/arm_utils/share/arm_utils/hook/cmake_prefix_path.sh'
[35.723s] Level 1:colcon.colcon_core.environment:checking '/home/ros/arm_ws/install/arm_utils/lib'
[35.723s] Level 1:colcon.colcon_core.environment:checking '/home/ros/arm_ws/install/arm_utils/bin'
[35.723s] Level 1:colcon.colcon_core.environment:checking '/home/ros/arm_ws/install/arm_utils/lib/pkgconfig/arm_utils.pc'
[35.726s] Level 1:colcon.colcon_core.environment:checking '/home/ros/arm_ws/install/arm_utils/lib/python3.10/site-packages'
[35.732s] Level 1:colcon.colcon_core.environment:checking '/home/ros/arm_ws/install/arm_utils/bin'
[35.732s] INFO:colcon.colcon_core.shell:Creating package script '/home/ros/arm_ws/install/arm_utils/share/arm_utils/package.ps1'
[35.740s] INFO:colcon.colcon_core.shell:Creating package descriptor '/home/ros/arm_ws/install/arm_utils/share/arm_utils/package.dsv'
[35.751s] INFO:colcon.colcon_core.shell:Creating package script '/home/ros/arm_ws/install/arm_utils/share/arm_utils/package.sh'
[35.756s] INFO:colcon.colcon_core.shell:Creating package script '/home/ros/arm_ws/install/arm_utils/share/arm_utils/package.bash'
[35.764s] INFO:colcon.colcon_core.shell:Creating package script '/home/ros/arm_ws/install/arm_utils/share/arm_utils/package.zsh'
[35.772s] Level 1:colcon.colcon_core.environment:create_file_with_runtime_dependencies(/home/ros/arm_ws/install/arm_utils/share/colcon-core/packages/arm_utils)
[77.797s] DEBUG:colcon.colcon_core.event_handler.log_command:Invoked command in '/home/ros/arm_ws/build/arm_remote' returned '0': CMAKE_PREFIX_PATH=/home/ros/arm_ws/install/arm_msgs:/home/ros/arm_ws/install/arm_utils:/home/ros/arm_ws/install/arm_remote:/home/ros/arm_ws/install/arm_cpp_examples:/home/ros/arm_ws/install/arm_moveit:/home/ros/arm_ws/install/arm_firmware:/home/ros/arm_ws/install/arm_description:/home/ros/arm_ws/install/arm_controller:/home/ros/arm_ws/install/arm_bringup:/home/ros/arm_ws/install/arm_py_examples:/opt/ros/humble LD_LIBRARY_PATH=/home/ros/arm_ws/install/arm_msgs/lib:/home/ros/arm_ws/install/arm_remote/lib:/home/ros/arm_ws/install/arm_cpp_examples/lib:/home/ros/arm_ws/install/arm_controller/lib:/usr/lib/x86_64-linux-gnu/gazebo-11/plugins:/opt/ros/humble/opt/rviz_ogre_vendor/lib:/opt/ros/humble/lib/x86_64-linux-gnu:/opt/ros/humble/lib /usr/bin/cmake --build /home/ros/arm_ws/build/arm_remote -- -j2 -l2
[78.225s] DEBUG:colcon.colcon_core.event_handler.log_command:Invoking command in '/home/ros/arm_ws/build/arm_remote': CMAKE_PREFIX_PATH=/home/ros/arm_ws/install/arm_msgs:/home/ros/arm_ws/install/arm_utils:/home/ros/arm_ws/install/arm_remote:/home/ros/arm_ws/install/arm_cpp_examples:/home/ros/arm_ws/install/arm_moveit:/home/ros/arm_ws/install/arm_firmware:/home/ros/arm_ws/install/arm_description:/home/ros/arm_ws/install/arm_controller:/home/ros/arm_ws/install/arm_bringup:/home/ros/arm_ws/install/arm_py_examples:/opt/ros/humble LD_LIBRARY_PATH=/home/ros/arm_ws/install/arm_msgs/lib:/home/ros/arm_ws/install/arm_remote/lib:/home/ros/arm_ws/install/arm_cpp_examples/lib:/home/ros/arm_ws/install/arm_controller/lib:/usr/lib/x86_64-linux-gnu/gazebo-11/plugins:/opt/ros/humble/opt/rviz_ogre_vendor/lib:/opt/ros/humble/lib/x86_64-linux-gnu:/opt/ros/humble/lib /usr/bin/cmake --install /home/ros/arm_ws/build/arm_remote
[78.496s] Level 1:colcon.colcon_core.environment:create_environment_scripts_only(arm_remote)
[78.496s] Level 1:colcon.colcon_core.environment:checking '/home/ros/arm_ws/install/arm_remote' for CMake module files
[78.499s] DEBUG:colcon.colcon_core.event_handler.log_command:Invoked command in '/home/ros/arm_ws/build/arm_remote' returned '0': CMAKE_PREFIX_PATH=/home/ros/arm_ws/install/arm_msgs:/home/ros/arm_ws/install/arm_utils:/home/ros/arm_ws/install/arm_remote:/home/ros/arm_ws/install/arm_cpp_examples:/home/ros/arm_ws/install/arm_moveit:/home/ros/arm_ws/install/arm_firmware:/home/ros/arm_ws/install/arm_description:/home/ros/arm_ws/install/arm_controller:/home/ros/arm_ws/install/arm_bringup:/home/ros/arm_ws/install/arm_py_examples:/opt/ros/humble LD_LIBRARY_PATH=/home/ros/arm_ws/install/arm_msgs/lib:/home/ros/arm_ws/install/arm_remote/lib:/home/ros/arm_ws/install/arm_cpp_examples/lib:/home/ros/arm_ws/install/arm_controller/lib:/usr/lib/x86_64-linux-gnu/gazebo-11/plugins:/opt/ros/humble/opt/rviz_ogre_vendor/lib:/opt/ros/humble/lib/x86_64-linux-gnu:/opt/ros/humble/lib /usr/bin/cmake --install /home/ros/arm_ws/build/arm_remote
[78.501s] Level 1:colcon.colcon_core.environment:checking '/home/ros/arm_ws/install/arm_remote' for CMake config files
[78.507s] Level 1:colcon.colcon_core.shell:create_environment_hook('arm_remote', 'cmake_prefix_path')
[78.508s] INFO:colcon.colcon_core.shell:Creating environment hook '/home/ros/arm_ws/install/arm_remote/share/arm_remote/hook/cmake_prefix_path.ps1'
[78.512s] INFO:colcon.colcon_core.shell:Creating environment descriptor '/home/ros/arm_ws/install/arm_remote/share/arm_remote/hook/cmake_prefix_path.dsv'
[78.519s] INFO:colcon.colcon_core.shell:Creating environment hook '/home/ros/arm_ws/install/arm_remote/share/arm_remote/hook/cmake_prefix_path.sh'
[78.525s] Level 1:colcon.colcon_core.environment:checking '/home/ros/arm_ws/install/arm_remote/lib'
[78.526s] Level 1:colcon.colcon_core.shell:create_environment_hook('arm_remote', 'ld_library_path_lib')
[78.527s] INFO:colcon.colcon_core.shell:Creating environment hook '/home/ros/arm_ws/install/arm_remote/share/arm_remote/hook/ld_library_path_lib.ps1'
[78.533s] INFO:colcon.colcon_core.shell:Creating environment descriptor '/home/ros/arm_ws/install/arm_remote/share/arm_remote/hook/ld_library_path_lib.dsv'
[78.536s] INFO:colcon.colcon_core.shell:Creating environment hook '/home/ros/arm_ws/install/arm_remote/share/arm_remote/hook/ld_library_path_lib.sh'
[78.543s] Level 1:colcon.colcon_core.environment:checking '/home/ros/arm_ws/install/arm_remote/bin'
[78.543s] Level 1:colcon.colcon_core.environment:checking '/home/ros/arm_ws/install/arm_remote/lib/pkgconfig/arm_remote.pc'
[78.549s] Level 1:colcon.colcon_core.environment:checking '/home/ros/arm_ws/install/arm_remote/lib/python3.10/site-packages'
[78.550s] Level 1:colcon.colcon_core.environment:checking '/home/ros/arm_ws/install/arm_remote/bin'
[78.552s] INFO:colcon.colcon_core.shell:Creating package script '/home/ros/arm_ws/install/arm_remote/share/arm_remote/package.ps1'
[78.558s] INFO:colcon.colcon_core.shell:Creating package descriptor '/home/ros/arm_ws/install/arm_remote/share/arm_remote/package.dsv'
[78.562s] INFO:colcon.colcon_core.shell:Creating package script '/home/ros/arm_ws/install/arm_remote/share/arm_remote/package.sh'
[78.565s] INFO:colcon.colcon_core.shell:Creating package script '/home/ros/arm_ws/install/arm_remote/share/arm_remote/package.bash'
[78.568s] INFO:colcon.colcon_core.shell:Creating package script '/home/ros/arm_ws/install/arm_remote/share/arm_remote/package.zsh'
[78.571s] Level 1:colcon.colcon_core.environment:create_file_with_runtime_dependencies(/home/ros/arm_ws/install/arm_remote/share/colcon-core/packages/arm_remote)
[78.922s] Level 1:colcon.colcon_core.environment:create_environment_scripts_only(arm_remote)
[78.923s] Level 1:colcon.colcon_core.environment:checking '/home/ros/arm_ws/install/arm_remote' for CMake module files
[78.925s] Level 1:colcon.colcon_core.environment:checking '/home/ros/arm_ws/install/arm_remote' for CMake config files
[78.926s] Level 1:colcon.colcon_core.shell:create_environment_hook('arm_remote', 'cmake_prefix_path')
[78.927s] INFO:colcon.colcon_core.shell:Creating environment hook '/home/ros/arm_ws/install/arm_remote/share/arm_remote/hook/cmake_prefix_path.ps1'
[78.931s] INFO:colcon.colcon_core.shell:Creating environment descriptor '/home/ros/arm_ws/install/arm_remote/share/arm_remote/hook/cmake_prefix_path.dsv'
[78.934s] INFO:colcon.colcon_core.shell:Creating environment hook '/home/ros/arm_ws/install/arm_remote/share/arm_remote/hook/cmake_prefix_path.sh'
[78.936s] Level 1:colcon.colcon_core.environment:checking '/home/ros/arm_ws/install/arm_remote/lib'
[78.937s] Level 1:colcon.colcon_core.shell:create_environment_hook('arm_remote', 'ld_library_path_lib')
[78.938s] INFO:colcon.colcon_core.shell:Creating environment hook '/home/ros/arm_ws/install/arm_remote/share/arm_remote/hook/ld_library_path_lib.ps1'
[78.942s] INFO:colcon.colcon_core.shell:Creating environment descriptor '/home/ros/arm_ws/install/arm_remote/share/arm_remote/hook/ld_library_path_lib.dsv'
[78.945s] INFO:colcon.colcon_core.shell:Creating environment hook '/home/ros/arm_ws/install/arm_remote/share/arm_remote/hook/ld_library_path_lib.sh'
[78.948s] Level 1:colcon.colcon_core.environment:checking '/home/ros/arm_ws/install/arm_remote/bin'
[78.948s] Level 1:colcon.colcon_core.environment:checking '/home/ros/arm_ws/install/arm_remote/lib/pkgconfig/arm_remote.pc'
[78.949s] Level 1:colcon.colcon_core.environment:checking '/home/ros/arm_ws/install/arm_remote/lib/python3.10/site-packages'
[78.952s] Level 1:colcon.colcon_core.environment:checking '/home/ros/arm_ws/install/arm_remote/bin'
[78.952s] INFO:colcon.colcon_core.shell:Creating package script '/home/ros/arm_ws/install/arm_remote/share/arm_remote/package.ps1'
[78.954s] INFO:colcon.colcon_core.shell:Creating package descriptor '/home/ros/arm_ws/install/arm_remote/share/arm_remote/package.dsv'
[78.957s] INFO:colcon.colcon_core.shell:Creating package script '/home/ros/arm_ws/install/arm_remote/share/arm_remote/package.sh'
[78.962s] INFO:colcon.colcon_core.shell:Creating package script '/home/ros/arm_ws/install/arm_remote/share/arm_remote/package.bash'
[78.965s] INFO:colcon.colcon_core.shell:Creating package script '/home/ros/arm_ws/install/arm_remote/share/arm_remote/package.zsh'
[78.967s] Level 1:colcon.colcon_core.environment:create_file_with_runtime_dependencies(/home/ros/arm_ws/install/arm_remote/share/colcon-core/packages/arm_remote)
[78.969s] DEBUG:colcon.colcon_parallel_executor.executor.parallel:closing loop
[78.972s] DEBUG:colcon.colcon_parallel_executor.executor.parallel:loop closed
[78.974s] DEBUG:colcon.colcon_parallel_executor.executor.parallel:run_until_complete finished with '0'
[78.974s] DEBUG:colcon.colcon_core.event_reactor:joining thread
[79.025s] INFO:colcon.colcon_core.plugin_system:Skipping extension 'colcon_notification.desktop_notification.terminal_notifier': Not used on non-Darwin systems
[79.025s] INFO:colcon.colcon_core.plugin_system:Skipping extension 'colcon_notification.desktop_notification.win32': Not used on non-Windows systems
[79.026s] INFO:colcon.colcon_notification.desktop_notification:Sending desktop notification using 'notify2'
[79.094s] DEBUG:colcon.colcon_core.event_reactor:joined thread
[79.095s] INFO:colcon.colcon_core.shell:Creating prefix script '/home/ros/arm_ws/install/local_setup.ps1'
[79.099s] INFO:colcon.colcon_core.shell:Creating prefix util module '/home/ros/arm_ws/install/_local_setup_util_ps1.py'
[79.107s] INFO:colcon.colcon_core.shell:Creating prefix chain script '/home/ros/arm_ws/install/setup.ps1'
[79.115s] INFO:colcon.colcon_core.shell:Creating prefix script '/home/ros/arm_ws/install/local_setup.sh'
[79.119s] INFO:colcon.colcon_core.shell:Creating prefix util module '/home/ros/arm_ws/install/_local_setup_util_sh.py'
[79.124s] INFO:colcon.colcon_core.shell:Creating prefix chain script '/home/ros/arm_ws/install/setup.sh'
[79.133s] INFO:colcon.colcon_core.shell:Creating prefix script '/home/ros/arm_ws/install/local_setup.bash'
[79.137s] INFO:colcon.colcon_core.shell:Creating prefix chain script '/home/ros/arm_ws/install/setup.bash'
[79.144s] INFO:colcon.colcon_core.shell:Creating prefix script '/home/ros/arm_ws/install/local_setup.zsh'
[79.148s] INFO:colcon.colcon_core.shell:Creating prefix chain script '/home/ros/arm_ws/install/setup.zsh'
